[0.000000] (-) TimerEvent: {}
[0.001951] (iit_commons) JobQueued: {'identifier': 'iit_commons', 'dependencies': OrderedDict()}
[0.002045] (state_estimator_msgs) JobQueued: {'identifier': 'state_estimator_msgs', 'dependencies': OrderedDict()}
[0.002077] (state_estimator) JobQueued: {'identifier': 'state_estimator', 'dependencies': OrderedDict([('state_estimator_msgs', '/root/muse_ws/muse_ros2/muse_ws/install/state_estimator_msgs')])}
[0.002104] (state_estimator_msgs) JobStarted: {'identifier': 'state_estimator_msgs'}
[0.016153] (iit_commons) JobStarted: {'identifier': 'iit_commons'}
[0.027696] (state_estimator_msgs) JobProgress: {'identifier': 'state_estimator_msgs', 'progress': 'cmake'}
[0.028789] (state_estimator_msgs) JobProgress: {'identifier': 'state_estimator_msgs', 'progress': 'build'}
[0.029877] (state_estimator_msgs) Command: {'cmd': ['/usr/bin/cmake', '--build', '/root/muse_ws/muse_ros2/muse_ws/build/state_estimator_msgs', '--', '-j12', '-l12'], 'cwd': '/root/muse_ws/muse_ros2/muse_ws/build/state_estimator_msgs', 'env': OrderedDict([('LESSOPEN', '| /usr/bin/lesspipe %s'), ('HOSTNAME', '0fa4e54b97e2'), ('SHLVL', '1'), ('LIBGL_ALWAYS_SOFTWARE', '1'), ('LD_LIBRARY_PATH', '/home/dev_ws/colcon_ws/install/kiss_icp/lib:/opt/ros/humble/opt/rviz_ogre_vendor/lib:/opt/ros/humble/lib/x86_64-linux-gnu:/opt/ros/humble/lib'), ('HOME', '/root'), ('OLDPWD', '/root/muse_ws/muse_ros2'), ('ROS_PYTHON_VERSION', '3'), ('COLCON_PREFIX_PATH', '/home/dev_ws/colcon_ws/install'), ('ROS_DISTRO', 'humble'), ('_', '/usr/bin/colcon'), ('ROS_VERSION', '2'), ('TERM', 'xterm'), ('ROS_LOCALHOST_ONLY', '0'), ('PATH', '/opt/ros/humble/bin:/usr/local/sbin:/usr/local/bin:/usr/sbin:/usr/bin:/sbin:/bin'), ('XDG_RUNTIME_DIR', '/tmp/runtime-root'), ('LANG', 'C.UTF-8'), ('LS_COLORS', 'rs=0:di=01;34:ln=01;36:mh=00:pi=40;33:so=01;35:do=01;35:bd=40;33;01:cd=40;33;01:or=40;31;01:mi=00:su=37;41:sg=30;43:ca=30;41:tw=30;42:ow=34;42:st=37;44:ex=01;32:*.tar=01;31:*.tgz=01;31:*.arc=01;31:*.arj=01;31:*.taz=01;31:*.lha=01;31:*.lz4=01;31:*.lzh=01;31:*.lzma=01;31:*.tlz=01;31:*.txz=01;31:*.tzo=01;31:*.t7z=01;31:*.zip=01;31:*.z=01;31:*.dz=01;31:*.gz=01;31:*.lrz=01;31:*.lz=01;31:*.lzo=01;31:*.xz=01;31:*.zst=01;31:*.tzst=01;31:*.bz2=01;31:*.bz=01;31:*.tbz=01;31:*.tbz2=01;31:*.tz=01;31:*.deb=01;31:*.rpm=01;31:*.jar=01;31:*.war=01;31:*.ear=01;31:*.sar=01;31:*.rar=01;31:*.alz=01;31:*.ace=01;31:*.zoo=01;31:*.cpio=01;31:*.7z=01;31:*.rz=01;31:*.cab=01;31:*.wim=01;31:*.swm=01;31:*.dwm=01;31:*.esd=01;31:*.jpg=01;35:*.jpeg=01;35:*.mjpg=01;35:*.mjpeg=01;35:*.gif=01;35:*.bmp=01;35:*.pbm=01;35:*.pgm=01;35:*.ppm=01;35:*.tga=01;35:*.xbm=01;35:*.xpm=01;35:*.tif=01;35:*.tiff=01;35:*.png=01;35:*.svg=01;35:*.svgz=01;35:*.mng=01;35:*.pcx=01;35:*.mov=01;35:*.mpg=01;35:*.mpeg=01;35:*.m2v=01;35:*.mkv=01;35:*.webm=01;35:*.webp=01;35:*.ogm=01;35:*.mp4=01;35:*.m4v=01;35:*.mp4v=01;35:*.vob=01;35:*.qt=01;35:*.nuv=01;35:*.wmv=01;35:*.asf=01;35:*.rm=01;35:*.rmvb=01;35:*.flc=01;35:*.avi=01;35:*.fli=01;35:*.flv=01;35:*.gl=01;35:*.dl=01;35:*.xcf=01;35:*.xwd=01;35:*.yuv=01;35:*.cgm=01;35:*.emf=01;35:*.ogv=01;35:*.ogx=01;35:*.aac=00;36:*.au=00;36:*.flac=00;36:*.m4a=00;36:*.mid=00;36:*.midi=00;36:*.mka=00;36:*.mp3=00;36:*.mpc=00;36:*.ogg=00;36:*.ra=00;36:*.wav=00;36:*.oga=00;36:*.opus=00;36:*.spx=00;36:*.xspf=00;36:'), ('AMENT_PREFIX_PATH', '/home/dev_ws/colcon_ws/install/kiss_icp:/opt/ros/humble'), ('DEBIAN_FRONTEND', 'noninteractive'), ('LESSCLOSE', '/usr/bin/lesspipe %s %s'), ('PWD', '/root/muse_ws/muse_ros2/muse_ws/build/state_estimator_msgs'), ('LC_ALL', 'C.UTF-8'), ('PYTHONPATH', '/opt/ros/humble/lib/python3.10/site-packages:/opt/ros/humble/local/lib/python3.10/dist-packages'), ('COLCON', '1'), ('CMAKE_PREFIX_PATH', '/home/dev_ws/colcon_ws/install/kiss_icp:/opt/ros/humble')]), 'shell': False}
[0.038953] (iit_commons) JobProgress: {'identifier': 'iit_commons', 'progress': 'cmake'}
[0.053847] (iit_commons) JobProgress: {'identifier': 'iit_commons', 'progress': 'build'}
[0.054156] (iit_commons) Command: {'cmd': ['/usr/bin/cmake', '--build', '/root/muse_ws/muse_ros2/muse_ws/build/iit_commons', '--', '-j12', '-l12'], 'cwd': '/root/muse_ws/muse_ros2/muse_ws/build/iit_commons', 'env': OrderedDict([('LESSOPEN', '| /usr/bin/lesspipe %s'), ('HOSTNAME', '0fa4e54b97e2'), ('SHLVL', '1'), ('LIBGL_ALWAYS_SOFTWARE', '1'), ('LD_LIBRARY_PATH', '/home/dev_ws/colcon_ws/install/kiss_icp/lib:/opt/ros/humble/opt/rviz_ogre_vendor/lib:/opt/ros/humble/lib/x86_64-linux-gnu:/opt/ros/humble/lib'), ('HOME', '/root'), ('OLDPWD', '/root/muse_ws/muse_ros2'), ('ROS_PYTHON_VERSION', '3'), ('COLCON_PREFIX_PATH', '/home/dev_ws/colcon_ws/install'), ('ROS_DISTRO', 'humble'), ('_', '/usr/bin/colcon'), ('ROS_VERSION', '2'), ('TERM', 'xterm'), ('ROS_LOCALHOST_ONLY', '0'), ('PATH', '/opt/ros/humble/bin:/usr/local/sbin:/usr/local/bin:/usr/sbin:/usr/bin:/sbin:/bin'), ('XDG_RUNTIME_DIR', '/tmp/runtime-root'), ('LANG', 'C.UTF-8'), ('LS_COLORS', 'rs=0:di=01;34:ln=01;36:mh=00:pi=40;33:so=01;35:do=01;35:bd=40;33;01:cd=40;33;01:or=40;31;01:mi=00:su=37;41:sg=30;43:ca=30;41:tw=30;42:ow=34;42:st=37;44:ex=01;32:*.tar=01;31:*.tgz=01;31:*.arc=01;31:*.arj=01;31:*.taz=01;31:*.lha=01;31:*.lz4=01;31:*.lzh=01;31:*.lzma=01;31:*.tlz=01;31:*.txz=01;31:*.tzo=01;31:*.t7z=01;31:*.zip=01;31:*.z=01;31:*.dz=01;31:*.gz=01;31:*.lrz=01;31:*.lz=01;31:*.lzo=01;31:*.xz=01;31:*.zst=01;31:*.tzst=01;31:*.bz2=01;31:*.bz=01;31:*.tbz=01;31:*.tbz2=01;31:*.tz=01;31:*.deb=01;31:*.rpm=01;31:*.jar=01;31:*.war=01;31:*.ear=01;31:*.sar=01;31:*.rar=01;31:*.alz=01;31:*.ace=01;31:*.zoo=01;31:*.cpio=01;31:*.7z=01;31:*.rz=01;31:*.cab=01;31:*.wim=01;31:*.swm=01;31:*.dwm=01;31:*.esd=01;31:*.jpg=01;35:*.jpeg=01;35:*.mjpg=01;35:*.mjpeg=01;35:*.gif=01;35:*.bmp=01;35:*.pbm=01;35:*.pgm=01;35:*.ppm=01;35:*.tga=01;35:*.xbm=01;35:*.xpm=01;35:*.tif=01;35:*.tiff=01;35:*.png=01;35:*.svg=01;35:*.svgz=01;35:*.mng=01;35:*.pcx=01;35:*.mov=01;35:*.mpg=01;35:*.mpeg=01;35:*.m2v=01;35:*.mkv=01;35:*.webm=01;35:*.webp=01;35:*.ogm=01;35:*.mp4=01;35:*.m4v=01;35:*.mp4v=01;35:*.vob=01;35:*.qt=01;35:*.nuv=01;35:*.wmv=01;35:*.asf=01;35:*.rm=01;35:*.rmvb=01;35:*.flc=01;35:*.avi=01;35:*.fli=01;35:*.flv=01;35:*.gl=01;35:*.dl=01;35:*.xcf=01;35:*.xwd=01;35:*.yuv=01;35:*.cgm=01;35:*.emf=01;35:*.ogv=01;35:*.ogx=01;35:*.aac=00;36:*.au=00;36:*.flac=00;36:*.m4a=00;36:*.mid=00;36:*.midi=00;36:*.mka=00;36:*.mp3=00;36:*.mpc=00;36:*.ogg=00;36:*.ra=00;36:*.wav=00;36:*.oga=00;36:*.opus=00;36:*.spx=00;36:*.xspf=00;36:'), ('AMENT_PREFIX_PATH', '/home/dev_ws/colcon_ws/install/kiss_icp:/opt/ros/humble'), ('DEBIAN_FRONTEND', 'noninteractive'), ('LESSCLOSE', '/usr/bin/lesspipe %s %s'), ('PWD', '/root/muse_ws/muse_ros2/muse_ws/build/iit_commons'), ('LC_ALL', 'C.UTF-8'), ('PYTHONPATH', '/opt/ros/humble/lib/python3.10/site-packages:/opt/ros/humble/local/lib/python3.10/dist-packages'), ('COLCON', '1'), ('CMAKE_PREFIX_PATH', '/home/dev_ws/colcon_ws/install/kiss_icp:/opt/ros/humble')]), 'shell': False}
[0.099471] (-) TimerEvent: {}
[0.140627] (iit_commons) StdoutLine: {'line': b'\x1b[35m\x1b[1mConsolidate compiler generated dependencies of target iitcommons\x1b[0m\n'}
[0.158130] (state_estimator_msgs) StdoutLine: {'line': b'[  0%] Built target state_estimator_msgs__cpp\n'}
[0.179899] (iit_commons) StdoutLine: {'line': b'[  4%] \x1b[32mBuilding CXX object CMakeFiles/iitcommons.dir/src/control/VirtualModel.cpp.o\x1b[0m\n'}
[0.201754] (-) TimerEvent: {}
[0.245828] (state_estimator_msgs) StdoutLine: {'line': b'[  0%] Built target ament_cmake_python_copy_state_estimator_msgs\n'}
[0.301989] (-) TimerEvent: {}
[0.311679] (state_estimator_msgs) StdoutLine: {'line': b'[ 12%] Built target state_estimator_msgs__rosidl_typesupport_introspection_cpp\n'}
[0.403494] (-) TimerEvent: {}
[0.504025] (-) TimerEvent: {}
[0.605188] (-) TimerEvent: {}
[0.657828] (state_estimator_msgs) StdoutLine: {'line': b'running egg_info\n'}
[0.658197] (state_estimator_msgs) StdoutLine: {'line': b'writing state_estimator_msgs.egg-info/PKG-INFO\n'}
[0.658277] (state_estimator_msgs) StdoutLine: {'line': b'writing dependency_links to state_estimator_msgs.egg-info/dependency_links.txt\n'}
[0.658337] (state_estimator_msgs) StdoutLine: {'line': b'writing top-level names to state_estimator_msgs.egg-info/top_level.txt\n'}
[0.659777] (state_estimator_msgs) StdoutLine: {'line': b"reading manifest file 'state_estimator_msgs.egg-info/SOURCES.txt'\n"}
[0.660583] (state_estimator_msgs) StdoutLine: {'line': b"writing manifest file 'state_estimator_msgs.egg-info/SOURCES.txt'\n"}
[0.705342] (-) TimerEvent: {}
[0.729779] (state_estimator_msgs) StdoutLine: {'line': b'[ 12%] Built target ament_cmake_python_build_state_estimator_msgs_egg\n'}
[0.789438] (state_estimator_msgs) StdoutLine: {'line': b'[ 24%] Built target state_estimator_msgs__rosidl_typesupport_fastrtps_cpp\n'}
[0.807664] (-) TimerEvent: {}
[0.852762] (state_estimator_msgs) StdoutLine: {'line': b'[ 36%] Built target state_estimator_msgs__rosidl_typesupport_cpp\n'}
[0.907839] (-) TimerEvent: {}
[0.916103] (state_estimator_msgs) StdoutLine: {'line': b'[ 48%] Built target state_estimator_msgs__rosidl_generator_c\n'}
[0.982801] (state_estimator_msgs) StdoutLine: {'line': b'[ 60%] Built target state_estimator_msgs__rosidl_typesupport_fastrtps_c\n'}
[1.009889] (-) TimerEvent: {}
[1.034551] (state_estimator_msgs) StdoutLine: {'line': b'[ 72%] Built target state_estimator_msgs__rosidl_typesupport_c\n'}
[1.107887] (state_estimator_msgs) StdoutLine: {'line': b'[ 84%] Built target state_estimator_msgs__rosidl_typesupport_introspection_c\n'}
[1.110630] (-) TimerEvent: {}
[1.155097] (state_estimator_msgs) StdoutLine: {'line': b'[ 84%] Built target state_estimator_msgs\n'}
[1.205226] (state_estimator_msgs) StdoutLine: {'line': b'[ 85%] Built target state_estimator_msgs__py\n'}
[1.210824] (-) TimerEvent: {}
[1.263453] (state_estimator_msgs) StdoutLine: {'line': b'[ 96%] Built target state_estimator_msgs__rosidl_generator_py\n'}
[1.310990] (-) TimerEvent: {}
[1.314515] (state_estimator_msgs) StdoutLine: {'line': b'[ 97%] Built target state_estimator_msgs__rosidl_typesupport_fastrtps_c__pyext\n'}
[1.364588] (state_estimator_msgs) StdoutLine: {'line': b'[ 98%] Built target state_estimator_msgs__rosidl_typesupport_c__pyext\n'}
[1.411196] (-) TimerEvent: {}
[1.422836] (state_estimator_msgs) StdoutLine: {'line': b'[100%] Built target state_estimator_msgs__rosidl_typesupport_introspection_c__pyext\n'}
[1.461824] (state_estimator_msgs) CommandEnded: {'returncode': 0}
[1.463333] (state_estimator_msgs) JobProgress: {'identifier': 'state_estimator_msgs', 'progress': 'install'}
[1.479589] (state_estimator_msgs) Command: {'cmd': ['/usr/bin/cmake', '--install', '/root/muse_ws/muse_ros2/muse_ws/build/state_estimator_msgs'], 'cwd': '/root/muse_ws/muse_ros2/muse_ws/build/state_estimator_msgs', 'env': OrderedDict([('LESSOPEN', '| /usr/bin/lesspipe %s'), ('HOSTNAME', '0fa4e54b97e2'), ('SHLVL', '1'), ('LIBGL_ALWAYS_SOFTWARE', '1'), ('LD_LIBRARY_PATH', '/home/dev_ws/colcon_ws/install/kiss_icp/lib:/opt/ros/humble/opt/rviz_ogre_vendor/lib:/opt/ros/humble/lib/x86_64-linux-gnu:/opt/ros/humble/lib'), ('HOME', '/root'), ('OLDPWD', '/root/muse_ws/muse_ros2'), ('ROS_PYTHON_VERSION', '3'), ('COLCON_PREFIX_PATH', '/home/dev_ws/colcon_ws/install'), ('ROS_DISTRO', 'humble'), ('_', '/usr/bin/colcon'), ('ROS_VERSION', '2'), ('TERM', 'xterm'), ('ROS_LOCALHOST_ONLY', '0'), ('PATH', '/opt/ros/humble/bin:/usr/local/sbin:/usr/local/bin:/usr/sbin:/usr/bin:/sbin:/bin'), ('XDG_RUNTIME_DIR', '/tmp/runtime-root'), ('LANG', 'C.UTF-8'), ('LS_COLORS', 'rs=0:di=01;34:ln=01;36:mh=00:pi=40;33:so=01;35:do=01;35:bd=40;33;01:cd=40;33;01:or=40;31;01:mi=00:su=37;41:sg=30;43:ca=30;41:tw=30;42:ow=34;42:st=37;44:ex=01;32:*.tar=01;31:*.tgz=01;31:*.arc=01;31:*.arj=01;31:*.taz=01;31:*.lha=01;31:*.lz4=01;31:*.lzh=01;31:*.lzma=01;31:*.tlz=01;31:*.txz=01;31:*.tzo=01;31:*.t7z=01;31:*.zip=01;31:*.z=01;31:*.dz=01;31:*.gz=01;31:*.lrz=01;31:*.lz=01;31:*.lzo=01;31:*.xz=01;31:*.zst=01;31:*.tzst=01;31:*.bz2=01;31:*.bz=01;31:*.tbz=01;31:*.tbz2=01;31:*.tz=01;31:*.deb=01;31:*.rpm=01;31:*.jar=01;31:*.war=01;31:*.ear=01;31:*.sar=01;31:*.rar=01;31:*.alz=01;31:*.ace=01;31:*.zoo=01;31:*.cpio=01;31:*.7z=01;31:*.rz=01;31:*.cab=01;31:*.wim=01;31:*.swm=01;31:*.dwm=01;31:*.esd=01;31:*.jpg=01;35:*.jpeg=01;35:*.mjpg=01;35:*.mjpeg=01;35:*.gif=01;35:*.bmp=01;35:*.pbm=01;35:*.pgm=01;35:*.ppm=01;35:*.tga=01;35:*.xbm=01;35:*.xpm=01;35:*.tif=01;35:*.tiff=01;35:*.png=01;35:*.svg=01;35:*.svgz=01;35:*.mng=01;35:*.pcx=01;35:*.mov=01;35:*.mpg=01;35:*.mpeg=01;35:*.m2v=01;35:*.mkv=01;35:*.webm=01;35:*.webp=01;35:*.ogm=01;35:*.mp4=01;35:*.m4v=01;35:*.mp4v=01;35:*.vob=01;35:*.qt=01;35:*.nuv=01;35:*.wmv=01;35:*.asf=01;35:*.rm=01;35:*.rmvb=01;35:*.flc=01;35:*.avi=01;35:*.fli=01;35:*.flv=01;35:*.gl=01;35:*.dl=01;35:*.xcf=01;35:*.xwd=01;35:*.yuv=01;35:*.cgm=01;35:*.emf=01;35:*.ogv=01;35:*.ogx=01;35:*.aac=00;36:*.au=00;36:*.flac=00;36:*.m4a=00;36:*.mid=00;36:*.midi=00;36:*.mka=00;36:*.mp3=00;36:*.mpc=00;36:*.ogg=00;36:*.ra=00;36:*.wav=00;36:*.oga=00;36:*.opus=00;36:*.spx=00;36:*.xspf=00;36:'), ('AMENT_PREFIX_PATH', '/home/dev_ws/colcon_ws/install/kiss_icp:/opt/ros/humble'), ('DEBIAN_FRONTEND', 'noninteractive'), ('LESSCLOSE', '/usr/bin/lesspipe %s %s'), ('PWD', '/root/muse_ws/muse_ros2/muse_ws/build/state_estimator_msgs'), ('LC_ALL', 'C.UTF-8'), ('PYTHONPATH', '/opt/ros/humble/lib/python3.10/site-packages:/opt/ros/humble/local/lib/python3.10/dist-packages'), ('COLCON', '1'), ('CMAKE_PREFIX_PATH', '/home/dev_ws/colcon_ws/install/kiss_icp:/opt/ros/humble')]), 'shell': False}
[1.498342] (state_estimator_msgs) StdoutLine: {'line': b'-- Install configuration: ""\n'}
[1.498924] (state_estimator_msgs) StdoutLine: {'line': b'-- Up-to-date: /root/muse_ws/muse_ros2/muse_ws/install/state_estimator_msgs/share/ament_index/resource_index/rosidl_interfaces/state_estimator_msgs\n'}
[1.499297] (state_estimator_msgs) StdoutLine: {'line': b'-- Up-to-date: /root/muse_ws/muse_ros2/muse_ws/install/state_estimator_msgs/include/state_estimator_msgs/state_estimator_msgs\n'}
[1.499485] (state_estimator_msgs) StdoutLine: {'line': b'-- Up-to-date: /root/muse_ws/muse_ros2/muse_ws/install/state_estimator_msgs/include/state_estimator_msgs/state_estimator_msgs/srv\n'}
[1.499665] (state_estimator_msgs) StdoutLine: {'line': b'-- Up-to-date: /root/muse_ws/muse_ros2/muse_ws/install/state_estimator_msgs/include/state_estimator_msgs/state_estimator_msgs/srv/get_blacklist.h\n'}
[1.499854] (state_estimator_msgs) StdoutLine: {'line': b'-- Up-to-date: /root/muse_ws/muse_ros2/muse_ws/install/state_estimator_msgs/include/state_estimator_msgs/state_estimator_msgs/srv/reset_estimator.h\n'}
[1.500153] (state_estimator_msgs) StdoutLine: {'line': b'-- Up-to-date: /root/muse_ws/muse_ros2/muse_ws/install/state_estimator_msgs/include/state_estimator_msgs/state_estimator_msgs/srv/stop_estimator.h\n'}
[1.500294] (state_estimator_msgs) StdoutLine: {'line': b'-- Up-to-date: /root/muse_ws/muse_ros2/muse_ws/install/state_estimator_msgs/include/state_estimator_msgs/state_estimator_msgs/srv/restart_estimator.h\n'}
[1.500519] (state_estimator_msgs) StdoutLine: {'line': b'-- Up-to-date: /root/muse_ws/muse_ros2/muse_ws/install/state_estimator_msgs/include/state_estimator_msgs/state_estimator_msgs/srv/get_whitelist.h\n'}
[1.500627] (state_estimator_msgs) StdoutLine: {'line': b'-- Up-to-date: /root/muse_ws/muse_ros2/muse_ws/install/state_estimator_msgs/include/state_estimator_msgs/state_estimator_msgs/srv/detail\n'}
[1.500809] (state_estimator_msgs) StdoutLine: {'line': b'-- Up-to-date: /root/muse_ws/muse_ros2/muse_ws/install/state_estimator_msgs/include/state_estimator_msgs/state_estimator_msgs/srv/detail/get_estimator_description__functions.c\n'}
[1.501009] (state_estimator_msgs) StdoutLine: {'line': b'-- Up-to-date: /root/muse_ws/muse_ros2/muse_ws/install/state_estimator_msgs/include/state_estimator_msgs/state_estimator_msgs/srv/detail/resume_estimator__functions.c\n'}
[1.501286] (state_estimator_msgs) StdoutLine: {'line': b'-- Up-to-date: /root/muse_ws/muse_ros2/muse_ws/install/state_estimator_msgs/include/state_estimator_msgs/state_estimator_msgs/srv/detail/reset_estimator__struct.h\n'}
[1.501531] (state_estimator_msgs) StdoutLine: {'line': b'-- Up-to-date: /root/muse_ws/muse_ros2/muse_ws/install/state_estimator_msgs/include/state_estimator_msgs/state_estimator_msgs/srv/detail/get_active_estimators__functions.h\n'}
[1.502069] (state_estimator_msgs) StdoutLine: {'line': b'-- Up-to-date: /root/muse_ws/muse_ros2/muse_ws/install/state_estimator_msgs/include/state_estimator_msgs/state_estimator_msgs/srv/detail/get_whitelist__functions.h\n'}
[1.502284] (state_estimator_msgs) StdoutLine: {'line': b'-- Up-to-date: /root/muse_ws/muse_ros2/muse_ws/install/state_estimator_msgs/include/state_estimator_msgs/state_estimator_msgs/srv/detail/pause_estimator__type_support.h\n'}
[1.502363] (state_estimator_msgs) StdoutLine: {'line': b'-- Up-to-date: /root/muse_ws/muse_ros2/muse_ws/install/state_estimator_msgs/include/state_estimator_msgs/state_estimator_msgs/srv/detail/stop_estimator__functions.c\n'}
[1.502434] (state_estimator_msgs) StdoutLine: {'line': b'-- Up-to-date: /root/muse_ws/muse_ros2/muse_ws/install/state_estimator_msgs/include/state_estimator_msgs/state_estimator_msgs/srv/detail/get_estimator_description__functions.h\n'}
[1.502504] (state_estimator_msgs) StdoutLine: {'line': b'-- Up-to-date: /root/muse_ws/muse_ros2/muse_ws/install/state_estimator_msgs/include/state_estimator_msgs/state_estimator_msgs/srv/detail/start_estimator__functions.c\n'}
[1.502592] (state_estimator_msgs) StdoutLine: {'line': b'-- Up-to-date: /root/muse_ws/muse_ros2/muse_ws/install/state_estimator_msgs/include/state_estimator_msgs/state_estimator_msgs/srv/detail/start_estimator__functions.h\n'}
[1.502657] (state_estimator_msgs) StdoutLine: {'line': b'-- Up-to-date: /root/muse_ws/muse_ros2/muse_ws/install/state_estimator_msgs/include/state_estimator_msgs/state_estimator_msgs/srv/detail/resume_estimator__functions.h\n'}
[1.502721] (state_estimator_msgs) StdoutLine: {'line': b'-- Up-to-date: /root/muse_ws/muse_ros2/muse_ws/install/state_estimator_msgs/include/state_estimator_msgs/state_estimator_msgs/srv/detail/get_blacklist__functions.c\n'}
[1.502784] (state_estimator_msgs) StdoutLine: {'line': b'-- Up-to-date: /root/muse_ws/muse_ros2/muse_ws/install/state_estimator_msgs/include/state_estimator_msgs/state_estimator_msgs/srv/detail/get_blacklist__struct.h\n'}
[1.502847] (state_estimator_msgs) StdoutLine: {'line': b'-- Up-to-date: /root/muse_ws/muse_ros2/muse_ws/install/state_estimator_msgs/include/state_estimator_msgs/state_estimator_msgs/srv/detail/reset_estimator__functions.c\n'}
[1.502909] (state_estimator_msgs) StdoutLine: {'line': b'-- Up-to-date: /root/muse_ws/muse_ros2/muse_ws/install/state_estimator_msgs/include/state_estimator_msgs/state_estimator_msgs/srv/detail/pause_estimator__functions.c\n'}
[1.502972] (state_estimator_msgs) StdoutLine: {'line': b'-- Up-to-date: /root/muse_ws/muse_ros2/muse_ws/install/state_estimator_msgs/include/state_estimator_msgs/state_estimator_msgs/srv/detail/get_whitelist__functions.c\n'}
[1.503037] (state_estimator_msgs) StdoutLine: {'line': b'-- Up-to-date: /root/muse_ws/muse_ros2/muse_ws/install/state_estimator_msgs/include/state_estimator_msgs/state_estimator_msgs/srv/detail/list_all_estimators__type_support.h\n'}
[1.506724] (state_estimator_msgs) StdoutLine: {'line': b'-- Up-to-date: /root/muse_ws/muse_ros2/muse_ws/install/state_estimator_msgs/include/state_estimator_msgs/state_estimator_msgs/srv/detail/get_active_estimators__type_support.h\n'}
[1.506922] (state_estimator_msgs) StdoutLine: {'line': b'-- Up-to-date: /root/muse_ws/muse_ros2/muse_ws/install/state_estimator_msgs/include/state_estimator_msgs/state_estimator_msgs/srv/detail/reset_estimator__type_support.h\n'}
[1.507209] (state_estimator_msgs) StdoutLine: {'line': b'-- Up-to-date: /root/muse_ws/muse_ros2/muse_ws/install/state_estimator_msgs/include/state_estimator_msgs/state_estimator_msgs/srv/detail/reset_estimator__functions.h\n'}
[1.507419] (state_estimator_msgs) StdoutLine: {'line': b'-- Up-to-date: /root/muse_ws/muse_ros2/muse_ws/install/state_estimator_msgs/include/state_estimator_msgs/state_estimator_msgs/srv/detail/restart_estimator__functions.h\n'}
[1.507691] (state_estimator_msgs) StdoutLine: {'line': b'-- Up-to-date: /root/muse_ws/muse_ros2/muse_ws/install/state_estimator_msgs/include/state_estimator_msgs/state_estimator_msgs/srv/detail/get_blacklist__functions.h\n'}
[1.507993] (state_estimator_msgs) StdoutLine: {'line': b'-- Up-to-date: /root/muse_ws/muse_ros2/muse_ws/install/state_estimator_msgs/include/state_estimator_msgs/state_estimator_msgs/srv/detail/get_blacklist__type_support.h\n'}
[1.508481] (state_estimator_msgs) StdoutLine: {'line': b'-- Up-to-date: /root/muse_ws/muse_ros2/muse_ws/install/state_estimator_msgs/include/state_estimator_msgs/state_estimator_msgs/srv/detail/list_all_estimators__struct.h\n'}
[1.508685] (state_estimator_msgs) StdoutLine: {'line': b'-- Up-to-date: /root/muse_ws/muse_ros2/muse_ws/install/state_estimator_msgs/include/state_estimator_msgs/state_estimator_msgs/srv/detail/pause_estimator__struct.h\n'}
[1.508914] (state_estimator_msgs) StdoutLine: {'line': b'-- Up-to-date: /root/muse_ws/muse_ros2/muse_ws/install/state_estimator_msgs/include/state_estimator_msgs/state_estimator_msgs/srv/detail/restart_estimator__functions.c\n'}
[1.509232] (state_estimator_msgs) StdoutLine: {'line': b'-- Up-to-date: /root/muse_ws/muse_ros2/muse_ws/install/state_estimator_msgs/include/state_estimator_msgs/state_estimator_msgs/srv/detail/resume_estimator__type_support.h\n'}
[1.509335] (state_estimator_msgs) StdoutLine: {'line': b'-- Up-to-date: /root/muse_ws/muse_ros2/muse_ws/install/state_estimator_msgs/include/state_estimator_msgs/state_estimator_msgs/srv/detail/start_estimator__type_support.h\n'}
[1.509409] (state_estimator_msgs) StdoutLine: {'line': b'-- Up-to-date: /root/muse_ws/muse_ros2/muse_ws/install/state_estimator_msgs/include/state_estimator_msgs/state_estimator_msgs/srv/detail/pause_estimator__functions.h\n'}
[1.509478] (state_estimator_msgs) StdoutLine: {'line': b'-- Up-to-date: /root/muse_ws/muse_ros2/muse_ws/install/state_estimator_msgs/include/state_estimator_msgs/state_estimator_msgs/srv/detail/list_all_estimators__functions.c\n'}
[1.509543] (state_estimator_msgs) StdoutLine: {'line': b'-- Up-to-date: /root/muse_ws/muse_ros2/muse_ws/install/state_estimator_msgs/include/state_estimator_msgs/state_estimator_msgs/srv/detail/stop_estimator__type_support.h\n'}
[1.509751] (state_estimator_msgs) StdoutLine: {'line': b'-- Up-to-date: /root/muse_ws/muse_ros2/muse_ws/install/state_estimator_msgs/include/state_estimator_msgs/state_estimator_msgs/srv/detail/start_estimator__struct.h\n'}
[1.509903] (state_estimator_msgs) StdoutLine: {'line': b'-- Up-to-date: /root/muse_ws/muse_ros2/muse_ws/install/state_estimator_msgs/include/state_estimator_msgs/state_estimator_msgs/srv/detail/get_active_estimators__functions.c\n'}
[1.510014] (state_estimator_msgs) StdoutLine: {'line': b'-- Up-to-date: /root/muse_ws/muse_ros2/muse_ws/install/state_estimator_msgs/include/state_estimator_msgs/state_estimator_msgs/srv/detail/resume_estimator__struct.h\n'}
[1.510088] (state_estimator_msgs) StdoutLine: {'line': b'-- Up-to-date: /root/muse_ws/muse_ros2/muse_ws/install/state_estimator_msgs/include/state_estimator_msgs/state_estimator_msgs/srv/detail/get_active_estimators__struct.h\n'}
[1.510171] (state_estimator_msgs) StdoutLine: {'line': b'-- Up-to-date: /root/muse_ws/muse_ros2/muse_ws/install/state_estimator_msgs/include/state_estimator_msgs/state_estimator_msgs/srv/detail/get_estimator_description__struct.h\n'}
[1.510232] (state_estimator_msgs) StdoutLine: {'line': b'-- Up-to-date: /root/muse_ws/muse_ros2/muse_ws/install/state_estimator_msgs/include/state_estimator_msgs/state_estimator_msgs/srv/detail/get_whitelist__struct.h\n'}
[1.510281] (state_estimator_msgs) StdoutLine: {'line': b'-- Up-to-date: /root/muse_ws/muse_ros2/muse_ws/install/state_estimator_msgs/include/state_estimator_msgs/state_estimator_msgs/srv/detail/stop_estimator__functions.h\n'}
[1.510400] (state_estimator_msgs) StdoutLine: {'line': b'-- Up-to-date: /root/muse_ws/muse_ros2/muse_ws/install/state_estimator_msgs/include/state_estimator_msgs/state_estimator_msgs/srv/detail/restart_estimator__type_support.h\n'}
[1.510488] (state_estimator_msgs) StdoutLine: {'line': b'-- Up-to-date: /root/muse_ws/muse_ros2/muse_ws/install/state_estimator_msgs/include/state_estimator_msgs/state_estimator_msgs/srv/detail/get_estimator_description__type_support.h\n'}
[1.510572] (state_estimator_msgs) StdoutLine: {'line': b'-- Up-to-date: /root/muse_ws/muse_ros2/muse_ws/install/state_estimator_msgs/include/state_estimator_msgs/state_estimator_msgs/srv/detail/restart_estimator__struct.h\n'}
[1.510657] (state_estimator_msgs) StdoutLine: {'line': b'-- Up-to-date: /root/muse_ws/muse_ros2/muse_ws/install/state_estimator_msgs/include/state_estimator_msgs/state_estimator_msgs/srv/detail/stop_estimator__struct.h\n'}
[1.510736] (state_estimator_msgs) StdoutLine: {'line': b'-- Up-to-date: /root/muse_ws/muse_ros2/muse_ws/install/state_estimator_msgs/include/state_estimator_msgs/state_estimator_msgs/srv/detail/list_all_estimators__functions.h\n'}
[1.510823] (state_estimator_msgs) StdoutLine: {'line': b'-- Up-to-date: /root/muse_ws/muse_ros2/muse_ws/install/state_estimator_msgs/include/state_estimator_msgs/state_estimator_msgs/srv/detail/get_whitelist__type_support.h\n'}
[1.510898] (state_estimator_msgs) StdoutLine: {'line': b'-- Up-to-date: /root/muse_ws/muse_ros2/muse_ws/install/state_estimator_msgs/include/state_estimator_msgs/state_estimator_msgs/srv/get_active_estimators.h\n'}
[1.510974] (state_estimator_msgs) StdoutLine: {'line': b'-- Up-to-date: /root/muse_ws/muse_ros2/muse_ws/install/state_estimator_msgs/include/state_estimator_msgs/state_estimator_msgs/srv/resume_estimator.h\n'}
[1.511046] (state_estimator_msgs) StdoutLine: {'line': b'-- Up-to-date: /root/muse_ws/muse_ros2/muse_ws/install/state_estimator_msgs/include/state_estimator_msgs/state_estimator_msgs/srv/start_estimator.h\n'}
[1.511128] (state_estimator_msgs) StdoutLine: {'line': b'-- Up-to-date: /root/muse_ws/muse_ros2/muse_ws/install/state_estimator_msgs/include/state_estimator_msgs/state_estimator_msgs/srv/get_estimator_description.h\n'}
[1.511209] (-) TimerEvent: {}
[1.511399] (state_estimator_msgs) StdoutLine: {'line': b'-- Up-to-date: /root/muse_ws/muse_ros2/muse_ws/install/state_estimator_msgs/include/state_estimator_msgs/state_estimator_msgs/srv/pause_estimator.h\n'}
[1.511485] (state_estimator_msgs) StdoutLine: {'line': b'-- Up-to-date: /root/muse_ws/muse_ros2/muse_ws/install/state_estimator_msgs/include/state_estimator_msgs/state_estimator_msgs/srv/list_all_estimators.h\n'}
[1.511559] (state_estimator_msgs) StdoutLine: {'line': b'-- Up-to-date: /root/muse_ws/muse_ros2/muse_ws/install/state_estimator_msgs/include/state_estimator_msgs/state_estimator_msgs/msg\n'}
[1.511631] (state_estimator_msgs) StdoutLine: {'line': b'-- Up-to-date: /root/muse_ws/muse_ros2/muse_ws/install/state_estimator_msgs/include/state_estimator_msgs/state_estimator_msgs/msg/sensor_fusion.h\n'}
[1.511710] (state_estimator_msgs) StdoutLine: {'line': b'-- Up-to-date: /root/muse_ws/muse_ros2/muse_ws/install/state_estimator_msgs/include/state_estimator_msgs/state_estimator_msgs/msg/detail\n'}
[1.511783] (state_estimator_msgs) StdoutLine: {'line': b'-- Up-to-date: /root/muse_ws/muse_ros2/muse_ws/install/state_estimator_msgs/include/state_estimator_msgs/state_estimator_msgs/msg/detail/attitude__type_support.h\n'}
[1.511852] (state_estimator_msgs) StdoutLine: {'line': b'-- Up-to-date: /root/muse_ws/muse_ros2/muse_ws/install/state_estimator_msgs/include/state_estimator_msgs/state_estimator_msgs/msg/detail/sensor_fusion__struct.h\n'}
[1.511926] (state_estimator_msgs) StdoutLine: {'line': b'-- Up-to-date: /root/muse_ws/muse_ros2/muse_ws/install/state_estimator_msgs/include/state_estimator_msgs/state_estimator_msgs/msg/detail/attitude__struct.h\n'}
[1.512005] (state_estimator_msgs) StdoutLine: {'line': b'-- Up-to-date: /root/muse_ws/muse_ros2/muse_ws/install/state_estimator_msgs/include/state_estimator_msgs/state_estimator_msgs/msg/detail/joint_state_with_acceleration__functions.c\n'}
[1.512087] (state_estimator_msgs) StdoutLine: {'line': b'-- Up-to-date: /root/muse_ws/muse_ros2/muse_ws/install/state_estimator_msgs/include/state_estimator_msgs/state_estimator_msgs/msg/detail/contact_detection__struct.h\n'}
[1.512166] (state_estimator_msgs) StdoutLine: {'line': b'-- Up-to-date: /root/muse_ws/muse_ros2/muse_ws/install/state_estimator_msgs/include/state_estimator_msgs/state_estimator_msgs/msg/detail/attitude__functions.h\n'}
[1.512266] (state_estimator_msgs) StdoutLine: {'line': b'-- Up-to-date: /root/muse_ws/muse_ros2/muse_ws/install/state_estimator_msgs/include/state_estimator_msgs/state_estimator_msgs/msg/detail/sensor_fusion__type_support.h\n'}
[1.512339] (state_estimator_msgs) StdoutLine: {'line': b'-- Up-to-date: /root/muse_ws/muse_ros2/muse_ws/install/state_estimator_msgs/include/state_estimator_msgs/state_estimator_msgs/msg/detail/contact_detection__functions.c\n'}
[1.512447] (state_estimator_msgs) StdoutLine: {'line': b'-- Up-to-date: /root/muse_ws/muse_ros2/muse_ws/install/state_estimator_msgs/include/state_estimator_msgs/state_estimator_msgs/msg/detail/attitude__functions.c\n'}
[1.512522] (state_estimator_msgs) StdoutLine: {'line': b'-- Up-to-date: /root/muse_ws/muse_ros2/muse_ws/install/state_estimator_msgs/include/state_estimator_msgs/state_estimator_msgs/msg/detail/contact_detection__type_support.h\n'}
[1.512589] (state_estimator_msgs) StdoutLine: {'line': b'-- Up-to-date: /root/muse_ws/muse_ros2/muse_ws/install/state_estimator_msgs/include/state_estimator_msgs/state_estimator_msgs/msg/detail/sensor_fusion__functions.c\n'}
[1.512664] (state_estimator_msgs) StdoutLine: {'line': b'-- Up-to-date: /root/muse_ws/muse_ros2/muse_ws/install/state_estimator_msgs/include/state_estimator_msgs/state_estimator_msgs/msg/detail/contact_detection__functions.h\n'}
[1.512785] (state_estimator_msgs) StdoutLine: {'line': b'-- Up-to-date: /root/muse_ws/muse_ros2/muse_ws/install/state_estimator_msgs/include/state_estimator_msgs/state_estimator_msgs/msg/detail/sensor_fusion__functions.h\n'}
[1.512886] (state_estimator_msgs) StdoutLine: {'line': b'-- Up-to-date: /root/muse_ws/muse_ros2/muse_ws/install/state_estimator_msgs/include/state_estimator_msgs/state_estimator_msgs/msg/detail/joint_state_with_acceleration__functions.h\n'}
[1.512974] (state_estimator_msgs) StdoutLine: {'line': b'-- Up-to-date: /root/muse_ws/muse_ros2/muse_ws/install/state_estimator_msgs/include/state_estimator_msgs/state_estimator_msgs/msg/detail/leg_odometry__type_support.h\n'}
[1.513062] (state_estimator_msgs) StdoutLine: {'line': b'-- Up-to-date: /root/muse_ws/muse_ros2/muse_ws/install/state_estimator_msgs/include/state_estimator_msgs/state_estimator_msgs/msg/detail/joint_state_with_acceleration__type_support.h\n'}
[1.513162] (state_estimator_msgs) StdoutLine: {'line': b'-- Up-to-date: /root/muse_ws/muse_ros2/muse_ws/install/state_estimator_msgs/include/state_estimator_msgs/state_estimator_msgs/msg/detail/joint_state_with_acceleration__struct.h\n'}
[1.513279] (state_estimator_msgs) StdoutLine: {'line': b'-- Up-to-date: /root/muse_ws/muse_ros2/muse_ws/install/state_estimator_msgs/include/state_estimator_msgs/state_estimator_msgs/msg/detail/leg_odometry__functions.c\n'}
[1.513379] (state_estimator_msgs) StdoutLine: {'line': b'-- Up-to-date: /root/muse_ws/muse_ros2/muse_ws/install/state_estimator_msgs/include/state_estimator_msgs/state_estimator_msgs/msg/detail/leg_odometry__struct.h\n'}
[1.513491] (state_estimator_msgs) StdoutLine: {'line': b'-- Up-to-date: /root/muse_ws/muse_ros2/muse_ws/install/state_estimator_msgs/include/state_estimator_msgs/state_estimator_msgs/msg/detail/leg_odometry__functions.h\n'}
[1.513659] (state_estimator_msgs) StdoutLine: {'line': b'-- Up-to-date: /root/muse_ws/muse_ros2/muse_ws/install/state_estimator_msgs/include/state_estimator_msgs/state_estimator_msgs/msg/joint_state_with_acceleration.h\n'}
[1.513852] (state_estimator_msgs) StdoutLine: {'line': b'-- Up-to-date: /root/muse_ws/muse_ros2/muse_ws/install/state_estimator_msgs/include/state_estimator_msgs/state_estimator_msgs/msg/leg_odometry.h\n'}
[1.513942] (state_estimator_msgs) StdoutLine: {'line': b'-- Up-to-date: /root/muse_ws/muse_ros2/muse_ws/install/state_estimator_msgs/include/state_estimator_msgs/state_estimator_msgs/msg/rosidl_generator_c__visibility_control.h\n'}
[1.514017] (state_estimator_msgs) StdoutLine: {'line': b'-- Up-to-date: /root/muse_ws/muse_ros2/muse_ws/install/state_estimator_msgs/include/state_estimator_msgs/state_estimator_msgs/msg/contact_detection.h\n'}
[1.514098] (state_estimator_msgs) StdoutLine: {'line': b'-- Up-to-date: /root/muse_ws/muse_ros2/muse_ws/install/state_estimator_msgs/include/state_estimator_msgs/state_estimator_msgs/msg/attitude.h\n'}
[1.514187] (state_estimator_msgs) StdoutLine: {'line': b'-- Up-to-date: /root/muse_ws/muse_ros2/muse_ws/install/state_estimator_msgs/share/state_estimator_msgs/environment/library_path.sh\n'}
[1.514265] (state_estimator_msgs) StdoutLine: {'line': b'-- Up-to-date: /root/muse_ws/muse_ros2/muse_ws/install/state_estimator_msgs/share/state_estimator_msgs/environment/library_path.dsv\n'}
[1.514332] (state_estimator_msgs) StdoutLine: {'line': b'-- Up-to-date: /root/muse_ws/muse_ros2/muse_ws/install/state_estimator_msgs/lib/libstate_estimator_msgs__rosidl_generator_c.so\n'}
[1.514397] (state_estimator_msgs) StdoutLine: {'line': b'-- Up-to-date: /root/muse_ws/muse_ros2/muse_ws/install/state_estimator_msgs/include/state_estimator_msgs/state_estimator_msgs\n'}
[1.514458] (state_estimator_msgs) StdoutLine: {'line': b'-- Up-to-date: /root/muse_ws/muse_ros2/muse_ws/install/state_estimator_msgs/include/state_estimator_msgs/state_estimator_msgs/srv\n'}
[1.514520] (state_estimator_msgs) StdoutLine: {'line': b'-- Up-to-date: /root/muse_ws/muse_ros2/muse_ws/install/state_estimator_msgs/include/state_estimator_msgs/state_estimator_msgs/srv/detail\n'}
[1.514582] (state_estimator_msgs) StdoutLine: {'line': b'-- Up-to-date: /root/muse_ws/muse_ros2/muse_ws/install/state_estimator_msgs/include/state_estimator_msgs/state_estimator_msgs/srv/detail/resume_estimator__rosidl_typesupport_fastrtps_c.h\n'}
[1.514662] (state_estimator_msgs) StdoutLine: {'line': b'-- Up-to-date: /root/muse_ws/muse_ros2/muse_ws/install/state_estimator_msgs/include/state_estimator_msgs/state_estimator_msgs/srv/detail/stop_estimator__rosidl_typesupport_fastrtps_c.h\n'}
[1.514726] (state_estimator_msgs) StdoutLine: {'line': b'-- Up-to-date: /root/muse_ws/muse_ros2/muse_ws/install/state_estimator_msgs/include/state_estimator_msgs/state_estimator_msgs/srv/detail/get_whitelist__rosidl_typesupport_fastrtps_c.h\n'}
[1.514787] (state_estimator_msgs) StdoutLine: {'line': b'-- Up-to-date: /root/muse_ws/muse_ros2/muse_ws/install/state_estimator_msgs/include/state_estimator_msgs/state_estimator_msgs/srv/detail/list_all_estimators__rosidl_typesupport_fastrtps_c.h\n'}
[1.514849] (state_estimator_msgs) StdoutLine: {'line': b'-- Up-to-date: /root/muse_ws/muse_ros2/muse_ws/install/state_estimator_msgs/include/state_estimator_msgs/state_estimator_msgs/srv/detail/pause_estimator__rosidl_typesupport_fastrtps_c.h\n'}
[1.514909] (state_estimator_msgs) StdoutLine: {'line': b'-- Up-to-date: /root/muse_ws/muse_ros2/muse_ws/install/state_estimator_msgs/include/state_estimator_msgs/state_estimator_msgs/srv/detail/start_estimator__rosidl_typesupport_fastrtps_c.h\n'}
[1.514972] (state_estimator_msgs) StdoutLine: {'line': b'-- Up-to-date: /root/muse_ws/muse_ros2/muse_ws/install/state_estimator_msgs/include/state_estimator_msgs/state_estimator_msgs/srv/detail/reset_estimator__rosidl_typesupport_fastrtps_c.h\n'}
[1.515035] (state_estimator_msgs) StdoutLine: {'line': b'-- Up-to-date: /root/muse_ws/muse_ros2/muse_ws/install/state_estimator_msgs/include/state_estimator_msgs/state_estimator_msgs/srv/detail/get_active_estimators__rosidl_typesupport_fastrtps_c.h\n'}
[1.515097] (state_estimator_msgs) StdoutLine: {'line': b'-- Up-to-date: /root/muse_ws/muse_ros2/muse_ws/install/state_estimator_msgs/include/state_estimator_msgs/state_estimator_msgs/srv/detail/get_blacklist__rosidl_typesupport_fastrtps_c.h\n'}
[1.515160] (state_estimator_msgs) StdoutLine: {'line': b'-- Up-to-date: /root/muse_ws/muse_ros2/muse_ws/install/state_estimator_msgs/include/state_estimator_msgs/state_estimator_msgs/srv/detail/restart_estimator__rosidl_typesupport_fastrtps_c.h\n'}
[1.515230] (state_estimator_msgs) StdoutLine: {'line': b'-- Up-to-date: /root/muse_ws/muse_ros2/muse_ws/install/state_estimator_msgs/include/state_estimator_msgs/state_estimator_msgs/srv/detail/get_estimator_description__rosidl_typesupport_fastrtps_c.h\n'}
[1.515329] (state_estimator_msgs) StdoutLine: {'line': b'-- Up-to-date: /root/muse_ws/muse_ros2/muse_ws/install/state_estimator_msgs/include/state_estimator_msgs/state_estimator_msgs/msg\n'}
[1.515404] (state_estimator_msgs) StdoutLine: {'line': b'-- Up-to-date: /root/muse_ws/muse_ros2/muse_ws/install/state_estimator_msgs/include/state_estimator_msgs/state_estimator_msgs/msg/detail\n'}
[1.515463] (state_estimator_msgs) StdoutLine: {'line': b'-- Up-to-date: /root/muse_ws/muse_ros2/muse_ws/install/state_estimator_msgs/include/state_estimator_msgs/state_estimator_msgs/msg/detail/sensor_fusion__rosidl_typesupport_fastrtps_c.h\n'}
[1.515564] (state_estimator_msgs) StdoutLine: {'line': b'-- Up-to-date: /root/muse_ws/muse_ros2/muse_ws/install/state_estimator_msgs/include/state_estimator_msgs/state_estimator_msgs/msg/detail/joint_state_with_acceleration__rosidl_typesupport_fastrtps_c.h\n'}
[1.515621] (state_estimator_msgs) StdoutLine: {'line': b'-- Up-to-date: /root/muse_ws/muse_ros2/muse_ws/install/state_estimator_msgs/include/state_estimator_msgs/state_estimator_msgs/msg/detail/attitude__rosidl_typesupport_fastrtps_c.h\n'}
[1.515671] (state_estimator_msgs) StdoutLine: {'line': b'-- Up-to-date: /root/muse_ws/muse_ros2/muse_ws/install/state_estimator_msgs/include/state_estimator_msgs/state_estimator_msgs/msg/detail/contact_detection__rosidl_typesupport_fastrtps_c.h\n'}
[1.515718] (state_estimator_msgs) StdoutLine: {'line': b'-- Up-to-date: /root/muse_ws/muse_ros2/muse_ws/install/state_estimator_msgs/include/state_estimator_msgs/state_estimator_msgs/msg/detail/leg_odometry__rosidl_typesupport_fastrtps_c.h\n'}
[1.515765] (state_estimator_msgs) StdoutLine: {'line': b'-- Up-to-date: /root/muse_ws/muse_ros2/muse_ws/install/state_estimator_msgs/include/state_estimator_msgs/state_estimator_msgs/msg/rosidl_typesupport_fastrtps_c__visibility_control.h\n'}
[1.515830] (state_estimator_msgs) StdoutLine: {'line': b'-- Up-to-date: /root/muse_ws/muse_ros2/muse_ws/install/state_estimator_msgs/lib/libstate_estimator_msgs__rosidl_typesupport_fastrtps_c.so\n'}
[1.515882] (state_estimator_msgs) StdoutLine: {'line': b'-- Up-to-date: /root/muse_ws/muse_ros2/muse_ws/install/state_estimator_msgs/include/state_estimator_msgs/state_estimator_msgs\n'}
[1.515930] (state_estimator_msgs) StdoutLine: {'line': b'-- Up-to-date: /root/muse_ws/muse_ros2/muse_ws/install/state_estimator_msgs/include/state_estimator_msgs/state_estimator_msgs/srv\n'}
[1.515979] (state_estimator_msgs) StdoutLine: {'line': b'-- Up-to-date: /root/muse_ws/muse_ros2/muse_ws/install/state_estimator_msgs/include/state_estimator_msgs/state_estimator_msgs/srv/list_all_estimators.hpp\n'}
[1.516027] (state_estimator_msgs) StdoutLine: {'line': b'-- Up-to-date: /root/muse_ws/muse_ros2/muse_ws/install/state_estimator_msgs/include/state_estimator_msgs/state_estimator_msgs/srv/resume_estimator.hpp\n'}
[1.516071] (state_estimator_msgs) StdoutLine: {'line': b'-- Up-to-date: /root/muse_ws/muse_ros2/muse_ws/install/state_estimator_msgs/include/state_estimator_msgs/state_estimator_msgs/srv/pause_estimator.hpp\n'}
[1.516130] (state_estimator_msgs) StdoutLine: {'line': b'-- Up-to-date: /root/muse_ws/muse_ros2/muse_ws/install/state_estimator_msgs/include/state_estimator_msgs/state_estimator_msgs/srv/reset_estimator.hpp\n'}
[1.516175] (state_estimator_msgs) StdoutLine: {'line': b'-- Up-to-date: /root/muse_ws/muse_ros2/muse_ws/install/state_estimator_msgs/include/state_estimator_msgs/state_estimator_msgs/srv/get_active_estimators.hpp\n'}
[1.516260] (state_estimator_msgs) StdoutLine: {'line': b'-- Up-to-date: /root/muse_ws/muse_ros2/muse_ws/install/state_estimator_msgs/include/state_estimator_msgs/state_estimator_msgs/srv/detail\n'}
[1.516316] (state_estimator_msgs) StdoutLine: {'line': b'-- Up-to-date: /root/muse_ws/muse_ros2/muse_ws/install/state_estimator_msgs/include/state_estimator_msgs/state_estimator_msgs/srv/detail/get_whitelist__type_support.hpp\n'}
[1.516364] (state_estimator_msgs) StdoutLine: {'line': b'-- Up-to-date: /root/muse_ws/muse_ros2/muse_ws/install/state_estimator_msgs/include/state_estimator_msgs/state_estimator_msgs/srv/detail/pause_estimator__type_support.hpp\n'}
[1.516421] (state_estimator_msgs) StdoutLine: {'line': b'-- Up-to-date: /root/muse_ws/muse_ros2/muse_ws/install/state_estimator_msgs/include/state_estimator_msgs/state_estimator_msgs/srv/detail/restart_estimator__traits.hpp\n'}
[1.516469] (state_estimator_msgs) StdoutLine: {'line': b'-- Up-to-date: /root/muse_ws/muse_ros2/muse_ws/install/state_estimator_msgs/include/state_estimator_msgs/state_estimator_msgs/srv/detail/get_whitelist__traits.hpp\n'}
[1.516516] (state_estimator_msgs) StdoutLine: {'line': b'-- Up-to-date: /root/muse_ws/muse_ros2/muse_ws/install/state_estimator_msgs/include/state_estimator_msgs/state_estimator_msgs/srv/detail/get_estimator_description__builder.hpp\n'}
[1.516608] (state_estimator_msgs) StdoutLine: {'line': b'-- Up-to-date: /root/muse_ws/muse_ros2/muse_ws/install/state_estimator_msgs/include/state_estimator_msgs/state_estimator_msgs/srv/detail/stop_estimator__traits.hpp\n'}
[1.516700] (state_estimator_msgs) StdoutLine: {'line': b'-- Up-to-date: /root/muse_ws/muse_ros2/muse_ws/install/state_estimator_msgs/include/state_estimator_msgs/state_estimator_msgs/srv/detail/get_whitelist__builder.hpp\n'}
[1.516777] (state_estimator_msgs) StdoutLine: {'line': b'-- Up-to-date: /root/muse_ws/muse_ros2/muse_ws/install/state_estimator_msgs/include/state_estimator_msgs/state_estimator_msgs/srv/detail/stop_estimator__builder.hpp\n'}
[1.516858] (state_estimator_msgs) StdoutLine: {'line': b'-- Up-to-date: /root/muse_ws/muse_ros2/muse_ws/install/state_estimator_msgs/include/state_estimator_msgs/state_estimator_msgs/srv/detail/list_all_estimators__type_support.hpp\n'}
[1.516970] (state_estimator_msgs) StdoutLine: {'line': b'-- Up-to-date: /root/muse_ws/muse_ros2/muse_ws/install/state_estimator_msgs/include/state_estimator_msgs/state_estimator_msgs/srv/detail/reset_estimator__builder.hpp\n'}
[1.517124] (state_estimator_msgs) StdoutLine: {'line': b'-- Up-to-date: /root/muse_ws/muse_ros2/muse_ws/install/state_estimator_msgs/include/state_estimator_msgs/state_estimator_msgs/srv/detail/get_active_estimators__traits.hpp\n'}
[1.517220] (state_estimator_msgs) StdoutLine: {'line': b'-- Up-to-date: /root/muse_ws/muse_ros2/muse_ws/install/state_estimator_msgs/include/state_estimator_msgs/state_estimator_msgs/srv/detail/resume_estimator__type_support.hpp\n'}
[1.517303] (state_estimator_msgs) StdoutLine: {'line': b'-- Up-to-date: /root/muse_ws/muse_ros2/muse_ws/install/state_estimator_msgs/include/state_estimator_msgs/state_estimator_msgs/srv/detail/start_estimator__type_support.hpp\n'}
[1.517365] (state_estimator_msgs) StdoutLine: {'line': b'-- Up-to-date: /root/muse_ws/muse_ros2/muse_ws/install/state_estimator_msgs/include/state_estimator_msgs/state_estimator_msgs/srv/detail/get_active_estimators__type_support.hpp\n'}
[1.517447] (state_estimator_msgs) StdoutLine: {'line': b'-- Up-to-date: /root/muse_ws/muse_ros2/muse_ws/install/state_estimator_msgs/include/state_estimator_msgs/state_estimator_msgs/srv/detail/get_blacklist__builder.hpp\n'}
[1.517519] (state_estimator_msgs) StdoutLine: {'line': b'-- Up-to-date: /root/muse_ws/muse_ros2/muse_ws/install/state_estimator_msgs/include/state_estimator_msgs/state_estimator_msgs/srv/detail/list_all_estimators__struct.hpp\n'}
[1.517644] (state_estimator_msgs) StdoutLine: {'line': b'-- Up-to-date: /root/muse_ws/muse_ros2/muse_ws/install/state_estimator_msgs/include/state_estimator_msgs/state_estimator_msgs/srv/detail/get_estimator_description__traits.hpp\n'}
[1.517905] (state_estimator_msgs) StdoutLine: {'line': b'-- Up-to-date: /root/muse_ws/muse_ros2/muse_ws/install/state_estimator_msgs/include/state_estimator_msgs/state_estimator_msgs/srv/detail/stop_estimator__type_support.hpp\n'}
[1.517976] (state_estimator_msgs) StdoutLine: {'line': b'-- Up-to-date: /root/muse_ws/muse_ros2/muse_ws/install/state_estimator_msgs/include/state_estimator_msgs/state_estimator_msgs/srv/detail/list_all_estimators__traits.hpp\n'}
[1.518042] (state_estimator_msgs) StdoutLine: {'line': b'-- Up-to-date: /root/muse_ws/muse_ros2/muse_ws/install/state_estimator_msgs/include/state_estimator_msgs/state_estimator_msgs/srv/detail/start_estimator__builder.hpp\n'}
[1.518119] (state_estimator_msgs) StdoutLine: {'line': b'-- Up-to-date: /root/muse_ws/muse_ros2/muse_ws/install/state_estimator_msgs/include/state_estimator_msgs/state_estimator_msgs/srv/detail/restart_estimator__builder.hpp\n'}
[1.518196] (state_estimator_msgs) StdoutLine: {'line': b'-- Up-to-date: /root/muse_ws/muse_ros2/muse_ws/install/state_estimator_msgs/include/state_estimator_msgs/state_estimator_msgs/srv/detail/restart_estimator__type_support.hpp\n'}
[1.518293] (state_estimator_msgs) StdoutLine: {'line': b'-- Up-to-date: /root/muse_ws/muse_ros2/muse_ws/install/state_estimator_msgs/include/state_estimator_msgs/state_estimator_msgs/srv/detail/reset_estimator__type_support.hpp\n'}
[1.518361] (state_estimator_msgs) StdoutLine: {'line': b'-- Up-to-date: /root/muse_ws/muse_ros2/muse_ws/install/state_estimator_msgs/include/state_estimator_msgs/state_estimator_msgs/srv/detail/get_active_estimators__struct.hpp\n'}
[1.518424] (state_estimator_msgs) StdoutLine: {'line': b'-- Up-to-date: /root/muse_ws/muse_ros2/muse_ws/install/state_estimator_msgs/include/state_estimator_msgs/state_estimator_msgs/srv/detail/get_estimator_description__type_support.hpp\n'}
[1.518488] (state_estimator_msgs) StdoutLine: {'line': b'-- Up-to-date: /root/muse_ws/muse_ros2/muse_ws/install/state_estimator_msgs/include/state_estimator_msgs/state_estimator_msgs/srv/detail/get_blacklist__type_support.hpp\n'}
[1.518550] (state_estimator_msgs) StdoutLine: {'line': b'-- Up-to-date: /root/muse_ws/muse_ros2/muse_ws/install/state_estimator_msgs/include/state_estimator_msgs/state_estimator_msgs/srv/detail/pause_estimator__builder.hpp\n'}
[1.518611] (state_estimator_msgs) StdoutLine: {'line': b'-- Up-to-date: /root/muse_ws/muse_ros2/muse_ws/install/state_estimator_msgs/include/state_estimator_msgs/state_estimator_msgs/srv/detail/restart_estimator__struct.hpp\n'}
[1.518672] (state_estimator_msgs) StdoutLine: {'line': b'-- Up-to-date: /root/muse_ws/muse_ros2/muse_ws/install/state_estimator_msgs/include/state_estimator_msgs/state_estimator_msgs/srv/detail/resume_estimator__builder.hpp\n'}
[1.518732] (state_estimator_msgs) StdoutLine: {'line': b'-- Up-to-date: /root/muse_ws/muse_ros2/muse_ws/install/state_estimator_msgs/include/state_estimator_msgs/state_estimator_msgs/srv/detail/start_estimator__traits.hpp\n'}
[1.518792] (state_estimator_msgs) StdoutLine: {'line': b'-- Up-to-date: /root/muse_ws/muse_ros2/muse_ws/install/state_estimator_msgs/include/state_estimator_msgs/state_estimator_msgs/srv/detail/get_estimator_description__struct.hpp\n'}
[1.518856] (state_estimator_msgs) StdoutLine: {'line': b'-- Up-to-date: /root/muse_ws/muse_ros2/muse_ws/install/state_estimator_msgs/include/state_estimator_msgs/state_estimator_msgs/srv/detail/resume_estimator__traits.hpp\n'}
[1.518932] (state_estimator_msgs) StdoutLine: {'line': b'-- Up-to-date: /root/muse_ws/muse_ros2/muse_ws/install/state_estimator_msgs/include/state_estimator_msgs/state_estimator_msgs/srv/detail/start_estimator__struct.hpp\n'}
[1.519187] (state_estimator_msgs) StdoutLine: {'line': b'-- Up-to-date: /root/muse_ws/muse_ros2/muse_ws/install/state_estimator_msgs/include/state_estimator_msgs/state_estimator_msgs/srv/detail/pause_estimator__traits.hpp\n'}
[1.519311] (state_estimator_msgs) StdoutLine: {'line': b'-- Up-to-date: /root/muse_ws/muse_ros2/muse_ws/install/state_estimator_msgs/include/state_estimator_msgs/state_estimator_msgs/srv/detail/list_all_estimators__builder.hpp\n'}
[1.519387] (state_estimator_msgs) StdoutLine: {'line': b'-- Up-to-date: /root/muse_ws/muse_ros2/muse_ws/install/state_estimator_msgs/include/state_estimator_msgs/state_estimator_msgs/srv/detail/get_blacklist__traits.hpp\n'}
[1.519454] (state_estimator_msgs) StdoutLine: {'line': b'-- Up-to-date: /root/muse_ws/muse_ros2/muse_ws/install/state_estimator_msgs/include/state_estimator_msgs/state_estimator_msgs/srv/detail/reset_estimator__traits.hpp\n'}
[1.519518] (state_estimator_msgs) StdoutLine: {'line': b'-- Up-to-date: /root/muse_ws/muse_ros2/muse_ws/install/state_estimator_msgs/include/state_estimator_msgs/state_estimator_msgs/srv/detail/stop_estimator__struct.hpp\n'}
[1.519598] (state_estimator_msgs) StdoutLine: {'line': b'-- Up-to-date: /root/muse_ws/muse_ros2/muse_ws/install/state_estimator_msgs/include/state_estimator_msgs/state_estimator_msgs/srv/detail/get_whitelist__struct.hpp\n'}
[1.519661] (state_estimator_msgs) StdoutLine: {'line': b'-- Up-to-date: /root/muse_ws/muse_ros2/muse_ws/install/state_estimator_msgs/include/state_estimator_msgs/state_estimator_msgs/srv/detail/get_blacklist__struct.hpp\n'}
[1.519723] (state_estimator_msgs) StdoutLine: {'line': b'-- Up-to-date: /root/muse_ws/muse_ros2/muse_ws/install/state_estimator_msgs/include/state_estimator_msgs/state_estimator_msgs/srv/detail/pause_estimator__struct.hpp\n'}
[1.519788] (state_estimator_msgs) StdoutLine: {'line': b'-- Up-to-date: /root/muse_ws/muse_ros2/muse_ws/install/state_estimator_msgs/include/state_estimator_msgs/state_estimator_msgs/srv/detail/resume_estimator__struct.hpp\n'}
[1.519863] (state_estimator_msgs) StdoutLine: {'line': b'-- Up-to-date: /root/muse_ws/muse_ros2/muse_ws/install/state_estimator_msgs/include/state_estimator_msgs/state_estimator_msgs/srv/detail/get_active_estimators__builder.hpp\n'}
[1.519929] (state_estimator_msgs) StdoutLine: {'line': b'-- Up-to-date: /root/muse_ws/muse_ros2/muse_ws/install/state_estimator_msgs/include/state_estimator_msgs/state_estimator_msgs/srv/detail/reset_estimator__struct.hpp\n'}
[1.520418] (state_estimator_msgs) StdoutLine: {'line': b'-- Up-to-date: /root/muse_ws/muse_ros2/muse_ws/install/state_estimator_msgs/include/state_estimator_msgs/state_estimator_msgs/srv/restart_estimator.hpp\n'}
[1.520514] (state_estimator_msgs) StdoutLine: {'line': b'-- Up-to-date: /root/muse_ws/muse_ros2/muse_ws/install/state_estimator_msgs/include/state_estimator_msgs/state_estimator_msgs/srv/stop_estimator.hpp\n'}
[1.520660] (state_estimator_msgs) StdoutLine: {'line': b'-- Up-to-date: /root/muse_ws/muse_ros2/muse_ws/install/state_estimator_msgs/include/state_estimator_msgs/state_estimator_msgs/srv/get_whitelist.hpp\n'}
[1.520742] (state_estimator_msgs) StdoutLine: {'line': b'-- Up-to-date: /root/muse_ws/muse_ros2/muse_ws/install/state_estimator_msgs/include/state_estimator_msgs/state_estimator_msgs/srv/get_estimator_description.hpp\n'}
[1.520816] (state_estimator_msgs) StdoutLine: {'line': b'-- Up-to-date: /root/muse_ws/muse_ros2/muse_ws/install/state_estimator_msgs/include/state_estimator_msgs/state_estimator_msgs/srv/get_blacklist.hpp\n'}
[1.520892] (state_estimator_msgs) StdoutLine: {'line': b'-- Up-to-date: /root/muse_ws/muse_ros2/muse_ws/install/state_estimator_msgs/include/state_estimator_msgs/state_estimator_msgs/srv/start_estimator.hpp\n'}
[1.520973] (state_estimator_msgs) StdoutLine: {'line': b'-- Up-to-date: /root/muse_ws/muse_ros2/muse_ws/install/state_estimator_msgs/include/state_estimator_msgs/state_estimator_msgs/msg\n'}
[1.521044] (state_estimator_msgs) StdoutLine: {'line': b'-- Up-to-date: /root/muse_ws/muse_ros2/muse_ws/install/state_estimator_msgs/include/state_estimator_msgs/state_estimator_msgs/msg/joint_state_with_acceleration.hpp\n'}
[1.521115] (state_estimator_msgs) StdoutLine: {'line': b'-- Up-to-date: /root/muse_ws/muse_ros2/muse_ws/install/state_estimator_msgs/include/state_estimator_msgs/state_estimator_msgs/msg/contact_detection.hpp\n'}
[1.521185] (state_estimator_msgs) StdoutLine: {'line': b'-- Up-to-date: /root/muse_ws/muse_ros2/muse_ws/install/state_estimator_msgs/include/state_estimator_msgs/state_estimator_msgs/msg/detail\n'}
[1.521257] (state_estimator_msgs) StdoutLine: {'line': b'-- Up-to-date: /root/muse_ws/muse_ros2/muse_ws/install/state_estimator_msgs/include/state_estimator_msgs/state_estimator_msgs/msg/detail/leg_odometry__builder.hpp\n'}
[1.521328] (state_estimator_msgs) StdoutLine: {'line': b'-- Up-to-date: /root/muse_ws/muse_ros2/muse_ws/install/state_estimator_msgs/include/state_estimator_msgs/state_estimator_msgs/msg/detail/leg_odometry__struct.hpp\n'}
[1.521427] (state_estimator_msgs) StdoutLine: {'line': b'-- Up-to-date: /root/muse_ws/muse_ros2/muse_ws/install/state_estimator_msgs/include/state_estimator_msgs/state_estimator_msgs/msg/detail/attitude__type_support.hpp\n'}
[1.521509] (state_estimator_msgs) StdoutLine: {'line': b'-- Up-to-date: /root/muse_ws/muse_ros2/muse_ws/install/state_estimator_msgs/include/state_estimator_msgs/state_estimator_msgs/msg/detail/leg_odometry__traits.hpp\n'}
[1.523350] (state_estimator_msgs) StdoutLine: {'line': b'-- Up-to-date: /root/muse_ws/muse_ros2/muse_ws/install/state_estimator_msgs/include/state_estimator_msgs/state_estimator_msgs/msg/detail/leg_odometry__type_support.hpp\n'}
[1.524348] (state_estimator_msgs) StdoutLine: {'line': b'-- Up-to-date: /root/muse_ws/muse_ros2/muse_ws/install/state_estimator_msgs/include/state_estimator_msgs/state_estimator_msgs/msg/detail/sensor_fusion__traits.hpp\n'}
[1.524458] (state_estimator_msgs) StdoutLine: {'line': b'-- Up-to-date: /root/muse_ws/muse_ros2/muse_ws/install/state_estimator_msgs/include/state_estimator_msgs/state_estimator_msgs/msg/detail/attitude__builder.hpp\n'}
[1.524542] (state_estimator_msgs) StdoutLine: {'line': b'-- Up-to-date: /root/muse_ws/muse_ros2/muse_ws/install/state_estimator_msgs/include/state_estimator_msgs/state_estimator_msgs/msg/detail/joint_state_with_acceleration__traits.hpp\n'}
[1.524626] (state_estimator_msgs) StdoutLine: {'line': b'-- Up-to-date: /root/muse_ws/muse_ros2/muse_ws/install/state_estimator_msgs/include/state_estimator_msgs/state_estimator_msgs/msg/detail/sensor_fusion__type_support.hpp\n'}
[1.524728] (state_estimator_msgs) StdoutLine: {'line': b'-- Up-to-date: /root/muse_ws/muse_ros2/muse_ws/install/state_estimator_msgs/include/state_estimator_msgs/state_estimator_msgs/msg/detail/contact_detection__type_support.hpp\n'}
[1.524823] (state_estimator_msgs) StdoutLine: {'line': b'-- Up-to-date: /root/muse_ws/muse_ros2/muse_ws/install/state_estimator_msgs/include/state_estimator_msgs/state_estimator_msgs/msg/detail/contact_detection__traits.hpp\n'}
[1.524913] (state_estimator_msgs) StdoutLine: {'line': b'-- Up-to-date: /root/muse_ws/muse_ros2/muse_ws/install/state_estimator_msgs/include/state_estimator_msgs/state_estimator_msgs/msg/detail/joint_state_with_acceleration__type_support.hpp\n'}
[1.525005] (state_estimator_msgs) StdoutLine: {'line': b'-- Up-to-date: /root/muse_ws/muse_ros2/muse_ws/install/state_estimator_msgs/include/state_estimator_msgs/state_estimator_msgs/msg/detail/attitude__struct.hpp\n'}
[1.525090] (state_estimator_msgs) StdoutLine: {'line': b'-- Up-to-date: /root/muse_ws/muse_ros2/muse_ws/install/state_estimator_msgs/include/state_estimator_msgs/state_estimator_msgs/msg/detail/contact_detection__builder.hpp\n'}
[1.525183] (state_estimator_msgs) StdoutLine: {'line': b'-- Up-to-date: /root/muse_ws/muse_ros2/muse_ws/install/state_estimator_msgs/include/state_estimator_msgs/state_estimator_msgs/msg/detail/attitude__traits.hpp\n'}
[1.525372] (state_estimator_msgs) StdoutLine: {'line': b'-- Up-to-date: /root/muse_ws/muse_ros2/muse_ws/install/state_estimator_msgs/include/state_estimator_msgs/state_estimator_msgs/msg/detail/joint_state_with_acceleration__builder.hpp\n'}
[1.525468] (state_estimator_msgs) StdoutLine: {'line': b'-- Up-to-date: /root/muse_ws/muse_ros2/muse_ws/install/state_estimator_msgs/include/state_estimator_msgs/state_estimator_msgs/msg/detail/contact_detection__struct.hpp\n'}
[1.525633] (state_estimator_msgs) StdoutLine: {'line': b'-- Up-to-date: /root/muse_ws/muse_ros2/muse_ws/install/state_estimator_msgs/include/state_estimator_msgs/state_estimator_msgs/msg/detail/joint_state_with_acceleration__struct.hpp\n'}
[1.525726] (state_estimator_msgs) StdoutLine: {'line': b'-- Up-to-date: /root/muse_ws/muse_ros2/muse_ws/install/state_estimator_msgs/include/state_estimator_msgs/state_estimator_msgs/msg/detail/sensor_fusion__builder.hpp\n'}
[1.525826] (state_estimator_msgs) StdoutLine: {'line': b'-- Up-to-date: /root/muse_ws/muse_ros2/muse_ws/install/state_estimator_msgs/include/state_estimator_msgs/state_estimator_msgs/msg/detail/sensor_fusion__struct.hpp\n'}
[1.525929] (state_estimator_msgs) StdoutLine: {'line': b'-- Up-to-date: /root/muse_ws/muse_ros2/muse_ws/install/state_estimator_msgs/include/state_estimator_msgs/state_estimator_msgs/msg/leg_odometry.hpp\n'}
[1.526003] (state_estimator_msgs) StdoutLine: {'line': b'-- Up-to-date: /root/muse_ws/muse_ros2/muse_ws/install/state_estimator_msgs/include/state_estimator_msgs/state_estimator_msgs/msg/attitude.hpp\n'}
[1.526070] (state_estimator_msgs) StdoutLine: {'line': b'-- Up-to-date: /root/muse_ws/muse_ros2/muse_ws/install/state_estimator_msgs/include/state_estimator_msgs/state_estimator_msgs/msg/rosidl_generator_cpp__visibility_control.hpp\n'}
[1.526135] (state_estimator_msgs) StdoutLine: {'line': b'-- Up-to-date: /root/muse_ws/muse_ros2/muse_ws/install/state_estimator_msgs/include/state_estimator_msgs/state_estimator_msgs/msg/sensor_fusion.hpp\n'}
[1.526218] (state_estimator_msgs) StdoutLine: {'line': b'-- Up-to-date: /root/muse_ws/muse_ros2/muse_ws/install/state_estimator_msgs/include/state_estimator_msgs/state_estimator_msgs\n'}
[1.526297] (state_estimator_msgs) StdoutLine: {'line': b'-- Up-to-date: /root/muse_ws/muse_ros2/muse_ws/install/state_estimator_msgs/include/state_estimator_msgs/state_estimator_msgs/srv\n'}
[1.526374] (state_estimator_msgs) StdoutLine: {'line': b'-- Up-to-date: /root/muse_ws/muse_ros2/muse_ws/install/state_estimator_msgs/include/state_estimator_msgs/state_estimator_msgs/srv/detail\n'}
[1.526439] (state_estimator_msgs) StdoutLine: {'line': b'-- Up-to-date: /root/muse_ws/muse_ros2/muse_ws/install/state_estimator_msgs/include/state_estimator_msgs/state_estimator_msgs/srv/detail/resume_estimator__rosidl_typesupport_fastrtps_cpp.hpp\n'}
[1.526518] (state_estimator_msgs) StdoutLine: {'line': b'-- Up-to-date: /root/muse_ws/muse_ros2/muse_ws/install/state_estimator_msgs/include/state_estimator_msgs/state_estimator_msgs/srv/detail/list_all_estimators__rosidl_typesupport_fastrtps_cpp.hpp\n'}
[1.526599] (state_estimator_msgs) StdoutLine: {'line': b'-- Up-to-date: /root/muse_ws/muse_ros2/muse_ws/install/state_estimator_msgs/include/state_estimator_msgs/state_estimator_msgs/srv/detail/get_whitelist__rosidl_typesupport_fastrtps_cpp.hpp\n'}
[1.526868] (state_estimator_msgs) StdoutLine: {'line': b'-- Up-to-date: /root/muse_ws/muse_ros2/muse_ws/install/state_estimator_msgs/include/state_estimator_msgs/state_estimator_msgs/srv/detail/dds_fastrtps\n'}
[1.526957] (state_estimator_msgs) StdoutLine: {'line': b'-- Up-to-date: /root/muse_ws/muse_ros2/muse_ws/install/state_estimator_msgs/include/state_estimator_msgs/state_estimator_msgs/srv/detail/get_blacklist__rosidl_typesupport_fastrtps_cpp.hpp\n'}
[1.527049] (state_estimator_msgs) StdoutLine: {'line': b'-- Up-to-date: /root/muse_ws/muse_ros2/muse_ws/install/state_estimator_msgs/include/state_estimator_msgs/state_estimator_msgs/srv/detail/stop_estimator__rosidl_typesupport_fastrtps_cpp.hpp\n'}
[1.527129] (state_estimator_msgs) StdoutLine: {'line': b'-- Up-to-date: /root/muse_ws/muse_ros2/muse_ws/install/state_estimator_msgs/include/state_estimator_msgs/state_estimator_msgs/srv/detail/reset_estimator__rosidl_typesupport_fastrtps_cpp.hpp\n'}
[1.527206] (state_estimator_msgs) StdoutLine: {'line': b'-- Up-to-date: /root/muse_ws/muse_ros2/muse_ws/install/state_estimator_msgs/include/state_estimator_msgs/state_estimator_msgs/srv/detail/start_estimator__rosidl_typesupport_fastrtps_cpp.hpp\n'}
[1.527283] (state_estimator_msgs) StdoutLine: {'line': b'-- Up-to-date: /root/muse_ws/muse_ros2/muse_ws/install/state_estimator_msgs/include/state_estimator_msgs/state_estimator_msgs/srv/detail/restart_estimator__rosidl_typesupport_fastrtps_cpp.hpp\n'}
[1.527368] (state_estimator_msgs) StdoutLine: {'line': b'-- Up-to-date: /root/muse_ws/muse_ros2/muse_ws/install/state_estimator_msgs/include/state_estimator_msgs/state_estimator_msgs/srv/detail/pause_estimator__rosidl_typesupport_fastrtps_cpp.hpp\n'}
[1.527461] (state_estimator_msgs) StdoutLine: {'line': b'-- Up-to-date: /root/muse_ws/muse_ros2/muse_ws/install/state_estimator_msgs/include/state_estimator_msgs/state_estimator_msgs/srv/detail/get_estimator_description__rosidl_typesupport_fastrtps_cpp.hpp\n'}
[1.527579] (state_estimator_msgs) StdoutLine: {'line': b'-- Up-to-date: /root/muse_ws/muse_ros2/muse_ws/install/state_estimator_msgs/include/state_estimator_msgs/state_estimator_msgs/srv/detail/get_active_estimators__rosidl_typesupport_fastrtps_cpp.hpp\n'}
[1.527651] (state_estimator_msgs) StdoutLine: {'line': b'-- Up-to-date: /root/muse_ws/muse_ros2/muse_ws/install/state_estimator_msgs/include/state_estimator_msgs/state_estimator_msgs/msg\n'}
[1.527715] (state_estimator_msgs) StdoutLine: {'line': b'-- Up-to-date: /root/muse_ws/muse_ros2/muse_ws/install/state_estimator_msgs/include/state_estimator_msgs/state_estimator_msgs/msg/detail\n'}
[1.527788] (state_estimator_msgs) StdoutLine: {'line': b'-- Up-to-date: /root/muse_ws/muse_ros2/muse_ws/install/state_estimator_msgs/include/state_estimator_msgs/state_estimator_msgs/msg/detail/joint_state_with_acceleration__rosidl_typesupport_fastrtps_cpp.hpp\n'}
[1.527911] (state_estimator_msgs) StdoutLine: {'line': b'-- Up-to-date: /root/muse_ws/muse_ros2/muse_ws/install/state_estimator_msgs/include/state_estimator_msgs/state_estimator_msgs/msg/detail/contact_detection__rosidl_typesupport_fastrtps_cpp.hpp\n'}
[1.528029] (state_estimator_msgs) StdoutLine: {'line': b'-- Up-to-date: /root/muse_ws/muse_ros2/muse_ws/install/state_estimator_msgs/include/state_estimator_msgs/state_estimator_msgs/msg/detail/leg_odometry__rosidl_typesupport_fastrtps_cpp.hpp\n'}
[1.528137] (state_estimator_msgs) StdoutLine: {'line': b'-- Up-to-date: /root/muse_ws/muse_ros2/muse_ws/install/state_estimator_msgs/include/state_estimator_msgs/state_estimator_msgs/msg/detail/dds_fastrtps\n'}
[1.528209] (state_estimator_msgs) StdoutLine: {'line': b'-- Up-to-date: /root/muse_ws/muse_ros2/muse_ws/install/state_estimator_msgs/include/state_estimator_msgs/state_estimator_msgs/msg/detail/sensor_fusion__rosidl_typesupport_fastrtps_cpp.hpp\n'}
[1.528277] (state_estimator_msgs) StdoutLine: {'line': b'-- Up-to-date: /root/muse_ws/muse_ros2/muse_ws/install/state_estimator_msgs/include/state_estimator_msgs/state_estimator_msgs/msg/detail/attitude__rosidl_typesupport_fastrtps_cpp.hpp\n'}
[1.528389] (state_estimator_msgs) StdoutLine: {'line': b'-- Up-to-date: /root/muse_ws/muse_ros2/muse_ws/install/state_estimator_msgs/include/state_estimator_msgs/state_estimator_msgs/msg/rosidl_typesupport_fastrtps_cpp__visibility_control.h\n'}
[1.528492] (state_estimator_msgs) StdoutLine: {'line': b'-- Up-to-date: /root/muse_ws/muse_ros2/muse_ws/install/state_estimator_msgs/lib/libstate_estimator_msgs__rosidl_typesupport_fastrtps_cpp.so\n'}
[1.528575] (state_estimator_msgs) StdoutLine: {'line': b'-- Up-to-date: /root/muse_ws/muse_ros2/muse_ws/install/state_estimator_msgs/include/state_estimator_msgs/state_estimator_msgs\n'}
[1.528661] (state_estimator_msgs) StdoutLine: {'line': b'-- Up-to-date: /root/muse_ws/muse_ros2/muse_ws/install/state_estimator_msgs/include/state_estimator_msgs/state_estimator_msgs/srv\n'}
[1.528745] (state_estimator_msgs) StdoutLine: {'line': b'-- Up-to-date: /root/muse_ws/muse_ros2/muse_ws/install/state_estimator_msgs/include/state_estimator_msgs/state_estimator_msgs/srv/detail\n'}
[1.528818] (state_estimator_msgs) StdoutLine: {'line': b'-- Up-to-date: /root/muse_ws/muse_ros2/muse_ws/install/state_estimator_msgs/include/state_estimator_msgs/state_estimator_msgs/srv/detail/get_active_estimators__rosidl_typesupport_introspection_c.h\n'}
[1.528891] (state_estimator_msgs) StdoutLine: {'line': b'-- Up-to-date: /root/muse_ws/muse_ros2/muse_ws/install/state_estimator_msgs/include/state_estimator_msgs/state_estimator_msgs/srv/detail/get_blacklist__type_support.c\n'}
[1.528962] (state_estimator_msgs) StdoutLine: {'line': b'-- Up-to-date: /root/muse_ws/muse_ros2/muse_ws/install/state_estimator_msgs/include/state_estimator_msgs/state_estimator_msgs/srv/detail/get_estimator_description__rosidl_typesupport_introspection_c.h\n'}
[1.529083] (state_estimator_msgs) StdoutLine: {'line': b'-- Up-to-date: /root/muse_ws/muse_ros2/muse_ws/install/state_estimator_msgs/include/state_estimator_msgs/state_estimator_msgs/srv/detail/restart_estimator__type_support.c\n'}
[1.529172] (state_estimator_msgs) StdoutLine: {'line': b'-- Up-to-date: /root/muse_ws/muse_ros2/muse_ws/install/state_estimator_msgs/include/state_estimator_msgs/state_estimator_msgs/srv/detail/get_active_estimators__type_support.c\n'}
[1.529246] (state_estimator_msgs) StdoutLine: {'line': b'-- Up-to-date: /root/muse_ws/muse_ros2/muse_ws/install/state_estimator_msgs/include/state_estimator_msgs/state_estimator_msgs/srv/detail/get_whitelist__type_support.c\n'}
[1.529317] (state_estimator_msgs) StdoutLine: {'line': b'-- Up-to-date: /root/muse_ws/muse_ros2/muse_ws/install/state_estimator_msgs/include/state_estimator_msgs/state_estimator_msgs/srv/detail/stop_estimator__type_support.c\n'}
[1.529416] (state_estimator_msgs) StdoutLine: {'line': b'-- Up-to-date: /root/muse_ws/muse_ros2/muse_ws/install/state_estimator_msgs/include/state_estimator_msgs/state_estimator_msgs/srv/detail/restart_estimator__rosidl_typesupport_introspection_c.h\n'}
[1.529494] (state_estimator_msgs) StdoutLine: {'line': b'-- Up-to-date: /root/muse_ws/muse_ros2/muse_ws/install/state_estimator_msgs/include/state_estimator_msgs/state_estimator_msgs/srv/detail/stop_estimator__rosidl_typesupport_introspection_c.h\n'}
[1.529567] (state_estimator_msgs) StdoutLine: {'line': b'-- Up-to-date: /root/muse_ws/muse_ros2/muse_ws/install/state_estimator_msgs/include/state_estimator_msgs/state_estimator_msgs/srv/detail/get_estimator_description__type_support.c\n'}
[1.529693] (state_estimator_msgs) StdoutLine: {'line': b'-- Up-to-date: /root/muse_ws/muse_ros2/muse_ws/install/state_estimator_msgs/include/state_estimator_msgs/state_estimator_msgs/srv/detail/reset_estimator__rosidl_typesupport_introspection_c.h\n'}
[1.529780] (state_estimator_msgs) StdoutLine: {'line': b'-- Up-to-date: /root/muse_ws/muse_ros2/muse_ws/install/state_estimator_msgs/include/state_estimator_msgs/state_estimator_msgs/srv/detail/resume_estimator__type_support.c\n'}
[1.529857] (state_estimator_msgs) StdoutLine: {'line': b'-- Up-to-date: /root/muse_ws/muse_ros2/muse_ws/install/state_estimator_msgs/include/state_estimator_msgs/state_estimator_msgs/srv/detail/resume_estimator__rosidl_typesupport_introspection_c.h\n'}
[1.529951] (state_estimator_msgs) StdoutLine: {'line': b'-- Up-to-date: /root/muse_ws/muse_ros2/muse_ws/install/state_estimator_msgs/include/state_estimator_msgs/state_estimator_msgs/srv/detail/get_blacklist__rosidl_typesupport_introspection_c.h\n'}
[1.530036] (state_estimator_msgs) StdoutLine: {'line': b'-- Up-to-date: /root/muse_ws/muse_ros2/muse_ws/install/state_estimator_msgs/include/state_estimator_msgs/state_estimator_msgs/srv/detail/start_estimator__rosidl_typesupport_introspection_c.h\n'}
[1.530110] (state_estimator_msgs) StdoutLine: {'line': b'-- Up-to-date: /root/muse_ws/muse_ros2/muse_ws/install/state_estimator_msgs/include/state_estimator_msgs/state_estimator_msgs/srv/detail/start_estimator__type_support.c\n'}
[1.530183] (state_estimator_msgs) StdoutLine: {'line': b'-- Up-to-date: /root/muse_ws/muse_ros2/muse_ws/install/state_estimator_msgs/include/state_estimator_msgs/state_estimator_msgs/srv/detail/reset_estimator__type_support.c\n'}
[1.530249] (state_estimator_msgs) StdoutLine: {'line': b'-- Up-to-date: /root/muse_ws/muse_ros2/muse_ws/install/state_estimator_msgs/include/state_estimator_msgs/state_estimator_msgs/srv/detail/list_all_estimators__type_support.c\n'}
[1.530324] (state_estimator_msgs) StdoutLine: {'line': b'-- Up-to-date: /root/muse_ws/muse_ros2/muse_ws/install/state_estimator_msgs/include/state_estimator_msgs/state_estimator_msgs/srv/detail/pause_estimator__type_support.c\n'}
[1.530449] (state_estimator_msgs) StdoutLine: {'line': b'-- Up-to-date: /root/muse_ws/muse_ros2/muse_ws/install/state_estimator_msgs/include/state_estimator_msgs/state_estimator_msgs/srv/detail/pause_estimator__rosidl_typesupport_introspection_c.h\n'}
[1.530542] (state_estimator_msgs) StdoutLine: {'line': b'-- Up-to-date: /root/muse_ws/muse_ros2/muse_ws/install/state_estimator_msgs/include/state_estimator_msgs/state_estimator_msgs/srv/detail/list_all_estimators__rosidl_typesupport_introspection_c.h\n'}
[1.530635] (state_estimator_msgs) StdoutLine: {'line': b'-- Up-to-date: /root/muse_ws/muse_ros2/muse_ws/install/state_estimator_msgs/include/state_estimator_msgs/state_estimator_msgs/srv/detail/get_whitelist__rosidl_typesupport_introspection_c.h\n'}
[1.530685] (state_estimator_msgs) StdoutLine: {'line': b'-- Up-to-date: /root/muse_ws/muse_ros2/muse_ws/install/state_estimator_msgs/include/state_estimator_msgs/state_estimator_msgs/msg\n'}
[1.530732] (state_estimator_msgs) StdoutLine: {'line': b'-- Up-to-date: /root/muse_ws/muse_ros2/muse_ws/install/state_estimator_msgs/include/state_estimator_msgs/state_estimator_msgs/msg/detail\n'}
[1.530777] (state_estimator_msgs) StdoutLine: {'line': b'-- Up-to-date: /root/muse_ws/muse_ros2/muse_ws/install/state_estimator_msgs/include/state_estimator_msgs/state_estimator_msgs/msg/detail/leg_odometry__type_support.c\n'}
[1.530823] (state_estimator_msgs) StdoutLine: {'line': b'-- Up-to-date: /root/muse_ws/muse_ros2/muse_ws/install/state_estimator_msgs/include/state_estimator_msgs/state_estimator_msgs/msg/detail/attitude__rosidl_typesupport_introspection_c.h\n'}
[1.531228] (state_estimator_msgs) StdoutLine: {'line': b'-- Up-to-date: /root/muse_ws/muse_ros2/muse_ws/install/state_estimator_msgs/include/state_estimator_msgs/state_estimator_msgs/msg/detail/sensor_fusion__rosidl_typesupport_introspection_c.h\n'}
[1.531348] (state_estimator_msgs) StdoutLine: {'line': b'-- Up-to-date: /root/muse_ws/muse_ros2/muse_ws/install/state_estimator_msgs/include/state_estimator_msgs/state_estimator_msgs/msg/detail/contact_detection__type_support.c\n'}
[1.531436] (state_estimator_msgs) StdoutLine: {'line': b'-- Up-to-date: /root/muse_ws/muse_ros2/muse_ws/install/state_estimator_msgs/include/state_estimator_msgs/state_estimator_msgs/msg/detail/joint_state_with_acceleration__rosidl_typesupport_introspection_c.h\n'}
[1.531526] (state_estimator_msgs) StdoutLine: {'line': b'-- Up-to-date: /root/muse_ws/muse_ros2/muse_ws/install/state_estimator_msgs/include/state_estimator_msgs/state_estimator_msgs/msg/detail/attitude__type_support.c\n'}
[1.531581] (state_estimator_msgs) StdoutLine: {'line': b'-- Up-to-date: /root/muse_ws/muse_ros2/muse_ws/install/state_estimator_msgs/include/state_estimator_msgs/state_estimator_msgs/msg/detail/contact_detection__rosidl_typesupport_introspection_c.h\n'}
[1.531651] (state_estimator_msgs) StdoutLine: {'line': b'-- Up-to-date: /root/muse_ws/muse_ros2/muse_ws/install/state_estimator_msgs/include/state_estimator_msgs/state_estimator_msgs/msg/detail/joint_state_with_acceleration__type_support.c\n'}
[1.531735] (state_estimator_msgs) StdoutLine: {'line': b'-- Up-to-date: /root/muse_ws/muse_ros2/muse_ws/install/state_estimator_msgs/include/state_estimator_msgs/state_estimator_msgs/msg/detail/sensor_fusion__type_support.c\n'}
[1.531819] (state_estimator_msgs) StdoutLine: {'line': b'-- Up-to-date: /root/muse_ws/muse_ros2/muse_ws/install/state_estimator_msgs/include/state_estimator_msgs/state_estimator_msgs/msg/detail/leg_odometry__rosidl_typesupport_introspection_c.h\n'}
[1.531912] (state_estimator_msgs) StdoutLine: {'line': b'-- Up-to-date: /root/muse_ws/muse_ros2/muse_ws/install/state_estimator_msgs/include/state_estimator_msgs/state_estimator_msgs/msg/rosidl_typesupport_introspection_c__visibility_control.h\n'}
[1.532038] (state_estimator_msgs) StdoutLine: {'line': b'-- Up-to-date: /root/muse_ws/muse_ros2/muse_ws/install/state_estimator_msgs/lib/libstate_estimator_msgs__rosidl_typesupport_introspection_c.so\n'}
[1.532119] (state_estimator_msgs) StdoutLine: {'line': b'-- Up-to-date: /root/muse_ws/muse_ros2/muse_ws/install/state_estimator_msgs/lib/libstate_estimator_msgs__rosidl_typesupport_c.so\n'}
[1.532275] (state_estimator_msgs) StdoutLine: {'line': b'-- Up-to-date: /root/muse_ws/muse_ros2/muse_ws/install/state_estimator_msgs/include/state_estimator_msgs/state_estimator_msgs\n'}
[1.532380] (state_estimator_msgs) StdoutLine: {'line': b'-- Up-to-date: /root/muse_ws/muse_ros2/muse_ws/install/state_estimator_msgs/include/state_estimator_msgs/state_estimator_msgs/srv\n'}
[1.532485] (state_estimator_msgs) StdoutLine: {'line': b'-- Up-to-date: /root/muse_ws/muse_ros2/muse_ws/install/state_estimator_msgs/include/state_estimator_msgs/state_estimator_msgs/srv/detail\n'}
[1.532578] (state_estimator_msgs) StdoutLine: {'line': b'-- Up-to-date: /root/muse_ws/muse_ros2/muse_ws/install/state_estimator_msgs/include/state_estimator_msgs/state_estimator_msgs/srv/detail/list_all_estimators__type_support.cpp\n'}
[1.532675] (state_estimator_msgs) StdoutLine: {'line': b'-- Up-to-date: /root/muse_ws/muse_ros2/muse_ws/install/state_estimator_msgs/include/state_estimator_msgs/state_estimator_msgs/srv/detail/reset_estimator__rosidl_typesupport_introspection_cpp.hpp\n'}
[1.532781] (state_estimator_msgs) StdoutLine: {'line': b'-- Up-to-date: /root/muse_ws/muse_ros2/muse_ws/install/state_estimator_msgs/include/state_estimator_msgs/state_estimator_msgs/srv/detail/restart_estimator__rosidl_typesupport_introspection_cpp.hpp\n'}
[1.532878] (state_estimator_msgs) StdoutLine: {'line': b'-- Up-to-date: /root/muse_ws/muse_ros2/muse_ws/install/state_estimator_msgs/include/state_estimator_msgs/state_estimator_msgs/srv/detail/resume_estimator__rosidl_typesupport_introspection_cpp.hpp\n'}
[1.532981] (state_estimator_msgs) StdoutLine: {'line': b'-- Up-to-date: /root/muse_ws/muse_ros2/muse_ws/install/state_estimator_msgs/include/state_estimator_msgs/state_estimator_msgs/srv/detail/get_active_estimators__type_support.cpp\n'}
[1.533072] (state_estimator_msgs) StdoutLine: {'line': b'-- Up-to-date: /root/muse_ws/muse_ros2/muse_ws/install/state_estimator_msgs/include/state_estimator_msgs/state_estimator_msgs/srv/detail/pause_estimator__type_support.cpp\n'}
[1.533164] (state_estimator_msgs) StdoutLine: {'line': b'-- Up-to-date: /root/muse_ws/muse_ros2/muse_ws/install/state_estimator_msgs/include/state_estimator_msgs/state_estimator_msgs/srv/detail/get_blacklist__type_support.cpp\n'}
[1.533256] (state_estimator_msgs) StdoutLine: {'line': b'-- Up-to-date: /root/muse_ws/muse_ros2/muse_ws/install/state_estimator_msgs/include/state_estimator_msgs/state_estimator_msgs/srv/detail/list_all_estimators__rosidl_typesupport_introspection_cpp.hpp\n'}
[1.533352] (state_estimator_msgs) StdoutLine: {'line': b'-- Up-to-date: /root/muse_ws/muse_ros2/muse_ws/install/state_estimator_msgs/include/state_estimator_msgs/state_estimator_msgs/srv/detail/resume_estimator__type_support.cpp\n'}
[1.533451] (state_estimator_msgs) StdoutLine: {'line': b'-- Up-to-date: /root/muse_ws/muse_ros2/muse_ws/install/state_estimator_msgs/include/state_estimator_msgs/state_estimator_msgs/srv/detail/reset_estimator__type_support.cpp\n'}
[1.533551] (state_estimator_msgs) StdoutLine: {'line': b'-- Up-to-date: /root/muse_ws/muse_ros2/muse_ws/install/state_estimator_msgs/include/state_estimator_msgs/state_estimator_msgs/srv/detail/get_whitelist__type_support.cpp\n'}
[1.533727] (state_estimator_msgs) StdoutLine: {'line': b'-- Up-to-date: /root/muse_ws/muse_ros2/muse_ws/install/state_estimator_msgs/include/state_estimator_msgs/state_estimator_msgs/srv/detail/pause_estimator__rosidl_typesupport_introspection_cpp.hpp\n'}
[1.533848] (state_estimator_msgs) StdoutLine: {'line': b'-- Up-to-date: /root/muse_ws/muse_ros2/muse_ws/install/state_estimator_msgs/include/state_estimator_msgs/state_estimator_msgs/srv/detail/restart_estimator__type_support.cpp\n'}
[1.533953] (state_estimator_msgs) StdoutLine: {'line': b'-- Up-to-date: /root/muse_ws/muse_ros2/muse_ws/install/state_estimator_msgs/include/state_estimator_msgs/state_estimator_msgs/srv/detail/start_estimator__rosidl_typesupport_introspection_cpp.hpp\n'}
[1.534088] (state_estimator_msgs) StdoutLine: {'line': b'-- Up-to-date: /root/muse_ws/muse_ros2/muse_ws/install/state_estimator_msgs/include/state_estimator_msgs/state_estimator_msgs/srv/detail/get_estimator_description__type_support.cpp\n'}
[1.534203] (state_estimator_msgs) StdoutLine: {'line': b'-- Up-to-date: /root/muse_ws/muse_ros2/muse_ws/install/state_estimator_msgs/include/state_estimator_msgs/state_estimator_msgs/srv/detail/stop_estimator__type_support.cpp\n'}
[1.534329] (state_estimator_msgs) StdoutLine: {'line': b'-- Up-to-date: /root/muse_ws/muse_ros2/muse_ws/install/state_estimator_msgs/include/state_estimator_msgs/state_estimator_msgs/srv/detail/stop_estimator__rosidl_typesupport_introspection_cpp.hpp\n'}
[1.534408] (state_estimator_msgs) StdoutLine: {'line': b'-- Up-to-date: /root/muse_ws/muse_ros2/muse_ws/install/state_estimator_msgs/include/state_estimator_msgs/state_estimator_msgs/srv/detail/start_estimator__type_support.cpp\n'}
[1.534460] (state_estimator_msgs) StdoutLine: {'line': b'-- Up-to-date: /root/muse_ws/muse_ros2/muse_ws/install/state_estimator_msgs/include/state_estimator_msgs/state_estimator_msgs/srv/detail/get_blacklist__rosidl_typesupport_introspection_cpp.hpp\n'}
[1.534524] (state_estimator_msgs) StdoutLine: {'line': b'-- Up-to-date: /root/muse_ws/muse_ros2/muse_ws/install/state_estimator_msgs/include/state_estimator_msgs/state_estimator_msgs/srv/detail/get_estimator_description__rosidl_typesupport_introspection_cpp.hpp\n'}
[1.534596] (state_estimator_msgs) StdoutLine: {'line': b'-- Up-to-date: /root/muse_ws/muse_ros2/muse_ws/install/state_estimator_msgs/include/state_estimator_msgs/state_estimator_msgs/srv/detail/get_whitelist__rosidl_typesupport_introspection_cpp.hpp\n'}
[1.534708] (state_estimator_msgs) StdoutLine: {'line': b'-- Up-to-date: /root/muse_ws/muse_ros2/muse_ws/install/state_estimator_msgs/include/state_estimator_msgs/state_estimator_msgs/srv/detail/get_active_estimators__rosidl_typesupport_introspection_cpp.hpp\n'}
[1.534803] (state_estimator_msgs) StdoutLine: {'line': b'-- Up-to-date: /root/muse_ws/muse_ros2/muse_ws/install/state_estimator_msgs/include/state_estimator_msgs/state_estimator_msgs/msg\n'}
[1.534903] (state_estimator_msgs) StdoutLine: {'line': b'-- Up-to-date: /root/muse_ws/muse_ros2/muse_ws/install/state_estimator_msgs/include/state_estimator_msgs/state_estimator_msgs/msg/detail\n'}
[1.534959] (state_estimator_msgs) StdoutLine: {'line': b'-- Up-to-date: /root/muse_ws/muse_ros2/muse_ws/install/state_estimator_msgs/include/state_estimator_msgs/state_estimator_msgs/msg/detail/sensor_fusion__rosidl_typesupport_introspection_cpp.hpp\n'}
[1.535027] (state_estimator_msgs) StdoutLine: {'line': b'-- Up-to-date: /root/muse_ws/muse_ros2/muse_ws/install/state_estimator_msgs/include/state_estimator_msgs/state_estimator_msgs/msg/detail/sensor_fusion__type_support.cpp\n'}
[1.535097] (state_estimator_msgs) StdoutLine: {'line': b'-- Up-to-date: /root/muse_ws/muse_ros2/muse_ws/install/state_estimator_msgs/include/state_estimator_msgs/state_estimator_msgs/msg/detail/joint_state_with_acceleration__rosidl_typesupport_introspection_cpp.hpp\n'}
[1.535147] (state_estimator_msgs) StdoutLine: {'line': b'-- Up-to-date: /root/muse_ws/muse_ros2/muse_ws/install/state_estimator_msgs/include/state_estimator_msgs/state_estimator_msgs/msg/detail/joint_state_with_acceleration__type_support.cpp\n'}
[1.535192] (state_estimator_msgs) StdoutLine: {'line': b'-- Up-to-date: /root/muse_ws/muse_ros2/muse_ws/install/state_estimator_msgs/include/state_estimator_msgs/state_estimator_msgs/msg/detail/contact_detection__type_support.cpp\n'}
[1.535237] (state_estimator_msgs) StdoutLine: {'line': b'-- Up-to-date: /root/muse_ws/muse_ros2/muse_ws/install/state_estimator_msgs/include/state_estimator_msgs/state_estimator_msgs/msg/detail/contact_detection__rosidl_typesupport_introspection_cpp.hpp\n'}
[1.535281] (state_estimator_msgs) StdoutLine: {'line': b'-- Up-to-date: /root/muse_ws/muse_ros2/muse_ws/install/state_estimator_msgs/include/state_estimator_msgs/state_estimator_msgs/msg/detail/leg_odometry__type_support.cpp\n'}
[1.535325] (state_estimator_msgs) StdoutLine: {'line': b'-- Up-to-date: /root/muse_ws/muse_ros2/muse_ws/install/state_estimator_msgs/include/state_estimator_msgs/state_estimator_msgs/msg/detail/attitude__type_support.cpp\n'}
[1.535370] (state_estimator_msgs) StdoutLine: {'line': b'-- Up-to-date: /root/muse_ws/muse_ros2/muse_ws/install/state_estimator_msgs/include/state_estimator_msgs/state_estimator_msgs/msg/detail/leg_odometry__rosidl_typesupport_introspection_cpp.hpp\n'}
[1.535424] (state_estimator_msgs) StdoutLine: {'line': b'-- Up-to-date: /root/muse_ws/muse_ros2/muse_ws/install/state_estimator_msgs/include/state_estimator_msgs/state_estimator_msgs/msg/detail/attitude__rosidl_typesupport_introspection_cpp.hpp\n'}
[1.535469] (state_estimator_msgs) StdoutLine: {'line': b'-- Up-to-date: /root/muse_ws/muse_ros2/muse_ws/install/state_estimator_msgs/lib/libstate_estimator_msgs__rosidl_typesupport_introspection_cpp.so\n'}
[1.541254] (state_estimator_msgs) StdoutLine: {'line': b'-- Up-to-date: /root/muse_ws/muse_ros2/muse_ws/install/state_estimator_msgs/lib/libstate_estimator_msgs__rosidl_typesupport_cpp.so\n'}
[1.541674] (state_estimator_msgs) StdoutLine: {'line': b'-- Up-to-date: /root/muse_ws/muse_ros2/muse_ws/install/state_estimator_msgs/share/state_estimator_msgs/environment/pythonpath.sh\n'}
[1.541811] (state_estimator_msgs) StdoutLine: {'line': b'-- Up-to-date: /root/muse_ws/muse_ros2/muse_ws/install/state_estimator_msgs/share/state_estimator_msgs/environment/pythonpath.dsv\n'}
[1.541937] (state_estimator_msgs) StdoutLine: {'line': b'-- Up-to-date: /root/muse_ws/muse_ros2/muse_ws/install/state_estimator_msgs/local/lib/python3.10/dist-packages/state_estimator_msgs-0.0.1-py3.10.egg-info\n'}
[1.542146] (state_estimator_msgs) StdoutLine: {'line': b'-- Installing: /root/muse_ws/muse_ros2/muse_ws/install/state_estimator_msgs/local/lib/python3.10/dist-packages/state_estimator_msgs-0.0.1-py3.10.egg-info/top_level.txt\n'}
[1.542388] (state_estimator_msgs) StdoutLine: {'line': b'-- Installing: /root/muse_ws/muse_ros2/muse_ws/install/state_estimator_msgs/local/lib/python3.10/dist-packages/state_estimator_msgs-0.0.1-py3.10.egg-info/PKG-INFO\n'}
[1.549984] (state_estimator_msgs) StdoutLine: {'line': b'-- Installing: /root/muse_ws/muse_ros2/muse_ws/install/state_estimator_msgs/local/lib/python3.10/dist-packages/state_estimator_msgs-0.0.1-py3.10.egg-info/dependency_links.txt\n'}
[1.550280] (state_estimator_msgs) StdoutLine: {'line': b'-- Installing: /root/muse_ws/muse_ros2/muse_ws/install/state_estimator_msgs/local/lib/python3.10/dist-packages/state_estimator_msgs-0.0.1-py3.10.egg-info/SOURCES.txt\n'}
[1.550350] (state_estimator_msgs) StdoutLine: {'line': b'-- Up-to-date: /root/muse_ws/muse_ros2/muse_ws/install/state_estimator_msgs/local/lib/python3.10/dist-packages/state_estimator_msgs\n'}
[1.550406] (state_estimator_msgs) StdoutLine: {'line': b'-- Up-to-date: /root/muse_ws/muse_ros2/muse_ws/install/state_estimator_msgs/local/lib/python3.10/dist-packages/state_estimator_msgs/srv\n'}
[1.550482] (state_estimator_msgs) StdoutLine: {'line': b'-- Up-to-date: /root/muse_ws/muse_ros2/muse_ws/install/state_estimator_msgs/local/lib/python3.10/dist-packages/state_estimator_msgs/srv/_stop_estimator_s.c\n'}
[1.550532] (state_estimator_msgs) StdoutLine: {'line': b'-- Up-to-date: /root/muse_ws/muse_ros2/muse_ws/install/state_estimator_msgs/local/lib/python3.10/dist-packages/state_estimator_msgs/srv/_list_all_estimators_s.c\n'}
[1.550585] (state_estimator_msgs) StdoutLine: {'line': b'-- Up-to-date: /root/muse_ws/muse_ros2/muse_ws/install/state_estimator_msgs/local/lib/python3.10/dist-packages/state_estimator_msgs/srv/_start_estimator_s.c\n'}
[1.550630] (state_estimator_msgs) StdoutLine: {'line': b'-- Up-to-date: /root/muse_ws/muse_ros2/muse_ws/install/state_estimator_msgs/local/lib/python3.10/dist-packages/state_estimator_msgs/srv/_pause_estimator.py\n'}
[1.550675] (state_estimator_msgs) StdoutLine: {'line': b'-- Up-to-date: /root/muse_ws/muse_ros2/muse_ws/install/state_estimator_msgs/local/lib/python3.10/dist-packages/state_estimator_msgs/srv/_get_active_estimators.py\n'}
[1.550720] (state_estimator_msgs) StdoutLine: {'line': b'-- Up-to-date: /root/muse_ws/muse_ros2/muse_ws/install/state_estimator_msgs/local/lib/python3.10/dist-packages/state_estimator_msgs/srv/_resume_estimator_s.c\n'}
[1.550765] (state_estimator_msgs) StdoutLine: {'line': b'-- Up-to-date: /root/muse_ws/muse_ros2/muse_ws/install/state_estimator_msgs/local/lib/python3.10/dist-packages/state_estimator_msgs/srv/_start_estimator.py\n'}
[1.550817] (state_estimator_msgs) StdoutLine: {'line': b'-- Up-to-date: /root/muse_ws/muse_ros2/muse_ws/install/state_estimator_msgs/local/lib/python3.10/dist-packages/state_estimator_msgs/srv/_get_blacklist.py\n'}
[1.550861] (state_estimator_msgs) StdoutLine: {'line': b'-- Up-to-date: /root/muse_ws/muse_ros2/muse_ws/install/state_estimator_msgs/local/lib/python3.10/dist-packages/state_estimator_msgs/srv/_list_all_estimators.py\n'}
[1.550905] (state_estimator_msgs) StdoutLine: {'line': b'-- Up-to-date: /root/muse_ws/muse_ros2/muse_ws/install/state_estimator_msgs/local/lib/python3.10/dist-packages/state_estimator_msgs/srv/_pause_estimator_s.c\n'}
[1.550948] (state_estimator_msgs) StdoutLine: {'line': b'-- Up-to-date: /root/muse_ws/muse_ros2/muse_ws/install/state_estimator_msgs/local/lib/python3.10/dist-packages/state_estimator_msgs/srv/_reset_estimator.py\n'}
[1.550992] (state_estimator_msgs) StdoutLine: {'line': b'-- Up-to-date: /root/muse_ws/muse_ros2/muse_ws/install/state_estimator_msgs/local/lib/python3.10/dist-packages/state_estimator_msgs/srv/_get_estimator_description.py\n'}
[1.551035] (state_estimator_msgs) StdoutLine: {'line': b'-- Up-to-date: /root/muse_ws/muse_ros2/muse_ws/install/state_estimator_msgs/local/lib/python3.10/dist-packages/state_estimator_msgs/srv/_get_estimator_description_s.c\n'}
[1.551080] (state_estimator_msgs) StdoutLine: {'line': b'-- Up-to-date: /root/muse_ws/muse_ros2/muse_ws/install/state_estimator_msgs/local/lib/python3.10/dist-packages/state_estimator_msgs/srv/_resume_estimator.py\n'}
[1.551129] (state_estimator_msgs) StdoutLine: {'line': b'-- Up-to-date: /root/muse_ws/muse_ros2/muse_ws/install/state_estimator_msgs/local/lib/python3.10/dist-packages/state_estimator_msgs/srv/_get_blacklist_s.c\n'}
[1.551173] (state_estimator_msgs) StdoutLine: {'line': b'-- Up-to-date: /root/muse_ws/muse_ros2/muse_ws/install/state_estimator_msgs/local/lib/python3.10/dist-packages/state_estimator_msgs/srv/_restart_estimator_s.c\n'}
[1.551215] (state_estimator_msgs) StdoutLine: {'line': b'-- Up-to-date: /root/muse_ws/muse_ros2/muse_ws/install/state_estimator_msgs/local/lib/python3.10/dist-packages/state_estimator_msgs/srv/_get_whitelist_s.c\n'}
[1.551258] (state_estimator_msgs) StdoutLine: {'line': b'-- Up-to-date: /root/muse_ws/muse_ros2/muse_ws/install/state_estimator_msgs/local/lib/python3.10/dist-packages/state_estimator_msgs/srv/_get_whitelist.py\n'}
[1.551301] (state_estimator_msgs) StdoutLine: {'line': b'-- Up-to-date: /root/muse_ws/muse_ros2/muse_ws/install/state_estimator_msgs/local/lib/python3.10/dist-packages/state_estimator_msgs/srv/_get_active_estimators_s.c\n'}
[1.551343] (state_estimator_msgs) StdoutLine: {'line': b'-- Up-to-date: /root/muse_ws/muse_ros2/muse_ws/install/state_estimator_msgs/local/lib/python3.10/dist-packages/state_estimator_msgs/srv/_reset_estimator_s.c\n'}
[1.551386] (state_estimator_msgs) StdoutLine: {'line': b'-- Up-to-date: /root/muse_ws/muse_ros2/muse_ws/install/state_estimator_msgs/local/lib/python3.10/dist-packages/state_estimator_msgs/srv/_restart_estimator.py\n'}
[1.551441] (state_estimator_msgs) StdoutLine: {'line': b'-- Up-to-date: /root/muse_ws/muse_ros2/muse_ws/install/state_estimator_msgs/local/lib/python3.10/dist-packages/state_estimator_msgs/srv/__init__.py\n'}
[1.551521] (state_estimator_msgs) StdoutLine: {'line': b'-- Up-to-date: /root/muse_ws/muse_ros2/muse_ws/install/state_estimator_msgs/local/lib/python3.10/dist-packages/state_estimator_msgs/srv/_stop_estimator.py\n'}
[1.551573] (state_estimator_msgs) StdoutLine: {'line': b'-- Up-to-date: /root/muse_ws/muse_ros2/muse_ws/install/state_estimator_msgs/local/lib/python3.10/dist-packages/state_estimator_msgs/_state_estimator_msgs_s.ep.rosidl_typesupport_introspection_c.c\n'}
[1.551621] (state_estimator_msgs) StdoutLine: {'line': b'-- Up-to-date: /root/muse_ws/muse_ros2/muse_ws/install/state_estimator_msgs/local/lib/python3.10/dist-packages/state_estimator_msgs/state_estimator_msgs_s__rosidl_typesupport_introspection_c.cpython-310-x86_64-linux-gnu.so\n'}
[1.551688] (state_estimator_msgs) StdoutLine: {'line': b'-- Up-to-date: /root/muse_ws/muse_ros2/muse_ws/install/state_estimator_msgs/local/lib/python3.10/dist-packages/state_estimator_msgs/msg\n'}
[1.551741] (state_estimator_msgs) StdoutLine: {'line': b'-- Up-to-date: /root/muse_ws/muse_ros2/muse_ws/install/state_estimator_msgs/local/lib/python3.10/dist-packages/state_estimator_msgs/msg/_leg_odometry_s.c\n'}
[1.551787] (state_estimator_msgs) StdoutLine: {'line': b'-- Up-to-date: /root/muse_ws/muse_ros2/muse_ws/install/state_estimator_msgs/local/lib/python3.10/dist-packages/state_estimator_msgs/msg/_contact_detection_s.c\n'}
[1.551832] (state_estimator_msgs) StdoutLine: {'line': b'-- Up-to-date: /root/muse_ws/muse_ros2/muse_ws/install/state_estimator_msgs/local/lib/python3.10/dist-packages/state_estimator_msgs/msg/_attitude_s.c\n'}
[1.551875] (state_estimator_msgs) StdoutLine: {'line': b'-- Up-to-date: /root/muse_ws/muse_ros2/muse_ws/install/state_estimator_msgs/local/lib/python3.10/dist-packages/state_estimator_msgs/msg/_sensor_fusion.py\n'}
[1.551923] (state_estimator_msgs) StdoutLine: {'line': b'-- Up-to-date: /root/muse_ws/muse_ros2/muse_ws/install/state_estimator_msgs/local/lib/python3.10/dist-packages/state_estimator_msgs/msg/_joint_state_with_acceleration.py\n'}
[1.551970] (state_estimator_msgs) StdoutLine: {'line': b'-- Up-to-date: /root/muse_ws/muse_ros2/muse_ws/install/state_estimator_msgs/local/lib/python3.10/dist-packages/state_estimator_msgs/msg/_sensor_fusion_s.c\n'}
[1.552014] (state_estimator_msgs) StdoutLine: {'line': b'-- Up-to-date: /root/muse_ws/muse_ros2/muse_ws/install/state_estimator_msgs/local/lib/python3.10/dist-packages/state_estimator_msgs/msg/_contact_detection.py\n'}
[1.552058] (state_estimator_msgs) StdoutLine: {'line': b'-- Up-to-date: /root/muse_ws/muse_ros2/muse_ws/install/state_estimator_msgs/local/lib/python3.10/dist-packages/state_estimator_msgs/msg/_attitude.py\n'}
[1.552103] (state_estimator_msgs) StdoutLine: {'line': b'-- Up-to-date: /root/muse_ws/muse_ros2/muse_ws/install/state_estimator_msgs/local/lib/python3.10/dist-packages/state_estimator_msgs/msg/_leg_odometry.py\n'}
[1.552147] (state_estimator_msgs) StdoutLine: {'line': b'-- Up-to-date: /root/muse_ws/muse_ros2/muse_ws/install/state_estimator_msgs/local/lib/python3.10/dist-packages/state_estimator_msgs/msg/_joint_state_with_acceleration_s.c\n'}
[1.552192] (state_estimator_msgs) StdoutLine: {'line': b'-- Up-to-date: /root/muse_ws/muse_ros2/muse_ws/install/state_estimator_msgs/local/lib/python3.10/dist-packages/state_estimator_msgs/msg/__init__.py\n'}
[1.552236] (state_estimator_msgs) StdoutLine: {'line': b'-- Up-to-date: /root/muse_ws/muse_ros2/muse_ws/install/state_estimator_msgs/local/lib/python3.10/dist-packages/state_estimator_msgs/_state_estimator_msgs_s.ep.rosidl_typesupport_c.c\n'}
[1.552281] (state_estimator_msgs) StdoutLine: {'line': b'-- Up-to-date: /root/muse_ws/muse_ros2/muse_ws/install/state_estimator_msgs/local/lib/python3.10/dist-packages/state_estimator_msgs/_state_estimator_msgs_s.ep.rosidl_typesupport_fastrtps_c.c\n'}
[1.552325] (state_estimator_msgs) StdoutLine: {'line': b'-- Up-to-date: /root/muse_ws/muse_ros2/muse_ws/install/state_estimator_msgs/local/lib/python3.10/dist-packages/state_estimator_msgs/state_estimator_msgs_s__rosidl_typesupport_c.cpython-310-x86_64-linux-gnu.so\n'}
[1.552371] (state_estimator_msgs) StdoutLine: {'line': b'-- Up-to-date: /root/muse_ws/muse_ros2/muse_ws/install/state_estimator_msgs/local/lib/python3.10/dist-packages/state_estimator_msgs/__init__.py\n'}
[1.552414] (state_estimator_msgs) StdoutLine: {'line': b'-- Up-to-date: /root/muse_ws/muse_ros2/muse_ws/install/state_estimator_msgs/local/lib/python3.10/dist-packages/state_estimator_msgs/state_estimator_msgs_s__rosidl_typesupport_fastrtps_c.cpython-310-x86_64-linux-gnu.so\n'}
[1.552457] (state_estimator_msgs) StdoutLine: {'line': b'-- Up-to-date: /root/muse_ws/muse_ros2/muse_ws/install/state_estimator_msgs/local/lib/python3.10/dist-packages/state_estimator_msgs/libstate_estimator_msgs__rosidl_generator_py.so\n'}
[1.589869] (state_estimator_msgs) StdoutLine: {'line': b"Listing '/root/muse_ws/muse_ros2/muse_ws/install/state_estimator_msgs/local/lib/python3.10/dist-packages/state_estimator_msgs'...\n"}
[1.590156] (state_estimator_msgs) StdoutLine: {'line': b"Listing '/root/muse_ws/muse_ros2/muse_ws/install/state_estimator_msgs/local/lib/python3.10/dist-packages/state_estimator_msgs/msg'...\n"}
[1.590242] (state_estimator_msgs) StdoutLine: {'line': b"Listing '/root/muse_ws/muse_ros2/muse_ws/install/state_estimator_msgs/local/lib/python3.10/dist-packages/state_estimator_msgs/srv'...\n"}
[1.599409] (state_estimator_msgs) StdoutLine: {'line': b'-- Up-to-date: /root/muse_ws/muse_ros2/muse_ws/install/state_estimator_msgs/local/lib/python3.10/dist-packages/state_estimator_msgs/state_estimator_msgs_s__rosidl_typesupport_fastrtps_c.cpython-310-x86_64-linux-gnu.so\n'}
[1.599892] (state_estimator_msgs) StdoutLine: {'line': b'-- Up-to-date: /root/muse_ws/muse_ros2/muse_ws/install/state_estimator_msgs/local/lib/python3.10/dist-packages/state_estimator_msgs/state_estimator_msgs_s__rosidl_typesupport_introspection_c.cpython-310-x86_64-linux-gnu.so\n'}
[1.604491] (state_estimator_msgs) StdoutLine: {'line': b'-- Up-to-date: /root/muse_ws/muse_ros2/muse_ws/install/state_estimator_msgs/local/lib/python3.10/dist-packages/state_estimator_msgs/state_estimator_msgs_s__rosidl_typesupport_c.cpython-310-x86_64-linux-gnu.so\n'}
[1.604920] (state_estimator_msgs) StdoutLine: {'line': b'-- Up-to-date: /root/muse_ws/muse_ros2/muse_ws/install/state_estimator_msgs/lib/libstate_estimator_msgs__rosidl_generator_py.so\n'}
[1.605037] (state_estimator_msgs) StdoutLine: {'line': b'-- Up-to-date: /root/muse_ws/muse_ros2/muse_ws/install/state_estimator_msgs/share/state_estimator_msgs/msg/Attitude.idl\n'}
[1.605096] (state_estimator_msgs) StdoutLine: {'line': b'-- Up-to-date: /root/muse_ws/muse_ros2/muse_ws/install/state_estimator_msgs/share/state_estimator_msgs/msg/ContactDetection.idl\n'}
[1.605146] (state_estimator_msgs) StdoutLine: {'line': b'-- Up-to-date: /root/muse_ws/muse_ros2/muse_ws/install/state_estimator_msgs/share/state_estimator_msgs/msg/LegOdometry.idl\n'}
[1.605727] (state_estimator_msgs) StdoutLine: {'line': b'-- Up-to-date: /root/muse_ws/muse_ros2/muse_ws/install/state_estimator_msgs/share/state_estimator_msgs/msg/SensorFusion.idl\n'}
[1.605844] (state_estimator_msgs) StdoutLine: {'line': b'-- Up-to-date: /root/muse_ws/muse_ros2/muse_ws/install/state_estimator_msgs/share/state_estimator_msgs/msg/JointStateWithAcceleration.idl\n'}
[1.605923] (state_estimator_msgs) StdoutLine: {'line': b'-- Up-to-date: /root/muse_ws/muse_ros2/muse_ws/install/state_estimator_msgs/share/state_estimator_msgs/srv/GetActiveEstimators.idl\n'}
[1.605995] (state_estimator_msgs) StdoutLine: {'line': b'-- Up-to-date: /root/muse_ws/muse_ros2/muse_ws/install/state_estimator_msgs/share/state_estimator_msgs/srv/GetBlacklist.idl\n'}
[1.606064] (state_estimator_msgs) StdoutLine: {'line': b'-- Up-to-date: /root/muse_ws/muse_ros2/muse_ws/install/state_estimator_msgs/share/state_estimator_msgs/srv/GetEstimatorDescription.idl\n'}
[1.606333] (state_estimator_msgs) StdoutLine: {'line': b'-- Up-to-date: /root/muse_ws/muse_ros2/muse_ws/install/state_estimator_msgs/share/state_estimator_msgs/srv/GetWhitelist.idl\n'}
[1.606585] (state_estimator_msgs) StdoutLine: {'line': b'-- Up-to-date: /root/muse_ws/muse_ros2/muse_ws/install/state_estimator_msgs/share/state_estimator_msgs/srv/ListAllEstimators.idl\n'}
[1.606817] (state_estimator_msgs) StdoutLine: {'line': b'-- Up-to-date: /root/muse_ws/muse_ros2/muse_ws/install/state_estimator_msgs/share/state_estimator_msgs/srv/PauseEstimator.idl\n'}
[1.607061] (state_estimator_msgs) StdoutLine: {'line': b'-- Up-to-date: /root/muse_ws/muse_ros2/muse_ws/install/state_estimator_msgs/share/state_estimator_msgs/srv/ResetEstimator.idl\n'}
[1.607299] (state_estimator_msgs) StdoutLine: {'line': b'-- Up-to-date: /root/muse_ws/muse_ros2/muse_ws/install/state_estimator_msgs/share/state_estimator_msgs/srv/RestartEstimator.idl\n'}
[1.607529] (state_estimator_msgs) StdoutLine: {'line': b'-- Up-to-date: /root/muse_ws/muse_ros2/muse_ws/install/state_estimator_msgs/share/state_estimator_msgs/srv/ResumeEstimator.idl\n'}
[1.607762] (state_estimator_msgs) StdoutLine: {'line': b'-- Up-to-date: /root/muse_ws/muse_ros2/muse_ws/install/state_estimator_msgs/share/state_estimator_msgs/srv/StartEstimator.idl\n'}
[1.607986] (state_estimator_msgs) StdoutLine: {'line': b'-- Up-to-date: /root/muse_ws/muse_ros2/muse_ws/install/state_estimator_msgs/share/state_estimator_msgs/srv/StopEstimator.idl\n'}
[1.608131] (state_estimator_msgs) StdoutLine: {'line': b'-- Up-to-date: /root/muse_ws/muse_ros2/muse_ws/install/state_estimator_msgs/share/state_estimator_msgs/msg/Attitude.msg\n'}
[1.608320] (state_estimator_msgs) StdoutLine: {'line': b'-- Up-to-date: /root/muse_ws/muse_ros2/muse_ws/install/state_estimator_msgs/share/state_estimator_msgs/msg/ContactDetection.msg\n'}
[1.608515] (state_estimator_msgs) StdoutLine: {'line': b'-- Up-to-date: /root/muse_ws/muse_ros2/muse_ws/install/state_estimator_msgs/share/state_estimator_msgs/msg/LegOdometry.msg\n'}
[1.608731] (state_estimator_msgs) StdoutLine: {'line': b'-- Up-to-date: /root/muse_ws/muse_ros2/muse_ws/install/state_estimator_msgs/share/state_estimator_msgs/msg/SensorFusion.msg\n'}
[1.608877] (state_estimator_msgs) StdoutLine: {'line': b'-- Up-to-date: /root/muse_ws/muse_ros2/muse_ws/install/state_estimator_msgs/share/state_estimator_msgs/msg/JointStateWithAcceleration.msg\n'}
[1.609017] (state_estimator_msgs) StdoutLine: {'line': b'-- Up-to-date: /root/muse_ws/muse_ros2/muse_ws/install/state_estimator_msgs/share/state_estimator_msgs/srv/GetActiveEstimators.srv\n'}
[1.609776] (state_estimator_msgs) StdoutLine: {'line': b'-- Up-to-date: /root/muse_ws/muse_ros2/muse_ws/install/state_estimator_msgs/share/state_estimator_msgs/srv/GetActiveEstimators_Request.msg\n'}
[1.609945] (state_estimator_msgs) StdoutLine: {'line': b'-- Up-to-date: /root/muse_ws/muse_ros2/muse_ws/install/state_estimator_msgs/share/state_estimator_msgs/srv/GetActiveEstimators_Response.msg\n'}
[1.610062] (state_estimator_msgs) StdoutLine: {'line': b'-- Up-to-date: /root/muse_ws/muse_ros2/muse_ws/install/state_estimator_msgs/share/state_estimator_msgs/srv/GetBlacklist.srv\n'}
[1.610275] (state_estimator_msgs) StdoutLine: {'line': b'-- Up-to-date: /root/muse_ws/muse_ros2/muse_ws/install/state_estimator_msgs/share/state_estimator_msgs/srv/GetBlacklist_Request.msg\n'}
[1.610379] (state_estimator_msgs) StdoutLine: {'line': b'-- Up-to-date: /root/muse_ws/muse_ros2/muse_ws/install/state_estimator_msgs/share/state_estimator_msgs/srv/GetBlacklist_Response.msg\n'}
[1.610466] (state_estimator_msgs) StdoutLine: {'line': b'-- Up-to-date: /root/muse_ws/muse_ros2/muse_ws/install/state_estimator_msgs/share/state_estimator_msgs/srv/GetEstimatorDescription.srv\n'}
[1.610569] (state_estimator_msgs) StdoutLine: {'line': b'-- Up-to-date: /root/muse_ws/muse_ros2/muse_ws/install/state_estimator_msgs/share/state_estimator_msgs/srv/GetEstimatorDescription_Request.msg\n'}
[1.610791] (state_estimator_msgs) StdoutLine: {'line': b'-- Up-to-date: /root/muse_ws/muse_ros2/muse_ws/install/state_estimator_msgs/share/state_estimator_msgs/srv/GetEstimatorDescription_Response.msg\n'}
[1.610899] (state_estimator_msgs) StdoutLine: {'line': b'-- Up-to-date: /root/muse_ws/muse_ros2/muse_ws/install/state_estimator_msgs/share/state_estimator_msgs/srv/GetWhitelist.srv\n'}
[1.610999] (state_estimator_msgs) StdoutLine: {'line': b'-- Up-to-date: /root/muse_ws/muse_ros2/muse_ws/install/state_estimator_msgs/share/state_estimator_msgs/srv/GetWhitelist_Request.msg\n'}
[1.611074] (state_estimator_msgs) StdoutLine: {'line': b'-- Up-to-date: /root/muse_ws/muse_ros2/muse_ws/install/state_estimator_msgs/share/state_estimator_msgs/srv/GetWhitelist_Response.msg\n'}
[1.611144] (state_estimator_msgs) StdoutLine: {'line': b'-- Up-to-date: /root/muse_ws/muse_ros2/muse_ws/install/state_estimator_msgs/share/state_estimator_msgs/srv/ListAllEstimators.srv\n'}
[1.611211] (-) TimerEvent: {}
[1.612550] (state_estimator_msgs) StdoutLine: {'line': b'-- Up-to-date: /root/muse_ws/muse_ros2/muse_ws/install/state_estimator_msgs/share/state_estimator_msgs/srv/ListAllEstimators_Request.msg\n'}
[1.612719] (state_estimator_msgs) StdoutLine: {'line': b'-- Up-to-date: /root/muse_ws/muse_ros2/muse_ws/install/state_estimator_msgs/share/state_estimator_msgs/srv/ListAllEstimators_Response.msg\n'}
[1.612798] (state_estimator_msgs) StdoutLine: {'line': b'-- Up-to-date: /root/muse_ws/muse_ros2/muse_ws/install/state_estimator_msgs/share/state_estimator_msgs/srv/PauseEstimator.srv\n'}
[1.612866] (state_estimator_msgs) StdoutLine: {'line': b'-- Up-to-date: /root/muse_ws/muse_ros2/muse_ws/install/state_estimator_msgs/share/state_estimator_msgs/srv/PauseEstimator_Request.msg\n'}
[1.612931] (state_estimator_msgs) StdoutLine: {'line': b'-- Up-to-date: /root/muse_ws/muse_ros2/muse_ws/install/state_estimator_msgs/share/state_estimator_msgs/srv/PauseEstimator_Response.msg\n'}
[1.612993] (state_estimator_msgs) StdoutLine: {'line': b'-- Up-to-date: /root/muse_ws/muse_ros2/muse_ws/install/state_estimator_msgs/share/state_estimator_msgs/srv/ResetEstimator.srv\n'}
[1.613449] (state_estimator_msgs) StdoutLine: {'line': b'-- Up-to-date: /root/muse_ws/muse_ros2/muse_ws/install/state_estimator_msgs/share/state_estimator_msgs/srv/ResetEstimator_Request.msg\n'}
[1.613546] (state_estimator_msgs) StdoutLine: {'line': b'-- Up-to-date: /root/muse_ws/muse_ros2/muse_ws/install/state_estimator_msgs/share/state_estimator_msgs/srv/ResetEstimator_Response.msg\n'}
[1.614146] (state_estimator_msgs) StdoutLine: {'line': b'-- Up-to-date: /root/muse_ws/muse_ros2/muse_ws/install/state_estimator_msgs/share/state_estimator_msgs/srv/RestartEstimator.srv\n'}
[1.614234] (state_estimator_msgs) StdoutLine: {'line': b'-- Up-to-date: /root/muse_ws/muse_ros2/muse_ws/install/state_estimator_msgs/share/state_estimator_msgs/srv/RestartEstimator_Request.msg\n'}
[1.614494] (state_estimator_msgs) StdoutLine: {'line': b'-- Up-to-date: /root/muse_ws/muse_ros2/muse_ws/install/state_estimator_msgs/share/state_estimator_msgs/srv/RestartEstimator_Response.msg\n'}
[1.614790] (state_estimator_msgs) StdoutLine: {'line': b'-- Up-to-date: /root/muse_ws/muse_ros2/muse_ws/install/state_estimator_msgs/share/state_estimator_msgs/srv/ResumeEstimator.srv\n'}
[1.615100] (state_estimator_msgs) StdoutLine: {'line': b'-- Up-to-date: /root/muse_ws/muse_ros2/muse_ws/install/state_estimator_msgs/share/state_estimator_msgs/srv/ResumeEstimator_Request.msg\n'}
[1.615418] (state_estimator_msgs) StdoutLine: {'line': b'-- Up-to-date: /root/muse_ws/muse_ros2/muse_ws/install/state_estimator_msgs/share/state_estimator_msgs/srv/ResumeEstimator_Response.msg\n'}
[1.615820] (state_estimator_msgs) StdoutLine: {'line': b'-- Up-to-date: /root/muse_ws/muse_ros2/muse_ws/install/state_estimator_msgs/share/state_estimator_msgs/srv/StartEstimator.srv\n'}
[1.616326] (state_estimator_msgs) StdoutLine: {'line': b'-- Up-to-date: /root/muse_ws/muse_ros2/muse_ws/install/state_estimator_msgs/share/state_estimator_msgs/srv/StartEstimator_Request.msg\n'}
[1.616455] (state_estimator_msgs) StdoutLine: {'line': b'-- Up-to-date: /root/muse_ws/muse_ros2/muse_ws/install/state_estimator_msgs/share/state_estimator_msgs/srv/StartEstimator_Response.msg\n'}
[1.616899] (state_estimator_msgs) StdoutLine: {'line': b'-- Up-to-date: /root/muse_ws/muse_ros2/muse_ws/install/state_estimator_msgs/share/state_estimator_msgs/srv/StopEstimator.srv\n'}
[1.617208] (state_estimator_msgs) StdoutLine: {'line': b'-- Up-to-date: /root/muse_ws/muse_ros2/muse_ws/install/state_estimator_msgs/share/state_estimator_msgs/srv/StopEstimator_Request.msg\n'}
[1.617338] (state_estimator_msgs) StdoutLine: {'line': b'-- Up-to-date: /root/muse_ws/muse_ros2/muse_ws/install/state_estimator_msgs/share/state_estimator_msgs/srv/StopEstimator_Response.msg\n'}
[1.617978] (state_estimator_msgs) StdoutLine: {'line': b'-- Up-to-date: /root/muse_ws/muse_ros2/muse_ws/install/state_estimator_msgs/share/ament_index/resource_index/package_run_dependencies/state_estimator_msgs\n'}
[1.618333] (state_estimator_msgs) StdoutLine: {'line': b'-- Up-to-date: /root/muse_ws/muse_ros2/muse_ws/install/state_estimator_msgs/share/ament_index/resource_index/parent_prefix_path/state_estimator_msgs\n'}
[1.618716] (state_estimator_msgs) StdoutLine: {'line': b'-- Up-to-date: /root/muse_ws/muse_ros2/muse_ws/install/state_estimator_msgs/share/state_estimator_msgs/environment/ament_prefix_path.sh\n'}
[1.618845] (state_estimator_msgs) StdoutLine: {'line': b'-- Up-to-date: /root/muse_ws/muse_ros2/muse_ws/install/state_estimator_msgs/share/state_estimator_msgs/environment/ament_prefix_path.dsv\n'}
[1.619384] (state_estimator_msgs) StdoutLine: {'line': b'-- Up-to-date: /root/muse_ws/muse_ros2/muse_ws/install/state_estimator_msgs/share/state_estimator_msgs/environment/path.sh\n'}
[1.619485] (state_estimator_msgs) StdoutLine: {'line': b'-- Up-to-date: /root/muse_ws/muse_ros2/muse_ws/install/state_estimator_msgs/share/state_estimator_msgs/environment/path.dsv\n'}
[1.619957] (state_estimator_msgs) StdoutLine: {'line': b'-- Up-to-date: /root/muse_ws/muse_ros2/muse_ws/install/state_estimator_msgs/share/state_estimator_msgs/local_setup.bash\n'}
[1.620080] (state_estimator_msgs) StdoutLine: {'line': b'-- Up-to-date: /root/muse_ws/muse_ros2/muse_ws/install/state_estimator_msgs/share/state_estimator_msgs/local_setup.sh\n'}
[1.620644] (state_estimator_msgs) StdoutLine: {'line': b'-- Up-to-date: /root/muse_ws/muse_ros2/muse_ws/install/state_estimator_msgs/share/state_estimator_msgs/local_setup.zsh\n'}
[1.620743] (state_estimator_msgs) StdoutLine: {'line': b'-- Up-to-date: /root/muse_ws/muse_ros2/muse_ws/install/state_estimator_msgs/share/state_estimator_msgs/local_setup.dsv\n'}
[1.621926] (state_estimator_msgs) StdoutLine: {'line': b'-- Installing: /root/muse_ws/muse_ros2/muse_ws/install/state_estimator_msgs/share/state_estimator_msgs/package.dsv\n'}
[1.622143] (state_estimator_msgs) StdoutLine: {'line': b'-- Up-to-date: /root/muse_ws/muse_ros2/muse_ws/install/state_estimator_msgs/share/ament_index/resource_index/packages/state_estimator_msgs\n'}
[1.622649] (state_estimator_msgs) StdoutLine: {'line': b'-- Up-to-date: /root/muse_ws/muse_ros2/muse_ws/install/state_estimator_msgs/share/state_estimator_msgs/cmake/export_state_estimator_msgs__rosidl_generator_cExport.cmake\n'}
[1.623027] (state_estimator_msgs) StdoutLine: {'line': b'-- Up-to-date: /root/muse_ws/muse_ros2/muse_ws/install/state_estimator_msgs/share/state_estimator_msgs/cmake/export_state_estimator_msgs__rosidl_generator_cExport-noconfig.cmake\n'}
[1.623485] (state_estimator_msgs) StdoutLine: {'line': b'-- Up-to-date: /root/muse_ws/muse_ros2/muse_ws/install/state_estimator_msgs/share/state_estimator_msgs/cmake/export_state_estimator_msgs__rosidl_typesupport_fastrtps_cExport.cmake\n'}
[1.623600] (state_estimator_msgs) StdoutLine: {'line': b'-- Up-to-date: /root/muse_ws/muse_ros2/muse_ws/install/state_estimator_msgs/share/state_estimator_msgs/cmake/export_state_estimator_msgs__rosidl_typesupport_fastrtps_cExport-noconfig.cmake\n'}
[1.623834] (state_estimator_msgs) StdoutLine: {'line': b'-- Up-to-date: /root/muse_ws/muse_ros2/muse_ws/install/state_estimator_msgs/share/state_estimator_msgs/cmake/export_state_estimator_msgs__rosidl_generator_cppExport.cmake\n'}
[1.624089] (state_estimator_msgs) StdoutLine: {'line': b'-- Up-to-date: /root/muse_ws/muse_ros2/muse_ws/install/state_estimator_msgs/share/state_estimator_msgs/cmake/export_state_estimator_msgs__rosidl_typesupport_fastrtps_cppExport.cmake\n'}
[1.624312] (state_estimator_msgs) StdoutLine: {'line': b'-- Up-to-date: /root/muse_ws/muse_ros2/muse_ws/install/state_estimator_msgs/share/state_estimator_msgs/cmake/export_state_estimator_msgs__rosidl_typesupport_fastrtps_cppExport-noconfig.cmake\n'}
[1.624505] (state_estimator_msgs) StdoutLine: {'line': b'-- Up-to-date: /root/muse_ws/muse_ros2/muse_ws/install/state_estimator_msgs/share/state_estimator_msgs/cmake/state_estimator_msgs__rosidl_typesupport_introspection_cExport.cmake\n'}
[1.626678] (state_estimator_msgs) StdoutLine: {'line': b'-- Up-to-date: /root/muse_ws/muse_ros2/muse_ws/install/state_estimator_msgs/share/state_estimator_msgs/cmake/state_estimator_msgs__rosidl_typesupport_introspection_cExport-noconfig.cmake\n'}
[1.626863] (state_estimator_msgs) StdoutLine: {'line': b'-- Up-to-date: /root/muse_ws/muse_ros2/muse_ws/install/state_estimator_msgs/share/state_estimator_msgs/cmake/state_estimator_msgs__rosidl_typesupport_cExport.cmake\n'}
[1.626943] (state_estimator_msgs) StdoutLine: {'line': b'-- Up-to-date: /root/muse_ws/muse_ros2/muse_ws/install/state_estimator_msgs/share/state_estimator_msgs/cmake/state_estimator_msgs__rosidl_typesupport_cExport-noconfig.cmake\n'}
[1.627012] (state_estimator_msgs) StdoutLine: {'line': b'-- Up-to-date: /root/muse_ws/muse_ros2/muse_ws/install/state_estimator_msgs/share/state_estimator_msgs/cmake/state_estimator_msgs__rosidl_typesupport_introspection_cppExport.cmake\n'}
[1.627080] (state_estimator_msgs) StdoutLine: {'line': b'-- Up-to-date: /root/muse_ws/muse_ros2/muse_ws/install/state_estimator_msgs/share/state_estimator_msgs/cmake/state_estimator_msgs__rosidl_typesupport_introspection_cppExport-noconfig.cmake\n'}
[1.627146] (state_estimator_msgs) StdoutLine: {'line': b'-- Up-to-date: /root/muse_ws/muse_ros2/muse_ws/install/state_estimator_msgs/share/state_estimator_msgs/cmake/state_estimator_msgs__rosidl_typesupport_cppExport.cmake\n'}
[1.627212] (state_estimator_msgs) StdoutLine: {'line': b'-- Up-to-date: /root/muse_ws/muse_ros2/muse_ws/install/state_estimator_msgs/share/state_estimator_msgs/cmake/state_estimator_msgs__rosidl_typesupport_cppExport-noconfig.cmake\n'}
[1.627277] (state_estimator_msgs) StdoutLine: {'line': b'-- Up-to-date: /root/muse_ws/muse_ros2/muse_ws/install/state_estimator_msgs/share/state_estimator_msgs/cmake/export_state_estimator_msgs__rosidl_generator_pyExport.cmake\n'}
[1.627348] (state_estimator_msgs) StdoutLine: {'line': b'-- Up-to-date: /root/muse_ws/muse_ros2/muse_ws/install/state_estimator_msgs/share/state_estimator_msgs/cmake/export_state_estimator_msgs__rosidl_generator_pyExport-noconfig.cmake\n'}
[1.627412] (state_estimator_msgs) StdoutLine: {'line': b'-- Up-to-date: /root/muse_ws/muse_ros2/muse_ws/install/state_estimator_msgs/share/state_estimator_msgs/cmake/rosidl_cmake-extras.cmake\n'}
[1.627474] (state_estimator_msgs) StdoutLine: {'line': b'-- Up-to-date: /root/muse_ws/muse_ros2/muse_ws/install/state_estimator_msgs/share/state_estimator_msgs/cmake/ament_cmake_export_dependencies-extras.cmake\n'}
[1.627536] (state_estimator_msgs) StdoutLine: {'line': b'-- Up-to-date: /root/muse_ws/muse_ros2/muse_ws/install/state_estimator_msgs/share/state_estimator_msgs/cmake/ament_cmake_export_include_directories-extras.cmake\n'}
[1.627900] (state_estimator_msgs) StdoutLine: {'line': b'-- Up-to-date: /root/muse_ws/muse_ros2/muse_ws/install/state_estimator_msgs/share/state_estimator_msgs/cmake/ament_cmake_export_libraries-extras.cmake\n'}
[1.629739] (state_estimator_msgs) StdoutLine: {'line': b'-- Up-to-date: /root/muse_ws/muse_ros2/muse_ws/install/state_estimator_msgs/share/state_estimator_msgs/cmake/ament_cmake_export_targets-extras.cmake\n'}
[1.629920] (state_estimator_msgs) StdoutLine: {'line': b'-- Up-to-date: /root/muse_ws/muse_ros2/muse_ws/install/state_estimator_msgs/share/state_estimator_msgs/cmake/rosidl_cmake_export_typesupport_targets-extras.cmake\n'}
[1.632314] (state_estimator_msgs) StdoutLine: {'line': b'-- Up-to-date: /root/muse_ws/muse_ros2/muse_ws/install/state_estimator_msgs/share/state_estimator_msgs/cmake/rosidl_cmake_export_typesupport_libraries-extras.cmake\n'}
[1.632589] (state_estimator_msgs) StdoutLine: {'line': b'-- Up-to-date: /root/muse_ws/muse_ros2/muse_ws/install/state_estimator_msgs/share/state_estimator_msgs/cmake/state_estimator_msgsConfig.cmake\n'}
[1.632680] (state_estimator_msgs) StdoutLine: {'line': b'-- Up-to-date: /root/muse_ws/muse_ros2/muse_ws/install/state_estimator_msgs/share/state_estimator_msgs/cmake/state_estimator_msgsConfig-version.cmake\n'}
[1.632750] (state_estimator_msgs) StdoutLine: {'line': b'-- Up-to-date: /root/muse_ws/muse_ros2/muse_ws/install/state_estimator_msgs/share/state_estimator_msgs/package.xml\n'}
[1.634866] (state_estimator_msgs) CommandEnded: {'returncode': 0}
[1.664119] (state_estimator_msgs) JobEnded: {'identifier': 'state_estimator_msgs', 'rc': 0}
[1.667250] (state_estimator) JobStarted: {'identifier': 'state_estimator'}
[1.689221] (state_estimator) JobProgress: {'identifier': 'state_estimator', 'progress': 'cmake'}
[1.689944] (state_estimator) JobProgress: {'identifier': 'state_estimator', 'progress': 'build'}
[1.690008] (state_estimator) Command: {'cmd': ['/usr/bin/cmake', '--build', '/root/muse_ws/muse_ros2/muse_ws/build/state_estimator', '--', '-j12', '-l12'], 'cwd': '/root/muse_ws/muse_ros2/muse_ws/build/state_estimator', 'env': OrderedDict([('LESSOPEN', '| /usr/bin/lesspipe %s'), ('HOSTNAME', '0fa4e54b97e2'), ('SHLVL', '1'), ('LIBGL_ALWAYS_SOFTWARE', '1'), ('LD_LIBRARY_PATH', '/root/muse_ws/muse_ros2/muse_ws/install/state_estimator_msgs/lib:/home/dev_ws/colcon_ws/install/kiss_icp/lib:/opt/ros/humble/opt/rviz_ogre_vendor/lib:/opt/ros/humble/lib/x86_64-linux-gnu:/opt/ros/humble/lib'), ('HOME', '/root'), ('OLDPWD', '/root/muse_ws/muse_ros2'), ('ROS_PYTHON_VERSION', '3'), ('COLCON_PREFIX_PATH', '/home/dev_ws/colcon_ws/install'), ('ROS_DISTRO', 'humble'), ('_', '/usr/bin/colcon'), ('ROS_VERSION', '2'), ('TERM', 'xterm'), ('ROS_LOCALHOST_ONLY', '0'), ('PATH', '/opt/ros/humble/bin:/usr/local/sbin:/usr/local/bin:/usr/sbin:/usr/bin:/sbin:/bin'), ('XDG_RUNTIME_DIR', '/tmp/runtime-root'), ('LANG', 'C.UTF-8'), ('LS_COLORS', 'rs=0:di=01;34:ln=01;36:mh=00:pi=40;33:so=01;35:do=01;35:bd=40;33;01:cd=40;33;01:or=40;31;01:mi=00:su=37;41:sg=30;43:ca=30;41:tw=30;42:ow=34;42:st=37;44:ex=01;32:*.tar=01;31:*.tgz=01;31:*.arc=01;31:*.arj=01;31:*.taz=01;31:*.lha=01;31:*.lz4=01;31:*.lzh=01;31:*.lzma=01;31:*.tlz=01;31:*.txz=01;31:*.tzo=01;31:*.t7z=01;31:*.zip=01;31:*.z=01;31:*.dz=01;31:*.gz=01;31:*.lrz=01;31:*.lz=01;31:*.lzo=01;31:*.xz=01;31:*.zst=01;31:*.tzst=01;31:*.bz2=01;31:*.bz=01;31:*.tbz=01;31:*.tbz2=01;31:*.tz=01;31:*.deb=01;31:*.rpm=01;31:*.jar=01;31:*.war=01;31:*.ear=01;31:*.sar=01;31:*.rar=01;31:*.alz=01;31:*.ace=01;31:*.zoo=01;31:*.cpio=01;31:*.7z=01;31:*.rz=01;31:*.cab=01;31:*.wim=01;31:*.swm=01;31:*.dwm=01;31:*.esd=01;31:*.jpg=01;35:*.jpeg=01;35:*.mjpg=01;35:*.mjpeg=01;35:*.gif=01;35:*.bmp=01;35:*.pbm=01;35:*.pgm=01;35:*.ppm=01;35:*.tga=01;35:*.xbm=01;35:*.xpm=01;35:*.tif=01;35:*.tiff=01;35:*.png=01;35:*.svg=01;35:*.svgz=01;35:*.mng=01;35:*.pcx=01;35:*.mov=01;35:*.mpg=01;35:*.mpeg=01;35:*.m2v=01;35:*.mkv=01;35:*.webm=01;35:*.webp=01;35:*.ogm=01;35:*.mp4=01;35:*.m4v=01;35:*.mp4v=01;35:*.vob=01;35:*.qt=01;35:*.nuv=01;35:*.wmv=01;35:*.asf=01;35:*.rm=01;35:*.rmvb=01;35:*.flc=01;35:*.avi=01;35:*.fli=01;35:*.flv=01;35:*.gl=01;35:*.dl=01;35:*.xcf=01;35:*.xwd=01;35:*.yuv=01;35:*.cgm=01;35:*.emf=01;35:*.ogv=01;35:*.ogx=01;35:*.aac=00;36:*.au=00;36:*.flac=00;36:*.m4a=00;36:*.mid=00;36:*.midi=00;36:*.mka=00;36:*.mp3=00;36:*.mpc=00;36:*.ogg=00;36:*.ra=00;36:*.wav=00;36:*.oga=00;36:*.opus=00;36:*.spx=00;36:*.xspf=00;36:'), ('AMENT_PREFIX_PATH', '/root/muse_ws/muse_ros2/muse_ws/install/state_estimator_msgs:/home/dev_ws/colcon_ws/install/kiss_icp:/opt/ros/humble'), ('DEBIAN_FRONTEND', 'noninteractive'), ('LESSCLOSE', '/usr/bin/lesspipe %s %s'), ('PWD', '/root/muse_ws/muse_ros2/muse_ws/build/state_estimator'), ('LC_ALL', 'C.UTF-8'), ('PYTHONPATH', '/root/muse_ws/muse_ros2/muse_ws/install/state_estimator_msgs/local/lib/python3.10/dist-packages:/opt/ros/humble/lib/python3.10/site-packages:/opt/ros/humble/local/lib/python3.10/dist-packages'), ('COLCON', '1'), ('CMAKE_PREFIX_PATH', '/root/muse_ws/muse_ros2/muse_ws/install/state_estimator_msgs:/home/dev_ws/colcon_ws/install/kiss_icp:/opt/ros/humble')]), 'shell': False}
[1.711588] (-) TimerEvent: {}
[1.812269] (-) TimerEvent: {}
[1.847344] (state_estimator) StdoutLine: {'line': b'[ 62%] Built target state_estimator_plugins\n'}
[1.909047] (state_estimator) StdoutLine: {'line': b'[100%] Built target state_estimator_node\n'}
[1.912436] (-) TimerEvent: {}
[1.941414] (state_estimator) CommandEnded: {'returncode': 0}
[1.950456] (state_estimator) JobProgress: {'identifier': 'state_estimator', 'progress': 'install'}
[1.950505] (state_estimator) Command: {'cmd': ['/usr/bin/cmake', '--install', '/root/muse_ws/muse_ros2/muse_ws/build/state_estimator'], 'cwd': '/root/muse_ws/muse_ros2/muse_ws/build/state_estimator', 'env': OrderedDict([('LESSOPEN', '| /usr/bin/lesspipe %s'), ('HOSTNAME', '0fa4e54b97e2'), ('SHLVL', '1'), ('LIBGL_ALWAYS_SOFTWARE', '1'), ('LD_LIBRARY_PATH', '/root/muse_ws/muse_ros2/muse_ws/install/state_estimator_msgs/lib:/home/dev_ws/colcon_ws/install/kiss_icp/lib:/opt/ros/humble/opt/rviz_ogre_vendor/lib:/opt/ros/humble/lib/x86_64-linux-gnu:/opt/ros/humble/lib'), ('HOME', '/root'), ('OLDPWD', '/root/muse_ws/muse_ros2'), ('ROS_PYTHON_VERSION', '3'), ('COLCON_PREFIX_PATH', '/home/dev_ws/colcon_ws/install'), ('ROS_DISTRO', 'humble'), ('_', '/usr/bin/colcon'), ('ROS_VERSION', '2'), ('TERM', 'xterm'), ('ROS_LOCALHOST_ONLY', '0'), ('PATH', '/opt/ros/humble/bin:/usr/local/sbin:/usr/local/bin:/usr/sbin:/usr/bin:/sbin:/bin'), ('XDG_RUNTIME_DIR', '/tmp/runtime-root'), ('LANG', 'C.UTF-8'), ('LS_COLORS', 'rs=0:di=01;34:ln=01;36:mh=00:pi=40;33:so=01;35:do=01;35:bd=40;33;01:cd=40;33;01:or=40;31;01:mi=00:su=37;41:sg=30;43:ca=30;41:tw=30;42:ow=34;42:st=37;44:ex=01;32:*.tar=01;31:*.tgz=01;31:*.arc=01;31:*.arj=01;31:*.taz=01;31:*.lha=01;31:*.lz4=01;31:*.lzh=01;31:*.lzma=01;31:*.tlz=01;31:*.txz=01;31:*.tzo=01;31:*.t7z=01;31:*.zip=01;31:*.z=01;31:*.dz=01;31:*.gz=01;31:*.lrz=01;31:*.lz=01;31:*.lzo=01;31:*.xz=01;31:*.zst=01;31:*.tzst=01;31:*.bz2=01;31:*.bz=01;31:*.tbz=01;31:*.tbz2=01;31:*.tz=01;31:*.deb=01;31:*.rpm=01;31:*.jar=01;31:*.war=01;31:*.ear=01;31:*.sar=01;31:*.rar=01;31:*.alz=01;31:*.ace=01;31:*.zoo=01;31:*.cpio=01;31:*.7z=01;31:*.rz=01;31:*.cab=01;31:*.wim=01;31:*.swm=01;31:*.dwm=01;31:*.esd=01;31:*.jpg=01;35:*.jpeg=01;35:*.mjpg=01;35:*.mjpeg=01;35:*.gif=01;35:*.bmp=01;35:*.pbm=01;35:*.pgm=01;35:*.ppm=01;35:*.tga=01;35:*.xbm=01;35:*.xpm=01;35:*.tif=01;35:*.tiff=01;35:*.png=01;35:*.svg=01;35:*.svgz=01;35:*.mng=01;35:*.pcx=01;35:*.mov=01;35:*.mpg=01;35:*.mpeg=01;35:*.m2v=01;35:*.mkv=01;35:*.webm=01;35:*.webp=01;35:*.ogm=01;35:*.mp4=01;35:*.m4v=01;35:*.mp4v=01;35:*.vob=01;35:*.qt=01;35:*.nuv=01;35:*.wmv=01;35:*.asf=01;35:*.rm=01;35:*.rmvb=01;35:*.flc=01;35:*.avi=01;35:*.fli=01;35:*.flv=01;35:*.gl=01;35:*.dl=01;35:*.xcf=01;35:*.xwd=01;35:*.yuv=01;35:*.cgm=01;35:*.emf=01;35:*.ogv=01;35:*.ogx=01;35:*.aac=00;36:*.au=00;36:*.flac=00;36:*.m4a=00;36:*.mid=00;36:*.midi=00;36:*.mka=00;36:*.mp3=00;36:*.mpc=00;36:*.ogg=00;36:*.ra=00;36:*.wav=00;36:*.oga=00;36:*.opus=00;36:*.spx=00;36:*.xspf=00;36:'), ('AMENT_PREFIX_PATH', '/root/muse_ws/muse_ros2/muse_ws/install/state_estimator_msgs:/home/dev_ws/colcon_ws/install/kiss_icp:/opt/ros/humble'), ('DEBIAN_FRONTEND', 'noninteractive'), ('LESSCLOSE', '/usr/bin/lesspipe %s %s'), ('PWD', '/root/muse_ws/muse_ros2/muse_ws/build/state_estimator'), ('LC_ALL', 'C.UTF-8'), ('PYTHONPATH', '/root/muse_ws/muse_ros2/muse_ws/install/state_estimator_msgs/local/lib/python3.10/dist-packages:/opt/ros/humble/lib/python3.10/site-packages:/opt/ros/humble/local/lib/python3.10/dist-packages'), ('COLCON', '1'), ('CMAKE_PREFIX_PATH', '/root/muse_ws/muse_ros2/muse_ws/install/state_estimator_msgs:/home/dev_ws/colcon_ws/install/kiss_icp:/opt/ros/humble')]), 'shell': False}
[1.965276] (state_estimator) StdoutLine: {'line': b'-- Install configuration: ""\n'}
[1.965901] (state_estimator) StdoutLine: {'line': b'-- Up-to-date: /root/muse_ws/muse_ros2/muse_ws/install/state_estimator/lib/libstate_estimator_plugins.so\n'}
[1.966345] (state_estimator) StdoutLine: {'line': b'-- Up-to-date: /root/muse_ws/muse_ros2/muse_ws/install/state_estimator/lib/state_estimator/state_estimator_node\n'}
[1.966428] (state_estimator) StdoutLine: {'line': b'-- Up-to-date: /root/muse_ws/muse_ros2/muse_ws/install/state_estimator/share/state_estimator/state_estimator_plugins.xml\n'}
[1.966500] (state_estimator) StdoutLine: {'line': b'-- Up-to-date: /root/muse_ws/muse_ros2/muse_ws/install/state_estimator/include\n'}
[1.966567] (state_estimator) StdoutLine: {'line': b'-- Up-to-date: /root/muse_ws/muse_ros2/muse_ws/install/state_estimator/include/state_estimator\n'}
[1.966641] (state_estimator) StdoutLine: {'line': b'-- Up-to-date: /root/muse_ws/muse_ros2/muse_ws/install/state_estimator/include/state_estimator/Robot.hpp\n'}
[1.966726] (state_estimator) StdoutLine: {'line': b'-- Up-to-date: /root/muse_ws/muse_ros2/muse_ws/install/state_estimator/include/state_estimator/plugin_base.hpp\n'}
[1.966796] (state_estimator) StdoutLine: {'line': b'-- Up-to-date: /root/muse_ws/muse_ros2/muse_ws/install/state_estimator/include/state_estimator/lib.hpp\n'}
[1.966864] (state_estimator) StdoutLine: {'line': b'-- Up-to-date: /root/muse_ws/muse_ros2/muse_ws/install/state_estimator/include/state_estimator/Models\n'}
[1.966931] (state_estimator) StdoutLine: {'line': b'-- Up-to-date: /root/muse_ws/muse_ros2/muse_ws/install/state_estimator/include/state_estimator/Models/attitude_bias_NLO.hpp\n'}
[1.966996] (state_estimator) StdoutLine: {'line': b'-- Up-to-date: /root/muse_ws/muse_ros2/muse_ws/install/state_estimator/include/state_estimator/Models/attitude_bias_XKF.hpp\n'}
[1.967060] (state_estimator) StdoutLine: {'line': b'-- Up-to-date: /root/muse_ws/muse_ros2/muse_ws/install/state_estimator/include/state_estimator/Models/sensor_fusion.hpp\n'}
[1.967125] (state_estimator) StdoutLine: {'line': b'-- Up-to-date: /root/muse_ws/muse_ros2/muse_ws/install/state_estimator/include/state_estimator/Observers\n'}
[1.967188] (state_estimator) StdoutLine: {'line': b'-- Up-to-date: /root/muse_ws/muse_ros2/muse_ws/install/state_estimator/include/state_estimator/Observers/NLO.hpp\n'}
[1.967251] (state_estimator) StdoutLine: {'line': b'-- Up-to-date: /root/muse_ws/muse_ros2/muse_ws/install/state_estimator/include/state_estimator/Observers/Observer.hpp\n'}
[1.967319] (state_estimator) StdoutLine: {'line': b'-- Up-to-date: /root/muse_ws/muse_ros2/muse_ws/install/state_estimator/include/state_estimator/Observers/XKF.hpp\n'}
[1.967386] (state_estimator) StdoutLine: {'line': b'-- Up-to-date: /root/muse_ws/muse_ros2/muse_ws/install/state_estimator/include/state_estimator/Observers/EKF.hpp\n'}
[1.967451] (state_estimator) StdoutLine: {'line': b'-- Up-to-date: /root/muse_ws/muse_ros2/muse_ws/install/state_estimator/include/state_estimator/plugin.hpp\n'}
[1.967526] (state_estimator) StdoutLine: {'line': b'-- Up-to-date: /root/muse_ws/muse_ros2/muse_ws/install/state_estimator/include/state_estimator/Services.hpp\n'}
[1.967615] (state_estimator) StdoutLine: {'line': b'-- Up-to-date: /root/muse_ws/muse_ros2/muse_ws/install/state_estimator/include/state_estimator/state_estimator_node.hpp\n'}
[1.967710] (state_estimator) StdoutLine: {'line': b'-- Up-to-date: /root/muse_ws/muse_ros2/muse_ws/install/state_estimator/include/state_estimator/Estimator.hpp\n'}
[1.967804] (state_estimator) StdoutLine: {'line': b'-- Up-to-date: /root/muse_ws/muse_ros2/muse_ws/install/state_estimator/include/state_estimator/EigenExtra.hpp\n'}
[1.967910] (state_estimator) StdoutLine: {'line': b'-- Up-to-date: /root/muse_ws/muse_ros2/muse_ws/install/state_estimator/share/state_estimator/launch\n'}
[1.968009] (state_estimator) StdoutLine: {'line': b'-- Up-to-date: /root/muse_ws/muse_ros2/muse_ws/install/state_estimator/share/state_estimator/launch/pluginlist.yaml\n'}
[1.968097] (state_estimator) StdoutLine: {'line': b'-- Up-to-date: /root/muse_ws/muse_ros2/muse_ws/install/state_estimator/share/state_estimator/launch/state_estimator.launch\n'}
[1.968178] (state_estimator) StdoutLine: {'line': b'-- Up-to-date: /root/muse_ws/muse_ros2/muse_ws/install/state_estimator/share/state_estimator/launch/state_estimator_ros2.launch\n'}
[1.968282] (state_estimator) StdoutLine: {'line': b'-- Up-to-date: /root/muse_ws/muse_ros2/muse_ws/install/state_estimator/share/state_estimator/launch/state_estimator_simple.launch\n'}
[1.968374] (state_estimator) StdoutLine: {'line': b'-- Up-to-date: /root/muse_ws/muse_ros2/muse_ws/install/state_estimator/share/state_estimator/launch/timeout.yaml\n'}
[1.968442] (state_estimator) StdoutLine: {'line': b'-- Up-to-date: /root/muse_ws/muse_ros2/muse_ws/install/state_estimator/share/state_estimator/launch/state_estimator_xml.launch.py\n'}
[1.968504] (state_estimator) StdoutLine: {'line': b'-- Up-to-date: /root/muse_ws/muse_ros2/muse_ws/install/state_estimator/share/state_estimator/launch/state_estimator.launch.py\n'}
[1.968579] (state_estimator) StdoutLine: {'line': b'-- Up-to-date: /root/muse_ws/muse_ros2/muse_ws/install/state_estimator/share/state_estimator/config\n'}
[1.968646] (state_estimator) StdoutLine: {'line': b'-- Up-to-date: /root/muse_ws/muse_ros2/muse_ws/install/state_estimator/share/state_estimator/config/sensor_fusion.yaml\n'}
[1.968712] (state_estimator) StdoutLine: {'line': b'-- Up-to-date: /root/muse_ws/muse_ros2/muse_ws/install/state_estimator/share/state_estimator/config/attitude_plugin.yaml\n'}
[1.968775] (state_estimator) StdoutLine: {'line': b'-- Up-to-date: /root/muse_ws/muse_ros2/muse_ws/install/state_estimator/share/state_estimator/config/leg_odometry.yaml\n'}
[1.968836] (state_estimator) StdoutLine: {'line': b'-- Up-to-date: /root/muse_ws/muse_ros2/muse_ws/install/state_estimator/share/state_estimator/config/contact_plugin.yaml\n'}
[1.968899] (state_estimator) StdoutLine: {'line': b'-- Up-to-date: /root/muse_ws/muse_ros2/muse_ws/install/state_estimator/share/state_estimator/urdfs\n'}
[1.968979] (state_estimator) StdoutLine: {'line': b'-- Up-to-date: /root/muse_ws/muse_ros2/muse_ws/install/state_estimator/share/state_estimator/urdfs/anymal.urdf\n'}
[1.974146] (state_estimator) StdoutLine: {'line': b'-- Up-to-date: /root/muse_ws/muse_ros2/muse_ws/install/state_estimator/share/state_estimator/urdfs/aliengo.urdf\n'}
[1.974477] (state_estimator) StdoutLine: {'line': b'-- Up-to-date: /root/muse_ws/muse_ros2/muse_ws/install/state_estimator/share/state_estimator/state_estimator_plugins.xml\n'}
[1.974615] (state_estimator) StdoutLine: {'line': b'-- Up-to-date: /root/muse_ws/muse_ros2/muse_ws/install/state_estimator/share/state_estimator/environment/library_path.sh\n'}
[1.974697] (state_estimator) StdoutLine: {'line': b'-- Up-to-date: /root/muse_ws/muse_ros2/muse_ws/install/state_estimator/share/state_estimator/environment/library_path.dsv\n'}
[1.974879] (state_estimator) StdoutLine: {'line': b'-- Up-to-date: /root/muse_ws/muse_ros2/muse_ws/install/state_estimator/share/ament_index/resource_index/package_run_dependencies/state_estimator\n'}
[1.978327] (state_estimator) StdoutLine: {'line': b'-- Up-to-date: /root/muse_ws/muse_ros2/muse_ws/install/state_estimator/share/ament_index/resource_index/parent_prefix_path/state_estimator\n'}
[1.978797] (state_estimator) StdoutLine: {'line': b'-- Up-to-date: /root/muse_ws/muse_ros2/muse_ws/install/state_estimator/share/state_estimator/environment/ament_prefix_path.sh\n'}
[1.979069] (state_estimator) StdoutLine: {'line': b'-- Up-to-date: /root/muse_ws/muse_ros2/muse_ws/install/state_estimator/share/state_estimator/environment/ament_prefix_path.dsv\n'}
[1.979270] (state_estimator) StdoutLine: {'line': b'-- Up-to-date: /root/muse_ws/muse_ros2/muse_ws/install/state_estimator/share/state_estimator/environment/path.sh\n'}
[1.979474] (state_estimator) StdoutLine: {'line': b'-- Up-to-date: /root/muse_ws/muse_ros2/muse_ws/install/state_estimator/share/state_estimator/environment/path.dsv\n'}
[1.979939] (state_estimator) StdoutLine: {'line': b'-- Up-to-date: /root/muse_ws/muse_ros2/muse_ws/install/state_estimator/share/state_estimator/local_setup.bash\n'}
[1.980103] (state_estimator) StdoutLine: {'line': b'-- Up-to-date: /root/muse_ws/muse_ros2/muse_ws/install/state_estimator/share/state_estimator/local_setup.sh\n'}
[1.980281] (state_estimator) StdoutLine: {'line': b'-- Up-to-date: /root/muse_ws/muse_ros2/muse_ws/install/state_estimator/share/state_estimator/local_setup.zsh\n'}
[1.980448] (state_estimator) StdoutLine: {'line': b'-- Up-to-date: /root/muse_ws/muse_ros2/muse_ws/install/state_estimator/share/state_estimator/local_setup.dsv\n'}
[1.980529] (state_estimator) StdoutLine: {'line': b'-- Installing: /root/muse_ws/muse_ros2/muse_ws/install/state_estimator/share/state_estimator/package.dsv\n'}
[1.980596] (state_estimator) StdoutLine: {'line': b'-- Up-to-date: /root/muse_ws/muse_ros2/muse_ws/install/state_estimator/share/ament_index/resource_index/packages/state_estimator\n'}
[1.980679] (state_estimator) StdoutLine: {'line': b'-- Up-to-date: /root/muse_ws/muse_ros2/muse_ws/install/state_estimator/share/ament_index/resource_index/state_estimator__pluginlib__plugin/state_estimator\n'}
[1.980746] (state_estimator) StdoutLine: {'line': b'-- Up-to-date: /root/muse_ws/muse_ros2/muse_ws/install/state_estimator/share/state_estimator/cmake/ament_cmake_export_include_directories-extras.cmake\n'}
[1.980870] (state_estimator) StdoutLine: {'line': b'-- Up-to-date: /root/muse_ws/muse_ros2/muse_ws/install/state_estimator/share/state_estimator/cmake/ament_cmake_export_libraries-extras.cmake\n'}
[1.980967] (state_estimator) StdoutLine: {'line': b'-- Up-to-date: /root/muse_ws/muse_ros2/muse_ws/install/state_estimator/share/state_estimator/cmake/ament_cmake_export_dependencies-extras.cmake\n'}
[1.981329] (state_estimator) StdoutLine: {'line': b'-- Up-to-date: /root/muse_ws/muse_ros2/muse_ws/install/state_estimator/share/state_estimator/cmake/state_estimatorConfig.cmake\n'}
[1.986003] (state_estimator) StdoutLine: {'line': b'-- Up-to-date: /root/muse_ws/muse_ros2/muse_ws/install/state_estimator/share/state_estimator/cmake/state_estimatorConfig-version.cmake\n'}
[1.986286] (state_estimator) StdoutLine: {'line': b'-- Up-to-date: /root/muse_ws/muse_ros2/muse_ws/install/state_estimator/share/state_estimator/package.xml\n'}
[1.987064] (state_estimator) CommandEnded: {'returncode': 0}
[2.012862] (-) TimerEvent: {}
[2.015958] (state_estimator) JobEnded: {'identifier': 'state_estimator', 'rc': 0}
[2.112997] (-) TimerEvent: {}
[2.213829] (-) TimerEvent: {}
[2.314697] (-) TimerEvent: {}
[2.349982] (iit_commons) StderrLine: {'line': b'In file included from \x1b[01m\x1b[K/root/muse_ws/muse_ros2/muse_ws/src/iit_commons/include/iit_commons/commons/geometry/rotations.h:5\x1b[m\x1b[K,\n'}
[2.350350] (iit_commons) StderrLine: {'line': b'                 from \x1b[01m\x1b[K/root/muse_ws/muse_ros2/muse_ws/src/iit_commons/include/iit_commons/commons/planning/planning.h:6\x1b[m\x1b[K,\n'}
[2.350435] (iit_commons) StderrLine: {'line': b'                 from \x1b[01m\x1b[K/root/muse_ws/muse_ros2/muse_ws/src/iit_commons/include/iit_commons/commons/control/VirtualModel.hpp:7\x1b[m\x1b[K,\n'}
[2.350507] (iit_commons) StderrLine: {'line': b'                 from \x1b[01m\x1b[K/root/muse_ws/muse_ros2/muse_ws/src/iit_commons/src/control/VirtualModel.cpp:1\x1b[m\x1b[K:\n'}
[2.350575] (iit_commons) StderrLine: {'line': b'\x1b[01m\x1b[K/root/muse_ws/muse_ros2/muse_ws/src/iit_commons/include/iit_commons/commons/geometry/algebra.h:\x1b[m\x1b[K In function \xe2\x80\x98\x1b[01m\x1b[Kvoid iit::commons::computeQR(const MatrixXR&, MatrixXR&, MatrixXR&, const double&)\x1b[m\x1b[K\xe2\x80\x99:\n'}
[2.350649] (iit_commons) StderrLine: {'line': b'\x1b[01m\x1b[K/root/muse_ws/muse_ros2/muse_ws/src/iit_commons/include/iit_commons/commons/geometry/algebra.h:271:37:\x1b[m\x1b[K \x1b[01;35m\x1b[Kwarning: \x1b[m\x1b[Kunused parameter \xe2\x80\x98\x1b[01m\x1b[Ktolerance\x1b[m\x1b[K\xe2\x80\x99 [\x1b[01;35m\x1b[K-Wunused-parameter\x1b[m\x1b[K]\n'}
[2.350719] (iit_commons) StderrLine: {'line': b'  271 |                       \x1b[01;35m\x1b[Kconst double& tolerance\x1b[m\x1b[K)\n'}
[2.350803] (iit_commons) StderrLine: {'line': b'      |                       \x1b[01;35m\x1b[K~~~~~~~~~~~~~~^~~~~~~~~\x1b[m\x1b[K\n'}
[2.386781] (iit_commons) StderrLine: {'line': b'In file included from \x1b[01m\x1b[K/root/muse_ws/muse_ros2/muse_ws/src/iit_commons/include/iit_commons/commons/planning/planning.h:6\x1b[m\x1b[K,\n'}
[2.387051] (iit_commons) StderrLine: {'line': b'                 from \x1b[01m\x1b[K/root/muse_ws/muse_ros2/muse_ws/src/iit_commons/include/iit_commons/commons/control/VirtualModel.hpp:7\x1b[m\x1b[K,\n'}
[2.387133] (iit_commons) StderrLine: {'line': b'                 from \x1b[01m\x1b[K/root/muse_ws/muse_ros2/muse_ws/src/iit_commons/src/control/VirtualModel.cpp:1\x1b[m\x1b[K:\n'}
[2.387205] (iit_commons) StderrLine: {'line': b'\x1b[01m\x1b[K/root/muse_ws/muse_ros2/muse_ws/src/iit_commons/include/iit_commons/commons/geometry/rotations.h:\x1b[m\x1b[K In function \xe2\x80\x98\x1b[01m\x1b[KEigen::Matrix3d iit::commons::rpyToEar(const Vector3d&)\x1b[m\x1b[K\xe2\x80\x99:\n'}
[2.387293] (iit_commons) StderrLine: {'line': b'\x1b[01m\x1b[K/root/muse_ws/muse_ros2/muse_ws/src/iit_commons/include/iit_commons/commons/geometry/rotations.h:143:12:\x1b[m\x1b[K \x1b[01;35m\x1b[Kwarning: \x1b[m\x1b[Kunused variable \xe2\x80\x98\x1b[01m\x1b[Kyaw\x1b[m\x1b[K\xe2\x80\x99 [\x1b[01;35m\x1b[K-Wunused-variable\x1b[m\x1b[K]\n'}
[2.387361] (iit_commons) StderrLine: {'line': b'  143 |     double \x1b[01;35m\x1b[Kyaw\x1b[m\x1b[K = rpy(2);\n'}
[2.387427] (iit_commons) StderrLine: {'line': b'      |            \x1b[01;35m\x1b[K^~~\x1b[m\x1b[K\n'}
[2.387492] (iit_commons) StderrLine: {'line': b'\x1b[01m\x1b[K/root/muse_ws/muse_ros2/muse_ws/src/iit_commons/include/iit_commons/commons/geometry/rotations.h:\x1b[m\x1b[K In function \xe2\x80\x98\x1b[01m\x1b[KEigen::Matrix3d iit::commons::rpyToEarInv_dot(const Vector3d&, const Vector3d&)\x1b[m\x1b[K\xe2\x80\x99:\n'}
[2.387557] (iit_commons) StderrLine: {'line': b'\x1b[01m\x1b[K/root/muse_ws/muse_ros2/muse_ws/src/iit_commons/include/iit_commons/commons/geometry/rotations.h:163:12:\x1b[m\x1b[K \x1b[01;35m\x1b[Kwarning: \x1b[m\x1b[Kunused variable \xe2\x80\x98\x1b[01m\x1b[Kroll\x1b[m\x1b[K\xe2\x80\x99 [\x1b[01;35m\x1b[K-Wunused-variable\x1b[m\x1b[K]\n'}
[2.387624] (iit_commons) StderrLine: {'line': b'  163 |     double \x1b[01;35m\x1b[Kroll\x1b[m\x1b[K = rpy(0);\n'}
[2.387689] (iit_commons) StderrLine: {'line': b'      |            \x1b[01;35m\x1b[K^~~~\x1b[m\x1b[K\n'}
[2.388357] (iit_commons) StderrLine: {'line': b'\x1b[01m\x1b[K/root/muse_ws/muse_ros2/muse_ws/src/iit_commons/include/iit_commons/commons/geometry/rotations.h:166:12:\x1b[m\x1b[K \x1b[01;35m\x1b[Kwarning: \x1b[m\x1b[Kunused variable \xe2\x80\x98\x1b[01m\x1b[Krolld\x1b[m\x1b[K\xe2\x80\x99 [\x1b[01;35m\x1b[K-Wunused-variable\x1b[m\x1b[K]\n'}
[2.388484] (iit_commons) StderrLine: {'line': b'  166 |     double \x1b[01;35m\x1b[Krolld\x1b[m\x1b[K = rpyd(0);\n'}
[2.388556] (iit_commons) StderrLine: {'line': b'      |            \x1b[01;35m\x1b[K^~~~~\x1b[m\x1b[K\n'}
[2.414856] (-) TimerEvent: {}
[2.515365] (-) TimerEvent: {}
[2.615847] (-) TimerEvent: {}
[2.716424] (-) TimerEvent: {}
[2.817670] (-) TimerEvent: {}
[2.918642] (-) TimerEvent: {}
[3.019141] (-) TimerEvent: {}
[3.121893] (-) TimerEvent: {}
[3.225754] (-) TimerEvent: {}
[3.326244] (-) TimerEvent: {}
[3.429844] (-) TimerEvent: {}
[3.457921] (iit_commons) StderrLine: {'line': b'In file included from \x1b[01m\x1b[K/root/muse_ws/muse_ros2/muse_ws/src/iit_commons/include/iit_commons/commons/control/VirtualModel.hpp:7\x1b[m\x1b[K,\n'}
[3.458487] (iit_commons) StderrLine: {'line': b'                 from \x1b[01m\x1b[K/root/muse_ws/muse_ros2/muse_ws/src/iit_commons/src/control/VirtualModel.cpp:1\x1b[m\x1b[K:\n'}
[3.458578] (iit_commons) StderrLine: {'line': b'\x1b[01m\x1b[K/root/muse_ws/muse_ros2/muse_ws/src/iit_commons/include/iit_commons/commons/planning/planning.h:\x1b[m\x1b[K In function \xe2\x80\x98\x1b[01m\x1b[Kvoid iit::planning::ClockwiseSort(std::vector<Eigen::Matrix<double, 3, 1> >&)\x1b[m\x1b[K\xe2\x80\x99:\n'}
[3.458650] (iit_commons) StderrLine: {'line': b'\x1b[01m\x1b[K/root/muse_ws/muse_ros2/muse_ws/src/iit_commons/include/iit_commons/commons/planning/planning.h:162:23:\x1b[m\x1b[K \x1b[01;35m\x1b[Kwarning: \x1b[m\x1b[Kcomparison of integer expressions of different signedness: \xe2\x80\x98\x1b[01m\x1b[Kint\x1b[m\x1b[K\xe2\x80\x99 and \xe2\x80\x98\x1b[01m\x1b[Kstd::vector<Eigen::Matrix<double, 3, 1> >::size_type\x1b[m\x1b[K\xe2\x80\x99 {aka \xe2\x80\x98\x1b[01m\x1b[Klong unsigned int\x1b[m\x1b[K\xe2\x80\x99} [\x1b[01;35m\x1b[K-Wsign-compare\x1b[m\x1b[K]\n'}
[3.458746] (iit_commons) StderrLine: {'line': b'  162 |     for (int i = 1; \x1b[01;35m\x1b[Ki < p.size() - 1\x1b[m\x1b[K; i++) {\n'}
[3.458814] (iit_commons) StderrLine: {'line': b'      |                     \x1b[01;35m\x1b[K~~^~~~~~~~~~~~~~\x1b[m\x1b[K\n'}
[3.458877] (iit_commons) StderrLine: {'line': b'\x1b[01m\x1b[K/root/muse_ws/muse_ros2/muse_ws/src/iit_commons/include/iit_commons/commons/planning/planning.h:163:31:\x1b[m\x1b[K \x1b[01;35m\x1b[Kwarning: \x1b[m\x1b[Kcomparison of integer expressions of different signedness: \xe2\x80\x98\x1b[01m\x1b[Kint\x1b[m\x1b[K\xe2\x80\x99 and \xe2\x80\x98\x1b[01m\x1b[Kstd::vector<Eigen::Matrix<double, 3, 1> >::size_type\x1b[m\x1b[K\xe2\x80\x99 {aka \xe2\x80\x98\x1b[01m\x1b[Klong unsigned int\x1b[m\x1b[K\xe2\x80\x99} [\x1b[01;35m\x1b[K-Wsign-compare\x1b[m\x1b[K]\n'}
[3.458967] (iit_commons) StderrLine: {'line': b'  163 |         for (int j = i + 1; \x1b[01;35m\x1b[Kj < p.size()\x1b[m\x1b[K; j++) {\n'}
[3.459028] (iit_commons) StderrLine: {'line': b'      |                             \x1b[01;35m\x1b[K~~^~~~~~~~~~\x1b[m\x1b[K\n'}
[3.459117] (iit_commons) StderrLine: {'line': b'\x1b[01m\x1b[K/root/muse_ws/muse_ros2/muse_ws/src/iit_commons/include/iit_commons/commons/planning/planning.h:\x1b[m\x1b[K In function \xe2\x80\x98\x1b[01m\x1b[Kvoid iit::planning::CounterClockwiseSort(std::vector<Eigen::Matrix<double, 3, 1> >&)\x1b[m\x1b[K\xe2\x80\x99:\n'}
[3.462397] (iit_commons) StderrLine: {'line': b'\x1b[01m\x1b[K/root/muse_ws/muse_ros2/muse_ws/src/iit_commons/include/iit_commons/commons/planning/planning.h:186:23:\x1b[m\x1b[K \x1b[01;35m\x1b[Kwarning: \x1b[m\x1b[Kcomparison of integer expressions of different signedness: \xe2\x80\x98\x1b[01m\x1b[Kint\x1b[m\x1b[K\xe2\x80\x99 and \xe2\x80\x98\x1b[01m\x1b[Kstd::vector<Eigen::Matrix<double, 3, 1> >::size_type\x1b[m\x1b[K\xe2\x80\x99 {aka \xe2\x80\x98\x1b[01m\x1b[Klong unsigned int\x1b[m\x1b[K\xe2\x80\x99} [\x1b[01;35m\x1b[K-Wsign-compare\x1b[m\x1b[K]\n'}
[3.462545] (iit_commons) StderrLine: {'line': b'  186 |     for (int i = 1; \x1b[01;35m\x1b[Ki < p.size() - 1\x1b[m\x1b[K; i++) {\n'}
[3.462616] (iit_commons) StderrLine: {'line': b'      |                     \x1b[01;35m\x1b[K~~^~~~~~~~~~~~~~\x1b[m\x1b[K\n'}
[3.462685] (iit_commons) StderrLine: {'line': b'\x1b[01m\x1b[K/root/muse_ws/muse_ros2/muse_ws/src/iit_commons/include/iit_commons/commons/planning/planning.h:187:31:\x1b[m\x1b[K \x1b[01;35m\x1b[Kwarning: \x1b[m\x1b[Kcomparison of integer expressions of different signedness: \xe2\x80\x98\x1b[01m\x1b[Kint\x1b[m\x1b[K\xe2\x80\x99 and \xe2\x80\x98\x1b[01m\x1b[Kstd::vector<Eigen::Matrix<double, 3, 1> >::size_type\x1b[m\x1b[K\xe2\x80\x99 {aka \xe2\x80\x98\x1b[01m\x1b[Klong unsigned int\x1b[m\x1b[K\xe2\x80\x99} [\x1b[01;35m\x1b[K-Wsign-compare\x1b[m\x1b[K]\n'}
[3.462757] (iit_commons) StderrLine: {'line': b'  187 |         for (int j = i + 1; \x1b[01;35m\x1b[Kj < p.size()\x1b[m\x1b[K; j++) {\n'}
[3.462821] (iit_commons) StderrLine: {'line': b'      |                             \x1b[01;35m\x1b[K~~^~~~~~~~~~\x1b[m\x1b[K\n'}
[3.462885] (iit_commons) StderrLine: {'line': b'\x1b[01m\x1b[K/root/muse_ws/muse_ros2/muse_ws/src/iit_commons/include/iit_commons/commons/planning/planning.h:\x1b[m\x1b[K In function \xe2\x80\x98\x1b[01m\x1b[Kvoid iit::planning::CounterClockwiseSort(std::vector<Eigen::Matrix<double, 3, 1> >&, std::vector<int>&)\x1b[m\x1b[K\xe2\x80\x99:\n'}
[3.462952] (iit_commons) StderrLine: {'line': b'\x1b[01m\x1b[K/root/muse_ws/muse_ros2/muse_ws/src/iit_commons/include/iit_commons/commons/planning/planning.h:211:23:\x1b[m\x1b[K \x1b[01;35m\x1b[Kwarning: \x1b[m\x1b[Kcomparison of integer expressions of different signedness: \xe2\x80\x98\x1b[01m\x1b[Kint\x1b[m\x1b[K\xe2\x80\x99 and \xe2\x80\x98\x1b[01m\x1b[Kstd::vector<Eigen::Matrix<double, 3, 1> >::size_type\x1b[m\x1b[K\xe2\x80\x99 {aka \xe2\x80\x98\x1b[01m\x1b[Klong unsigned int\x1b[m\x1b[K\xe2\x80\x99} [\x1b[01;35m\x1b[K-Wsign-compare\x1b[m\x1b[K]\n'}
[3.463040] (iit_commons) StderrLine: {'line': b'  211 |     for (int i = 0; \x1b[01;35m\x1b[Ki < p.size()\x1b[m\x1b[K; i++)\n'}
[3.463149] (iit_commons) StderrLine: {'line': b'      |                     \x1b[01;35m\x1b[K~~^~~~~~~~~~\x1b[m\x1b[K\n'}
[3.463228] (iit_commons) StderrLine: {'line': b'\x1b[01m\x1b[K/root/muse_ws/muse_ros2/muse_ws/src/iit_commons/include/iit_commons/commons/planning/planning.h:213:23:\x1b[m\x1b[K \x1b[01;35m\x1b[Kwarning: \x1b[m\x1b[Kcomparison of integer expressions of different signedness: \xe2\x80\x98\x1b[01m\x1b[Kint\x1b[m\x1b[K\xe2\x80\x99 and \xe2\x80\x98\x1b[01m\x1b[Kstd::vector<Eigen::Matrix<double, 3, 1> >::size_type\x1b[m\x1b[K\xe2\x80\x99 {aka \xe2\x80\x98\x1b[01m\x1b[Klong unsigned int\x1b[m\x1b[K\xe2\x80\x99} [\x1b[01;35m\x1b[K-Wsign-compare\x1b[m\x1b[K]\n'}
[3.463325] (iit_commons) StderrLine: {'line': b'  213 |     for (int i = 1; \x1b[01;35m\x1b[Ki < p.size() - 1\x1b[m\x1b[K; i++) {\n'}
[3.463397] (iit_commons) StderrLine: {'line': b'      |                     \x1b[01;35m\x1b[K~~^~~~~~~~~~~~~~\x1b[m\x1b[K\n'}
[3.463466] (iit_commons) StderrLine: {'line': b'\x1b[01m\x1b[K/root/muse_ws/muse_ros2/muse_ws/src/iit_commons/include/iit_commons/commons/planning/planning.h:214:31:\x1b[m\x1b[K \x1b[01;35m\x1b[Kwarning: \x1b[m\x1b[Kcomparison of integer expressions of different signedness: \xe2\x80\x98\x1b[01m\x1b[Kint\x1b[m\x1b[K\xe2\x80\x99 and \xe2\x80\x98\x1b[01m\x1b[Kstd::vector<Eigen::Matrix<double, 3, 1> >::size_type\x1b[m\x1b[K\xe2\x80\x99 {aka \xe2\x80\x98\x1b[01m\x1b[Klong unsigned int\x1b[m\x1b[K\xe2\x80\x99} [\x1b[01;35m\x1b[K-Wsign-compare\x1b[m\x1b[K]\n'}
[3.463538] (iit_commons) StderrLine: {'line': b'  214 |         for (int j = i + 1; \x1b[01;35m\x1b[Kj < p.size()\x1b[m\x1b[K; j++) {\n'}
[3.463621] (iit_commons) StderrLine: {'line': b'      |                             \x1b[01;35m\x1b[K~~^~~~~~~~~~\x1b[m\x1b[K\n'}
[3.537739] (-) TimerEvent: {}
[3.638167] (-) TimerEvent: {}
[3.738899] (-) TimerEvent: {}
[3.839433] (-) TimerEvent: {}
[3.948304] (-) TimerEvent: {}
[3.997893] (iit_commons) StderrLine: {'line': b'In file included from \x1b[01m\x1b[K/root/muse_ws/muse_ros2/muse_ws/src/iit_commons/src/control/VirtualModel.cpp:1\x1b[m\x1b[K:\n'}
[3.998180] (iit_commons) StderrLine: {'line': b'\x1b[01m\x1b[K/root/muse_ws/muse_ros2/muse_ws/src/iit_commons/include/iit_commons/commons/control/VirtualModel.hpp:\x1b[m\x1b[K At global scope:\n'}
[3.998242] (iit_commons) StderrLine: {'line': b'\x1b[01m\x1b[K/root/muse_ws/muse_ros2/muse_ws/src/iit_commons/include/iit_commons/commons/control/VirtualModel.hpp:20:1:\x1b[m\x1b[K \x1b[01;31m\x1b[Kerror: \x1b[m\x1b[Kexpected unqualified-id before \xe2\x80\x98\x1b[01m\x1b[Knamespace\x1b[m\x1b[K\xe2\x80\x99\n'}
[3.998299] (iit_commons) StderrLine: {'line': b'   20 | \x1b[01;31m\x1b[Knamespace\x1b[m\x1b[K rbd = iit::rbd;\n'}
[3.998349] (iit_commons) StderrLine: {'line': b'      | \x1b[01;31m\x1b[K^~~~~~~~~\x1b[m\x1b[K\n'}
[4.048475] (-) TimerEvent: {}
[4.148916] (-) TimerEvent: {}
[4.233801] (iit_commons) StderrLine: {'line': b'\x1b[01m\x1b[K/root/muse_ws/muse_ros2/muse_ws/src/iit_commons/src/control/VirtualModel.cpp:\x1b[m\x1b[K In member function \xe2\x80\x98\x1b[01m\x1b[Kvoid iit_commons::control::VirtualModel::setGains(double, double, double, double, double, double, double, double, double, double, double, double)\x1b[m\x1b[K\xe2\x80\x99:\n'}
[4.234235] (iit_commons) StderrLine: {'line': b'\x1b[01m\x1b[K/root/muse_ws/muse_ros2/muse_ws/src/iit_commons/src/control/VirtualModel.cpp:32:8:\x1b[m\x1b[K \x1b[01;31m\x1b[Kerror: \x1b[m\x1b[K\xe2\x80\x98\x1b[01m\x1b[Krbd\x1b[m\x1b[K\xe2\x80\x99 has not been declared\n'}
[4.234332] (iit_commons) StderrLine: {'line': b'   32 |     Kp(\x1b[01;31m\x1b[Krbd\x1b[m\x1b[K::LX) = lx_p;\n'}
[4.234401] (iit_commons) StderrLine: {'line': b'      |        \x1b[01;31m\x1b[K^~~\x1b[m\x1b[K\n'}
[4.234465] (iit_commons) StderrLine: {'line': b'\x1b[01m\x1b[K/root/muse_ws/muse_ros2/muse_ws/src/iit_commons/src/control/VirtualModel.cpp:33:8:\x1b[m\x1b[K \x1b[01;31m\x1b[Kerror: \x1b[m\x1b[K\xe2\x80\x98\x1b[01m\x1b[Krbd\x1b[m\x1b[K\xe2\x80\x99 has not been declared\n'}
[4.234561] (iit_commons) StderrLine: {'line': b'   33 |     Kp(\x1b[01;31m\x1b[Krbd\x1b[m\x1b[K::LY) = ly_p;\n'}
[4.234681] (iit_commons) StderrLine: {'line': b'      |        \x1b[01;31m\x1b[K^~~\x1b[m\x1b[K\n'}
[4.234798] (iit_commons) StderrLine: {'line': b'\x1b[01m\x1b[K/root/muse_ws/muse_ros2/muse_ws/src/iit_commons/src/control/VirtualModel.cpp:34:8:\x1b[m\x1b[K \x1b[01;31m\x1b[Kerror: \x1b[m\x1b[K\xe2\x80\x98\x1b[01m\x1b[Krbd\x1b[m\x1b[K\xe2\x80\x99 has not been declared\n'}
[4.234885] (iit_commons) StderrLine: {'line': b'   34 |     Kp(\x1b[01;31m\x1b[Krbd\x1b[m\x1b[K::LZ) = lz_p;\n'}
[4.234966] (iit_commons) StderrLine: {'line': b'      |        \x1b[01;31m\x1b[K^~~\x1b[m\x1b[K\n'}
[4.235044] (iit_commons) StderrLine: {'line': b'\x1b[01m\x1b[K/root/muse_ws/muse_ros2/muse_ws/src/iit_commons/src/control/VirtualModel.cpp:37:8:\x1b[m\x1b[K \x1b[01;31m\x1b[Kerror: \x1b[m\x1b[K\xe2\x80\x98\x1b[01m\x1b[Krbd\x1b[m\x1b[K\xe2\x80\x99 has not been declared\n'}
[4.235135] (iit_commons) StderrLine: {'line': b'   37 |     Kp(\x1b[01;31m\x1b[Krbd\x1b[m\x1b[K::AX) = ax_p;\n'}
[4.235224] (iit_commons) StderrLine: {'line': b'      |        \x1b[01;31m\x1b[K^~~\x1b[m\x1b[K\n'}
[4.235281] (iit_commons) StderrLine: {'line': b'\x1b[01m\x1b[K/root/muse_ws/muse_ros2/muse_ws/src/iit_commons/src/control/VirtualModel.cpp:38:8:\x1b[m\x1b[K \x1b[01;31m\x1b[Kerror: \x1b[m\x1b[K\xe2\x80\x98\x1b[01m\x1b[Krbd\x1b[m\x1b[K\xe2\x80\x99 has not been declared\n'}
[4.235333] (iit_commons) StderrLine: {'line': b'   38 |     Kp(\x1b[01;31m\x1b[Krbd\x1b[m\x1b[K::AY) = ay_p;\n'}
[4.235380] (iit_commons) StderrLine: {'line': b'      |        \x1b[01;31m\x1b[K^~~\x1b[m\x1b[K\n'}
[4.235476] (iit_commons) StderrLine: {'line': b'\x1b[01m\x1b[K/root/muse_ws/muse_ros2/muse_ws/src/iit_commons/src/control/VirtualModel.cpp:39:8:\x1b[m\x1b[K \x1b[01;31m\x1b[Kerror: \x1b[m\x1b[K\xe2\x80\x98\x1b[01m\x1b[Krbd\x1b[m\x1b[K\xe2\x80\x99 has not been declared\n'}
[4.235582] (iit_commons) StderrLine: {'line': b'   39 |     Kp(\x1b[01;31m\x1b[Krbd\x1b[m\x1b[K::AZ) = az_p;\n'}
[4.235649] (iit_commons) StderrLine: {'line': b'      |        \x1b[01;31m\x1b[K^~~\x1b[m\x1b[K\n'}
[4.235699] (iit_commons) StderrLine: {'line': b'\x1b[01m\x1b[K/root/muse_ws/muse_ros2/muse_ws/src/iit_commons/src/control/VirtualModel.cpp:42:8:\x1b[m\x1b[K \x1b[01;31m\x1b[Kerror: \x1b[m\x1b[K\xe2\x80\x98\x1b[01m\x1b[Krbd\x1b[m\x1b[K\xe2\x80\x99 has not been declared\n'}
[4.235746] (iit_commons) StderrLine: {'line': b'   42 |     Kd(\x1b[01;31m\x1b[Krbd\x1b[m\x1b[K::LX) = lx_d;\n'}
[4.235790] (iit_commons) StderrLine: {'line': b'      |        \x1b[01;31m\x1b[K^~~\x1b[m\x1b[K\n'}
[4.235842] (iit_commons) StderrLine: {'line': b'\x1b[01m\x1b[K/root/muse_ws/muse_ros2/muse_ws/src/iit_commons/src/control/VirtualModel.cpp:43:8:\x1b[m\x1b[K \x1b[01;31m\x1b[Kerror: \x1b[m\x1b[K\xe2\x80\x98\x1b[01m\x1b[Krbd\x1b[m\x1b[K\xe2\x80\x99 has not been declared\n'}
[4.235932] (iit_commons) StderrLine: {'line': b'   43 |     Kd(\x1b[01;31m\x1b[Krbd\x1b[m\x1b[K::LY) = ly_d;\n'}
[4.235994] (iit_commons) StderrLine: {'line': b'      |        \x1b[01;31m\x1b[K^~~\x1b[m\x1b[K\n'}
[4.236066] (iit_commons) StderrLine: {'line': b'\x1b[01m\x1b[K/root/muse_ws/muse_ros2/muse_ws/src/iit_commons/src/control/VirtualModel.cpp:44:8:\x1b[m\x1b[K \x1b[01;31m\x1b[Kerror: \x1b[m\x1b[K\xe2\x80\x98\x1b[01m\x1b[Krbd\x1b[m\x1b[K\xe2\x80\x99 has not been declared\n'}
[4.236146] (iit_commons) StderrLine: {'line': b'   44 |     Kd(\x1b[01;31m\x1b[Krbd\x1b[m\x1b[K::LZ) = lz_d;\n'}
[4.236225] (iit_commons) StderrLine: {'line': b'      |        \x1b[01;31m\x1b[K^~~\x1b[m\x1b[K\n'}
[4.236304] (iit_commons) StderrLine: {'line': b'\x1b[01m\x1b[K/root/muse_ws/muse_ros2/muse_ws/src/iit_commons/src/control/VirtualModel.cpp:47:8:\x1b[m\x1b[K \x1b[01;31m\x1b[Kerror: \x1b[m\x1b[K\xe2\x80\x98\x1b[01m\x1b[Krbd\x1b[m\x1b[K\xe2\x80\x99 has not been declared\n'}
[4.236382] (iit_commons) StderrLine: {'line': b'   47 |     Kd(\x1b[01;31m\x1b[Krbd\x1b[m\x1b[K::AX) = ax_d;\n'}
[4.236432] (iit_commons) StderrLine: {'line': b'      |        \x1b[01;31m\x1b[K^~~\x1b[m\x1b[K\n'}
[4.236492] (iit_commons) StderrLine: {'line': b'\x1b[01m\x1b[K/root/muse_ws/muse_ros2/muse_ws/src/iit_commons/src/control/VirtualModel.cpp:48:8:\x1b[m\x1b[K \x1b[01;31m\x1b[Kerror: \x1b[m\x1b[K\xe2\x80\x98\x1b[01m\x1b[Krbd\x1b[m\x1b[K\xe2\x80\x99 has not been declared\n'}
[4.236568] (iit_commons) StderrLine: {'line': b'   48 |     Kd(\x1b[01;31m\x1b[Krbd\x1b[m\x1b[K::AY) = ay_d;\n'}
[4.236639] (iit_commons) StderrLine: {'line': b'      |        \x1b[01;31m\x1b[K^~~\x1b[m\x1b[K\n'}
[4.236756] (iit_commons) StderrLine: {'line': b'\x1b[01m\x1b[K/root/muse_ws/muse_ros2/muse_ws/src/iit_commons/src/control/VirtualModel.cpp:49:8:\x1b[m\x1b[K \x1b[01;31m\x1b[Kerror: \x1b[m\x1b[K\xe2\x80\x98\x1b[01m\x1b[Krbd\x1b[m\x1b[K\xe2\x80\x99 has not been declared\n'}
[4.237118] (iit_commons) StderrLine: {'line': b'   49 |     Kd(\x1b[01;31m\x1b[Krbd\x1b[m\x1b[K::AZ) = az_d;\n'}
[4.237225] (iit_commons) StderrLine: {'line': b'      |        \x1b[01;31m\x1b[K^~~\x1b[m\x1b[K\n'}
[4.237392] (iit_commons) StderrLine: {'line': b'\x1b[01m\x1b[K/root/muse_ws/muse_ros2/muse_ws/src/iit_commons/src/control/VirtualModel.cpp:\x1b[m\x1b[K At global scope:\n'}
[4.237476] (iit_commons) StderrLine: {'line': b'\x1b[01m\x1b[K/root/muse_ws/muse_ros2/muse_ws/src/iit_commons/src/control/VirtualModel.cpp:55:6:\x1b[m\x1b[K \x1b[01;31m\x1b[Kerror: \x1b[m\x1b[Kvariable or field \xe2\x80\x98\x1b[01m\x1b[KsetGain\x1b[m\x1b[K\xe2\x80\x99 declared void\n'}
[4.237561] (iit_commons) StderrLine: {'line': b'   55 | void \x1b[01;31m\x1b[KVirtualModel\x1b[m\x1b[K::setGain(rbd::Coords6D index, GainType type, double value)\n'}
[4.237723] (iit_commons) StderrLine: {'line': b'      |      \x1b[01;31m\x1b[K^~~~~~~~~~~~\x1b[m\x1b[K\n'}
[4.237829] (iit_commons) StderrLine: {'line': b'\x1b[01m\x1b[K/root/muse_ws/muse_ros2/muse_ws/src/iit_commons/src/control/VirtualModel.cpp:55:28:\x1b[m\x1b[K \x1b[01;31m\x1b[Kerror: \x1b[m\x1b[K\xe2\x80\x98\x1b[01m\x1b[Krbd\x1b[m\x1b[K\xe2\x80\x99 has not been declared\n'}
[4.237938] (iit_commons) StderrLine: {'line': b'   55 | void VirtualModel::setGain(\x1b[01;31m\x1b[Krbd\x1b[m\x1b[K::Coords6D index, GainType type, double value)\n'}
[4.238020] (iit_commons) StderrLine: {'line': b'      |                            \x1b[01;31m\x1b[K^~~\x1b[m\x1b[K\n'}
[4.238110] (iit_commons) StderrLine: {'line': b'\x1b[01m\x1b[K/root/muse_ws/muse_ros2/muse_ws/src/iit_commons/src/control/VirtualModel.cpp:55:49:\x1b[m\x1b[K \x1b[01;31m\x1b[Kerror: \x1b[m\x1b[K\xe2\x80\x98\x1b[01m\x1b[KGainType\x1b[m\x1b[K\xe2\x80\x99 was not declared in this scope\n'}
[4.238205] (iit_commons) StderrLine: {'line': b'   55 | void VirtualModel::setGain(rbd::Coords6D index, \x1b[01;31m\x1b[KGainType\x1b[m\x1b[K type, double value)\n'}
[4.238279] (iit_commons) StderrLine: {'line': b'      |                                                 \x1b[01;31m\x1b[K^~~~~~~~\x1b[m\x1b[K\n'}
[4.238344] (iit_commons) StderrLine: {'line': b'\x1b[01m\x1b[K/root/muse_ws/muse_ros2/muse_ws/src/iit_commons/src/control/VirtualModel.cpp:55:64:\x1b[m\x1b[K \x1b[01;31m\x1b[Kerror: \x1b[m\x1b[Kexpected primary-expression before \xe2\x80\x98\x1b[01m\x1b[Kdouble\x1b[m\x1b[K\xe2\x80\x99\n'}
[4.238430] (iit_commons) StderrLine: {'line': b'   55 | void VirtualModel::setGain(rbd::Coords6D index, GainType type, \x1b[01;31m\x1b[Kdouble\x1b[m\x1b[K value)\n'}
[4.238515] (iit_commons) StderrLine: {'line': b'      |                                                                \x1b[01;31m\x1b[K^~~~~~\x1b[m\x1b[K\n'}
[4.238618] (iit_commons) StderrLine: {'line': b'\x1b[01m\x1b[K/root/muse_ws/muse_ros2/muse_ws/src/iit_commons/src/control/VirtualModel.cpp:\x1b[m\x1b[K In member function \xe2\x80\x98\x1b[01m\x1b[Kiit_commons::control::VirtualModel::Wrench iit_commons::control::VirtualModel::getFeedBackWrench(const PointState&, const PointState&, const PointState&, const PointState&, const double&, const Wrench&)\x1b[m\x1b[K\xe2\x80\x99:\n'}
[4.238729] (iit_commons) StderrLine: {'line': b'\x1b[01m\x1b[K/root/muse_ws/muse_ros2/muse_ws/src/iit_commons/src/control/VirtualModel.cpp:86:26:\x1b[m\x1b[K \x1b[01;31m\x1b[Kerror: \x1b[m\x1b[K\xe2\x80\x98\x1b[01m\x1b[Kcommons\x1b[m\x1b[K\xe2\x80\x99 has not been declared\n'}
[4.238836] (iit_commons) StderrLine: {'line': b'   86 |     Eigen::Matrix3d  R = \x1b[01;31m\x1b[Kcommons\x1b[m\x1b[K::rpyToRot(actual_ang_state.x);\n'}
[4.238910] (iit_commons) StderrLine: {'line': b'      |                          \x1b[01;31m\x1b[K^~~~~~~\x1b[m\x1b[K\n'}
[4.238985] (iit_commons) StderrLine: {'line': b'\x1b[01m\x1b[K/root/muse_ws/muse_ros2/muse_ws/src/iit_commons/src/control/VirtualModel.cpp:89:5:\x1b[m\x1b[K \x1b[01;31m\x1b[Kerror: \x1b[m\x1b[K\xe2\x80\x98\x1b[01m\x1b[Krbd\x1b[m\x1b[K\xe2\x80\x99 has not been declared\n'}
[4.239070] (iit_commons) StderrLine: {'line': b'   89 |     \x1b[01;31m\x1b[Krbd\x1b[m\x1b[K::Vector6D wrench_error_base;\n'}
[4.239153] (iit_commons) StderrLine: {'line': b'      |     \x1b[01;31m\x1b[K^~~\x1b[m\x1b[K\n'}
[4.246705] (iit_commons) StderrLine: {'line': b'\x1b[01m\x1b[K/root/muse_ws/muse_ros2/muse_ws/src/iit_commons/src/control/VirtualModel.cpp:93:5:\x1b[m\x1b[K \x1b[01;31m\x1b[Kerror: \x1b[m\x1b[K\xe2\x80\x98\x1b[01m\x1b[Kwrench_error_base\x1b[m\x1b[K\xe2\x80\x99 was not declared in this scope; did you mean \xe2\x80\x98\x1b[01m\x1b[Kwrench_error\x1b[m\x1b[K\xe2\x80\x99?\n'}
[4.247131] (iit_commons) StderrLine: {'line': b'   93 |     \x1b[01;31m\x1b[Kwrench_error_base\x1b[m\x1b[K.segment(rbd::AX,3) = R * wrench_error.segment(rbd::AX,3);\n'}
[4.247221] (iit_commons) StderrLine: {'line': b'      |     \x1b[01;31m\x1b[K^~~~~~~~~~~~~~~~~\x1b[m\x1b[K\n'}
[4.247304] (iit_commons) StderrLine: {'line': b'      |     \x1b[32m\x1b[Kwrench_error\x1b[m\x1b[K\n'}
[4.247390] (iit_commons) StderrLine: {'line': b'\x1b[01m\x1b[K/root/muse_ws/muse_ros2/muse_ws/src/iit_commons/src/control/VirtualModel.cpp:93:31:\x1b[m\x1b[K \x1b[01;31m\x1b[Kerror: \x1b[m\x1b[K\xe2\x80\x98\x1b[01m\x1b[Krbd\x1b[m\x1b[K\xe2\x80\x99 has not been declared\n'}
[4.247478] (iit_commons) StderrLine: {'line': b'   93 |     wrench_error_base.segment(\x1b[01;31m\x1b[Krbd\x1b[m\x1b[K::AX,3) = R * wrench_error.segment(rbd::AX,3);\n'}
[4.247593] (iit_commons) StderrLine: {'line': b'      |                               \x1b[01;31m\x1b[K^~~\x1b[m\x1b[K\n'}
[4.247680] (iit_commons) StderrLine: {'line': b'\x1b[01m\x1b[K/root/muse_ws/muse_ros2/muse_ws/src/iit_commons/src/control/VirtualModel.cpp:93:69:\x1b[m\x1b[K \x1b[01;31m\x1b[Kerror: \x1b[m\x1b[K\xe2\x80\x98\x1b[01m\x1b[Krbd\x1b[m\x1b[K\xe2\x80\x99 has not been declared\n'}
[4.247782] (iit_commons) StderrLine: {'line': b'   93 |     wrench_error_base.segment(rbd::AX,3) = R * wrench_error.segment(\x1b[01;31m\x1b[Krbd\x1b[m\x1b[K::AX,3);\n'}
[4.247857] (iit_commons) StderrLine: {'line': b'      |                                                                     \x1b[01;31m\x1b[K^~~\x1b[m\x1b[K\n'}
[4.247929] (iit_commons) StderrLine: {'line': b'\x1b[01m\x1b[K/root/muse_ws/muse_ros2/muse_ws/src/iit_commons/src/control/VirtualModel.cpp:94:31:\x1b[m\x1b[K \x1b[01;31m\x1b[Kerror: \x1b[m\x1b[K\xe2\x80\x98\x1b[01m\x1b[Krbd\x1b[m\x1b[K\xe2\x80\x99 has not been declared\n'}
[4.248019] (iit_commons) StderrLine: {'line': b'   94 |     wrench_error_base.segment(\x1b[01;31m\x1b[Krbd\x1b[m\x1b[K::LX,3) = R * wrench_error.segment(rbd::LX,3);\n'}
[4.248089] (iit_commons) StderrLine: {'line': b'      |                               \x1b[01;31m\x1b[K^~~\x1b[m\x1b[K\n'}
[4.248158] (iit_commons) StderrLine: {'line': b'\x1b[01m\x1b[K/root/muse_ws/muse_ros2/muse_ws/src/iit_commons/src/control/VirtualModel.cpp:94:69:\x1b[m\x1b[K \x1b[01;31m\x1b[Kerror: \x1b[m\x1b[K\xe2\x80\x98\x1b[01m\x1b[Krbd\x1b[m\x1b[K\xe2\x80\x99 has not been declared\n'}
[4.248239] (iit_commons) StderrLine: {'line': b'   94 |     wrench_error_base.segment(rbd::LX,3) = R * wrench_error.segment(\x1b[01;31m\x1b[Krbd\x1b[m\x1b[K::LX,3);\n'}
[4.248315] (iit_commons) StderrLine: {'line': b'      |                                                                     \x1b[01;31m\x1b[K^~~\x1b[m\x1b[K\n'}
[4.248383] (iit_commons) StderrLine: {'line': b'\x1b[01m\x1b[K/root/muse_ws/muse_ros2/muse_ws/src/iit_commons/src/control/VirtualModel.cpp:96:18:\x1b[m\x1b[K \x1b[01;31m\x1b[Kerror: \x1b[m\x1b[K\xe2\x80\x98\x1b[01m\x1b[Krbd\x1b[m\x1b[K\xe2\x80\x99 has not been declared\n'}
[4.248451] (iit_commons) StderrLine: {'line': b'   96 |     scaleGains = \x1b[01;31m\x1b[Krbd\x1b[m\x1b[K::Vector6D::Constant(1.0) -\n'}
[4.248526] (iit_commons) StderrLine: {'line': b'      |                  \x1b[01;31m\x1b[K^~~\x1b[m\x1b[K\n'}
[4.249007] (-) TimerEvent: {}
[4.350192] (-) TimerEvent: {}
[4.360718] (iit_commons) StderrLine: {'line': b'\x1b[01m\x1b[K/root/muse_ws/muse_ros2/muse_ws/src/iit_commons/src/control/VirtualModel.cpp:106:24:\x1b[m\x1b[K \x1b[01;31m\x1b[Kerror: \x1b[m\x1b[K\xe2\x80\x98\x1b[01m\x1b[Krbd\x1b[m\x1b[K\xe2\x80\x99 has not been declared\n'}
[4.361182] (iit_commons) StderrLine: {'line': b'  106 |     wrench_out.segment(\x1b[01;31m\x1b[Krbd\x1b[m\x1b[K::LX,3) = R.transpose() *\n'}
[4.361261] (iit_commons) StderrLine: {'line': b'      |                        \x1b[01;31m\x1b[K^~~\x1b[m\x1b[K\n'}
[4.361329] (iit_commons) StderrLine: {'line': b'\x1b[01m\x1b[K/root/muse_ws/muse_ros2/muse_ws/src/iit_commons/src/control/VirtualModel.cpp:107:33:\x1b[m\x1b[K \x1b[01;31m\x1b[Kerror: \x1b[m\x1b[K\xe2\x80\x98\x1b[01m\x1b[Krbd\x1b[m\x1b[K\xe2\x80\x99 has not been declared\n'}
[4.361422] (iit_commons) StderrLine: {'line': b'  107 |             Kp_limited_.segment(\x1b[01;31m\x1b[Krbd\x1b[m\x1b[K::LX,3).asDiagonal() * R *\n'}
[4.361496] (iit_commons) StderrLine: {'line': b'      |                                 \x1b[01;31m\x1b[K^~~\x1b[m\x1b[K\n'}
[4.361559] (iit_commons) StderrLine: {'line': b'\x1b[01m\x1b[K/root/muse_ws/muse_ros2/muse_ws/src/iit_commons/src/control/VirtualModel.cpp:109:48:\x1b[m\x1b[K \x1b[01;31m\x1b[Kerror: \x1b[m\x1b[K\xe2\x80\x98\x1b[01m\x1b[Krbd\x1b[m\x1b[K\xe2\x80\x99 has not been declared\n'}
[4.361681] (iit_commons) StderrLine: {'line': b'  109 |             R.transpose()* Kd_limited_.segment(\x1b[01;31m\x1b[Krbd\x1b[m\x1b[K::LX,3).asDiagonal() * R *\n'}
[4.361751] (iit_commons) StderrLine: {'line': b'      |                                                \x1b[01;31m\x1b[K^~~\x1b[m\x1b[K\n'}
[4.361811] (iit_commons) StderrLine: {'line': b'\x1b[01m\x1b[K/root/muse_ws/muse_ros2/muse_ws/src/iit_commons/src/control/VirtualModel.cpp:118:30:\x1b[m\x1b[K \x1b[01;31m\x1b[Kerror: \x1b[m\x1b[K\xe2\x80\x98\x1b[01m\x1b[Kcommons\x1b[m\x1b[K\xe2\x80\x99 has not been declared\n'}
[4.361881] (iit_commons) StderrLine: {'line': b'  118 |     Eigen::Matrix3d Jomega = \x1b[01;31m\x1b[Kcommons\x1b[m\x1b[K::rpyToEar(des_ang_state.x);\n'}
[4.361942] (iit_commons) StderrLine: {'line': b'      |                              \x1b[01;31m\x1b[K^~~~~~~\x1b[m\x1b[K\n'}
[4.362002] (iit_commons) StderrLine: {'line': b'\x1b[01m\x1b[K/root/muse_ws/muse_ros2/muse_ws/src/iit_commons/src/control/VirtualModel.cpp:121:24:\x1b[m\x1b[K \x1b[01;31m\x1b[Kerror: \x1b[m\x1b[K\xe2\x80\x98\x1b[01m\x1b[Krbd\x1b[m\x1b[K\xe2\x80\x99 has not been declared\n'}
[4.362061] (iit_commons) StderrLine: {'line': b'  121 |     wrench_out.segment(\x1b[01;31m\x1b[Krbd\x1b[m\x1b[K::AX,3) = R.transpose() *\n'}
[4.362121] (iit_commons) StderrLine: {'line': b'      |                        \x1b[01;31m\x1b[K^~~\x1b[m\x1b[K\n'}
[4.362224] (iit_commons) StderrLine: {'line': b'\x1b[01m\x1b[K/root/muse_ws/muse_ros2/muse_ws/src/iit_commons/src/control/VirtualModel.cpp:122:34:\x1b[m\x1b[K \x1b[01;31m\x1b[Kerror: \x1b[m\x1b[K\xe2\x80\x98\x1b[01m\x1b[Krbd\x1b[m\x1b[K\xe2\x80\x99 has not been declared\n'}
[4.362325] (iit_commons) StderrLine: {'line': b'  122 |             (Kp_limited_.segment(\x1b[01;31m\x1b[Krbd\x1b[m\x1b[K::AX,3).asDiagonal() *\n'}
[4.362415] (iit_commons) StderrLine: {'line': b'      |                                  \x1b[01;31m\x1b[K^~~\x1b[m\x1b[K\n'}
[4.362482] (iit_commons) StderrLine: {'line': b'\x1b[01m\x1b[K/root/muse_ws/muse_ros2/muse_ws/src/iit_commons/src/control/VirtualModel.cpp:123:14:\x1b[m\x1b[K \x1b[01;31m\x1b[Kerror: \x1b[m\x1b[K\xe2\x80\x98\x1b[01m\x1b[Kcommons\x1b[m\x1b[K\xe2\x80\x99 has not been declared\n'}
[4.362545] (iit_commons) StderrLine: {'line': b'  123 |              \x1b[01;31m\x1b[Kcommons\x1b[m\x1b[K::computeOrientError(des_ang_state.x, actual_ang_state.x) +\n'}
[4.362608] (iit_commons) StderrLine: {'line': b'      |              \x1b[01;31m\x1b[K^~~~~~~\x1b[m\x1b[K\n'}
[4.362703] (iit_commons) StderrLine: {'line': b'\x1b[01m\x1b[K/root/muse_ws/muse_ros2/muse_ws/src/iit_commons/src/control/VirtualModel.cpp:124:34:\x1b[m\x1b[K \x1b[01;31m\x1b[Kerror: \x1b[m\x1b[K\xe2\x80\x98\x1b[01m\x1b[Krbd\x1b[m\x1b[K\xe2\x80\x99 has not been declared\n'}
[4.362987] (iit_commons) StderrLine: {'line': b'  124 |              Kd_limited_.segment(\x1b[01;31m\x1b[Krbd\x1b[m\x1b[K::AX,3).asDiagonal() *(Jomega*des_ang_state.xd - actual_ang_state.xd));\n'}
[4.363144] (iit_commons) StderrLine: {'line': b'      |                                  \x1b[01;31m\x1b[K^~~\x1b[m\x1b[K\n'}
[4.418011] (iit_commons) StderrLine: {'line': b'\x1b[01m\x1b[K/root/muse_ws/muse_ros2/muse_ws/src/iit_commons/src/control/VirtualModel.cpp:80:69:\x1b[m\x1b[K \x1b[01;35m\x1b[Kwarning: \x1b[m\x1b[Kunused parameter \xe2\x80\x98\x1b[01m\x1b[Krobot_mass\x1b[m\x1b[K\xe2\x80\x99 [\x1b[01;35m\x1b[K-Wunused-parameter\x1b[m\x1b[K]\n'}
[4.418359] (iit_commons) StderrLine: {'line': b'   80 |                                                      \x1b[01;35m\x1b[Kconst double & robot_mass\x1b[m\x1b[K,\n'}
[4.418477] (iit_commons) StderrLine: {'line': b'      |                                                      \x1b[01;35m\x1b[K~~~~~~~~~~~~~~~^~~~~~~~~~\x1b[m\x1b[K\n'}
[4.418579] (iit_commons) StderrLine: {'line': b'\x1b[01m\x1b[K/root/muse_ws/muse_ros2/muse_ws/src/iit_commons/src/control/VirtualModel.cpp:\x1b[m\x1b[K In member function \xe2\x80\x98\x1b[01m\x1b[Kiit_commons::control::VirtualModel::Wrench iit_commons::control::VirtualModel::getFeedForwardWrench(const Vector3d&, const Vector3d&, const Vector3d&, const Vector3d&, const double&, const InertiaMatrix&)\x1b[m\x1b[K\xe2\x80\x99:\n'}
[4.418662] (iit_commons) StderrLine: {'line': b'\x1b[01m\x1b[K/root/muse_ws/muse_ros2/muse_ws/src/iit_commons/src/control/VirtualModel.cpp:142:26:\x1b[m\x1b[K \x1b[01;31m\x1b[Kerror: \x1b[m\x1b[K\xe2\x80\x98\x1b[01m\x1b[Kcommons\x1b[m\x1b[K\xe2\x80\x99 has not been declared\n'}
[4.418732] (iit_commons) StderrLine: {'line': b'  142 |     Eigen::Matrix3d  R = \x1b[01;31m\x1b[Kcommons\x1b[m\x1b[K::rpyToRot(des_ang_pos);\n'}
[4.418798] (iit_commons) StderrLine: {'line': b'      |                          \x1b[01;31m\x1b[K^~~~~~~\x1b[m\x1b[K\n'}
[4.418865] (iit_commons) StderrLine: {'line': b'\x1b[01m\x1b[K/root/muse_ws/muse_ros2/muse_ws/src/iit_commons/src/control/VirtualModel.cpp:145:24:\x1b[m\x1b[K \x1b[01;31m\x1b[Kerror: \x1b[m\x1b[K\xe2\x80\x98\x1b[01m\x1b[Krbd\x1b[m\x1b[K\xe2\x80\x99 has not been declared\n'}
[4.418936] (iit_commons) StderrLine: {'line': b'  145 |     wrench_out.segment(\x1b[01;31m\x1b[Krbd\x1b[m\x1b[K::LX,3) = mass * des_lin_acc;\n'}
[4.419042] (iit_commons) StderrLine: {'line': b'      |                        \x1b[01;31m\x1b[K^~~\x1b[m\x1b[K\n'}
[4.419137] (iit_commons) StderrLine: {'line': b'\x1b[01m\x1b[K/root/muse_ws/muse_ros2/muse_ws/src/iit_commons/src/control/VirtualModel.cpp:150:31:\x1b[m\x1b[K \x1b[01;31m\x1b[Kerror: \x1b[m\x1b[K\xe2\x80\x98\x1b[01m\x1b[Kcommons\x1b[m\x1b[K\xe2\x80\x99 has not been declared\n'}
[4.419220] (iit_commons) StderrLine: {'line': b'  150 |     Eigen::Matrix3d J_omega = \x1b[01;31m\x1b[Kcommons\x1b[m\x1b[K::rpyToEarInv(des_ang_pos);\n'}
[4.419302] (iit_commons) StderrLine: {'line': b'      |                               \x1b[01;31m\x1b[K^~~~~~~\x1b[m\x1b[K\n'}
[4.419392] (iit_commons) StderrLine: {'line': b'\x1b[01m\x1b[K/root/muse_ws/muse_ros2/muse_ws/src/iit_commons/src/control/VirtualModel.cpp:152:35:\x1b[m\x1b[K \x1b[01;31m\x1b[Kerror: \x1b[m\x1b[K\xe2\x80\x98\x1b[01m\x1b[Kcommons\x1b[m\x1b[K\xe2\x80\x99 has not been declared\n'}
[4.419484] (iit_commons) StderrLine: {'line': b'  152 |     Eigen::Matrix3d J_omega_dot = \x1b[01;31m\x1b[Kcommons\x1b[m\x1b[K::rpyToEarInv_dot(des_ang_pos, des_euler_rate);\n'}
[4.419598] (iit_commons) StderrLine: {'line': b'      |                                   \x1b[01;31m\x1b[K^~~~~~~\x1b[m\x1b[K\n'}
[4.450382] (-) TimerEvent: {}
[4.481847] (iit_commons) StderrLine: {'line': b'\x1b[01m\x1b[K/root/muse_ws/muse_ros2/muse_ws/src/iit_commons/src/control/VirtualModel.cpp:159:24:\x1b[m\x1b[K \x1b[01;31m\x1b[Kerror: \x1b[m\x1b[K\xe2\x80\x98\x1b[01m\x1b[Krbd\x1b[m\x1b[K\xe2\x80\x99 has not been declared\n'}
[4.482203] (iit_commons) StderrLine: {'line': b'  159 |     wrench_out.segment(\x1b[01;31m\x1b[Krbd\x1b[m\x1b[K::AX,3) = R.transpose() *\n'}
[4.482421] (iit_commons) StderrLine: {'line': b'      |                        \x1b[01;31m\x1b[K^~~\x1b[m\x1b[K\n'}
[4.482544] (iit_commons) StderrLine: {'line': b'\x1b[01m\x1b[K/root/muse_ws/muse_ros2/muse_ws/src/iit_commons/src/control/VirtualModel.cpp:160:33:\x1b[m\x1b[K \x1b[01;31m\x1b[Kerror: \x1b[m\x1b[K\xe2\x80\x98\x1b[01m\x1b[Krbd\x1b[m\x1b[K\xe2\x80\x99 has not been declared\n'}
[4.482629] (iit_commons) StderrLine: {'line': b'  160 |            inertia_matrix.block(\x1b[01;31m\x1b[Krbd\x1b[m\x1b[K::AX, rbd::AX,3,3) * des_omega_dot;\n'}
[4.482705] (iit_commons) StderrLine: {'line': b'      |                                 \x1b[01;31m\x1b[K^~~\x1b[m\x1b[K\n'}
[4.482782] (iit_commons) StderrLine: {'line': b'\x1b[01m\x1b[K/root/muse_ws/muse_ros2/muse_ws/src/iit_commons/src/control/VirtualModel.cpp:160:42:\x1b[m\x1b[K \x1b[01;31m\x1b[Kerror: \x1b[m\x1b[K\xe2\x80\x98\x1b[01m\x1b[Krbd\x1b[m\x1b[K\xe2\x80\x99 has not been declared\n'}
[4.482858] (iit_commons) StderrLine: {'line': b'  160 |            inertia_matrix.block(rbd::AX, \x1b[01;31m\x1b[Krbd\x1b[m\x1b[K::AX,3,3) * des_omega_dot;\n'}
[4.482929] (iit_commons) StderrLine: {'line': b'      |                                          \x1b[01;31m\x1b[K^~~\x1b[m\x1b[K\n'}
[4.550553] (-) TimerEvent: {}
[4.651046] (-) TimerEvent: {}
[4.751538] (-) TimerEvent: {}
[4.857895] (-) TimerEvent: {}
[4.958867] (-) TimerEvent: {}
[5.062370] (-) TimerEvent: {}
[5.162870] (-) TimerEvent: {}
[5.264289] (-) TimerEvent: {}
[5.364983] (-) TimerEvent: {}
[5.466066] (-) TimerEvent: {}
[5.569733] (-) TimerEvent: {}
[5.670186] (-) TimerEvent: {}
[5.771882] (-) TimerEvent: {}
[5.872370] (-) TimerEvent: {}
[5.972882] (-) TimerEvent: {}
[6.073372] (-) TimerEvent: {}
[6.173885] (-) TimerEvent: {}
[6.275122] (-) TimerEvent: {}
[6.375801] (-) TimerEvent: {}
[6.476383] (-) TimerEvent: {}
[6.576933] (-) TimerEvent: {}
[6.677767] (-) TimerEvent: {}
[6.778732] (-) TimerEvent: {}
[6.879500] (-) TimerEvent: {}
[6.981823] (-) TimerEvent: {}
[7.082324] (-) TimerEvent: {}
[7.182954] (-) TimerEvent: {}
[7.284819] (-) TimerEvent: {}
[7.386449] (-) TimerEvent: {}
[7.487359] (-) TimerEvent: {}
[7.588372] (-) TimerEvent: {}
[7.688940] (-) TimerEvent: {}
[7.789494] (-) TimerEvent: {}
[7.890058] (-) TimerEvent: {}
[7.991578] (-) TimerEvent: {}
[8.092276] (-) TimerEvent: {}
[8.193824] (-) TimerEvent: {}
[8.297693] (-) TimerEvent: {}
[8.398499] (-) TimerEvent: {}
[8.499095] (-) TimerEvent: {}
[8.599970] (-) TimerEvent: {}
[8.701722] (-) TimerEvent: {}
[8.806991] (-) TimerEvent: {}
[8.907519] (-) TimerEvent: {}
[9.009726] (-) TimerEvent: {}
[9.110409] (-) TimerEvent: {}
[9.210853] (-) TimerEvent: {}
[9.311305] (-) TimerEvent: {}
[9.415132] (-) TimerEvent: {}
[9.518254] (-) TimerEvent: {}
[9.618655] (-) TimerEvent: {}
[9.719163] (-) TimerEvent: {}
[9.822409] (-) TimerEvent: {}
[9.923265] (-) TimerEvent: {}
[10.023804] (-) TimerEvent: {}
[10.130150] (-) TimerEvent: {}
[10.230930] (-) TimerEvent: {}
[10.331692] (-) TimerEvent: {}
[10.432198] (-) TimerEvent: {}
[10.532696] (-) TimerEvent: {}
[10.633352] (-) TimerEvent: {}
[10.734471] (-) TimerEvent: {}
[10.836141] (-) TimerEvent: {}
[10.936805] (-) TimerEvent: {}
[11.037343] (-) TimerEvent: {}
[11.138269] (-) TimerEvent: {}
[11.238706] (-) TimerEvent: {}
[11.339387] (-) TimerEvent: {}
[11.439984] (-) TimerEvent: {}
[11.540514] (-) TimerEvent: {}
[11.641090] (-) TimerEvent: {}
[11.741605] (-) TimerEvent: {}
[11.842022] (-) TimerEvent: {}
[11.942495] (-) TimerEvent: {}
[12.044116] (-) TimerEvent: {}
[12.145348] (-) TimerEvent: {}
[12.245885] (-) TimerEvent: {}
[12.349988] (-) TimerEvent: {}
[12.450446] (-) TimerEvent: {}
[12.553765] (-) TimerEvent: {}
[12.655675] (-) TimerEvent: {}
[12.756142] (-) TimerEvent: {}
[12.856598] (-) TimerEvent: {}
[12.957108] (-) TimerEvent: {}
[13.057666] (-) TimerEvent: {}
[13.158663] (-) TimerEvent: {}
[13.259168] (-) TimerEvent: {}
[13.365721] (-) TimerEvent: {}
[13.469790] (-) TimerEvent: {}
[13.570336] (-) TimerEvent: {}
[13.670875] (-) TimerEvent: {}
[13.771412] (-) TimerEvent: {}
[13.875489] (-) TimerEvent: {}
[13.976042] (-) TimerEvent: {}
[14.076575] (-) TimerEvent: {}
[14.177769] (-) TimerEvent: {}
[14.278435] (-) TimerEvent: {}
[14.378905] (-) TimerEvent: {}
[14.479333] (-) TimerEvent: {}
[14.579896] (-) TimerEvent: {}
[14.680691] (-) TimerEvent: {}
[14.781503] (-) TimerEvent: {}
[14.882191] (-) TimerEvent: {}
[14.982886] (-) TimerEvent: {}
[15.083392] (-) TimerEvent: {}
[15.183890] (-) TimerEvent: {}
[15.284353] (-) TimerEvent: {}
[15.384913] (-) TimerEvent: {}
[15.485339] (-) TimerEvent: {}
[15.586200] (-) TimerEvent: {}
[15.690072] (-) TimerEvent: {}
[15.790592] (-) TimerEvent: {}
[15.891123] (-) TimerEvent: {}
[15.991649] (-) TimerEvent: {}
[16.092192] (-) TimerEvent: {}
[16.192695] (-) TimerEvent: {}
[16.293227] (-) TimerEvent: {}
[16.397744] (-) TimerEvent: {}
[16.498286] (-) TimerEvent: {}
[16.598756] (-) TimerEvent: {}
[16.699454] (-) TimerEvent: {}
[16.800025] (-) TimerEvent: {}
[16.902609] (-) TimerEvent: {}
[17.005863] (-) TimerEvent: {}
[17.108883] (-) TimerEvent: {}
[17.209400] (-) TimerEvent: {}
[17.311619] (-) TimerEvent: {}
[17.412457] (-) TimerEvent: {}
[17.514919] (-) TimerEvent: {}
[17.615498] (-) TimerEvent: {}
[17.716139] (-) TimerEvent: {}
[17.816760] (-) TimerEvent: {}
[17.917444] (-) TimerEvent: {}
[18.021733] (-) TimerEvent: {}
[18.122342] (-) TimerEvent: {}
[18.222874] (-) TimerEvent: {}
[18.325992] (-) TimerEvent: {}
[18.426473] (-) TimerEvent: {}
[18.526934] (-) TimerEvent: {}
[18.627527] (-) TimerEvent: {}
[18.729741] (-) TimerEvent: {}
[18.831152] (-) TimerEvent: {}
[18.936022] (-) TimerEvent: {}
[19.036529] (-) TimerEvent: {}
[19.136983] (-) TimerEvent: {}
[19.237509] (-) TimerEvent: {}
[19.338947] (-) TimerEvent: {}
[19.442518] (-) TimerEvent: {}
[19.542965] (-) TimerEvent: {}
[19.643548] (-) TimerEvent: {}
[19.743990] (-) TimerEvent: {}
[19.845147] (-) TimerEvent: {}
[19.945682] (-) TimerEvent: {}
[20.049737] (-) TimerEvent: {}
[20.150330] (-) TimerEvent: {}
[20.253453] (-) TimerEvent: {}
[20.354473] (-) TimerEvent: {}
[20.455179] (-) TimerEvent: {}
[20.559560] (-) TimerEvent: {}
[20.660785] (-) TimerEvent: {}
[20.761781] (-) TimerEvent: {}
[20.862399] (-) TimerEvent: {}
[20.964264] (-) TimerEvent: {}
[21.064805] (-) TimerEvent: {}
[21.165380] (-) TimerEvent: {}
[21.266325] (-) TimerEvent: {}
[21.368743] (-) TimerEvent: {}
[21.475824] (-) TimerEvent: {}
[21.581763] (-) TimerEvent: {}
[21.682223] (-) TimerEvent: {}
[21.785457] (-) TimerEvent: {}
[21.887046] (-) TimerEvent: {}
[21.987904] (-) TimerEvent: {}
[22.088474] (-) TimerEvent: {}
[22.188959] (-) TimerEvent: {}
[22.289652] (-) TimerEvent: {}
[22.390402] (-) TimerEvent: {}
[22.490945] (-) TimerEvent: {}
[22.591435] (-) TimerEvent: {}
[22.691982] (-) TimerEvent: {}
[22.792447] (-) TimerEvent: {}
[22.892885] (-) TimerEvent: {}
[22.993874] (-) TimerEvent: {}
[23.095013] (-) TimerEvent: {}
[23.198036] (-) TimerEvent: {}
[23.299797] (-) TimerEvent: {}
[23.400826] (-) TimerEvent: {}
[23.501828] (-) TimerEvent: {}
[23.603391] (-) TimerEvent: {}
[23.704120] (-) TimerEvent: {}
[23.806300] (-) TimerEvent: {}
[23.911945] (-) TimerEvent: {}
[24.012388] (-) TimerEvent: {}
[24.116058] (-) TimerEvent: {}
[24.216662] (-) TimerEvent: {}
[24.318910] (-) TimerEvent: {}
[24.419485] (-) TimerEvent: {}
[24.519985] (-) TimerEvent: {}
[24.620525] (-) TimerEvent: {}
[24.721090] (-) TimerEvent: {}
[24.822580] (-) TimerEvent: {}
[24.923697] (-) TimerEvent: {}
[25.026424] (-) TimerEvent: {}
[25.126985] (-) TimerEvent: {}
[25.227482] (-) TimerEvent: {}
[25.330091] (-) TimerEvent: {}
[25.430655] (-) TimerEvent: {}
[25.532376] (-) TimerEvent: {}
[25.638218] (-) TimerEvent: {}
[25.739300] (-) TimerEvent: {}
[25.845748] (-) TimerEvent: {}
[25.946406] (-) TimerEvent: {}
[26.047514] (-) TimerEvent: {}
[26.148080] (-) TimerEvent: {}
[26.248697] (-) TimerEvent: {}
[26.350686] (-) TimerEvent: {}
[26.453862] (-) TimerEvent: {}
[26.556261] (-) TimerEvent: {}
[26.658047] (-) TimerEvent: {}
[26.759078] (-) TimerEvent: {}
[26.859530] (-) TimerEvent: {}
[26.960032] (-) TimerEvent: {}
[27.064564] (-) TimerEvent: {}
[27.108444] (iit_commons) StderrLine: {'line': b'In file included from \x1b[01m\x1b[K/root/muse_ws/muse_ros2/muse_ws/src/iit_commons/include/iit_commons/commons/control/VirtualModel.hpp:7\x1b[m\x1b[K,\n'}
[27.108801] (iit_commons) StderrLine: {'line': b'                 from \x1b[01m\x1b[K/root/muse_ws/muse_ros2/muse_ws/src/iit_commons/src/control/VirtualModel.cpp:1\x1b[m\x1b[K:\n'}
[27.108910] (iit_commons) StderrLine: {'line': b'\x1b[01m\x1b[K/root/muse_ws/muse_ros2/muse_ws/src/iit_commons/include/iit_commons/commons/planning/planning.h:\x1b[m\x1b[K At global scope:\n'}
[27.108983] (iit_commons) StderrLine: {'line': b'\x1b[01m\x1b[K/root/muse_ws/muse_ros2/muse_ws/src/iit_commons/include/iit_commons/commons/planning/planning.h:207:13:\x1b[m\x1b[K \x1b[01;35m\x1b[Kwarning: \x1b[m\x1b[K\xe2\x80\x98\x1b[01m\x1b[Kvoid iit::planning::CounterClockwiseSort(std::vector<Eigen::Matrix<double, 3, 1> >&, std::vector<int>&)\x1b[m\x1b[K\xe2\x80\x99 defined but not used [\x1b[01;35m\x1b[K-Wunused-function\x1b[m\x1b[K]\n'}
[27.109061] (iit_commons) StderrLine: {'line': b'  207 | static void \x1b[01;35m\x1b[KCounterClockwiseSort\x1b[m\x1b[K(std::vector<Eigen::Vector3d>& p, std::vector<int> & index_map)\n'}
[27.109129] (iit_commons) StderrLine: {'line': b'      |             \x1b[01;35m\x1b[K^~~~~~~~~~~~~~~~~~~~\x1b[m\x1b[K\n'}
[27.109187] (iit_commons) StderrLine: {'line': b'\x1b[01m\x1b[K/root/muse_ws/muse_ros2/muse_ws/src/iit_commons/include/iit_commons/commons/planning/planning.h:158:13:\x1b[m\x1b[K \x1b[01;35m\x1b[Kwarning: \x1b[m\x1b[K\xe2\x80\x98\x1b[01m\x1b[Kvoid iit::planning::ClockwiseSort(std::vector<Eigen::Matrix<double, 3, 1> >&)\x1b[m\x1b[K\xe2\x80\x99 defined but not used [\x1b[01;35m\x1b[K-Wunused-function\x1b[m\x1b[K]\n'}
[27.109256] (iit_commons) StderrLine: {'line': b'  158 | static void \x1b[01;35m\x1b[KClockwiseSort\x1b[m\x1b[K(std::vector<Eigen::Vector3d>& p)\n'}
[27.109308] (iit_commons) StderrLine: {'line': b'      |             \x1b[01;35m\x1b[K^~~~~~~~~~~~~\x1b[m\x1b[K\n'}
[27.165772] (-) TimerEvent: {}
[27.269858] (-) TimerEvent: {}
[27.279290] (iit_commons) StderrLine: {'line': b'gmake[2]: *** [CMakeFiles/iitcommons.dir/build.make:104: CMakeFiles/iitcommons.dir/src/control/VirtualModel.cpp.o] Error 1\n'}
[27.280697] (iit_commons) StderrLine: {'line': b'gmake[1]: *** [CMakeFiles/Makefile2:167: CMakeFiles/iitcommons.dir/all] Error 2\n'}
[27.281546] (iit_commons) StderrLine: {'line': b'gmake: *** [Makefile:146: all] Error 2\n'}
[27.286151] (iit_commons) CommandEnded: {'returncode': 2}
[27.293275] (iit_commons) JobEnded: {'identifier': 'iit_commons', 'rc': 2}
[27.305194] (-) EventReactorShutdown: {}
