[0.000000] (-) TimerEvent: {}
[0.000453] (iit_commons) JobQueued: {'identifier': 'iit_commons', 'dependencies': OrderedDict()}
[0.000516] (state_estimator_msgs) JobQueued: {'identifier': 'state_estimator_msgs', 'dependencies': OrderedDict()}
[0.000567] (state_estimator) JobQueued: {'identifier': 'state_estimator', 'dependencies': OrderedDict([('state_estimator_msgs', '/root/muse_ws/muse_ros2/muse_ws/install/state_estimator_msgs')])}
[0.000965] (state_estimator_msgs) JobStarted: {'identifier': 'state_estimator_msgs'}
[0.008090] (iit_commons) JobStarted: {'identifier': 'iit_commons'}
[0.024626] (state_estimator_msgs) JobProgress: {'identifier': 'state_estimator_msgs', 'progress': 'cmake'}
[0.025707] (state_estimator_msgs) JobProgress: {'identifier': 'state_estimator_msgs', 'progress': 'build'}
[0.026583] (state_estimator_msgs) Command: {'cmd': ['/usr/bin/cmake', '--build', '/root/muse_ws/muse_ros2/muse_ws/build/state_estimator_msgs', '--', '-j12', '-l12'], 'cwd': '/root/muse_ws/muse_ros2/muse_ws/build/state_estimator_msgs', 'env': OrderedDict([('LESSOPEN', '| /usr/bin/lesspipe %s'), ('HOSTNAME', '0fa4e54b97e2'), ('SHLVL', '1'), ('LIBGL_ALWAYS_SOFTWARE', '1'), ('LD_LIBRARY_PATH', '/home/dev_ws/colcon_ws/install/kiss_icp/lib:/opt/ros/humble/opt/rviz_ogre_vendor/lib:/opt/ros/humble/lib/x86_64-linux-gnu:/opt/ros/humble/lib'), ('HOME', '/root'), ('OLDPWD', '/root/muse_ws/muse_ros2'), ('ROS_PYTHON_VERSION', '3'), ('COLCON_PREFIX_PATH', '/home/dev_ws/colcon_ws/install'), ('ROS_DISTRO', 'humble'), ('_', '/usr/bin/colcon'), ('ROS_VERSION', '2'), ('TERM', 'xterm'), ('ROS_LOCALHOST_ONLY', '0'), ('PATH', '/opt/ros/humble/bin:/usr/local/sbin:/usr/local/bin:/usr/sbin:/usr/bin:/sbin:/bin'), ('XDG_RUNTIME_DIR', '/tmp/runtime-root'), ('LANG', 'C.UTF-8'), ('LS_COLORS', 'rs=0:di=01;34:ln=01;36:mh=00:pi=40;33:so=01;35:do=01;35:bd=40;33;01:cd=40;33;01:or=40;31;01:mi=00:su=37;41:sg=30;43:ca=30;41:tw=30;42:ow=34;42:st=37;44:ex=01;32:*.tar=01;31:*.tgz=01;31:*.arc=01;31:*.arj=01;31:*.taz=01;31:*.lha=01;31:*.lz4=01;31:*.lzh=01;31:*.lzma=01;31:*.tlz=01;31:*.txz=01;31:*.tzo=01;31:*.t7z=01;31:*.zip=01;31:*.z=01;31:*.dz=01;31:*.gz=01;31:*.lrz=01;31:*.lz=01;31:*.lzo=01;31:*.xz=01;31:*.zst=01;31:*.tzst=01;31:*.bz2=01;31:*.bz=01;31:*.tbz=01;31:*.tbz2=01;31:*.tz=01;31:*.deb=01;31:*.rpm=01;31:*.jar=01;31:*.war=01;31:*.ear=01;31:*.sar=01;31:*.rar=01;31:*.alz=01;31:*.ace=01;31:*.zoo=01;31:*.cpio=01;31:*.7z=01;31:*.rz=01;31:*.cab=01;31:*.wim=01;31:*.swm=01;31:*.dwm=01;31:*.esd=01;31:*.jpg=01;35:*.jpeg=01;35:*.mjpg=01;35:*.mjpeg=01;35:*.gif=01;35:*.bmp=01;35:*.pbm=01;35:*.pgm=01;35:*.ppm=01;35:*.tga=01;35:*.xbm=01;35:*.xpm=01;35:*.tif=01;35:*.tiff=01;35:*.png=01;35:*.svg=01;35:*.svgz=01;35:*.mng=01;35:*.pcx=01;35:*.mov=01;35:*.mpg=01;35:*.mpeg=01;35:*.m2v=01;35:*.mkv=01;35:*.webm=01;35:*.webp=01;35:*.ogm=01;35:*.mp4=01;35:*.m4v=01;35:*.mp4v=01;35:*.vob=01;35:*.qt=01;35:*.nuv=01;35:*.wmv=01;35:*.asf=01;35:*.rm=01;35:*.rmvb=01;35:*.flc=01;35:*.avi=01;35:*.fli=01;35:*.flv=01;35:*.gl=01;35:*.dl=01;35:*.xcf=01;35:*.xwd=01;35:*.yuv=01;35:*.cgm=01;35:*.emf=01;35:*.ogv=01;35:*.ogx=01;35:*.aac=00;36:*.au=00;36:*.flac=00;36:*.m4a=00;36:*.mid=00;36:*.midi=00;36:*.mka=00;36:*.mp3=00;36:*.mpc=00;36:*.ogg=00;36:*.ra=00;36:*.wav=00;36:*.oga=00;36:*.opus=00;36:*.spx=00;36:*.xspf=00;36:'), ('AMENT_PREFIX_PATH', '/home/dev_ws/colcon_ws/install/kiss_icp:/opt/ros/humble'), ('DEBIAN_FRONTEND', 'noninteractive'), ('LESSCLOSE', '/usr/bin/lesspipe %s %s'), ('PWD', '/root/muse_ws/muse_ros2/muse_ws/build/state_estimator_msgs'), ('LC_ALL', 'C.UTF-8'), ('PYTHONPATH', '/opt/ros/humble/lib/python3.10/site-packages:/opt/ros/humble/local/lib/python3.10/dist-packages'), ('COLCON', '1'), ('CMAKE_PREFIX_PATH', '/home/dev_ws/colcon_ws/install/kiss_icp:/opt/ros/humble')]), 'shell': False}
[0.034091] (iit_commons) JobProgress: {'identifier': 'iit_commons', 'progress': 'cmake'}
[0.034716] (iit_commons) JobProgress: {'identifier': 'iit_commons', 'progress': 'build'}
[0.035464] (iit_commons) Command: {'cmd': ['/usr/bin/cmake', '--build', '/root/muse_ws/muse_ros2/muse_ws/build/iit_commons', '--', '-j12', '-l12'], 'cwd': '/root/muse_ws/muse_ros2/muse_ws/build/iit_commons', 'env': OrderedDict([('LESSOPEN', '| /usr/bin/lesspipe %s'), ('HOSTNAME', '0fa4e54b97e2'), ('SHLVL', '1'), ('LIBGL_ALWAYS_SOFTWARE', '1'), ('LD_LIBRARY_PATH', '/home/dev_ws/colcon_ws/install/kiss_icp/lib:/opt/ros/humble/opt/rviz_ogre_vendor/lib:/opt/ros/humble/lib/x86_64-linux-gnu:/opt/ros/humble/lib'), ('HOME', '/root'), ('OLDPWD', '/root/muse_ws/muse_ros2'), ('ROS_PYTHON_VERSION', '3'), ('COLCON_PREFIX_PATH', '/home/dev_ws/colcon_ws/install'), ('ROS_DISTRO', 'humble'), ('_', '/usr/bin/colcon'), ('ROS_VERSION', '2'), ('TERM', 'xterm'), ('ROS_LOCALHOST_ONLY', '0'), ('PATH', '/opt/ros/humble/bin:/usr/local/sbin:/usr/local/bin:/usr/sbin:/usr/bin:/sbin:/bin'), ('XDG_RUNTIME_DIR', '/tmp/runtime-root'), ('LANG', 'C.UTF-8'), ('LS_COLORS', 'rs=0:di=01;34:ln=01;36:mh=00:pi=40;33:so=01;35:do=01;35:bd=40;33;01:cd=40;33;01:or=40;31;01:mi=00:su=37;41:sg=30;43:ca=30;41:tw=30;42:ow=34;42:st=37;44:ex=01;32:*.tar=01;31:*.tgz=01;31:*.arc=01;31:*.arj=01;31:*.taz=01;31:*.lha=01;31:*.lz4=01;31:*.lzh=01;31:*.lzma=01;31:*.tlz=01;31:*.txz=01;31:*.tzo=01;31:*.t7z=01;31:*.zip=01;31:*.z=01;31:*.dz=01;31:*.gz=01;31:*.lrz=01;31:*.lz=01;31:*.lzo=01;31:*.xz=01;31:*.zst=01;31:*.tzst=01;31:*.bz2=01;31:*.bz=01;31:*.tbz=01;31:*.tbz2=01;31:*.tz=01;31:*.deb=01;31:*.rpm=01;31:*.jar=01;31:*.war=01;31:*.ear=01;31:*.sar=01;31:*.rar=01;31:*.alz=01;31:*.ace=01;31:*.zoo=01;31:*.cpio=01;31:*.7z=01;31:*.rz=01;31:*.cab=01;31:*.wim=01;31:*.swm=01;31:*.dwm=01;31:*.esd=01;31:*.jpg=01;35:*.jpeg=01;35:*.mjpg=01;35:*.mjpeg=01;35:*.gif=01;35:*.bmp=01;35:*.pbm=01;35:*.pgm=01;35:*.ppm=01;35:*.tga=01;35:*.xbm=01;35:*.xpm=01;35:*.tif=01;35:*.tiff=01;35:*.png=01;35:*.svg=01;35:*.svgz=01;35:*.mng=01;35:*.pcx=01;35:*.mov=01;35:*.mpg=01;35:*.mpeg=01;35:*.m2v=01;35:*.mkv=01;35:*.webm=01;35:*.webp=01;35:*.ogm=01;35:*.mp4=01;35:*.m4v=01;35:*.mp4v=01;35:*.vob=01;35:*.qt=01;35:*.nuv=01;35:*.wmv=01;35:*.asf=01;35:*.rm=01;35:*.rmvb=01;35:*.flc=01;35:*.avi=01;35:*.fli=01;35:*.flv=01;35:*.gl=01;35:*.dl=01;35:*.xcf=01;35:*.xwd=01;35:*.yuv=01;35:*.cgm=01;35:*.emf=01;35:*.ogv=01;35:*.ogx=01;35:*.aac=00;36:*.au=00;36:*.flac=00;36:*.m4a=00;36:*.mid=00;36:*.midi=00;36:*.mka=00;36:*.mp3=00;36:*.mpc=00;36:*.ogg=00;36:*.ra=00;36:*.wav=00;36:*.oga=00;36:*.opus=00;36:*.spx=00;36:*.xspf=00;36:'), ('AMENT_PREFIX_PATH', '/home/dev_ws/colcon_ws/install/kiss_icp:/opt/ros/humble'), ('DEBIAN_FRONTEND', 'noninteractive'), ('LESSCLOSE', '/usr/bin/lesspipe %s %s'), ('PWD', '/root/muse_ws/muse_ros2/muse_ws/build/iit_commons'), ('LC_ALL', 'C.UTF-8'), ('PYTHONPATH', '/opt/ros/humble/lib/python3.10/site-packages:/opt/ros/humble/local/lib/python3.10/dist-packages'), ('COLCON', '1'), ('CMAKE_PREFIX_PATH', '/home/dev_ws/colcon_ws/install/kiss_icp:/opt/ros/humble')]), 'shell': False}
[0.099788] (-) TimerEvent: {}
[0.146290] (state_estimator_msgs) StdoutLine: {'line': b'[  0%] Built target state_estimator_msgs__cpp\n'}
[0.180336] (state_estimator_msgs) StdoutLine: {'line': b'[ 12%] Built target state_estimator_msgs__rosidl_generator_c\n'}
[0.186673] (state_estimator_msgs) StdoutLine: {'line': b'[ 12%] Built target ament_cmake_python_copy_state_estimator_msgs\n'}
[0.200351] (-) TimerEvent: {}
[0.201697] (iit_commons) StdoutLine: {'line': b'[ 23%] Built target iitcommons\n'}
[0.202206] (iit_commons) StdoutLine: {'line': b'[ 33%] Built target gtest\n'}
[0.207281] (iit_commons) StdoutLine: {'line': b'[ 42%] Built target gtest_main\n'}
[0.256269] (state_estimator_msgs) StdoutLine: {'line': b'[ 24%] Built target state_estimator_msgs__rosidl_typesupport_cpp\n'}
[0.257154] (state_estimator_msgs) StdoutLine: {'line': b'[ 36%] Built target state_estimator_msgs__rosidl_typesupport_introspection_cpp\n'}
[0.260199] (state_estimator_msgs) StdoutLine: {'line': b'[ 48%] Built target state_estimator_msgs__rosidl_typesupport_fastrtps_cpp\n'}
[0.261332] (iit_commons) StdoutLine: {'line': b'[ 47%] \x1b[32mBuilding CXX object CMakeFiles/vm-test.dir/src/control/testVirtualModel.cpp.o\x1b[0m\n'}
[0.261650] (iit_commons) StdoutLine: {'line': b'[ 52%] \x1b[32mBuilding CXX object CMakeFiles/algebra-test.dir/src/algebra_test.cpp.o\x1b[0m\n'}
[0.277078] (iit_commons) StderrLine: {'line': b'\x1b[01m\x1b[K/root/muse_ws/muse_ros2/muse_ws/src/iit_commons/src/algebra_test.cpp:1:10:\x1b[m\x1b[K \x1b[01;31m\x1b[Kfatal error: \x1b[m\x1b[Kiit/commons/geometry/algebra.h: No such file or directory\n'}
[0.277354] (iit_commons) StderrLine: {'line': b'    1 | #include \x1b[01;31m\x1b[K"iit/commons/geometry/algebra.h"\x1b[m\x1b[K\n'}
[0.277457] (iit_commons) StderrLine: {'line': b'      |          \x1b[01;31m\x1b[K^~~~~~~~~~~~~~~~~~~~~~~~~~~~~~~~\x1b[m\x1b[K\n'}
[0.277531] (iit_commons) StderrLine: {'line': b'compilation terminated.\n'}
[0.277661] (state_estimator_msgs) StdoutLine: {'line': b'[ 72%] Built target state_estimator_msgs__rosidl_typesupport_fastrtps_c\n'}
[0.277830] (iit_commons) StderrLine: {'line': b'gmake[2]: *** [CMakeFiles/algebra-test.dir/build.make:76: CMakeFiles/algebra-test.dir/src/algebra_test.cpp.o] Error 1\n'}
[0.277908] (iit_commons) StderrLine: {'line': b'gmake[1]: *** [CMakeFiles/Makefile2:222: CMakeFiles/algebra-test.dir/all] Error 2\n'}
[0.277975] (iit_commons) StderrLine: {'line': b'gmake[1]: *** Waiting for unfinished jobs....\n'}
[0.280994] (state_estimator_msgs) StdoutLine: {'line': b'[ 72%] Built target state_estimator_msgs__rosidl_typesupport_c\n'}
[0.287116] (iit_commons) StdoutLine: {'line': b'[ 57%] \x1b[32mBuilding CXX object CMakeFiles/legboolmap-test.dir/src/legboolmap_test.cpp.o\x1b[0m\n'}
[0.289033] (iit_commons) StdoutLine: {'line': b'[ 61%] \x1b[32mBuilding CXX object CMakeFiles/filt-test.dir/src/test-filters.cpp.o\x1b[0m\n'}
[0.300494] (-) TimerEvent: {}
[0.308624] (iit_commons) StderrLine: {'line': b'\x1b[01m\x1b[K/root/muse_ws/muse_ros2/muse_ws/src/iit_commons/src/test-filters.cpp:1:10:\x1b[m\x1b[K \x1b[01;31m\x1b[Kfatal error: \x1b[m\x1b[Kiit/commons/filters.h: No such file or directory\n'}
[0.309106] (iit_commons) StderrLine: {'line': b'    1 | #include \x1b[01;31m\x1b[K<iit/commons/filters.h>\x1b[m\x1b[K\n'}
[0.309201] (iit_commons) StderrLine: {'line': b'      |          \x1b[01;31m\x1b[K^~~~~~~~~~~~~~~~~~~~~~~\x1b[m\x1b[K\n'}
[0.309278] (iit_commons) StderrLine: {'line': b'compilation terminated.\n'}
[0.309348] (iit_commons) StderrLine: {'line': b'\x1b[01m\x1b[K/root/muse_ws/muse_ros2/muse_ws/src/iit_commons/src/legboolmap_test.cpp:1:10:\x1b[m\x1b[K \x1b[01;31m\x1b[Kfatal error: \x1b[m\x1b[Kiit/commons/dog/leg_bool_map.h: No such file or directory\n'}
[0.309415] (iit_commons) StderrLine: {'line': b'    1 | #include \x1b[01;31m\x1b[K<iit/commons/dog/leg_bool_map.h>\x1b[m\x1b[K\n'}
[0.309478] (iit_commons) StderrLine: {'line': b'      |          \x1b[01;31m\x1b[K^~~~~~~~~~~~~~~~~~~~~~~~~~~~~~~~\x1b[m\x1b[K\n'}
[0.309539] (iit_commons) StderrLine: {'line': b'compilation terminated.\n'}
[0.310240] (iit_commons) StderrLine: {'line': b'gmake[2]: *** [CMakeFiles/legboolmap-test.dir/build.make:76: CMakeFiles/legboolmap-test.dir/src/legboolmap_test.cpp.o] Error 1\n'}
[0.310355] (iit_commons) StderrLine: {'line': b'gmake[1]: *** [CMakeFiles/Makefile2:278: CMakeFiles/legboolmap-test.dir/all] Error 2\n'}
[0.319564] (iit_commons) StderrLine: {'line': b'gmake[2]: *** [CMakeFiles/filt-test.dir/build.make:76: CMakeFiles/filt-test.dir/src/test-filters.cpp.o] Error 1\n'}
[0.320068] (iit_commons) StderrLine: {'line': b'gmake[1]: *** [CMakeFiles/Makefile2:250: CMakeFiles/filt-test.dir/all] Error 2\n'}
[0.345253] (state_estimator_msgs) StdoutLine: {'line': b'[ 84%] Built target state_estimator_msgs__rosidl_typesupport_introspection_c\n'}
[0.401854] (state_estimator_msgs) StdoutLine: {'line': b'[ 84%] Built target state_estimator_msgs\n'}
[0.402176] (-) TimerEvent: {}
[0.448940] (state_estimator_msgs) StdoutLine: {'line': b'[ 85%] Built target state_estimator_msgs__py\n'}
[0.508537] (-) TimerEvent: {}
[0.531709] (state_estimator_msgs) StdoutLine: {'line': b'[ 96%] Built target state_estimator_msgs__rosidl_generator_py\n'}
[0.564767] (state_estimator_msgs) StdoutLine: {'line': b'running egg_info\n'}
[0.565557] (state_estimator_msgs) StdoutLine: {'line': b'writing state_estimator_msgs.egg-info/PKG-INFO\n'}
[0.565760] (state_estimator_msgs) StdoutLine: {'line': b'writing dependency_links to state_estimator_msgs.egg-info/dependency_links.txt\n'}
[0.565895] (state_estimator_msgs) StdoutLine: {'line': b'writing top-level names to state_estimator_msgs.egg-info/top_level.txt\n'}
[0.568730] (state_estimator_msgs) StdoutLine: {'line': b"reading manifest file 'state_estimator_msgs.egg-info/SOURCES.txt'\n"}
[0.569218] (state_estimator_msgs) StdoutLine: {'line': b"writing manifest file 'state_estimator_msgs.egg-info/SOURCES.txt'\n"}
[0.592639] (state_estimator_msgs) StdoutLine: {'line': b'[ 98%] Built target state_estimator_msgs__rosidl_typesupport_introspection_c__pyext\n'}
[0.593411] (state_estimator_msgs) StdoutLine: {'line': b'[ 99%] Built target state_estimator_msgs__rosidl_typesupport_c__pyext\n'}
[0.596947] (state_estimator_msgs) StdoutLine: {'line': b'[100%] Built target state_estimator_msgs__rosidl_typesupport_fastrtps_c__pyext\n'}
[0.608727] (-) TimerEvent: {}
[0.648085] (state_estimator_msgs) StdoutLine: {'line': b'[100%] Built target ament_cmake_python_build_state_estimator_msgs_egg\n'}
[0.682618] (state_estimator_msgs) CommandEnded: {'returncode': 0}
[0.686070] (state_estimator_msgs) JobProgress: {'identifier': 'state_estimator_msgs', 'progress': 'install'}
[0.708966] (-) TimerEvent: {}
[0.714909] (state_estimator_msgs) Command: {'cmd': ['/usr/bin/cmake', '--install', '/root/muse_ws/muse_ros2/muse_ws/build/state_estimator_msgs'], 'cwd': '/root/muse_ws/muse_ros2/muse_ws/build/state_estimator_msgs', 'env': OrderedDict([('LESSOPEN', '| /usr/bin/lesspipe %s'), ('HOSTNAME', '0fa4e54b97e2'), ('SHLVL', '1'), ('LIBGL_ALWAYS_SOFTWARE', '1'), ('LD_LIBRARY_PATH', '/home/dev_ws/colcon_ws/install/kiss_icp/lib:/opt/ros/humble/opt/rviz_ogre_vendor/lib:/opt/ros/humble/lib/x86_64-linux-gnu:/opt/ros/humble/lib'), ('HOME', '/root'), ('OLDPWD', '/root/muse_ws/muse_ros2'), ('ROS_PYTHON_VERSION', '3'), ('COLCON_PREFIX_PATH', '/home/dev_ws/colcon_ws/install'), ('ROS_DISTRO', 'humble'), ('_', '/usr/bin/colcon'), ('ROS_VERSION', '2'), ('TERM', 'xterm'), ('ROS_LOCALHOST_ONLY', '0'), ('PATH', '/opt/ros/humble/bin:/usr/local/sbin:/usr/local/bin:/usr/sbin:/usr/bin:/sbin:/bin'), ('XDG_RUNTIME_DIR', '/tmp/runtime-root'), ('LANG', 'C.UTF-8'), ('LS_COLORS', 'rs=0:di=01;34:ln=01;36:mh=00:pi=40;33:so=01;35:do=01;35:bd=40;33;01:cd=40;33;01:or=40;31;01:mi=00:su=37;41:sg=30;43:ca=30;41:tw=30;42:ow=34;42:st=37;44:ex=01;32:*.tar=01;31:*.tgz=01;31:*.arc=01;31:*.arj=01;31:*.taz=01;31:*.lha=01;31:*.lz4=01;31:*.lzh=01;31:*.lzma=01;31:*.tlz=01;31:*.txz=01;31:*.tzo=01;31:*.t7z=01;31:*.zip=01;31:*.z=01;31:*.dz=01;31:*.gz=01;31:*.lrz=01;31:*.lz=01;31:*.lzo=01;31:*.xz=01;31:*.zst=01;31:*.tzst=01;31:*.bz2=01;31:*.bz=01;31:*.tbz=01;31:*.tbz2=01;31:*.tz=01;31:*.deb=01;31:*.rpm=01;31:*.jar=01;31:*.war=01;31:*.ear=01;31:*.sar=01;31:*.rar=01;31:*.alz=01;31:*.ace=01;31:*.zoo=01;31:*.cpio=01;31:*.7z=01;31:*.rz=01;31:*.cab=01;31:*.wim=01;31:*.swm=01;31:*.dwm=01;31:*.esd=01;31:*.jpg=01;35:*.jpeg=01;35:*.mjpg=01;35:*.mjpeg=01;35:*.gif=01;35:*.bmp=01;35:*.pbm=01;35:*.pgm=01;35:*.ppm=01;35:*.tga=01;35:*.xbm=01;35:*.xpm=01;35:*.tif=01;35:*.tiff=01;35:*.png=01;35:*.svg=01;35:*.svgz=01;35:*.mng=01;35:*.pcx=01;35:*.mov=01;35:*.mpg=01;35:*.mpeg=01;35:*.m2v=01;35:*.mkv=01;35:*.webm=01;35:*.webp=01;35:*.ogm=01;35:*.mp4=01;35:*.m4v=01;35:*.mp4v=01;35:*.vob=01;35:*.qt=01;35:*.nuv=01;35:*.wmv=01;35:*.asf=01;35:*.rm=01;35:*.rmvb=01;35:*.flc=01;35:*.avi=01;35:*.fli=01;35:*.flv=01;35:*.gl=01;35:*.dl=01;35:*.xcf=01;35:*.xwd=01;35:*.yuv=01;35:*.cgm=01;35:*.emf=01;35:*.ogv=01;35:*.ogx=01;35:*.aac=00;36:*.au=00;36:*.flac=00;36:*.m4a=00;36:*.mid=00;36:*.midi=00;36:*.mka=00;36:*.mp3=00;36:*.mpc=00;36:*.ogg=00;36:*.ra=00;36:*.wav=00;36:*.oga=00;36:*.opus=00;36:*.spx=00;36:*.xspf=00;36:'), ('AMENT_PREFIX_PATH', '/home/dev_ws/colcon_ws/install/kiss_icp:/opt/ros/humble'), ('DEBIAN_FRONTEND', 'noninteractive'), ('LESSCLOSE', '/usr/bin/lesspipe %s %s'), ('PWD', '/root/muse_ws/muse_ros2/muse_ws/build/state_estimator_msgs'), ('LC_ALL', 'C.UTF-8'), ('PYTHONPATH', '/opt/ros/humble/lib/python3.10/site-packages:/opt/ros/humble/local/lib/python3.10/dist-packages'), ('COLCON', '1'), ('CMAKE_PREFIX_PATH', '/home/dev_ws/colcon_ws/install/kiss_icp:/opt/ros/humble')]), 'shell': False}
[0.734572] (state_estimator_msgs) StdoutLine: {'line': b'-- Install configuration: ""\n'}
[0.734927] (state_estimator_msgs) StdoutLine: {'line': b'-- Up-to-date: /root/muse_ws/muse_ros2/muse_ws/install/state_estimator_msgs/share/ament_index/resource_index/rosidl_interfaces/state_estimator_msgs\n'}
[0.735050] (state_estimator_msgs) StdoutLine: {'line': b'-- Up-to-date: /root/muse_ws/muse_ros2/muse_ws/install/state_estimator_msgs/include/state_estimator_msgs/state_estimator_msgs\n'}
[0.735192] (state_estimator_msgs) StdoutLine: {'line': b'-- Up-to-date: /root/muse_ws/muse_ros2/muse_ws/install/state_estimator_msgs/include/state_estimator_msgs/state_estimator_msgs/srv\n'}
[0.737776] (state_estimator_msgs) StdoutLine: {'line': b'-- Up-to-date: /root/muse_ws/muse_ros2/muse_ws/install/state_estimator_msgs/include/state_estimator_msgs/state_estimator_msgs/srv/get_blacklist.h\n'}
[0.738076] (state_estimator_msgs) StdoutLine: {'line': b'-- Up-to-date: /root/muse_ws/muse_ros2/muse_ws/install/state_estimator_msgs/include/state_estimator_msgs/state_estimator_msgs/srv/reset_estimator.h\n'}
[0.738211] (state_estimator_msgs) StdoutLine: {'line': b'-- Up-to-date: /root/muse_ws/muse_ros2/muse_ws/install/state_estimator_msgs/include/state_estimator_msgs/state_estimator_msgs/srv/stop_estimator.h\n'}
[0.738323] (state_estimator_msgs) StdoutLine: {'line': b'-- Up-to-date: /root/muse_ws/muse_ros2/muse_ws/install/state_estimator_msgs/include/state_estimator_msgs/state_estimator_msgs/srv/restart_estimator.h\n'}
[0.738452] (state_estimator_msgs) StdoutLine: {'line': b'-- Up-to-date: /root/muse_ws/muse_ros2/muse_ws/install/state_estimator_msgs/include/state_estimator_msgs/state_estimator_msgs/srv/get_whitelist.h\n'}
[0.738561] (state_estimator_msgs) StdoutLine: {'line': b'-- Up-to-date: /root/muse_ws/muse_ros2/muse_ws/install/state_estimator_msgs/include/state_estimator_msgs/state_estimator_msgs/srv/detail\n'}
[0.738667] (state_estimator_msgs) StdoutLine: {'line': b'-- Up-to-date: /root/muse_ws/muse_ros2/muse_ws/install/state_estimator_msgs/include/state_estimator_msgs/state_estimator_msgs/srv/detail/get_estimator_description__functions.c\n'}
[0.756972] (state_estimator_msgs) StdoutLine: {'line': b'-- Up-to-date: /root/muse_ws/muse_ros2/muse_ws/install/state_estimator_msgs/include/state_estimator_msgs/state_estimator_msgs/srv/detail/resume_estimator__functions.c\n'}
[0.757203] (state_estimator_msgs) StdoutLine: {'line': b'-- Up-to-date: /root/muse_ws/muse_ros2/muse_ws/install/state_estimator_msgs/include/state_estimator_msgs/state_estimator_msgs/srv/detail/reset_estimator__struct.h\n'}
[0.757317] (state_estimator_msgs) StdoutLine: {'line': b'-- Up-to-date: /root/muse_ws/muse_ros2/muse_ws/install/state_estimator_msgs/include/state_estimator_msgs/state_estimator_msgs/srv/detail/get_active_estimators__functions.h\n'}
[0.757534] (state_estimator_msgs) StdoutLine: {'line': b'-- Up-to-date: /root/muse_ws/muse_ros2/muse_ws/install/state_estimator_msgs/include/state_estimator_msgs/state_estimator_msgs/srv/detail/get_whitelist__functions.h\n'}
[0.757746] (state_estimator_msgs) StdoutLine: {'line': b'-- Up-to-date: /root/muse_ws/muse_ros2/muse_ws/install/state_estimator_msgs/include/state_estimator_msgs/state_estimator_msgs/srv/detail/pause_estimator__type_support.h\n'}
[0.758038] (state_estimator_msgs) StdoutLine: {'line': b'-- Up-to-date: /root/muse_ws/muse_ros2/muse_ws/install/state_estimator_msgs/include/state_estimator_msgs/state_estimator_msgs/srv/detail/stop_estimator__functions.c\n'}
[0.758157] (state_estimator_msgs) StdoutLine: {'line': b'-- Up-to-date: /root/muse_ws/muse_ros2/muse_ws/install/state_estimator_msgs/include/state_estimator_msgs/state_estimator_msgs/srv/detail/get_estimator_description__functions.h\n'}
[0.758334] (state_estimator_msgs) StdoutLine: {'line': b'-- Up-to-date: /root/muse_ws/muse_ros2/muse_ws/install/state_estimator_msgs/include/state_estimator_msgs/state_estimator_msgs/srv/detail/start_estimator__functions.c\n'}
[0.758708] (state_estimator_msgs) StdoutLine: {'line': b'-- Up-to-date: /root/muse_ws/muse_ros2/muse_ws/install/state_estimator_msgs/include/state_estimator_msgs/state_estimator_msgs/srv/detail/start_estimator__functions.h\n'}
[0.758873] (state_estimator_msgs) StdoutLine: {'line': b'-- Up-to-date: /root/muse_ws/muse_ros2/muse_ws/install/state_estimator_msgs/include/state_estimator_msgs/state_estimator_msgs/srv/detail/resume_estimator__functions.h\n'}
[0.759033] (state_estimator_msgs) StdoutLine: {'line': b'-- Up-to-date: /root/muse_ws/muse_ros2/muse_ws/install/state_estimator_msgs/include/state_estimator_msgs/state_estimator_msgs/srv/detail/get_blacklist__functions.c\n'}
[0.759200] (state_estimator_msgs) StdoutLine: {'line': b'-- Up-to-date: /root/muse_ws/muse_ros2/muse_ws/install/state_estimator_msgs/include/state_estimator_msgs/state_estimator_msgs/srv/detail/get_blacklist__struct.h\n'}
[0.759517] (state_estimator_msgs) StdoutLine: {'line': b'-- Up-to-date: /root/muse_ws/muse_ros2/muse_ws/install/state_estimator_msgs/include/state_estimator_msgs/state_estimator_msgs/srv/detail/reset_estimator__functions.c\n'}
[0.759736] (state_estimator_msgs) StdoutLine: {'line': b'-- Up-to-date: /root/muse_ws/muse_ros2/muse_ws/install/state_estimator_msgs/include/state_estimator_msgs/state_estimator_msgs/srv/detail/pause_estimator__functions.c\n'}
[0.760100] (state_estimator_msgs) StdoutLine: {'line': b'-- Up-to-date: /root/muse_ws/muse_ros2/muse_ws/install/state_estimator_msgs/include/state_estimator_msgs/state_estimator_msgs/srv/detail/get_whitelist__functions.c\n'}
[0.760411] (state_estimator_msgs) StdoutLine: {'line': b'-- Up-to-date: /root/muse_ws/muse_ros2/muse_ws/install/state_estimator_msgs/include/state_estimator_msgs/state_estimator_msgs/srv/detail/list_all_estimators__type_support.h\n'}
[0.760731] (state_estimator_msgs) StdoutLine: {'line': b'-- Up-to-date: /root/muse_ws/muse_ros2/muse_ws/install/state_estimator_msgs/include/state_estimator_msgs/state_estimator_msgs/srv/detail/get_active_estimators__type_support.h\n'}
[0.762122] (state_estimator_msgs) StdoutLine: {'line': b'-- Up-to-date: /root/muse_ws/muse_ros2/muse_ws/install/state_estimator_msgs/include/state_estimator_msgs/state_estimator_msgs/srv/detail/reset_estimator__type_support.h\n'}
[0.762222] (state_estimator_msgs) StdoutLine: {'line': b'-- Up-to-date: /root/muse_ws/muse_ros2/muse_ws/install/state_estimator_msgs/include/state_estimator_msgs/state_estimator_msgs/srv/detail/reset_estimator__functions.h\n'}
[0.762328] (state_estimator_msgs) StdoutLine: {'line': b'-- Up-to-date: /root/muse_ws/muse_ros2/muse_ws/install/state_estimator_msgs/include/state_estimator_msgs/state_estimator_msgs/srv/detail/restart_estimator__functions.h\n'}
[0.762411] (state_estimator_msgs) StdoutLine: {'line': b'-- Up-to-date: /root/muse_ws/muse_ros2/muse_ws/install/state_estimator_msgs/include/state_estimator_msgs/state_estimator_msgs/srv/detail/get_blacklist__functions.h\n'}
[0.762488] (state_estimator_msgs) StdoutLine: {'line': b'-- Up-to-date: /root/muse_ws/muse_ros2/muse_ws/install/state_estimator_msgs/include/state_estimator_msgs/state_estimator_msgs/srv/detail/get_blacklist__type_support.h\n'}
[0.763082] (state_estimator_msgs) StdoutLine: {'line': b'-- Up-to-date: /root/muse_ws/muse_ros2/muse_ws/install/state_estimator_msgs/include/state_estimator_msgs/state_estimator_msgs/srv/detail/list_all_estimators__struct.h\n'}
[0.763188] (state_estimator_msgs) StdoutLine: {'line': b'-- Up-to-date: /root/muse_ws/muse_ros2/muse_ws/install/state_estimator_msgs/include/state_estimator_msgs/state_estimator_msgs/srv/detail/pause_estimator__struct.h\n'}
[0.763267] (state_estimator_msgs) StdoutLine: {'line': b'-- Up-to-date: /root/muse_ws/muse_ros2/muse_ws/install/state_estimator_msgs/include/state_estimator_msgs/state_estimator_msgs/srv/detail/restart_estimator__functions.c\n'}
[0.763647] (state_estimator_msgs) StdoutLine: {'line': b'-- Up-to-date: /root/muse_ws/muse_ros2/muse_ws/install/state_estimator_msgs/include/state_estimator_msgs/state_estimator_msgs/srv/detail/resume_estimator__type_support.h\n'}
[0.763843] (state_estimator_msgs) StdoutLine: {'line': b'-- Up-to-date: /root/muse_ws/muse_ros2/muse_ws/install/state_estimator_msgs/include/state_estimator_msgs/state_estimator_msgs/srv/detail/start_estimator__type_support.h\n'}
[0.763957] (state_estimator_msgs) StdoutLine: {'line': b'-- Up-to-date: /root/muse_ws/muse_ros2/muse_ws/install/state_estimator_msgs/include/state_estimator_msgs/state_estimator_msgs/srv/detail/pause_estimator__functions.h\n'}
[0.764042] (state_estimator_msgs) StdoutLine: {'line': b'-- Up-to-date: /root/muse_ws/muse_ros2/muse_ws/install/state_estimator_msgs/include/state_estimator_msgs/state_estimator_msgs/srv/detail/list_all_estimators__functions.c\n'}
[0.764117] (state_estimator_msgs) StdoutLine: {'line': b'-- Up-to-date: /root/muse_ws/muse_ros2/muse_ws/install/state_estimator_msgs/include/state_estimator_msgs/state_estimator_msgs/srv/detail/stop_estimator__type_support.h\n'}
[0.764189] (state_estimator_msgs) StdoutLine: {'line': b'-- Up-to-date: /root/muse_ws/muse_ros2/muse_ws/install/state_estimator_msgs/include/state_estimator_msgs/state_estimator_msgs/srv/detail/start_estimator__struct.h\n'}
[0.764262] (state_estimator_msgs) StdoutLine: {'line': b'-- Up-to-date: /root/muse_ws/muse_ros2/muse_ws/install/state_estimator_msgs/include/state_estimator_msgs/state_estimator_msgs/srv/detail/get_active_estimators__functions.c\n'}
[0.764392] (state_estimator_msgs) StdoutLine: {'line': b'-- Up-to-date: /root/muse_ws/muse_ros2/muse_ws/install/state_estimator_msgs/include/state_estimator_msgs/state_estimator_msgs/srv/detail/resume_estimator__struct.h\n'}
[0.764525] (state_estimator_msgs) StdoutLine: {'line': b'-- Up-to-date: /root/muse_ws/muse_ros2/muse_ws/install/state_estimator_msgs/include/state_estimator_msgs/state_estimator_msgs/srv/detail/get_active_estimators__struct.h\n'}
[0.764641] (state_estimator_msgs) StdoutLine: {'line': b'-- Up-to-date: /root/muse_ws/muse_ros2/muse_ws/install/state_estimator_msgs/include/state_estimator_msgs/state_estimator_msgs/srv/detail/get_estimator_description__struct.h\n'}
[0.764772] (state_estimator_msgs) StdoutLine: {'line': b'-- Up-to-date: /root/muse_ws/muse_ros2/muse_ws/install/state_estimator_msgs/include/state_estimator_msgs/state_estimator_msgs/srv/detail/get_whitelist__struct.h\n'}
[0.764851] (state_estimator_msgs) StdoutLine: {'line': b'-- Up-to-date: /root/muse_ws/muse_ros2/muse_ws/install/state_estimator_msgs/include/state_estimator_msgs/state_estimator_msgs/srv/detail/stop_estimator__functions.h\n'}
[0.764925] (state_estimator_msgs) StdoutLine: {'line': b'-- Up-to-date: /root/muse_ws/muse_ros2/muse_ws/install/state_estimator_msgs/include/state_estimator_msgs/state_estimator_msgs/srv/detail/restart_estimator__type_support.h\n'}
[0.765000] (state_estimator_msgs) StdoutLine: {'line': b'-- Up-to-date: /root/muse_ws/muse_ros2/muse_ws/install/state_estimator_msgs/include/state_estimator_msgs/state_estimator_msgs/srv/detail/get_estimator_description__type_support.h\n'}
[0.765071] (state_estimator_msgs) StdoutLine: {'line': b'-- Up-to-date: /root/muse_ws/muse_ros2/muse_ws/install/state_estimator_msgs/include/state_estimator_msgs/state_estimator_msgs/srv/detail/restart_estimator__struct.h\n'}
[0.765142] (state_estimator_msgs) StdoutLine: {'line': b'-- Up-to-date: /root/muse_ws/muse_ros2/muse_ws/install/state_estimator_msgs/include/state_estimator_msgs/state_estimator_msgs/srv/detail/stop_estimator__struct.h\n'}
[0.765215] (state_estimator_msgs) StdoutLine: {'line': b'-- Up-to-date: /root/muse_ws/muse_ros2/muse_ws/install/state_estimator_msgs/include/state_estimator_msgs/state_estimator_msgs/srv/detail/list_all_estimators__functions.h\n'}
[0.765287] (state_estimator_msgs) StdoutLine: {'line': b'-- Up-to-date: /root/muse_ws/muse_ros2/muse_ws/install/state_estimator_msgs/include/state_estimator_msgs/state_estimator_msgs/srv/detail/get_whitelist__type_support.h\n'}
[0.765357] (state_estimator_msgs) StdoutLine: {'line': b'-- Up-to-date: /root/muse_ws/muse_ros2/muse_ws/install/state_estimator_msgs/include/state_estimator_msgs/state_estimator_msgs/srv/get_active_estimators.h\n'}
[0.765443] (state_estimator_msgs) StdoutLine: {'line': b'-- Up-to-date: /root/muse_ws/muse_ros2/muse_ws/install/state_estimator_msgs/include/state_estimator_msgs/state_estimator_msgs/srv/resume_estimator.h\n'}
[0.765519] (state_estimator_msgs) StdoutLine: {'line': b'-- Up-to-date: /root/muse_ws/muse_ros2/muse_ws/install/state_estimator_msgs/include/state_estimator_msgs/state_estimator_msgs/srv/start_estimator.h\n'}
[0.765590] (state_estimator_msgs) StdoutLine: {'line': b'-- Up-to-date: /root/muse_ws/muse_ros2/muse_ws/install/state_estimator_msgs/include/state_estimator_msgs/state_estimator_msgs/srv/get_estimator_description.h\n'}
[0.765661] (state_estimator_msgs) StdoutLine: {'line': b'-- Up-to-date: /root/muse_ws/muse_ros2/muse_ws/install/state_estimator_msgs/include/state_estimator_msgs/state_estimator_msgs/srv/pause_estimator.h\n'}
[0.765742] (state_estimator_msgs) StdoutLine: {'line': b'-- Up-to-date: /root/muse_ws/muse_ros2/muse_ws/install/state_estimator_msgs/include/state_estimator_msgs/state_estimator_msgs/srv/list_all_estimators.h\n'}
[0.765816] (state_estimator_msgs) StdoutLine: {'line': b'-- Up-to-date: /root/muse_ws/muse_ros2/muse_ws/install/state_estimator_msgs/include/state_estimator_msgs/state_estimator_msgs/msg\n'}
[0.765887] (state_estimator_msgs) StdoutLine: {'line': b'-- Up-to-date: /root/muse_ws/muse_ros2/muse_ws/install/state_estimator_msgs/include/state_estimator_msgs/state_estimator_msgs/msg/sensor_fusion.h\n'}
[0.765956] (state_estimator_msgs) StdoutLine: {'line': b'-- Up-to-date: /root/muse_ws/muse_ros2/muse_ws/install/state_estimator_msgs/include/state_estimator_msgs/state_estimator_msgs/msg/detail\n'}
[0.766049] (state_estimator_msgs) StdoutLine: {'line': b'-- Up-to-date: /root/muse_ws/muse_ros2/muse_ws/install/state_estimator_msgs/include/state_estimator_msgs/state_estimator_msgs/msg/detail/attitude__type_support.h\n'}
[0.766126] (state_estimator_msgs) StdoutLine: {'line': b'-- Up-to-date: /root/muse_ws/muse_ros2/muse_ws/install/state_estimator_msgs/include/state_estimator_msgs/state_estimator_msgs/msg/detail/sensor_fusion__struct.h\n'}
[0.766195] (state_estimator_msgs) StdoutLine: {'line': b'-- Up-to-date: /root/muse_ws/muse_ros2/muse_ws/install/state_estimator_msgs/include/state_estimator_msgs/state_estimator_msgs/msg/detail/attitude__struct.h\n'}
[0.766262] (state_estimator_msgs) StdoutLine: {'line': b'-- Up-to-date: /root/muse_ws/muse_ros2/muse_ws/install/state_estimator_msgs/include/state_estimator_msgs/state_estimator_msgs/msg/detail/joint_state_with_acceleration__functions.c\n'}
[0.766332] (state_estimator_msgs) StdoutLine: {'line': b'-- Up-to-date: /root/muse_ws/muse_ros2/muse_ws/install/state_estimator_msgs/include/state_estimator_msgs/state_estimator_msgs/msg/detail/contact_detection__struct.h\n'}
[0.766403] (state_estimator_msgs) StdoutLine: {'line': b'-- Up-to-date: /root/muse_ws/muse_ros2/muse_ws/install/state_estimator_msgs/include/state_estimator_msgs/state_estimator_msgs/msg/detail/attitude__functions.h\n'}
[0.766498] (state_estimator_msgs) StdoutLine: {'line': b'-- Up-to-date: /root/muse_ws/muse_ros2/muse_ws/install/state_estimator_msgs/include/state_estimator_msgs/state_estimator_msgs/msg/detail/sensor_fusion__type_support.h\n'}
[0.766587] (state_estimator_msgs) StdoutLine: {'line': b'-- Up-to-date: /root/muse_ws/muse_ros2/muse_ws/install/state_estimator_msgs/include/state_estimator_msgs/state_estimator_msgs/msg/detail/contact_detection__functions.c\n'}
[0.766686] (state_estimator_msgs) StdoutLine: {'line': b'-- Up-to-date: /root/muse_ws/muse_ros2/muse_ws/install/state_estimator_msgs/include/state_estimator_msgs/state_estimator_msgs/msg/detail/attitude__functions.c\n'}
[0.766838] (state_estimator_msgs) StdoutLine: {'line': b'-- Up-to-date: /root/muse_ws/muse_ros2/muse_ws/install/state_estimator_msgs/include/state_estimator_msgs/state_estimator_msgs/msg/detail/contact_detection__type_support.h\n'}
[0.766928] (state_estimator_msgs) StdoutLine: {'line': b'-- Up-to-date: /root/muse_ws/muse_ros2/muse_ws/install/state_estimator_msgs/include/state_estimator_msgs/state_estimator_msgs/msg/detail/sensor_fusion__functions.c\n'}
[0.767110] (state_estimator_msgs) StdoutLine: {'line': b'-- Up-to-date: /root/muse_ws/muse_ros2/muse_ws/install/state_estimator_msgs/include/state_estimator_msgs/state_estimator_msgs/msg/detail/contact_detection__functions.h\n'}
[0.767191] (state_estimator_msgs) StdoutLine: {'line': b'-- Up-to-date: /root/muse_ws/muse_ros2/muse_ws/install/state_estimator_msgs/include/state_estimator_msgs/state_estimator_msgs/msg/detail/sensor_fusion__functions.h\n'}
[0.767265] (state_estimator_msgs) StdoutLine: {'line': b'-- Up-to-date: /root/muse_ws/muse_ros2/muse_ws/install/state_estimator_msgs/include/state_estimator_msgs/state_estimator_msgs/msg/detail/joint_state_with_acceleration__functions.h\n'}
[0.767339] (state_estimator_msgs) StdoutLine: {'line': b'-- Up-to-date: /root/muse_ws/muse_ros2/muse_ws/install/state_estimator_msgs/include/state_estimator_msgs/state_estimator_msgs/msg/detail/leg_odometry__type_support.h\n'}
[0.767410] (state_estimator_msgs) StdoutLine: {'line': b'-- Up-to-date: /root/muse_ws/muse_ros2/muse_ws/install/state_estimator_msgs/include/state_estimator_msgs/state_estimator_msgs/msg/detail/joint_state_with_acceleration__type_support.h\n'}
[0.767482] (state_estimator_msgs) StdoutLine: {'line': b'-- Up-to-date: /root/muse_ws/muse_ros2/muse_ws/install/state_estimator_msgs/include/state_estimator_msgs/state_estimator_msgs/msg/detail/joint_state_with_acceleration__struct.h\n'}
[0.767553] (state_estimator_msgs) StdoutLine: {'line': b'-- Up-to-date: /root/muse_ws/muse_ros2/muse_ws/install/state_estimator_msgs/include/state_estimator_msgs/state_estimator_msgs/msg/detail/leg_odometry__functions.c\n'}
[0.767624] (state_estimator_msgs) StdoutLine: {'line': b'-- Up-to-date: /root/muse_ws/muse_ros2/muse_ws/install/state_estimator_msgs/include/state_estimator_msgs/state_estimator_msgs/msg/detail/leg_odometry__struct.h\n'}
[0.767693] (state_estimator_msgs) StdoutLine: {'line': b'-- Up-to-date: /root/muse_ws/muse_ros2/muse_ws/install/state_estimator_msgs/include/state_estimator_msgs/state_estimator_msgs/msg/detail/leg_odometry__functions.h\n'}
[0.767782] (state_estimator_msgs) StdoutLine: {'line': b'-- Up-to-date: /root/muse_ws/muse_ros2/muse_ws/install/state_estimator_msgs/include/state_estimator_msgs/state_estimator_msgs/msg/joint_state_with_acceleration.h\n'}
[0.767864] (state_estimator_msgs) StdoutLine: {'line': b'-- Up-to-date: /root/muse_ws/muse_ros2/muse_ws/install/state_estimator_msgs/include/state_estimator_msgs/state_estimator_msgs/msg/leg_odometry.h\n'}
[0.767938] (state_estimator_msgs) StdoutLine: {'line': b'-- Up-to-date: /root/muse_ws/muse_ros2/muse_ws/install/state_estimator_msgs/include/state_estimator_msgs/state_estimator_msgs/msg/rosidl_generator_c__visibility_control.h\n'}
[0.768008] (state_estimator_msgs) StdoutLine: {'line': b'-- Up-to-date: /root/muse_ws/muse_ros2/muse_ws/install/state_estimator_msgs/include/state_estimator_msgs/state_estimator_msgs/msg/contact_detection.h\n'}
[0.768271] (state_estimator_msgs) StdoutLine: {'line': b'-- Up-to-date: /root/muse_ws/muse_ros2/muse_ws/install/state_estimator_msgs/include/state_estimator_msgs/state_estimator_msgs/msg/attitude.h\n'}
[0.768655] (state_estimator_msgs) StdoutLine: {'line': b'-- Up-to-date: /root/muse_ws/muse_ros2/muse_ws/install/state_estimator_msgs/share/state_estimator_msgs/environment/library_path.sh\n'}
[0.768842] (state_estimator_msgs) StdoutLine: {'line': b'-- Up-to-date: /root/muse_ws/muse_ros2/muse_ws/install/state_estimator_msgs/share/state_estimator_msgs/environment/library_path.dsv\n'}
[0.768922] (state_estimator_msgs) StdoutLine: {'line': b'-- Up-to-date: /root/muse_ws/muse_ros2/muse_ws/install/state_estimator_msgs/lib/libstate_estimator_msgs__rosidl_generator_c.so\n'}
[0.769008] (state_estimator_msgs) StdoutLine: {'line': b'-- Up-to-date: /root/muse_ws/muse_ros2/muse_ws/install/state_estimator_msgs/include/state_estimator_msgs/state_estimator_msgs\n'}
[0.769078] (state_estimator_msgs) StdoutLine: {'line': b'-- Up-to-date: /root/muse_ws/muse_ros2/muse_ws/install/state_estimator_msgs/include/state_estimator_msgs/state_estimator_msgs/srv\n'}
[0.769159] (state_estimator_msgs) StdoutLine: {'line': b'-- Up-to-date: /root/muse_ws/muse_ros2/muse_ws/install/state_estimator_msgs/include/state_estimator_msgs/state_estimator_msgs/srv/detail\n'}
[0.769227] (state_estimator_msgs) StdoutLine: {'line': b'-- Up-to-date: /root/muse_ws/muse_ros2/muse_ws/install/state_estimator_msgs/include/state_estimator_msgs/state_estimator_msgs/srv/detail/resume_estimator__rosidl_typesupport_fastrtps_c.h\n'}
[0.769365] (state_estimator_msgs) StdoutLine: {'line': b'-- Up-to-date: /root/muse_ws/muse_ros2/muse_ws/install/state_estimator_msgs/include/state_estimator_msgs/state_estimator_msgs/srv/detail/stop_estimator__rosidl_typesupport_fastrtps_c.h\n'}
[0.769440] (state_estimator_msgs) StdoutLine: {'line': b'-- Up-to-date: /root/muse_ws/muse_ros2/muse_ws/install/state_estimator_msgs/include/state_estimator_msgs/state_estimator_msgs/srv/detail/get_whitelist__rosidl_typesupport_fastrtps_c.h\n'}
[0.769507] (state_estimator_msgs) StdoutLine: {'line': b'-- Up-to-date: /root/muse_ws/muse_ros2/muse_ws/install/state_estimator_msgs/include/state_estimator_msgs/state_estimator_msgs/srv/detail/list_all_estimators__rosidl_typesupport_fastrtps_c.h\n'}
[0.769569] (state_estimator_msgs) StdoutLine: {'line': b'-- Up-to-date: /root/muse_ws/muse_ros2/muse_ws/install/state_estimator_msgs/include/state_estimator_msgs/state_estimator_msgs/srv/detail/pause_estimator__rosidl_typesupport_fastrtps_c.h\n'}
[0.769634] (state_estimator_msgs) StdoutLine: {'line': b'-- Up-to-date: /root/muse_ws/muse_ros2/muse_ws/install/state_estimator_msgs/include/state_estimator_msgs/state_estimator_msgs/srv/detail/start_estimator__rosidl_typesupport_fastrtps_c.h\n'}
[0.769701] (state_estimator_msgs) StdoutLine: {'line': b'-- Up-to-date: /root/muse_ws/muse_ros2/muse_ws/install/state_estimator_msgs/include/state_estimator_msgs/state_estimator_msgs/srv/detail/reset_estimator__rosidl_typesupport_fastrtps_c.h\n'}
[0.769764] (state_estimator_msgs) StdoutLine: {'line': b'-- Up-to-date: /root/muse_ws/muse_ros2/muse_ws/install/state_estimator_msgs/include/state_estimator_msgs/state_estimator_msgs/srv/detail/get_active_estimators__rosidl_typesupport_fastrtps_c.h\n'}
[0.769882] (state_estimator_msgs) StdoutLine: {'line': b'-- Up-to-date: /root/muse_ws/muse_ros2/muse_ws/install/state_estimator_msgs/include/state_estimator_msgs/state_estimator_msgs/srv/detail/get_blacklist__rosidl_typesupport_fastrtps_c.h\n'}
[0.769955] (state_estimator_msgs) StdoutLine: {'line': b'-- Up-to-date: /root/muse_ws/muse_ros2/muse_ws/install/state_estimator_msgs/include/state_estimator_msgs/state_estimator_msgs/srv/detail/restart_estimator__rosidl_typesupport_fastrtps_c.h\n'}
[0.770025] (state_estimator_msgs) StdoutLine: {'line': b'-- Up-to-date: /root/muse_ws/muse_ros2/muse_ws/install/state_estimator_msgs/include/state_estimator_msgs/state_estimator_msgs/srv/detail/get_estimator_description__rosidl_typesupport_fastrtps_c.h\n'}
[0.770091] (state_estimator_msgs) StdoutLine: {'line': b'-- Up-to-date: /root/muse_ws/muse_ros2/muse_ws/install/state_estimator_msgs/include/state_estimator_msgs/state_estimator_msgs/msg\n'}
[0.770156] (state_estimator_msgs) StdoutLine: {'line': b'-- Up-to-date: /root/muse_ws/muse_ros2/muse_ws/install/state_estimator_msgs/include/state_estimator_msgs/state_estimator_msgs/msg/detail\n'}
[0.770226] (state_estimator_msgs) StdoutLine: {'line': b'-- Up-to-date: /root/muse_ws/muse_ros2/muse_ws/install/state_estimator_msgs/include/state_estimator_msgs/state_estimator_msgs/msg/detail/sensor_fusion__rosidl_typesupport_fastrtps_c.h\n'}
[0.770297] (state_estimator_msgs) StdoutLine: {'line': b'-- Up-to-date: /root/muse_ws/muse_ros2/muse_ws/install/state_estimator_msgs/include/state_estimator_msgs/state_estimator_msgs/msg/detail/joint_state_with_acceleration__rosidl_typesupport_fastrtps_c.h\n'}
[0.770406] (state_estimator_msgs) StdoutLine: {'line': b'-- Up-to-date: /root/muse_ws/muse_ros2/muse_ws/install/state_estimator_msgs/include/state_estimator_msgs/state_estimator_msgs/msg/detail/attitude__rosidl_typesupport_fastrtps_c.h\n'}
[0.770490] (state_estimator_msgs) StdoutLine: {'line': b'-- Up-to-date: /root/muse_ws/muse_ros2/muse_ws/install/state_estimator_msgs/include/state_estimator_msgs/state_estimator_msgs/msg/detail/contact_detection__rosidl_typesupport_fastrtps_c.h\n'}
[0.770556] (state_estimator_msgs) StdoutLine: {'line': b'-- Up-to-date: /root/muse_ws/muse_ros2/muse_ws/install/state_estimator_msgs/include/state_estimator_msgs/state_estimator_msgs/msg/detail/leg_odometry__rosidl_typesupport_fastrtps_c.h\n'}
[0.770634] (state_estimator_msgs) StdoutLine: {'line': b'-- Up-to-date: /root/muse_ws/muse_ros2/muse_ws/install/state_estimator_msgs/include/state_estimator_msgs/state_estimator_msgs/msg/rosidl_typesupport_fastrtps_c__visibility_control.h\n'}
[0.770717] (state_estimator_msgs) StdoutLine: {'line': b'-- Up-to-date: /root/muse_ws/muse_ros2/muse_ws/install/state_estimator_msgs/lib/libstate_estimator_msgs__rosidl_typesupport_fastrtps_c.so\n'}
[0.770789] (state_estimator_msgs) StdoutLine: {'line': b'-- Up-to-date: /root/muse_ws/muse_ros2/muse_ws/install/state_estimator_msgs/include/state_estimator_msgs/state_estimator_msgs\n'}
[0.770885] (state_estimator_msgs) StdoutLine: {'line': b'-- Up-to-date: /root/muse_ws/muse_ros2/muse_ws/install/state_estimator_msgs/include/state_estimator_msgs/state_estimator_msgs/srv\n'}
[0.770965] (state_estimator_msgs) StdoutLine: {'line': b'-- Up-to-date: /root/muse_ws/muse_ros2/muse_ws/install/state_estimator_msgs/include/state_estimator_msgs/state_estimator_msgs/srv/list_all_estimators.hpp\n'}
[0.771036] (state_estimator_msgs) StdoutLine: {'line': b'-- Up-to-date: /root/muse_ws/muse_ros2/muse_ws/install/state_estimator_msgs/include/state_estimator_msgs/state_estimator_msgs/srv/resume_estimator.hpp\n'}
[0.771102] (state_estimator_msgs) StdoutLine: {'line': b'-- Up-to-date: /root/muse_ws/muse_ros2/muse_ws/install/state_estimator_msgs/include/state_estimator_msgs/state_estimator_msgs/srv/pause_estimator.hpp\n'}
[0.771184] (state_estimator_msgs) StdoutLine: {'line': b'-- Up-to-date: /root/muse_ws/muse_ros2/muse_ws/install/state_estimator_msgs/include/state_estimator_msgs/state_estimator_msgs/srv/reset_estimator.hpp\n'}
[0.771247] (state_estimator_msgs) StdoutLine: {'line': b'-- Up-to-date: /root/muse_ws/muse_ros2/muse_ws/install/state_estimator_msgs/include/state_estimator_msgs/state_estimator_msgs/srv/get_active_estimators.hpp\n'}
[0.771312] (state_estimator_msgs) StdoutLine: {'line': b'-- Up-to-date: /root/muse_ws/muse_ros2/muse_ws/install/state_estimator_msgs/include/state_estimator_msgs/state_estimator_msgs/srv/detail\n'}
[0.771568] (state_estimator_msgs) StdoutLine: {'line': b'-- Up-to-date: /root/muse_ws/muse_ros2/muse_ws/install/state_estimator_msgs/include/state_estimator_msgs/state_estimator_msgs/srv/detail/get_whitelist__type_support.hpp\n'}
[0.771654] (state_estimator_msgs) StdoutLine: {'line': b'-- Up-to-date: /root/muse_ws/muse_ros2/muse_ws/install/state_estimator_msgs/include/state_estimator_msgs/state_estimator_msgs/srv/detail/pause_estimator__type_support.hpp\n'}
[0.771723] (state_estimator_msgs) StdoutLine: {'line': b'-- Up-to-date: /root/muse_ws/muse_ros2/muse_ws/install/state_estimator_msgs/include/state_estimator_msgs/state_estimator_msgs/srv/detail/restart_estimator__traits.hpp\n'}
[0.771790] (state_estimator_msgs) StdoutLine: {'line': b'-- Up-to-date: /root/muse_ws/muse_ros2/muse_ws/install/state_estimator_msgs/include/state_estimator_msgs/state_estimator_msgs/srv/detail/get_whitelist__traits.hpp\n'}
[0.771855] (state_estimator_msgs) StdoutLine: {'line': b'-- Up-to-date: /root/muse_ws/muse_ros2/muse_ws/install/state_estimator_msgs/include/state_estimator_msgs/state_estimator_msgs/srv/detail/get_estimator_description__builder.hpp\n'}
[0.772209] (state_estimator_msgs) StdoutLine: {'line': b'-- Up-to-date: /root/muse_ws/muse_ros2/muse_ws/install/state_estimator_msgs/include/state_estimator_msgs/state_estimator_msgs/srv/detail/stop_estimator__traits.hpp\n'}
[0.772286] (state_estimator_msgs) StdoutLine: {'line': b'-- Up-to-date: /root/muse_ws/muse_ros2/muse_ws/install/state_estimator_msgs/include/state_estimator_msgs/state_estimator_msgs/srv/detail/get_whitelist__builder.hpp\n'}
[0.772391] (state_estimator_msgs) StdoutLine: {'line': b'-- Up-to-date: /root/muse_ws/muse_ros2/muse_ws/install/state_estimator_msgs/include/state_estimator_msgs/state_estimator_msgs/srv/detail/stop_estimator__builder.hpp\n'}
[0.772464] (state_estimator_msgs) StdoutLine: {'line': b'-- Up-to-date: /root/muse_ws/muse_ros2/muse_ws/install/state_estimator_msgs/include/state_estimator_msgs/state_estimator_msgs/srv/detail/list_all_estimators__type_support.hpp\n'}
[0.772544] (state_estimator_msgs) StdoutLine: {'line': b'-- Up-to-date: /root/muse_ws/muse_ros2/muse_ws/install/state_estimator_msgs/include/state_estimator_msgs/state_estimator_msgs/srv/detail/reset_estimator__builder.hpp\n'}
[0.772685] (state_estimator_msgs) StdoutLine: {'line': b'-- Up-to-date: /root/muse_ws/muse_ros2/muse_ws/install/state_estimator_msgs/include/state_estimator_msgs/state_estimator_msgs/srv/detail/get_active_estimators__traits.hpp\n'}
[0.772976] (state_estimator_msgs) StdoutLine: {'line': b'-- Up-to-date: /root/muse_ws/muse_ros2/muse_ws/install/state_estimator_msgs/include/state_estimator_msgs/state_estimator_msgs/srv/detail/resume_estimator__type_support.hpp\n'}
[0.773052] (state_estimator_msgs) StdoutLine: {'line': b'-- Up-to-date: /root/muse_ws/muse_ros2/muse_ws/install/state_estimator_msgs/include/state_estimator_msgs/state_estimator_msgs/srv/detail/start_estimator__type_support.hpp\n'}
[0.773119] (state_estimator_msgs) StdoutLine: {'line': b'-- Up-to-date: /root/muse_ws/muse_ros2/muse_ws/install/state_estimator_msgs/include/state_estimator_msgs/state_estimator_msgs/srv/detail/get_active_estimators__type_support.hpp\n'}
[0.773263] (state_estimator_msgs) StdoutLine: {'line': b'-- Up-to-date: /root/muse_ws/muse_ros2/muse_ws/install/state_estimator_msgs/include/state_estimator_msgs/state_estimator_msgs/srv/detail/get_blacklist__builder.hpp\n'}
[0.773520] (state_estimator_msgs) StdoutLine: {'line': b'-- Up-to-date: /root/muse_ws/muse_ros2/muse_ws/install/state_estimator_msgs/include/state_estimator_msgs/state_estimator_msgs/srv/detail/list_all_estimators__struct.hpp\n'}
[0.773665] (state_estimator_msgs) StdoutLine: {'line': b'-- Up-to-date: /root/muse_ws/muse_ros2/muse_ws/install/state_estimator_msgs/include/state_estimator_msgs/state_estimator_msgs/srv/detail/get_estimator_description__traits.hpp\n'}
[0.773771] (state_estimator_msgs) StdoutLine: {'line': b'-- Up-to-date: /root/muse_ws/muse_ros2/muse_ws/install/state_estimator_msgs/include/state_estimator_msgs/state_estimator_msgs/srv/detail/stop_estimator__type_support.hpp\n'}
[0.773853] (state_estimator_msgs) StdoutLine: {'line': b'-- Up-to-date: /root/muse_ws/muse_ros2/muse_ws/install/state_estimator_msgs/include/state_estimator_msgs/state_estimator_msgs/srv/detail/list_all_estimators__traits.hpp\n'}
[0.773942] (state_estimator_msgs) StdoutLine: {'line': b'-- Up-to-date: /root/muse_ws/muse_ros2/muse_ws/install/state_estimator_msgs/include/state_estimator_msgs/state_estimator_msgs/srv/detail/start_estimator__builder.hpp\n'}
[0.774067] (state_estimator_msgs) StdoutLine: {'line': b'-- Up-to-date: /root/muse_ws/muse_ros2/muse_ws/install/state_estimator_msgs/include/state_estimator_msgs/state_estimator_msgs/srv/detail/restart_estimator__builder.hpp\n'}
[0.774270] (state_estimator_msgs) StdoutLine: {'line': b'-- Up-to-date: /root/muse_ws/muse_ros2/muse_ws/install/state_estimator_msgs/include/state_estimator_msgs/state_estimator_msgs/srv/detail/restart_estimator__type_support.hpp\n'}
[0.774374] (state_estimator_msgs) StdoutLine: {'line': b'-- Up-to-date: /root/muse_ws/muse_ros2/muse_ws/install/state_estimator_msgs/include/state_estimator_msgs/state_estimator_msgs/srv/detail/reset_estimator__type_support.hpp\n'}
[0.774651] (state_estimator_msgs) StdoutLine: {'line': b'-- Up-to-date: /root/muse_ws/muse_ros2/muse_ws/install/state_estimator_msgs/include/state_estimator_msgs/state_estimator_msgs/srv/detail/get_active_estimators__struct.hpp\n'}
[0.774844] (state_estimator_msgs) StdoutLine: {'line': b'-- Up-to-date: /root/muse_ws/muse_ros2/muse_ws/install/state_estimator_msgs/include/state_estimator_msgs/state_estimator_msgs/srv/detail/get_estimator_description__type_support.hpp\n'}
[0.774930] (state_estimator_msgs) StdoutLine: {'line': b'-- Up-to-date: /root/muse_ws/muse_ros2/muse_ws/install/state_estimator_msgs/include/state_estimator_msgs/state_estimator_msgs/srv/detail/get_blacklist__type_support.hpp\n'}
[0.775166] (state_estimator_msgs) StdoutLine: {'line': b'-- Up-to-date: /root/muse_ws/muse_ros2/muse_ws/install/state_estimator_msgs/include/state_estimator_msgs/state_estimator_msgs/srv/detail/pause_estimator__builder.hpp\n'}
[0.775265] (state_estimator_msgs) StdoutLine: {'line': b'-- Up-to-date: /root/muse_ws/muse_ros2/muse_ws/install/state_estimator_msgs/include/state_estimator_msgs/state_estimator_msgs/srv/detail/restart_estimator__struct.hpp\n'}
[0.775369] (state_estimator_msgs) StdoutLine: {'line': b'-- Up-to-date: /root/muse_ws/muse_ros2/muse_ws/install/state_estimator_msgs/include/state_estimator_msgs/state_estimator_msgs/srv/detail/resume_estimator__builder.hpp\n'}
[0.775441] (state_estimator_msgs) StdoutLine: {'line': b'-- Up-to-date: /root/muse_ws/muse_ros2/muse_ws/install/state_estimator_msgs/include/state_estimator_msgs/state_estimator_msgs/srv/detail/start_estimator__traits.hpp\n'}
[0.775509] (state_estimator_msgs) StdoutLine: {'line': b'-- Up-to-date: /root/muse_ws/muse_ros2/muse_ws/install/state_estimator_msgs/include/state_estimator_msgs/state_estimator_msgs/srv/detail/get_estimator_description__struct.hpp\n'}
[0.775579] (state_estimator_msgs) StdoutLine: {'line': b'-- Up-to-date: /root/muse_ws/muse_ros2/muse_ws/install/state_estimator_msgs/include/state_estimator_msgs/state_estimator_msgs/srv/detail/resume_estimator__traits.hpp\n'}
[0.775741] (state_estimator_msgs) StdoutLine: {'line': b'-- Up-to-date: /root/muse_ws/muse_ros2/muse_ws/install/state_estimator_msgs/include/state_estimator_msgs/state_estimator_msgs/srv/detail/start_estimator__struct.hpp\n'}
[0.775834] (state_estimator_msgs) StdoutLine: {'line': b'-- Up-to-date: /root/muse_ws/muse_ros2/muse_ws/install/state_estimator_msgs/include/state_estimator_msgs/state_estimator_msgs/srv/detail/pause_estimator__traits.hpp\n'}
[0.775947] (state_estimator_msgs) StdoutLine: {'line': b'-- Up-to-date: /root/muse_ws/muse_ros2/muse_ws/install/state_estimator_msgs/include/state_estimator_msgs/state_estimator_msgs/srv/detail/list_all_estimators__builder.hpp\n'}
[0.776037] (state_estimator_msgs) StdoutLine: {'line': b'-- Up-to-date: /root/muse_ws/muse_ros2/muse_ws/install/state_estimator_msgs/include/state_estimator_msgs/state_estimator_msgs/srv/detail/get_blacklist__traits.hpp\n'}
[0.776126] (state_estimator_msgs) StdoutLine: {'line': b'-- Up-to-date: /root/muse_ws/muse_ros2/muse_ws/install/state_estimator_msgs/include/state_estimator_msgs/state_estimator_msgs/srv/detail/reset_estimator__traits.hpp\n'}
[0.776221] (state_estimator_msgs) StdoutLine: {'line': b'-- Up-to-date: /root/muse_ws/muse_ros2/muse_ws/install/state_estimator_msgs/include/state_estimator_msgs/state_estimator_msgs/srv/detail/stop_estimator__struct.hpp\n'}
[0.776312] (state_estimator_msgs) StdoutLine: {'line': b'-- Up-to-date: /root/muse_ws/muse_ros2/muse_ws/install/state_estimator_msgs/include/state_estimator_msgs/state_estimator_msgs/srv/detail/get_whitelist__struct.hpp\n'}
[0.776396] (state_estimator_msgs) StdoutLine: {'line': b'-- Up-to-date: /root/muse_ws/muse_ros2/muse_ws/install/state_estimator_msgs/include/state_estimator_msgs/state_estimator_msgs/srv/detail/get_blacklist__struct.hpp\n'}
[0.776472] (state_estimator_msgs) StdoutLine: {'line': b'-- Up-to-date: /root/muse_ws/muse_ros2/muse_ws/install/state_estimator_msgs/include/state_estimator_msgs/state_estimator_msgs/srv/detail/pause_estimator__struct.hpp\n'}
[0.776563] (state_estimator_msgs) StdoutLine: {'line': b'-- Up-to-date: /root/muse_ws/muse_ros2/muse_ws/install/state_estimator_msgs/include/state_estimator_msgs/state_estimator_msgs/srv/detail/resume_estimator__struct.hpp\n'}
[0.776764] (state_estimator_msgs) StdoutLine: {'line': b'-- Up-to-date: /root/muse_ws/muse_ros2/muse_ws/install/state_estimator_msgs/include/state_estimator_msgs/state_estimator_msgs/srv/detail/get_active_estimators__builder.hpp\n'}
[0.776968] (state_estimator_msgs) StdoutLine: {'line': b'-- Up-to-date: /root/muse_ws/muse_ros2/muse_ws/install/state_estimator_msgs/include/state_estimator_msgs/state_estimator_msgs/srv/detail/reset_estimator__struct.hpp\n'}
[0.777058] (state_estimator_msgs) StdoutLine: {'line': b'-- Up-to-date: /root/muse_ws/muse_ros2/muse_ws/install/state_estimator_msgs/include/state_estimator_msgs/state_estimator_msgs/srv/restart_estimator.hpp\n'}
[0.777119] (state_estimator_msgs) StdoutLine: {'line': b'-- Up-to-date: /root/muse_ws/muse_ros2/muse_ws/install/state_estimator_msgs/include/state_estimator_msgs/state_estimator_msgs/srv/stop_estimator.hpp\n'}
[0.777187] (state_estimator_msgs) StdoutLine: {'line': b'-- Up-to-date: /root/muse_ws/muse_ros2/muse_ws/install/state_estimator_msgs/include/state_estimator_msgs/state_estimator_msgs/srv/get_whitelist.hpp\n'}
[0.777237] (state_estimator_msgs) StdoutLine: {'line': b'-- Up-to-date: /root/muse_ws/muse_ros2/muse_ws/install/state_estimator_msgs/include/state_estimator_msgs/state_estimator_msgs/srv/get_estimator_description.hpp\n'}
[0.777286] (state_estimator_msgs) StdoutLine: {'line': b'-- Up-to-date: /root/muse_ws/muse_ros2/muse_ws/install/state_estimator_msgs/include/state_estimator_msgs/state_estimator_msgs/srv/get_blacklist.hpp\n'}
[0.777334] (state_estimator_msgs) StdoutLine: {'line': b'-- Up-to-date: /root/muse_ws/muse_ros2/muse_ws/install/state_estimator_msgs/include/state_estimator_msgs/state_estimator_msgs/srv/start_estimator.hpp\n'}
[0.777512] (state_estimator_msgs) StdoutLine: {'line': b'-- Up-to-date: /root/muse_ws/muse_ros2/muse_ws/install/state_estimator_msgs/include/state_estimator_msgs/state_estimator_msgs/msg\n'}
[0.777593] (state_estimator_msgs) StdoutLine: {'line': b'-- Up-to-date: /root/muse_ws/muse_ros2/muse_ws/install/state_estimator_msgs/include/state_estimator_msgs/state_estimator_msgs/msg/joint_state_with_acceleration.hpp\n'}
[0.777724] (state_estimator_msgs) StdoutLine: {'line': b'-- Up-to-date: /root/muse_ws/muse_ros2/muse_ws/install/state_estimator_msgs/include/state_estimator_msgs/state_estimator_msgs/msg/contact_detection.hpp\n'}
[0.777913] (state_estimator_msgs) StdoutLine: {'line': b'-- Up-to-date: /root/muse_ws/muse_ros2/muse_ws/install/state_estimator_msgs/include/state_estimator_msgs/state_estimator_msgs/msg/detail\n'}
[0.778090] (state_estimator_msgs) StdoutLine: {'line': b'-- Up-to-date: /root/muse_ws/muse_ros2/muse_ws/install/state_estimator_msgs/include/state_estimator_msgs/state_estimator_msgs/msg/detail/leg_odometry__builder.hpp\n'}
[0.778331] (state_estimator_msgs) StdoutLine: {'line': b'-- Up-to-date: /root/muse_ws/muse_ros2/muse_ws/install/state_estimator_msgs/include/state_estimator_msgs/state_estimator_msgs/msg/detail/leg_odometry__struct.hpp\n'}
[0.778496] (state_estimator_msgs) StdoutLine: {'line': b'-- Up-to-date: /root/muse_ws/muse_ros2/muse_ws/install/state_estimator_msgs/include/state_estimator_msgs/state_estimator_msgs/msg/detail/attitude__type_support.hpp\n'}
[0.778578] (state_estimator_msgs) StdoutLine: {'line': b'-- Up-to-date: /root/muse_ws/muse_ros2/muse_ws/install/state_estimator_msgs/include/state_estimator_msgs/state_estimator_msgs/msg/detail/leg_odometry__traits.hpp\n'}
[0.778698] (state_estimator_msgs) StdoutLine: {'line': b'-- Up-to-date: /root/muse_ws/muse_ros2/muse_ws/install/state_estimator_msgs/include/state_estimator_msgs/state_estimator_msgs/msg/detail/leg_odometry__type_support.hpp\n'}
[0.778848] (state_estimator_msgs) StdoutLine: {'line': b'-- Up-to-date: /root/muse_ws/muse_ros2/muse_ws/install/state_estimator_msgs/include/state_estimator_msgs/state_estimator_msgs/msg/detail/sensor_fusion__traits.hpp\n'}
[0.779270] (state_estimator_msgs) StdoutLine: {'line': b'-- Up-to-date: /root/muse_ws/muse_ros2/muse_ws/install/state_estimator_msgs/include/state_estimator_msgs/state_estimator_msgs/msg/detail/attitude__builder.hpp\n'}
[0.779546] (state_estimator_msgs) StdoutLine: {'line': b'-- Up-to-date: /root/muse_ws/muse_ros2/muse_ws/install/state_estimator_msgs/include/state_estimator_msgs/state_estimator_msgs/msg/detail/joint_state_with_acceleration__traits.hpp\n'}
[0.779797] (state_estimator_msgs) StdoutLine: {'line': b'-- Up-to-date: /root/muse_ws/muse_ros2/muse_ws/install/state_estimator_msgs/include/state_estimator_msgs/state_estimator_msgs/msg/detail/sensor_fusion__type_support.hpp\n'}
[0.780132] (state_estimator_msgs) StdoutLine: {'line': b'-- Up-to-date: /root/muse_ws/muse_ros2/muse_ws/install/state_estimator_msgs/include/state_estimator_msgs/state_estimator_msgs/msg/detail/contact_detection__type_support.hpp\n'}
[0.780428] (state_estimator_msgs) StdoutLine: {'line': b'-- Up-to-date: /root/muse_ws/muse_ros2/muse_ws/install/state_estimator_msgs/include/state_estimator_msgs/state_estimator_msgs/msg/detail/contact_detection__traits.hpp\n'}
[0.780910] (state_estimator_msgs) StdoutLine: {'line': b'-- Up-to-date: /root/muse_ws/muse_ros2/muse_ws/install/state_estimator_msgs/include/state_estimator_msgs/state_estimator_msgs/msg/detail/joint_state_with_acceleration__type_support.hpp\n'}
[0.781086] (state_estimator_msgs) StdoutLine: {'line': b'-- Up-to-date: /root/muse_ws/muse_ros2/muse_ws/install/state_estimator_msgs/include/state_estimator_msgs/state_estimator_msgs/msg/detail/attitude__struct.hpp\n'}
[0.781239] (state_estimator_msgs) StdoutLine: {'line': b'-- Up-to-date: /root/muse_ws/muse_ros2/muse_ws/install/state_estimator_msgs/include/state_estimator_msgs/state_estimator_msgs/msg/detail/contact_detection__builder.hpp\n'}
[0.781600] (state_estimator_msgs) StdoutLine: {'line': b'-- Up-to-date: /root/muse_ws/muse_ros2/muse_ws/install/state_estimator_msgs/include/state_estimator_msgs/state_estimator_msgs/msg/detail/attitude__traits.hpp\n'}
[0.781725] (state_estimator_msgs) StdoutLine: {'line': b'-- Up-to-date: /root/muse_ws/muse_ros2/muse_ws/install/state_estimator_msgs/include/state_estimator_msgs/state_estimator_msgs/msg/detail/joint_state_with_acceleration__builder.hpp\n'}
[0.782165] (state_estimator_msgs) StdoutLine: {'line': b'-- Up-to-date: /root/muse_ws/muse_ros2/muse_ws/install/state_estimator_msgs/include/state_estimator_msgs/state_estimator_msgs/msg/detail/contact_detection__struct.hpp\n'}
[0.782516] (state_estimator_msgs) StdoutLine: {'line': b'-- Up-to-date: /root/muse_ws/muse_ros2/muse_ws/install/state_estimator_msgs/include/state_estimator_msgs/state_estimator_msgs/msg/detail/joint_state_with_acceleration__struct.hpp\n'}
[0.782805] (state_estimator_msgs) StdoutLine: {'line': b'-- Up-to-date: /root/muse_ws/muse_ros2/muse_ws/install/state_estimator_msgs/include/state_estimator_msgs/state_estimator_msgs/msg/detail/sensor_fusion__builder.hpp\n'}
[0.783005] (state_estimator_msgs) StdoutLine: {'line': b'-- Up-to-date: /root/muse_ws/muse_ros2/muse_ws/install/state_estimator_msgs/include/state_estimator_msgs/state_estimator_msgs/msg/detail/sensor_fusion__struct.hpp\n'}
[0.783162] (state_estimator_msgs) StdoutLine: {'line': b'-- Up-to-date: /root/muse_ws/muse_ros2/muse_ws/install/state_estimator_msgs/include/state_estimator_msgs/state_estimator_msgs/msg/leg_odometry.hpp\n'}
[0.783345] (state_estimator_msgs) StdoutLine: {'line': b'-- Up-to-date: /root/muse_ws/muse_ros2/muse_ws/install/state_estimator_msgs/include/state_estimator_msgs/state_estimator_msgs/msg/attitude.hpp\n'}
[0.783536] (state_estimator_msgs) StdoutLine: {'line': b'-- Up-to-date: /root/muse_ws/muse_ros2/muse_ws/install/state_estimator_msgs/include/state_estimator_msgs/state_estimator_msgs/msg/rosidl_generator_cpp__visibility_control.hpp\n'}
[0.783849] (state_estimator_msgs) StdoutLine: {'line': b'-- Up-to-date: /root/muse_ws/muse_ros2/muse_ws/install/state_estimator_msgs/include/state_estimator_msgs/state_estimator_msgs/msg/sensor_fusion.hpp\n'}
[0.783969] (state_estimator_msgs) StdoutLine: {'line': b'-- Up-to-date: /root/muse_ws/muse_ros2/muse_ws/install/state_estimator_msgs/include/state_estimator_msgs/state_estimator_msgs\n'}
[0.784099] (state_estimator_msgs) StdoutLine: {'line': b'-- Up-to-date: /root/muse_ws/muse_ros2/muse_ws/install/state_estimator_msgs/include/state_estimator_msgs/state_estimator_msgs/srv\n'}
[0.784219] (state_estimator_msgs) StdoutLine: {'line': b'-- Up-to-date: /root/muse_ws/muse_ros2/muse_ws/install/state_estimator_msgs/include/state_estimator_msgs/state_estimator_msgs/srv/detail\n'}
[0.784322] (state_estimator_msgs) StdoutLine: {'line': b'-- Up-to-date: /root/muse_ws/muse_ros2/muse_ws/install/state_estimator_msgs/include/state_estimator_msgs/state_estimator_msgs/srv/detail/resume_estimator__rosidl_typesupport_fastrtps_cpp.hpp\n'}
[0.784419] (state_estimator_msgs) StdoutLine: {'line': b'-- Up-to-date: /root/muse_ws/muse_ros2/muse_ws/install/state_estimator_msgs/include/state_estimator_msgs/state_estimator_msgs/srv/detail/list_all_estimators__rosidl_typesupport_fastrtps_cpp.hpp\n'}
[0.784503] (state_estimator_msgs) StdoutLine: {'line': b'-- Up-to-date: /root/muse_ws/muse_ros2/muse_ws/install/state_estimator_msgs/include/state_estimator_msgs/state_estimator_msgs/srv/detail/get_whitelist__rosidl_typesupport_fastrtps_cpp.hpp\n'}
[0.784584] (state_estimator_msgs) StdoutLine: {'line': b'-- Up-to-date: /root/muse_ws/muse_ros2/muse_ws/install/state_estimator_msgs/include/state_estimator_msgs/state_estimator_msgs/srv/detail/dds_fastrtps\n'}
[0.784758] (state_estimator_msgs) StdoutLine: {'line': b'-- Up-to-date: /root/muse_ws/muse_ros2/muse_ws/install/state_estimator_msgs/include/state_estimator_msgs/state_estimator_msgs/srv/detail/get_blacklist__rosidl_typesupport_fastrtps_cpp.hpp\n'}
[0.784864] (state_estimator_msgs) StdoutLine: {'line': b'-- Up-to-date: /root/muse_ws/muse_ros2/muse_ws/install/state_estimator_msgs/include/state_estimator_msgs/state_estimator_msgs/srv/detail/stop_estimator__rosidl_typesupport_fastrtps_cpp.hpp\n'}
[0.784958] (state_estimator_msgs) StdoutLine: {'line': b'-- Up-to-date: /root/muse_ws/muse_ros2/muse_ws/install/state_estimator_msgs/include/state_estimator_msgs/state_estimator_msgs/srv/detail/reset_estimator__rosidl_typesupport_fastrtps_cpp.hpp\n'}
[0.785101] (state_estimator_msgs) StdoutLine: {'line': b'-- Up-to-date: /root/muse_ws/muse_ros2/muse_ws/install/state_estimator_msgs/include/state_estimator_msgs/state_estimator_msgs/srv/detail/start_estimator__rosidl_typesupport_fastrtps_cpp.hpp\n'}
[0.785204] (state_estimator_msgs) StdoutLine: {'line': b'-- Up-to-date: /root/muse_ws/muse_ros2/muse_ws/install/state_estimator_msgs/include/state_estimator_msgs/state_estimator_msgs/srv/detail/restart_estimator__rosidl_typesupport_fastrtps_cpp.hpp\n'}
[0.785302] (state_estimator_msgs) StdoutLine: {'line': b'-- Up-to-date: /root/muse_ws/muse_ros2/muse_ws/install/state_estimator_msgs/include/state_estimator_msgs/state_estimator_msgs/srv/detail/pause_estimator__rosidl_typesupport_fastrtps_cpp.hpp\n'}
[0.785408] (state_estimator_msgs) StdoutLine: {'line': b'-- Up-to-date: /root/muse_ws/muse_ros2/muse_ws/install/state_estimator_msgs/include/state_estimator_msgs/state_estimator_msgs/srv/detail/get_estimator_description__rosidl_typesupport_fastrtps_cpp.hpp\n'}
[0.785509] (state_estimator_msgs) StdoutLine: {'line': b'-- Up-to-date: /root/muse_ws/muse_ros2/muse_ws/install/state_estimator_msgs/include/state_estimator_msgs/state_estimator_msgs/srv/detail/get_active_estimators__rosidl_typesupport_fastrtps_cpp.hpp\n'}
[0.785610] (state_estimator_msgs) StdoutLine: {'line': b'-- Up-to-date: /root/muse_ws/muse_ros2/muse_ws/install/state_estimator_msgs/include/state_estimator_msgs/state_estimator_msgs/msg\n'}
[0.785715] (state_estimator_msgs) StdoutLine: {'line': b'-- Up-to-date: /root/muse_ws/muse_ros2/muse_ws/install/state_estimator_msgs/include/state_estimator_msgs/state_estimator_msgs/msg/detail\n'}
[0.785816] (state_estimator_msgs) StdoutLine: {'line': b'-- Up-to-date: /root/muse_ws/muse_ros2/muse_ws/install/state_estimator_msgs/include/state_estimator_msgs/state_estimator_msgs/msg/detail/joint_state_with_acceleration__rosidl_typesupport_fastrtps_cpp.hpp\n'}
[0.785945] (state_estimator_msgs) StdoutLine: {'line': b'-- Up-to-date: /root/muse_ws/muse_ros2/muse_ws/install/state_estimator_msgs/include/state_estimator_msgs/state_estimator_msgs/msg/detail/contact_detection__rosidl_typesupport_fastrtps_cpp.hpp\n'}
[0.786039] (state_estimator_msgs) StdoutLine: {'line': b'-- Up-to-date: /root/muse_ws/muse_ros2/muse_ws/install/state_estimator_msgs/include/state_estimator_msgs/state_estimator_msgs/msg/detail/leg_odometry__rosidl_typesupport_fastrtps_cpp.hpp\n'}
[0.786134] (state_estimator_msgs) StdoutLine: {'line': b'-- Up-to-date: /root/muse_ws/muse_ros2/muse_ws/install/state_estimator_msgs/include/state_estimator_msgs/state_estimator_msgs/msg/detail/dds_fastrtps\n'}
[0.786228] (state_estimator_msgs) StdoutLine: {'line': b'-- Up-to-date: /root/muse_ws/muse_ros2/muse_ws/install/state_estimator_msgs/include/state_estimator_msgs/state_estimator_msgs/msg/detail/sensor_fusion__rosidl_typesupport_fastrtps_cpp.hpp\n'}
[0.786323] (state_estimator_msgs) StdoutLine: {'line': b'-- Up-to-date: /root/muse_ws/muse_ros2/muse_ws/install/state_estimator_msgs/include/state_estimator_msgs/state_estimator_msgs/msg/detail/attitude__rosidl_typesupport_fastrtps_cpp.hpp\n'}
[0.786424] (state_estimator_msgs) StdoutLine: {'line': b'-- Up-to-date: /root/muse_ws/muse_ros2/muse_ws/install/state_estimator_msgs/include/state_estimator_msgs/state_estimator_msgs/msg/rosidl_typesupport_fastrtps_cpp__visibility_control.h\n'}
[0.786533] (state_estimator_msgs) StdoutLine: {'line': b'-- Up-to-date: /root/muse_ws/muse_ros2/muse_ws/install/state_estimator_msgs/lib/libstate_estimator_msgs__rosidl_typesupport_fastrtps_cpp.so\n'}
[0.786637] (state_estimator_msgs) StdoutLine: {'line': b'-- Up-to-date: /root/muse_ws/muse_ros2/muse_ws/install/state_estimator_msgs/include/state_estimator_msgs/state_estimator_msgs\n'}
[0.786736] (state_estimator_msgs) StdoutLine: {'line': b'-- Up-to-date: /root/muse_ws/muse_ros2/muse_ws/install/state_estimator_msgs/include/state_estimator_msgs/state_estimator_msgs/srv\n'}
[0.786835] (state_estimator_msgs) StdoutLine: {'line': b'-- Up-to-date: /root/muse_ws/muse_ros2/muse_ws/install/state_estimator_msgs/include/state_estimator_msgs/state_estimator_msgs/srv/detail\n'}
[0.786939] (state_estimator_msgs) StdoutLine: {'line': b'-- Up-to-date: /root/muse_ws/muse_ros2/muse_ws/install/state_estimator_msgs/include/state_estimator_msgs/state_estimator_msgs/srv/detail/get_active_estimators__rosidl_typesupport_introspection_c.h\n'}
[0.787102] (state_estimator_msgs) StdoutLine: {'line': b'-- Up-to-date: /root/muse_ws/muse_ros2/muse_ws/install/state_estimator_msgs/include/state_estimator_msgs/state_estimator_msgs/srv/detail/get_blacklist__type_support.c\n'}
[0.787212] (state_estimator_msgs) StdoutLine: {'line': b'-- Up-to-date: /root/muse_ws/muse_ros2/muse_ws/install/state_estimator_msgs/include/state_estimator_msgs/state_estimator_msgs/srv/detail/get_estimator_description__rosidl_typesupport_introspection_c.h\n'}
[0.787306] (state_estimator_msgs) StdoutLine: {'line': b'-- Up-to-date: /root/muse_ws/muse_ros2/muse_ws/install/state_estimator_msgs/include/state_estimator_msgs/state_estimator_msgs/srv/detail/restart_estimator__type_support.c\n'}
[0.787402] (state_estimator_msgs) StdoutLine: {'line': b'-- Up-to-date: /root/muse_ws/muse_ros2/muse_ws/install/state_estimator_msgs/include/state_estimator_msgs/state_estimator_msgs/srv/detail/get_active_estimators__type_support.c\n'}
[0.787501] (state_estimator_msgs) StdoutLine: {'line': b'-- Up-to-date: /root/muse_ws/muse_ros2/muse_ws/install/state_estimator_msgs/include/state_estimator_msgs/state_estimator_msgs/srv/detail/get_whitelist__type_support.c\n'}
[0.787599] (state_estimator_msgs) StdoutLine: {'line': b'-- Up-to-date: /root/muse_ws/muse_ros2/muse_ws/install/state_estimator_msgs/include/state_estimator_msgs/state_estimator_msgs/srv/detail/stop_estimator__type_support.c\n'}
[0.787692] (state_estimator_msgs) StdoutLine: {'line': b'-- Up-to-date: /root/muse_ws/muse_ros2/muse_ws/install/state_estimator_msgs/include/state_estimator_msgs/state_estimator_msgs/srv/detail/restart_estimator__rosidl_typesupport_introspection_c.h\n'}
[0.787794] (state_estimator_msgs) StdoutLine: {'line': b'-- Up-to-date: /root/muse_ws/muse_ros2/muse_ws/install/state_estimator_msgs/include/state_estimator_msgs/state_estimator_msgs/srv/detail/stop_estimator__rosidl_typesupport_introspection_c.h\n'}
[0.787883] (state_estimator_msgs) StdoutLine: {'line': b'-- Up-to-date: /root/muse_ws/muse_ros2/muse_ws/install/state_estimator_msgs/include/state_estimator_msgs/state_estimator_msgs/srv/detail/get_estimator_description__type_support.c\n'}
[0.787980] (state_estimator_msgs) StdoutLine: {'line': b'-- Up-to-date: /root/muse_ws/muse_ros2/muse_ws/install/state_estimator_msgs/include/state_estimator_msgs/state_estimator_msgs/srv/detail/reset_estimator__rosidl_typesupport_introspection_c.h\n'}
[0.788074] (state_estimator_msgs) StdoutLine: {'line': b'-- Up-to-date: /root/muse_ws/muse_ros2/muse_ws/install/state_estimator_msgs/include/state_estimator_msgs/state_estimator_msgs/srv/detail/resume_estimator__type_support.c\n'}
[0.788168] (state_estimator_msgs) StdoutLine: {'line': b'-- Up-to-date: /root/muse_ws/muse_ros2/muse_ws/install/state_estimator_msgs/include/state_estimator_msgs/state_estimator_msgs/srv/detail/resume_estimator__rosidl_typesupport_introspection_c.h\n'}
[0.788280] (state_estimator_msgs) StdoutLine: {'line': b'-- Up-to-date: /root/muse_ws/muse_ros2/muse_ws/install/state_estimator_msgs/include/state_estimator_msgs/state_estimator_msgs/srv/detail/get_blacklist__rosidl_typesupport_introspection_c.h\n'}
[0.788378] (state_estimator_msgs) StdoutLine: {'line': b'-- Up-to-date: /root/muse_ws/muse_ros2/muse_ws/install/state_estimator_msgs/include/state_estimator_msgs/state_estimator_msgs/srv/detail/start_estimator__rosidl_typesupport_introspection_c.h\n'}
[0.788474] (state_estimator_msgs) StdoutLine: {'line': b'-- Up-to-date: /root/muse_ws/muse_ros2/muse_ws/install/state_estimator_msgs/include/state_estimator_msgs/state_estimator_msgs/srv/detail/start_estimator__type_support.c\n'}
[0.788567] (state_estimator_msgs) StdoutLine: {'line': b'-- Up-to-date: /root/muse_ws/muse_ros2/muse_ws/install/state_estimator_msgs/include/state_estimator_msgs/state_estimator_msgs/srv/detail/reset_estimator__type_support.c\n'}
[0.788726] (state_estimator_msgs) StdoutLine: {'line': b'-- Up-to-date: /root/muse_ws/muse_ros2/muse_ws/install/state_estimator_msgs/include/state_estimator_msgs/state_estimator_msgs/srv/detail/list_all_estimators__type_support.c\n'}
[0.788831] (state_estimator_msgs) StdoutLine: {'line': b'-- Up-to-date: /root/muse_ws/muse_ros2/muse_ws/install/state_estimator_msgs/include/state_estimator_msgs/state_estimator_msgs/srv/detail/pause_estimator__type_support.c\n'}
[0.788939] (state_estimator_msgs) StdoutLine: {'line': b'-- Up-to-date: /root/muse_ws/muse_ros2/muse_ws/install/state_estimator_msgs/include/state_estimator_msgs/state_estimator_msgs/srv/detail/pause_estimator__rosidl_typesupport_introspection_c.h\n'}
[0.789063] (state_estimator_msgs) StdoutLine: {'line': b'-- Up-to-date: /root/muse_ws/muse_ros2/muse_ws/install/state_estimator_msgs/include/state_estimator_msgs/state_estimator_msgs/srv/detail/list_all_estimators__rosidl_typesupport_introspection_c.h\n'}
[0.789176] (state_estimator_msgs) StdoutLine: {'line': b'-- Up-to-date: /root/muse_ws/muse_ros2/muse_ws/install/state_estimator_msgs/include/state_estimator_msgs/state_estimator_msgs/srv/detail/get_whitelist__rosidl_typesupport_introspection_c.h\n'}
[0.789266] (state_estimator_msgs) StdoutLine: {'line': b'-- Up-to-date: /root/muse_ws/muse_ros2/muse_ws/install/state_estimator_msgs/include/state_estimator_msgs/state_estimator_msgs/msg\n'}
[0.789396] (state_estimator_msgs) StdoutLine: {'line': b'-- Up-to-date: /root/muse_ws/muse_ros2/muse_ws/install/state_estimator_msgs/include/state_estimator_msgs/state_estimator_msgs/msg/detail\n'}
[0.789495] (state_estimator_msgs) StdoutLine: {'line': b'-- Up-to-date: /root/muse_ws/muse_ros2/muse_ws/install/state_estimator_msgs/include/state_estimator_msgs/state_estimator_msgs/msg/detail/leg_odometry__type_support.c\n'}
[0.789591] (state_estimator_msgs) StdoutLine: {'line': b'-- Up-to-date: /root/muse_ws/muse_ros2/muse_ws/install/state_estimator_msgs/include/state_estimator_msgs/state_estimator_msgs/msg/detail/attitude__rosidl_typesupport_introspection_c.h\n'}
[0.789703] (state_estimator_msgs) StdoutLine: {'line': b'-- Up-to-date: /root/muse_ws/muse_ros2/muse_ws/install/state_estimator_msgs/include/state_estimator_msgs/state_estimator_msgs/msg/detail/sensor_fusion__rosidl_typesupport_introspection_c.h\n'}
[0.789802] (state_estimator_msgs) StdoutLine: {'line': b'-- Up-to-date: /root/muse_ws/muse_ros2/muse_ws/install/state_estimator_msgs/include/state_estimator_msgs/state_estimator_msgs/msg/detail/contact_detection__type_support.c\n'}
[0.789902] (state_estimator_msgs) StdoutLine: {'line': b'-- Up-to-date: /root/muse_ws/muse_ros2/muse_ws/install/state_estimator_msgs/include/state_estimator_msgs/state_estimator_msgs/msg/detail/joint_state_with_acceleration__rosidl_typesupport_introspection_c.h\n'}
[0.789999] (state_estimator_msgs) StdoutLine: {'line': b'-- Up-to-date: /root/muse_ws/muse_ros2/muse_ws/install/state_estimator_msgs/include/state_estimator_msgs/state_estimator_msgs/msg/detail/attitude__type_support.c\n'}
[0.790098] (state_estimator_msgs) StdoutLine: {'line': b'-- Up-to-date: /root/muse_ws/muse_ros2/muse_ws/install/state_estimator_msgs/include/state_estimator_msgs/state_estimator_msgs/msg/detail/contact_detection__rosidl_typesupport_introspection_c.h\n'}
[0.790195] (state_estimator_msgs) StdoutLine: {'line': b'-- Up-to-date: /root/muse_ws/muse_ros2/muse_ws/install/state_estimator_msgs/include/state_estimator_msgs/state_estimator_msgs/msg/detail/joint_state_with_acceleration__type_support.c\n'}
[0.790292] (state_estimator_msgs) StdoutLine: {'line': b'-- Up-to-date: /root/muse_ws/muse_ros2/muse_ws/install/state_estimator_msgs/include/state_estimator_msgs/state_estimator_msgs/msg/detail/sensor_fusion__type_support.c\n'}
[0.790391] (state_estimator_msgs) StdoutLine: {'line': b'-- Up-to-date: /root/muse_ws/muse_ros2/muse_ws/install/state_estimator_msgs/include/state_estimator_msgs/state_estimator_msgs/msg/detail/leg_odometry__rosidl_typesupport_introspection_c.h\n'}
[0.790488] (state_estimator_msgs) StdoutLine: {'line': b'-- Up-to-date: /root/muse_ws/muse_ros2/muse_ws/install/state_estimator_msgs/include/state_estimator_msgs/state_estimator_msgs/msg/rosidl_typesupport_introspection_c__visibility_control.h\n'}
[0.790591] (state_estimator_msgs) StdoutLine: {'line': b'-- Up-to-date: /root/muse_ws/muse_ros2/muse_ws/install/state_estimator_msgs/lib/libstate_estimator_msgs__rosidl_typesupport_introspection_c.so\n'}
[0.790687] (state_estimator_msgs) StdoutLine: {'line': b'-- Up-to-date: /root/muse_ws/muse_ros2/muse_ws/install/state_estimator_msgs/lib/libstate_estimator_msgs__rosidl_typesupport_c.so\n'}
[0.790814] (state_estimator_msgs) StdoutLine: {'line': b'-- Up-to-date: /root/muse_ws/muse_ros2/muse_ws/install/state_estimator_msgs/include/state_estimator_msgs/state_estimator_msgs\n'}
[0.790923] (state_estimator_msgs) StdoutLine: {'line': b'-- Up-to-date: /root/muse_ws/muse_ros2/muse_ws/install/state_estimator_msgs/include/state_estimator_msgs/state_estimator_msgs/srv\n'}
[0.791019] (state_estimator_msgs) StdoutLine: {'line': b'-- Up-to-date: /root/muse_ws/muse_ros2/muse_ws/install/state_estimator_msgs/include/state_estimator_msgs/state_estimator_msgs/srv/detail\n'}
[0.791144] (state_estimator_msgs) StdoutLine: {'line': b'-- Up-to-date: /root/muse_ws/muse_ros2/muse_ws/install/state_estimator_msgs/include/state_estimator_msgs/state_estimator_msgs/srv/detail/list_all_estimators__type_support.cpp\n'}
[0.791253] (state_estimator_msgs) StdoutLine: {'line': b'-- Up-to-date: /root/muse_ws/muse_ros2/muse_ws/install/state_estimator_msgs/include/state_estimator_msgs/state_estimator_msgs/srv/detail/reset_estimator__rosidl_typesupport_introspection_cpp.hpp\n'}
[0.791366] (state_estimator_msgs) StdoutLine: {'line': b'-- Up-to-date: /root/muse_ws/muse_ros2/muse_ws/install/state_estimator_msgs/include/state_estimator_msgs/state_estimator_msgs/srv/detail/restart_estimator__rosidl_typesupport_introspection_cpp.hpp\n'}
[0.791485] (state_estimator_msgs) StdoutLine: {'line': b'-- Up-to-date: /root/muse_ws/muse_ros2/muse_ws/install/state_estimator_msgs/include/state_estimator_msgs/state_estimator_msgs/srv/detail/resume_estimator__rosidl_typesupport_introspection_cpp.hpp\n'}
[0.791619] (state_estimator_msgs) StdoutLine: {'line': b'-- Up-to-date: /root/muse_ws/muse_ros2/muse_ws/install/state_estimator_msgs/include/state_estimator_msgs/state_estimator_msgs/srv/detail/get_active_estimators__type_support.cpp\n'}
[0.791735] (state_estimator_msgs) StdoutLine: {'line': b'-- Up-to-date: /root/muse_ws/muse_ros2/muse_ws/install/state_estimator_msgs/include/state_estimator_msgs/state_estimator_msgs/srv/detail/pause_estimator__type_support.cpp\n'}
[0.791840] (state_estimator_msgs) StdoutLine: {'line': b'-- Up-to-date: /root/muse_ws/muse_ros2/muse_ws/install/state_estimator_msgs/include/state_estimator_msgs/state_estimator_msgs/srv/detail/get_blacklist__type_support.cpp\n'}
[0.791944] (state_estimator_msgs) StdoutLine: {'line': b'-- Up-to-date: /root/muse_ws/muse_ros2/muse_ws/install/state_estimator_msgs/include/state_estimator_msgs/state_estimator_msgs/srv/detail/list_all_estimators__rosidl_typesupport_introspection_cpp.hpp\n'}
[0.792037] (state_estimator_msgs) StdoutLine: {'line': b'-- Up-to-date: /root/muse_ws/muse_ros2/muse_ws/install/state_estimator_msgs/include/state_estimator_msgs/state_estimator_msgs/srv/detail/resume_estimator__type_support.cpp\n'}
[0.792133] (state_estimator_msgs) StdoutLine: {'line': b'-- Up-to-date: /root/muse_ws/muse_ros2/muse_ws/install/state_estimator_msgs/include/state_estimator_msgs/state_estimator_msgs/srv/detail/reset_estimator__type_support.cpp\n'}
[0.792229] (state_estimator_msgs) StdoutLine: {'line': b'-- Up-to-date: /root/muse_ws/muse_ros2/muse_ws/install/state_estimator_msgs/include/state_estimator_msgs/state_estimator_msgs/srv/detail/get_whitelist__type_support.cpp\n'}
[0.792332] (state_estimator_msgs) StdoutLine: {'line': b'-- Up-to-date: /root/muse_ws/muse_ros2/muse_ws/install/state_estimator_msgs/include/state_estimator_msgs/state_estimator_msgs/srv/detail/pause_estimator__rosidl_typesupport_introspection_cpp.hpp\n'}
[0.792442] (state_estimator_msgs) StdoutLine: {'line': b'-- Up-to-date: /root/muse_ws/muse_ros2/muse_ws/install/state_estimator_msgs/include/state_estimator_msgs/state_estimator_msgs/srv/detail/restart_estimator__type_support.cpp\n'}
[0.792524] (state_estimator_msgs) StdoutLine: {'line': b'-- Up-to-date: /root/muse_ws/muse_ros2/muse_ws/install/state_estimator_msgs/include/state_estimator_msgs/state_estimator_msgs/srv/detail/start_estimator__rosidl_typesupport_introspection_cpp.hpp\n'}
[0.792600] (state_estimator_msgs) StdoutLine: {'line': b'-- Up-to-date: /root/muse_ws/muse_ros2/muse_ws/install/state_estimator_msgs/include/state_estimator_msgs/state_estimator_msgs/srv/detail/get_estimator_description__type_support.cpp\n'}
[0.792713] (state_estimator_msgs) StdoutLine: {'line': b'-- Up-to-date: /root/muse_ws/muse_ros2/muse_ws/install/state_estimator_msgs/include/state_estimator_msgs/state_estimator_msgs/srv/detail/stop_estimator__type_support.cpp\n'}
[0.792791] (state_estimator_msgs) StdoutLine: {'line': b'-- Up-to-date: /root/muse_ws/muse_ros2/muse_ws/install/state_estimator_msgs/include/state_estimator_msgs/state_estimator_msgs/srv/detail/stop_estimator__rosidl_typesupport_introspection_cpp.hpp\n'}
[0.792865] (state_estimator_msgs) StdoutLine: {'line': b'-- Up-to-date: /root/muse_ws/muse_ros2/muse_ws/install/state_estimator_msgs/include/state_estimator_msgs/state_estimator_msgs/srv/detail/start_estimator__type_support.cpp\n'}
[0.792938] (state_estimator_msgs) StdoutLine: {'line': b'-- Up-to-date: /root/muse_ws/muse_ros2/muse_ws/install/state_estimator_msgs/include/state_estimator_msgs/state_estimator_msgs/srv/detail/get_blacklist__rosidl_typesupport_introspection_cpp.hpp\n'}
[0.793009] (state_estimator_msgs) StdoutLine: {'line': b'-- Up-to-date: /root/muse_ws/muse_ros2/muse_ws/install/state_estimator_msgs/include/state_estimator_msgs/state_estimator_msgs/srv/detail/get_estimator_description__rosidl_typesupport_introspection_cpp.hpp\n'}
[0.793179] (state_estimator_msgs) StdoutLine: {'line': b'-- Up-to-date: /root/muse_ws/muse_ros2/muse_ws/install/state_estimator_msgs/include/state_estimator_msgs/state_estimator_msgs/srv/detail/get_whitelist__rosidl_typesupport_introspection_cpp.hpp\n'}
[0.793274] (state_estimator_msgs) StdoutLine: {'line': b'-- Up-to-date: /root/muse_ws/muse_ros2/muse_ws/install/state_estimator_msgs/include/state_estimator_msgs/state_estimator_msgs/srv/detail/get_active_estimators__rosidl_typesupport_introspection_cpp.hpp\n'}
[0.793350] (state_estimator_msgs) StdoutLine: {'line': b'-- Up-to-date: /root/muse_ws/muse_ros2/muse_ws/install/state_estimator_msgs/include/state_estimator_msgs/state_estimator_msgs/msg\n'}
[0.793432] (state_estimator_msgs) StdoutLine: {'line': b'-- Up-to-date: /root/muse_ws/muse_ros2/muse_ws/install/state_estimator_msgs/include/state_estimator_msgs/state_estimator_msgs/msg/detail\n'}
[0.793504] (state_estimator_msgs) StdoutLine: {'line': b'-- Up-to-date: /root/muse_ws/muse_ros2/muse_ws/install/state_estimator_msgs/include/state_estimator_msgs/state_estimator_msgs/msg/detail/sensor_fusion__rosidl_typesupport_introspection_cpp.hpp\n'}
[0.793575] (state_estimator_msgs) StdoutLine: {'line': b'-- Up-to-date: /root/muse_ws/muse_ros2/muse_ws/install/state_estimator_msgs/include/state_estimator_msgs/state_estimator_msgs/msg/detail/sensor_fusion__type_support.cpp\n'}
[0.793647] (state_estimator_msgs) StdoutLine: {'line': b'-- Up-to-date: /root/muse_ws/muse_ros2/muse_ws/install/state_estimator_msgs/include/state_estimator_msgs/state_estimator_msgs/msg/detail/joint_state_with_acceleration__rosidl_typesupport_introspection_cpp.hpp\n'}
[0.793722] (state_estimator_msgs) StdoutLine: {'line': b'-- Up-to-date: /root/muse_ws/muse_ros2/muse_ws/install/state_estimator_msgs/include/state_estimator_msgs/state_estimator_msgs/msg/detail/joint_state_with_acceleration__type_support.cpp\n'}
[0.793793] (state_estimator_msgs) StdoutLine: {'line': b'-- Up-to-date: /root/muse_ws/muse_ros2/muse_ws/install/state_estimator_msgs/include/state_estimator_msgs/state_estimator_msgs/msg/detail/contact_detection__type_support.cpp\n'}
[0.793866] (state_estimator_msgs) StdoutLine: {'line': b'-- Up-to-date: /root/muse_ws/muse_ros2/muse_ws/install/state_estimator_msgs/include/state_estimator_msgs/state_estimator_msgs/msg/detail/contact_detection__rosidl_typesupport_introspection_cpp.hpp\n'}
[0.793938] (state_estimator_msgs) StdoutLine: {'line': b'-- Up-to-date: /root/muse_ws/muse_ros2/muse_ws/install/state_estimator_msgs/include/state_estimator_msgs/state_estimator_msgs/msg/detail/leg_odometry__type_support.cpp\n'}
[0.794009] (state_estimator_msgs) StdoutLine: {'line': b'-- Up-to-date: /root/muse_ws/muse_ros2/muse_ws/install/state_estimator_msgs/include/state_estimator_msgs/state_estimator_msgs/msg/detail/attitude__type_support.cpp\n'}
[0.794078] (state_estimator_msgs) StdoutLine: {'line': b'-- Up-to-date: /root/muse_ws/muse_ros2/muse_ws/install/state_estimator_msgs/include/state_estimator_msgs/state_estimator_msgs/msg/detail/leg_odometry__rosidl_typesupport_introspection_cpp.hpp\n'}
[0.794147] (state_estimator_msgs) StdoutLine: {'line': b'-- Up-to-date: /root/muse_ws/muse_ros2/muse_ws/install/state_estimator_msgs/include/state_estimator_msgs/state_estimator_msgs/msg/detail/attitude__rosidl_typesupport_introspection_cpp.hpp\n'}
[0.794217] (state_estimator_msgs) StdoutLine: {'line': b'-- Up-to-date: /root/muse_ws/muse_ros2/muse_ws/install/state_estimator_msgs/lib/libstate_estimator_msgs__rosidl_typesupport_introspection_cpp.so\n'}
[0.794288] (state_estimator_msgs) StdoutLine: {'line': b'-- Up-to-date: /root/muse_ws/muse_ros2/muse_ws/install/state_estimator_msgs/lib/libstate_estimator_msgs__rosidl_typesupport_cpp.so\n'}
[0.794357] (state_estimator_msgs) StdoutLine: {'line': b'-- Up-to-date: /root/muse_ws/muse_ros2/muse_ws/install/state_estimator_msgs/share/state_estimator_msgs/environment/pythonpath.sh\n'}
[0.794427] (state_estimator_msgs) StdoutLine: {'line': b'-- Up-to-date: /root/muse_ws/muse_ros2/muse_ws/install/state_estimator_msgs/share/state_estimator_msgs/environment/pythonpath.dsv\n'}
[0.794507] (state_estimator_msgs) StdoutLine: {'line': b'-- Up-to-date: /root/muse_ws/muse_ros2/muse_ws/install/state_estimator_msgs/local/lib/python3.10/dist-packages/state_estimator_msgs-0.0.1-py3.10.egg-info\n'}
[0.794578] (state_estimator_msgs) StdoutLine: {'line': b'-- Installing: /root/muse_ws/muse_ros2/muse_ws/install/state_estimator_msgs/local/lib/python3.10/dist-packages/state_estimator_msgs-0.0.1-py3.10.egg-info/top_level.txt\n'}
[0.794649] (state_estimator_msgs) StdoutLine: {'line': b'-- Installing: /root/muse_ws/muse_ros2/muse_ws/install/state_estimator_msgs/local/lib/python3.10/dist-packages/state_estimator_msgs-0.0.1-py3.10.egg-info/PKG-INFO\n'}
[0.794770] (state_estimator_msgs) StdoutLine: {'line': b'-- Installing: /root/muse_ws/muse_ros2/muse_ws/install/state_estimator_msgs/local/lib/python3.10/dist-packages/state_estimator_msgs-0.0.1-py3.10.egg-info/dependency_links.txt\n'}
[0.794849] (state_estimator_msgs) StdoutLine: {'line': b'-- Installing: /root/muse_ws/muse_ros2/muse_ws/install/state_estimator_msgs/local/lib/python3.10/dist-packages/state_estimator_msgs-0.0.1-py3.10.egg-info/SOURCES.txt\n'}
[0.794985] (state_estimator_msgs) StdoutLine: {'line': b'-- Up-to-date: /root/muse_ws/muse_ros2/muse_ws/install/state_estimator_msgs/local/lib/python3.10/dist-packages/state_estimator_msgs\n'}
[0.795062] (state_estimator_msgs) StdoutLine: {'line': b'-- Up-to-date: /root/muse_ws/muse_ros2/muse_ws/install/state_estimator_msgs/local/lib/python3.10/dist-packages/state_estimator_msgs/srv\n'}
[0.795177] (state_estimator_msgs) StdoutLine: {'line': b'-- Up-to-date: /root/muse_ws/muse_ros2/muse_ws/install/state_estimator_msgs/local/lib/python3.10/dist-packages/state_estimator_msgs/srv/_stop_estimator_s.c\n'}
[0.795269] (state_estimator_msgs) StdoutLine: {'line': b'-- Up-to-date: /root/muse_ws/muse_ros2/muse_ws/install/state_estimator_msgs/local/lib/python3.10/dist-packages/state_estimator_msgs/srv/_list_all_estimators_s.c\n'}
[0.795355] (state_estimator_msgs) StdoutLine: {'line': b'-- Up-to-date: /root/muse_ws/muse_ros2/muse_ws/install/state_estimator_msgs/local/lib/python3.10/dist-packages/state_estimator_msgs/srv/_start_estimator_s.c\n'}
[0.795429] (state_estimator_msgs) StdoutLine: {'line': b'-- Up-to-date: /root/muse_ws/muse_ros2/muse_ws/install/state_estimator_msgs/local/lib/python3.10/dist-packages/state_estimator_msgs/srv/_pause_estimator.py\n'}
[0.795501] (state_estimator_msgs) StdoutLine: {'line': b'-- Up-to-date: /root/muse_ws/muse_ros2/muse_ws/install/state_estimator_msgs/local/lib/python3.10/dist-packages/state_estimator_msgs/srv/_get_active_estimators.py\n'}
[0.795570] (state_estimator_msgs) StdoutLine: {'line': b'-- Up-to-date: /root/muse_ws/muse_ros2/muse_ws/install/state_estimator_msgs/local/lib/python3.10/dist-packages/state_estimator_msgs/srv/_resume_estimator_s.c\n'}
[0.795684] (state_estimator_msgs) StdoutLine: {'line': b'-- Up-to-date: /root/muse_ws/muse_ros2/muse_ws/install/state_estimator_msgs/local/lib/python3.10/dist-packages/state_estimator_msgs/srv/_start_estimator.py\n'}
[0.795763] (state_estimator_msgs) StdoutLine: {'line': b'-- Up-to-date: /root/muse_ws/muse_ros2/muse_ws/install/state_estimator_msgs/local/lib/python3.10/dist-packages/state_estimator_msgs/srv/_get_blacklist.py\n'}
[0.795837] (state_estimator_msgs) StdoutLine: {'line': b'-- Up-to-date: /root/muse_ws/muse_ros2/muse_ws/install/state_estimator_msgs/local/lib/python3.10/dist-packages/state_estimator_msgs/srv/_list_all_estimators.py\n'}
[0.795911] (state_estimator_msgs) StdoutLine: {'line': b'-- Up-to-date: /root/muse_ws/muse_ros2/muse_ws/install/state_estimator_msgs/local/lib/python3.10/dist-packages/state_estimator_msgs/srv/_pause_estimator_s.c\n'}
[0.795984] (state_estimator_msgs) StdoutLine: {'line': b'-- Up-to-date: /root/muse_ws/muse_ros2/muse_ws/install/state_estimator_msgs/local/lib/python3.10/dist-packages/state_estimator_msgs/srv/_reset_estimator.py\n'}
[0.796055] (state_estimator_msgs) StdoutLine: {'line': b'-- Up-to-date: /root/muse_ws/muse_ros2/muse_ws/install/state_estimator_msgs/local/lib/python3.10/dist-packages/state_estimator_msgs/srv/_get_estimator_description.py\n'}
[0.796147] (state_estimator_msgs) StdoutLine: {'line': b'-- Up-to-date: /root/muse_ws/muse_ros2/muse_ws/install/state_estimator_msgs/local/lib/python3.10/dist-packages/state_estimator_msgs/srv/_get_estimator_description_s.c\n'}
[0.796228] (state_estimator_msgs) StdoutLine: {'line': b'-- Up-to-date: /root/muse_ws/muse_ros2/muse_ws/install/state_estimator_msgs/local/lib/python3.10/dist-packages/state_estimator_msgs/srv/_resume_estimator.py\n'}
[0.796301] (state_estimator_msgs) StdoutLine: {'line': b'-- Up-to-date: /root/muse_ws/muse_ros2/muse_ws/install/state_estimator_msgs/local/lib/python3.10/dist-packages/state_estimator_msgs/srv/_get_blacklist_s.c\n'}
[0.796582] (state_estimator_msgs) StdoutLine: {'line': b'-- Up-to-date: /root/muse_ws/muse_ros2/muse_ws/install/state_estimator_msgs/local/lib/python3.10/dist-packages/state_estimator_msgs/srv/_restart_estimator_s.c\n'}
[0.796725] (state_estimator_msgs) StdoutLine: {'line': b'-- Up-to-date: /root/muse_ws/muse_ros2/muse_ws/install/state_estimator_msgs/local/lib/python3.10/dist-packages/state_estimator_msgs/srv/_get_whitelist_s.c\n'}
[0.796806] (state_estimator_msgs) StdoutLine: {'line': b'-- Up-to-date: /root/muse_ws/muse_ros2/muse_ws/install/state_estimator_msgs/local/lib/python3.10/dist-packages/state_estimator_msgs/srv/_get_whitelist.py\n'}
[0.796921] (state_estimator_msgs) StdoutLine: {'line': b'-- Up-to-date: /root/muse_ws/muse_ros2/muse_ws/install/state_estimator_msgs/local/lib/python3.10/dist-packages/state_estimator_msgs/srv/_get_active_estimators_s.c\n'}
[0.797010] (state_estimator_msgs) StdoutLine: {'line': b'-- Up-to-date: /root/muse_ws/muse_ros2/muse_ws/install/state_estimator_msgs/local/lib/python3.10/dist-packages/state_estimator_msgs/srv/_reset_estimator_s.c\n'}
[0.797086] (state_estimator_msgs) StdoutLine: {'line': b'-- Up-to-date: /root/muse_ws/muse_ros2/muse_ws/install/state_estimator_msgs/local/lib/python3.10/dist-packages/state_estimator_msgs/srv/_restart_estimator.py\n'}
[0.797153] (state_estimator_msgs) StdoutLine: {'line': b'-- Up-to-date: /root/muse_ws/muse_ros2/muse_ws/install/state_estimator_msgs/local/lib/python3.10/dist-packages/state_estimator_msgs/srv/__init__.py\n'}
[0.797221] (state_estimator_msgs) StdoutLine: {'line': b'-- Up-to-date: /root/muse_ws/muse_ros2/muse_ws/install/state_estimator_msgs/local/lib/python3.10/dist-packages/state_estimator_msgs/srv/_stop_estimator.py\n'}
[0.797286] (state_estimator_msgs) StdoutLine: {'line': b'-- Up-to-date: /root/muse_ws/muse_ros2/muse_ws/install/state_estimator_msgs/local/lib/python3.10/dist-packages/state_estimator_msgs/_state_estimator_msgs_s.ep.rosidl_typesupport_introspection_c.c\n'}
[0.797351] (state_estimator_msgs) StdoutLine: {'line': b'-- Up-to-date: /root/muse_ws/muse_ros2/muse_ws/install/state_estimator_msgs/local/lib/python3.10/dist-packages/state_estimator_msgs/state_estimator_msgs_s__rosidl_typesupport_introspection_c.cpython-310-x86_64-linux-gnu.so\n'}
[0.797438] (state_estimator_msgs) StdoutLine: {'line': b'-- Up-to-date: /root/muse_ws/muse_ros2/muse_ws/install/state_estimator_msgs/local/lib/python3.10/dist-packages/state_estimator_msgs/msg\n'}
[0.797523] (state_estimator_msgs) StdoutLine: {'line': b'-- Up-to-date: /root/muse_ws/muse_ros2/muse_ws/install/state_estimator_msgs/local/lib/python3.10/dist-packages/state_estimator_msgs/msg/_leg_odometry_s.c\n'}
[0.797589] (state_estimator_msgs) StdoutLine: {'line': b'-- Up-to-date: /root/muse_ws/muse_ros2/muse_ws/install/state_estimator_msgs/local/lib/python3.10/dist-packages/state_estimator_msgs/msg/_contact_detection_s.c\n'}
[0.797661] (state_estimator_msgs) StdoutLine: {'line': b'-- Up-to-date: /root/muse_ws/muse_ros2/muse_ws/install/state_estimator_msgs/local/lib/python3.10/dist-packages/state_estimator_msgs/msg/_attitude_s.c\n'}
[0.797727] (state_estimator_msgs) StdoutLine: {'line': b'-- Up-to-date: /root/muse_ws/muse_ros2/muse_ws/install/state_estimator_msgs/local/lib/python3.10/dist-packages/state_estimator_msgs/msg/_sensor_fusion.py\n'}
[0.797806] (state_estimator_msgs) StdoutLine: {'line': b'-- Up-to-date: /root/muse_ws/muse_ros2/muse_ws/install/state_estimator_msgs/local/lib/python3.10/dist-packages/state_estimator_msgs/msg/_joint_state_with_acceleration.py\n'}
[0.797903] (state_estimator_msgs) StdoutLine: {'line': b'-- Up-to-date: /root/muse_ws/muse_ros2/muse_ws/install/state_estimator_msgs/local/lib/python3.10/dist-packages/state_estimator_msgs/msg/_sensor_fusion_s.c\n'}
[0.797989] (state_estimator_msgs) StdoutLine: {'line': b'-- Up-to-date: /root/muse_ws/muse_ros2/muse_ws/install/state_estimator_msgs/local/lib/python3.10/dist-packages/state_estimator_msgs/msg/_contact_detection.py\n'}
[0.798058] (state_estimator_msgs) StdoutLine: {'line': b'-- Up-to-date: /root/muse_ws/muse_ros2/muse_ws/install/state_estimator_msgs/local/lib/python3.10/dist-packages/state_estimator_msgs/msg/_attitude.py\n'}
[0.798125] (state_estimator_msgs) StdoutLine: {'line': b'-- Up-to-date: /root/muse_ws/muse_ros2/muse_ws/install/state_estimator_msgs/local/lib/python3.10/dist-packages/state_estimator_msgs/msg/_leg_odometry.py\n'}
[0.798191] (state_estimator_msgs) StdoutLine: {'line': b'-- Up-to-date: /root/muse_ws/muse_ros2/muse_ws/install/state_estimator_msgs/local/lib/python3.10/dist-packages/state_estimator_msgs/msg/_joint_state_with_acceleration_s.c\n'}
[0.798257] (state_estimator_msgs) StdoutLine: {'line': b'-- Up-to-date: /root/muse_ws/muse_ros2/muse_ws/install/state_estimator_msgs/local/lib/python3.10/dist-packages/state_estimator_msgs/msg/__init__.py\n'}
[0.798320] (state_estimator_msgs) StdoutLine: {'line': b'-- Up-to-date: /root/muse_ws/muse_ros2/muse_ws/install/state_estimator_msgs/local/lib/python3.10/dist-packages/state_estimator_msgs/_state_estimator_msgs_s.ep.rosidl_typesupport_c.c\n'}
[0.798383] (state_estimator_msgs) StdoutLine: {'line': b'-- Up-to-date: /root/muse_ws/muse_ros2/muse_ws/install/state_estimator_msgs/local/lib/python3.10/dist-packages/state_estimator_msgs/_state_estimator_msgs_s.ep.rosidl_typesupport_fastrtps_c.c\n'}
[0.798448] (state_estimator_msgs) StdoutLine: {'line': b'-- Up-to-date: /root/muse_ws/muse_ros2/muse_ws/install/state_estimator_msgs/local/lib/python3.10/dist-packages/state_estimator_msgs/state_estimator_msgs_s__rosidl_typesupport_c.cpython-310-x86_64-linux-gnu.so\n'}
[0.798514] (state_estimator_msgs) StdoutLine: {'line': b'-- Up-to-date: /root/muse_ws/muse_ros2/muse_ws/install/state_estimator_msgs/local/lib/python3.10/dist-packages/state_estimator_msgs/__init__.py\n'}
[0.798579] (state_estimator_msgs) StdoutLine: {'line': b'-- Up-to-date: /root/muse_ws/muse_ros2/muse_ws/install/state_estimator_msgs/local/lib/python3.10/dist-packages/state_estimator_msgs/state_estimator_msgs_s__rosidl_typesupport_fastrtps_c.cpython-310-x86_64-linux-gnu.so\n'}
[0.798697] (state_estimator_msgs) StdoutLine: {'line': b'-- Up-to-date: /root/muse_ws/muse_ros2/muse_ws/install/state_estimator_msgs/local/lib/python3.10/dist-packages/state_estimator_msgs/libstate_estimator_msgs__rosidl_generator_py.so\n'}
[0.809114] (-) TimerEvent: {}
[0.834661] (state_estimator_msgs) StdoutLine: {'line': b"Listing '/root/muse_ws/muse_ros2/muse_ws/install/state_estimator_msgs/local/lib/python3.10/dist-packages/state_estimator_msgs'...\n"}
[0.834923] (state_estimator_msgs) StdoutLine: {'line': b"Listing '/root/muse_ws/muse_ros2/muse_ws/install/state_estimator_msgs/local/lib/python3.10/dist-packages/state_estimator_msgs/msg'...\n"}
[0.835052] (state_estimator_msgs) StdoutLine: {'line': b"Listing '/root/muse_ws/muse_ros2/muse_ws/install/state_estimator_msgs/local/lib/python3.10/dist-packages/state_estimator_msgs/srv'...\n"}
[0.844924] (state_estimator_msgs) StdoutLine: {'line': b'-- Up-to-date: /root/muse_ws/muse_ros2/muse_ws/install/state_estimator_msgs/local/lib/python3.10/dist-packages/state_estimator_msgs/state_estimator_msgs_s__rosidl_typesupport_fastrtps_c.cpython-310-x86_64-linux-gnu.so\n'}
[0.845288] (state_estimator_msgs) StdoutLine: {'line': b'-- Up-to-date: /root/muse_ws/muse_ros2/muse_ws/install/state_estimator_msgs/local/lib/python3.10/dist-packages/state_estimator_msgs/state_estimator_msgs_s__rosidl_typesupport_introspection_c.cpython-310-x86_64-linux-gnu.so\n'}
[0.845439] (state_estimator_msgs) StdoutLine: {'line': b'-- Up-to-date: /root/muse_ws/muse_ros2/muse_ws/install/state_estimator_msgs/local/lib/python3.10/dist-packages/state_estimator_msgs/state_estimator_msgs_s__rosidl_typesupport_c.cpython-310-x86_64-linux-gnu.so\n'}
[0.845580] (state_estimator_msgs) StdoutLine: {'line': b'-- Up-to-date: /root/muse_ws/muse_ros2/muse_ws/install/state_estimator_msgs/lib/libstate_estimator_msgs__rosidl_generator_py.so\n'}
[0.845766] (state_estimator_msgs) StdoutLine: {'line': b'-- Up-to-date: /root/muse_ws/muse_ros2/muse_ws/install/state_estimator_msgs/share/state_estimator_msgs/msg/Attitude.idl\n'}
[0.848923] (state_estimator_msgs) StdoutLine: {'line': b'-- Up-to-date: /root/muse_ws/muse_ros2/muse_ws/install/state_estimator_msgs/share/state_estimator_msgs/msg/ContactDetection.idl\n'}
[0.849127] (state_estimator_msgs) StdoutLine: {'line': b'-- Up-to-date: /root/muse_ws/muse_ros2/muse_ws/install/state_estimator_msgs/share/state_estimator_msgs/msg/LegOdometry.idl\n'}
[0.849193] (state_estimator_msgs) StdoutLine: {'line': b'-- Up-to-date: /root/muse_ws/muse_ros2/muse_ws/install/state_estimator_msgs/share/state_estimator_msgs/msg/SensorFusion.idl\n'}
[0.849248] (state_estimator_msgs) StdoutLine: {'line': b'-- Up-to-date: /root/muse_ws/muse_ros2/muse_ws/install/state_estimator_msgs/share/state_estimator_msgs/msg/JointStateWithAcceleration.idl\n'}
[0.849300] (state_estimator_msgs) StdoutLine: {'line': b'-- Up-to-date: /root/muse_ws/muse_ros2/muse_ws/install/state_estimator_msgs/share/state_estimator_msgs/srv/GetActiveEstimators.idl\n'}
[0.849352] (state_estimator_msgs) StdoutLine: {'line': b'-- Up-to-date: /root/muse_ws/muse_ros2/muse_ws/install/state_estimator_msgs/share/state_estimator_msgs/srv/GetBlacklist.idl\n'}
[0.849402] (state_estimator_msgs) StdoutLine: {'line': b'-- Up-to-date: /root/muse_ws/muse_ros2/muse_ws/install/state_estimator_msgs/share/state_estimator_msgs/srv/GetEstimatorDescription.idl\n'}
[0.849452] (state_estimator_msgs) StdoutLine: {'line': b'-- Up-to-date: /root/muse_ws/muse_ros2/muse_ws/install/state_estimator_msgs/share/state_estimator_msgs/srv/GetWhitelist.idl\n'}
[0.849499] (state_estimator_msgs) StdoutLine: {'line': b'-- Up-to-date: /root/muse_ws/muse_ros2/muse_ws/install/state_estimator_msgs/share/state_estimator_msgs/srv/ListAllEstimators.idl\n'}
[0.849545] (state_estimator_msgs) StdoutLine: {'line': b'-- Up-to-date: /root/muse_ws/muse_ros2/muse_ws/install/state_estimator_msgs/share/state_estimator_msgs/srv/PauseEstimator.idl\n'}
[0.849591] (state_estimator_msgs) StdoutLine: {'line': b'-- Up-to-date: /root/muse_ws/muse_ros2/muse_ws/install/state_estimator_msgs/share/state_estimator_msgs/srv/ResetEstimator.idl\n'}
[0.849662] (state_estimator_msgs) StdoutLine: {'line': b'-- Up-to-date: /root/muse_ws/muse_ros2/muse_ws/install/state_estimator_msgs/share/state_estimator_msgs/srv/RestartEstimator.idl\n'}
[0.849912] (state_estimator_msgs) StdoutLine: {'line': b'-- Up-to-date: /root/muse_ws/muse_ros2/muse_ws/install/state_estimator_msgs/share/state_estimator_msgs/srv/ResumeEstimator.idl\n'}
[0.850021] (state_estimator_msgs) StdoutLine: {'line': b'-- Up-to-date: /root/muse_ws/muse_ros2/muse_ws/install/state_estimator_msgs/share/state_estimator_msgs/srv/StartEstimator.idl\n'}
[0.850115] (state_estimator_msgs) StdoutLine: {'line': b'-- Up-to-date: /root/muse_ws/muse_ros2/muse_ws/install/state_estimator_msgs/share/state_estimator_msgs/srv/StopEstimator.idl\n'}
[0.850201] (state_estimator_msgs) StdoutLine: {'line': b'-- Up-to-date: /root/muse_ws/muse_ros2/muse_ws/install/state_estimator_msgs/share/state_estimator_msgs/msg/Attitude.msg\n'}
[0.850299] (state_estimator_msgs) StdoutLine: {'line': b'-- Up-to-date: /root/muse_ws/muse_ros2/muse_ws/install/state_estimator_msgs/share/state_estimator_msgs/msg/ContactDetection.msg\n'}
[0.850375] (state_estimator_msgs) StdoutLine: {'line': b'-- Up-to-date: /root/muse_ws/muse_ros2/muse_ws/install/state_estimator_msgs/share/state_estimator_msgs/msg/LegOdometry.msg\n'}
[0.850474] (state_estimator_msgs) StdoutLine: {'line': b'-- Up-to-date: /root/muse_ws/muse_ros2/muse_ws/install/state_estimator_msgs/share/state_estimator_msgs/msg/SensorFusion.msg\n'}
[0.850551] (state_estimator_msgs) StdoutLine: {'line': b'-- Up-to-date: /root/muse_ws/muse_ros2/muse_ws/install/state_estimator_msgs/share/state_estimator_msgs/msg/JointStateWithAcceleration.msg\n'}
[0.850628] (state_estimator_msgs) StdoutLine: {'line': b'-- Up-to-date: /root/muse_ws/muse_ros2/muse_ws/install/state_estimator_msgs/share/state_estimator_msgs/srv/GetActiveEstimators.srv\n'}
[0.850698] (state_estimator_msgs) StdoutLine: {'line': b'-- Up-to-date: /root/muse_ws/muse_ros2/muse_ws/install/state_estimator_msgs/share/state_estimator_msgs/srv/GetActiveEstimators_Request.msg\n'}
[0.850785] (state_estimator_msgs) StdoutLine: {'line': b'-- Up-to-date: /root/muse_ws/muse_ros2/muse_ws/install/state_estimator_msgs/share/state_estimator_msgs/srv/GetActiveEstimators_Response.msg\n'}
[0.850863] (state_estimator_msgs) StdoutLine: {'line': b'-- Up-to-date: /root/muse_ws/muse_ros2/muse_ws/install/state_estimator_msgs/share/state_estimator_msgs/srv/GetBlacklist.srv\n'}
[0.850954] (state_estimator_msgs) StdoutLine: {'line': b'-- Up-to-date: /root/muse_ws/muse_ros2/muse_ws/install/state_estimator_msgs/share/state_estimator_msgs/srv/GetBlacklist_Request.msg\n'}
[0.851060] (state_estimator_msgs) StdoutLine: {'line': b'-- Up-to-date: /root/muse_ws/muse_ros2/muse_ws/install/state_estimator_msgs/share/state_estimator_msgs/srv/GetBlacklist_Response.msg\n'}
[0.851144] (state_estimator_msgs) StdoutLine: {'line': b'-- Up-to-date: /root/muse_ws/muse_ros2/muse_ws/install/state_estimator_msgs/share/state_estimator_msgs/srv/GetEstimatorDescription.srv\n'}
[0.851221] (state_estimator_msgs) StdoutLine: {'line': b'-- Up-to-date: /root/muse_ws/muse_ros2/muse_ws/install/state_estimator_msgs/share/state_estimator_msgs/srv/GetEstimatorDescription_Request.msg\n'}
[0.851287] (state_estimator_msgs) StdoutLine: {'line': b'-- Up-to-date: /root/muse_ws/muse_ros2/muse_ws/install/state_estimator_msgs/share/state_estimator_msgs/srv/GetEstimatorDescription_Response.msg\n'}
[0.851337] (state_estimator_msgs) StdoutLine: {'line': b'-- Up-to-date: /root/muse_ws/muse_ros2/muse_ws/install/state_estimator_msgs/share/state_estimator_msgs/srv/GetWhitelist.srv\n'}
[0.857113] (state_estimator_msgs) StdoutLine: {'line': b'-- Up-to-date: /root/muse_ws/muse_ros2/muse_ws/install/state_estimator_msgs/share/state_estimator_msgs/srv/GetWhitelist_Request.msg\n'}
[0.857836] (state_estimator_msgs) StdoutLine: {'line': b'-- Up-to-date: /root/muse_ws/muse_ros2/muse_ws/install/state_estimator_msgs/share/state_estimator_msgs/srv/GetWhitelist_Response.msg\n'}
[0.857969] (state_estimator_msgs) StdoutLine: {'line': b'-- Up-to-date: /root/muse_ws/muse_ros2/muse_ws/install/state_estimator_msgs/share/state_estimator_msgs/srv/ListAllEstimators.srv\n'}
[0.858065] (state_estimator_msgs) StdoutLine: {'line': b'-- Up-to-date: /root/muse_ws/muse_ros2/muse_ws/install/state_estimator_msgs/share/state_estimator_msgs/srv/ListAllEstimators_Request.msg\n'}
[0.858142] (state_estimator_msgs) StdoutLine: {'line': b'-- Up-to-date: /root/muse_ws/muse_ros2/muse_ws/install/state_estimator_msgs/share/state_estimator_msgs/srv/ListAllEstimators_Response.msg\n'}
[0.858212] (state_estimator_msgs) StdoutLine: {'line': b'-- Up-to-date: /root/muse_ws/muse_ros2/muse_ws/install/state_estimator_msgs/share/state_estimator_msgs/srv/PauseEstimator.srv\n'}
[0.858280] (state_estimator_msgs) StdoutLine: {'line': b'-- Up-to-date: /root/muse_ws/muse_ros2/muse_ws/install/state_estimator_msgs/share/state_estimator_msgs/srv/PauseEstimator_Request.msg\n'}
[0.858347] (state_estimator_msgs) StdoutLine: {'line': b'-- Up-to-date: /root/muse_ws/muse_ros2/muse_ws/install/state_estimator_msgs/share/state_estimator_msgs/srv/PauseEstimator_Response.msg\n'}
[0.858428] (state_estimator_msgs) StdoutLine: {'line': b'-- Up-to-date: /root/muse_ws/muse_ros2/muse_ws/install/state_estimator_msgs/share/state_estimator_msgs/srv/ResetEstimator.srv\n'}
[0.858542] (state_estimator_msgs) StdoutLine: {'line': b'-- Up-to-date: /root/muse_ws/muse_ros2/muse_ws/install/state_estimator_msgs/share/state_estimator_msgs/srv/ResetEstimator_Request.msg\n'}
[0.858784] (state_estimator_msgs) StdoutLine: {'line': b'-- Up-to-date: /root/muse_ws/muse_ros2/muse_ws/install/state_estimator_msgs/share/state_estimator_msgs/srv/ResetEstimator_Response.msg\n'}
[0.858889] (state_estimator_msgs) StdoutLine: {'line': b'-- Up-to-date: /root/muse_ws/muse_ros2/muse_ws/install/state_estimator_msgs/share/state_estimator_msgs/srv/RestartEstimator.srv\n'}
[0.858960] (state_estimator_msgs) StdoutLine: {'line': b'-- Up-to-date: /root/muse_ws/muse_ros2/muse_ws/install/state_estimator_msgs/share/state_estimator_msgs/srv/RestartEstimator_Request.msg\n'}
[0.859025] (state_estimator_msgs) StdoutLine: {'line': b'-- Up-to-date: /root/muse_ws/muse_ros2/muse_ws/install/state_estimator_msgs/share/state_estimator_msgs/srv/RestartEstimator_Response.msg\n'}
[0.859089] (state_estimator_msgs) StdoutLine: {'line': b'-- Up-to-date: /root/muse_ws/muse_ros2/muse_ws/install/state_estimator_msgs/share/state_estimator_msgs/srv/ResumeEstimator.srv\n'}
[0.859153] (state_estimator_msgs) StdoutLine: {'line': b'-- Up-to-date: /root/muse_ws/muse_ros2/muse_ws/install/state_estimator_msgs/share/state_estimator_msgs/srv/ResumeEstimator_Request.msg\n'}
[0.859218] (state_estimator_msgs) StdoutLine: {'line': b'-- Up-to-date: /root/muse_ws/muse_ros2/muse_ws/install/state_estimator_msgs/share/state_estimator_msgs/srv/ResumeEstimator_Response.msg\n'}
[0.859288] (state_estimator_msgs) StdoutLine: {'line': b'-- Up-to-date: /root/muse_ws/muse_ros2/muse_ws/install/state_estimator_msgs/share/state_estimator_msgs/srv/StartEstimator.srv\n'}
[0.859352] (state_estimator_msgs) StdoutLine: {'line': b'-- Up-to-date: /root/muse_ws/muse_ros2/muse_ws/install/state_estimator_msgs/share/state_estimator_msgs/srv/StartEstimator_Request.msg\n'}
[0.859413] (state_estimator_msgs) StdoutLine: {'line': b'-- Up-to-date: /root/muse_ws/muse_ros2/muse_ws/install/state_estimator_msgs/share/state_estimator_msgs/srv/StartEstimator_Response.msg\n'}
[0.859474] (state_estimator_msgs) StdoutLine: {'line': b'-- Up-to-date: /root/muse_ws/muse_ros2/muse_ws/install/state_estimator_msgs/share/state_estimator_msgs/srv/StopEstimator.srv\n'}
[0.859536] (state_estimator_msgs) StdoutLine: {'line': b'-- Up-to-date: /root/muse_ws/muse_ros2/muse_ws/install/state_estimator_msgs/share/state_estimator_msgs/srv/StopEstimator_Request.msg\n'}
[0.859597] (state_estimator_msgs) StdoutLine: {'line': b'-- Up-to-date: /root/muse_ws/muse_ros2/muse_ws/install/state_estimator_msgs/share/state_estimator_msgs/srv/StopEstimator_Response.msg\n'}
[0.859661] (state_estimator_msgs) StdoutLine: {'line': b'-- Up-to-date: /root/muse_ws/muse_ros2/muse_ws/install/state_estimator_msgs/share/ament_index/resource_index/package_run_dependencies/state_estimator_msgs\n'}
[0.859730] (state_estimator_msgs) StdoutLine: {'line': b'-- Up-to-date: /root/muse_ws/muse_ros2/muse_ws/install/state_estimator_msgs/share/ament_index/resource_index/parent_prefix_path/state_estimator_msgs\n'}
[0.859793] (state_estimator_msgs) StdoutLine: {'line': b'-- Up-to-date: /root/muse_ws/muse_ros2/muse_ws/install/state_estimator_msgs/share/state_estimator_msgs/environment/ament_prefix_path.sh\n'}
[0.859873] (state_estimator_msgs) StdoutLine: {'line': b'-- Up-to-date: /root/muse_ws/muse_ros2/muse_ws/install/state_estimator_msgs/share/state_estimator_msgs/environment/ament_prefix_path.dsv\n'}
[0.859955] (state_estimator_msgs) StdoutLine: {'line': b'-- Up-to-date: /root/muse_ws/muse_ros2/muse_ws/install/state_estimator_msgs/share/state_estimator_msgs/environment/path.sh\n'}
[0.860033] (state_estimator_msgs) StdoutLine: {'line': b'-- Up-to-date: /root/muse_ws/muse_ros2/muse_ws/install/state_estimator_msgs/share/state_estimator_msgs/environment/path.dsv\n'}
[0.860109] (state_estimator_msgs) StdoutLine: {'line': b'-- Up-to-date: /root/muse_ws/muse_ros2/muse_ws/install/state_estimator_msgs/share/state_estimator_msgs/local_setup.bash\n'}
[0.860196] (state_estimator_msgs) StdoutLine: {'line': b'-- Up-to-date: /root/muse_ws/muse_ros2/muse_ws/install/state_estimator_msgs/share/state_estimator_msgs/local_setup.sh\n'}
[0.860293] (state_estimator_msgs) StdoutLine: {'line': b'-- Up-to-date: /root/muse_ws/muse_ros2/muse_ws/install/state_estimator_msgs/share/state_estimator_msgs/local_setup.zsh\n'}
[0.860371] (state_estimator_msgs) StdoutLine: {'line': b'-- Up-to-date: /root/muse_ws/muse_ros2/muse_ws/install/state_estimator_msgs/share/state_estimator_msgs/local_setup.dsv\n'}
[0.860493] (state_estimator_msgs) StdoutLine: {'line': b'-- Installing: /root/muse_ws/muse_ros2/muse_ws/install/state_estimator_msgs/share/state_estimator_msgs/package.dsv\n'}
[0.860575] (state_estimator_msgs) StdoutLine: {'line': b'-- Up-to-date: /root/muse_ws/muse_ros2/muse_ws/install/state_estimator_msgs/share/ament_index/resource_index/packages/state_estimator_msgs\n'}
[0.865249] (state_estimator_msgs) StdoutLine: {'line': b'-- Up-to-date: /root/muse_ws/muse_ros2/muse_ws/install/state_estimator_msgs/share/state_estimator_msgs/cmake/export_state_estimator_msgs__rosidl_generator_cExport.cmake\n'}
[0.865442] (state_estimator_msgs) StdoutLine: {'line': b'-- Up-to-date: /root/muse_ws/muse_ros2/muse_ws/install/state_estimator_msgs/share/state_estimator_msgs/cmake/export_state_estimator_msgs__rosidl_generator_cExport-noconfig.cmake\n'}
[0.865523] (state_estimator_msgs) StdoutLine: {'line': b'-- Up-to-date: /root/muse_ws/muse_ros2/muse_ws/install/state_estimator_msgs/share/state_estimator_msgs/cmake/export_state_estimator_msgs__rosidl_typesupport_fastrtps_cExport.cmake\n'}
[0.865594] (state_estimator_msgs) StdoutLine: {'line': b'-- Up-to-date: /root/muse_ws/muse_ros2/muse_ws/install/state_estimator_msgs/share/state_estimator_msgs/cmake/export_state_estimator_msgs__rosidl_typesupport_fastrtps_cExport-noconfig.cmake\n'}
[0.865663] (state_estimator_msgs) StdoutLine: {'line': b'-- Up-to-date: /root/muse_ws/muse_ros2/muse_ws/install/state_estimator_msgs/share/state_estimator_msgs/cmake/export_state_estimator_msgs__rosidl_generator_cppExport.cmake\n'}
[0.865776] (state_estimator_msgs) StdoutLine: {'line': b'-- Up-to-date: /root/muse_ws/muse_ros2/muse_ws/install/state_estimator_msgs/share/state_estimator_msgs/cmake/export_state_estimator_msgs__rosidl_typesupport_fastrtps_cppExport.cmake\n'}
[0.865860] (state_estimator_msgs) StdoutLine: {'line': b'-- Up-to-date: /root/muse_ws/muse_ros2/muse_ws/install/state_estimator_msgs/share/state_estimator_msgs/cmake/export_state_estimator_msgs__rosidl_typesupport_fastrtps_cppExport-noconfig.cmake\n'}
[0.865930] (state_estimator_msgs) StdoutLine: {'line': b'-- Up-to-date: /root/muse_ws/muse_ros2/muse_ws/install/state_estimator_msgs/share/state_estimator_msgs/cmake/state_estimator_msgs__rosidl_typesupport_introspection_cExport.cmake\n'}
[0.865998] (state_estimator_msgs) StdoutLine: {'line': b'-- Up-to-date: /root/muse_ws/muse_ros2/muse_ws/install/state_estimator_msgs/share/state_estimator_msgs/cmake/state_estimator_msgs__rosidl_typesupport_introspection_cExport-noconfig.cmake\n'}
[0.866066] (state_estimator_msgs) StdoutLine: {'line': b'-- Up-to-date: /root/muse_ws/muse_ros2/muse_ws/install/state_estimator_msgs/share/state_estimator_msgs/cmake/state_estimator_msgs__rosidl_typesupport_cExport.cmake\n'}
[0.866132] (state_estimator_msgs) StdoutLine: {'line': b'-- Up-to-date: /root/muse_ws/muse_ros2/muse_ws/install/state_estimator_msgs/share/state_estimator_msgs/cmake/state_estimator_msgs__rosidl_typesupport_cExport-noconfig.cmake\n'}
[0.866210] (state_estimator_msgs) StdoutLine: {'line': b'-- Up-to-date: /root/muse_ws/muse_ros2/muse_ws/install/state_estimator_msgs/share/state_estimator_msgs/cmake/state_estimator_msgs__rosidl_typesupport_introspection_cppExport.cmake\n'}
[0.866286] (state_estimator_msgs) StdoutLine: {'line': b'-- Up-to-date: /root/muse_ws/muse_ros2/muse_ws/install/state_estimator_msgs/share/state_estimator_msgs/cmake/state_estimator_msgs__rosidl_typesupport_introspection_cppExport-noconfig.cmake\n'}
[0.866370] (state_estimator_msgs) StdoutLine: {'line': b'-- Up-to-date: /root/muse_ws/muse_ros2/muse_ws/install/state_estimator_msgs/share/state_estimator_msgs/cmake/state_estimator_msgs__rosidl_typesupport_cppExport.cmake\n'}
[0.866491] (state_estimator_msgs) StdoutLine: {'line': b'-- Up-to-date: /root/muse_ws/muse_ros2/muse_ws/install/state_estimator_msgs/share/state_estimator_msgs/cmake/state_estimator_msgs__rosidl_typesupport_cppExport-noconfig.cmake\n'}
[0.866594] (state_estimator_msgs) StdoutLine: {'line': b'-- Up-to-date: /root/muse_ws/muse_ros2/muse_ws/install/state_estimator_msgs/share/state_estimator_msgs/cmake/export_state_estimator_msgs__rosidl_generator_pyExport.cmake\n'}
[0.866682] (state_estimator_msgs) StdoutLine: {'line': b'-- Up-to-date: /root/muse_ws/muse_ros2/muse_ws/install/state_estimator_msgs/share/state_estimator_msgs/cmake/export_state_estimator_msgs__rosidl_generator_pyExport-noconfig.cmake\n'}
[0.866758] (state_estimator_msgs) StdoutLine: {'line': b'-- Up-to-date: /root/muse_ws/muse_ros2/muse_ws/install/state_estimator_msgs/share/state_estimator_msgs/cmake/rosidl_cmake-extras.cmake\n'}
[0.866837] (state_estimator_msgs) StdoutLine: {'line': b'-- Up-to-date: /root/muse_ws/muse_ros2/muse_ws/install/state_estimator_msgs/share/state_estimator_msgs/cmake/ament_cmake_export_dependencies-extras.cmake\n'}
[0.866914] (state_estimator_msgs) StdoutLine: {'line': b'-- Up-to-date: /root/muse_ws/muse_ros2/muse_ws/install/state_estimator_msgs/share/state_estimator_msgs/cmake/ament_cmake_export_include_directories-extras.cmake\n'}
[0.866984] (state_estimator_msgs) StdoutLine: {'line': b'-- Up-to-date: /root/muse_ws/muse_ros2/muse_ws/install/state_estimator_msgs/share/state_estimator_msgs/cmake/ament_cmake_export_libraries-extras.cmake\n'}
[0.867077] (state_estimator_msgs) StdoutLine: {'line': b'-- Up-to-date: /root/muse_ws/muse_ros2/muse_ws/install/state_estimator_msgs/share/state_estimator_msgs/cmake/ament_cmake_export_targets-extras.cmake\n'}
[0.867143] (state_estimator_msgs) StdoutLine: {'line': b'-- Up-to-date: /root/muse_ws/muse_ros2/muse_ws/install/state_estimator_msgs/share/state_estimator_msgs/cmake/rosidl_cmake_export_typesupport_targets-extras.cmake\n'}
[0.867209] (state_estimator_msgs) StdoutLine: {'line': b'-- Up-to-date: /root/muse_ws/muse_ros2/muse_ws/install/state_estimator_msgs/share/state_estimator_msgs/cmake/rosidl_cmake_export_typesupport_libraries-extras.cmake\n'}
[0.867274] (state_estimator_msgs) StdoutLine: {'line': b'-- Up-to-date: /root/muse_ws/muse_ros2/muse_ws/install/state_estimator_msgs/share/state_estimator_msgs/cmake/state_estimator_msgsConfig.cmake\n'}
[0.867339] (state_estimator_msgs) StdoutLine: {'line': b'-- Up-to-date: /root/muse_ws/muse_ros2/muse_ws/install/state_estimator_msgs/share/state_estimator_msgs/cmake/state_estimator_msgsConfig-version.cmake\n'}
[0.867402] (state_estimator_msgs) StdoutLine: {'line': b'-- Up-to-date: /root/muse_ws/muse_ros2/muse_ws/install/state_estimator_msgs/share/state_estimator_msgs/package.xml\n'}
[0.874081] (state_estimator_msgs) CommandEnded: {'returncode': 0}
[0.917007] (state_estimator_msgs) JobEnded: {'identifier': 'state_estimator_msgs', 'rc': 0}
[0.929651] (-) TimerEvent: {}
[0.929859] (state_estimator) JobStarted: {'identifier': 'state_estimator'}
[0.939389] (state_estimator) JobProgress: {'identifier': 'state_estimator', 'progress': 'cmake'}
[0.956631] (state_estimator) JobProgress: {'identifier': 'state_estimator', 'progress': 'build'}
[0.956818] (state_estimator) Command: {'cmd': ['/usr/bin/cmake', '--build', '/root/muse_ws/muse_ros2/muse_ws/build/state_estimator', '--', '-j12', '-l12'], 'cwd': '/root/muse_ws/muse_ros2/muse_ws/build/state_estimator', 'env': OrderedDict([('LESSOPEN', '| /usr/bin/lesspipe %s'), ('HOSTNAME', '0fa4e54b97e2'), ('SHLVL', '1'), ('LIBGL_ALWAYS_SOFTWARE', '1'), ('LD_LIBRARY_PATH', '/root/muse_ws/muse_ros2/muse_ws/install/state_estimator_msgs/lib:/home/dev_ws/colcon_ws/install/kiss_icp/lib:/opt/ros/humble/opt/rviz_ogre_vendor/lib:/opt/ros/humble/lib/x86_64-linux-gnu:/opt/ros/humble/lib'), ('HOME', '/root'), ('OLDPWD', '/root/muse_ws/muse_ros2'), ('ROS_PYTHON_VERSION', '3'), ('COLCON_PREFIX_PATH', '/home/dev_ws/colcon_ws/install'), ('ROS_DISTRO', 'humble'), ('_', '/usr/bin/colcon'), ('ROS_VERSION', '2'), ('TERM', 'xterm'), ('ROS_LOCALHOST_ONLY', '0'), ('PATH', '/opt/ros/humble/bin:/usr/local/sbin:/usr/local/bin:/usr/sbin:/usr/bin:/sbin:/bin'), ('XDG_RUNTIME_DIR', '/tmp/runtime-root'), ('LANG', 'C.UTF-8'), ('LS_COLORS', 'rs=0:di=01;34:ln=01;36:mh=00:pi=40;33:so=01;35:do=01;35:bd=40;33;01:cd=40;33;01:or=40;31;01:mi=00:su=37;41:sg=30;43:ca=30;41:tw=30;42:ow=34;42:st=37;44:ex=01;32:*.tar=01;31:*.tgz=01;31:*.arc=01;31:*.arj=01;31:*.taz=01;31:*.lha=01;31:*.lz4=01;31:*.lzh=01;31:*.lzma=01;31:*.tlz=01;31:*.txz=01;31:*.tzo=01;31:*.t7z=01;31:*.zip=01;31:*.z=01;31:*.dz=01;31:*.gz=01;31:*.lrz=01;31:*.lz=01;31:*.lzo=01;31:*.xz=01;31:*.zst=01;31:*.tzst=01;31:*.bz2=01;31:*.bz=01;31:*.tbz=01;31:*.tbz2=01;31:*.tz=01;31:*.deb=01;31:*.rpm=01;31:*.jar=01;31:*.war=01;31:*.ear=01;31:*.sar=01;31:*.rar=01;31:*.alz=01;31:*.ace=01;31:*.zoo=01;31:*.cpio=01;31:*.7z=01;31:*.rz=01;31:*.cab=01;31:*.wim=01;31:*.swm=01;31:*.dwm=01;31:*.esd=01;31:*.jpg=01;35:*.jpeg=01;35:*.mjpg=01;35:*.mjpeg=01;35:*.gif=01;35:*.bmp=01;35:*.pbm=01;35:*.pgm=01;35:*.ppm=01;35:*.tga=01;35:*.xbm=01;35:*.xpm=01;35:*.tif=01;35:*.tiff=01;35:*.png=01;35:*.svg=01;35:*.svgz=01;35:*.mng=01;35:*.pcx=01;35:*.mov=01;35:*.mpg=01;35:*.mpeg=01;35:*.m2v=01;35:*.mkv=01;35:*.webm=01;35:*.webp=01;35:*.ogm=01;35:*.mp4=01;35:*.m4v=01;35:*.mp4v=01;35:*.vob=01;35:*.qt=01;35:*.nuv=01;35:*.wmv=01;35:*.asf=01;35:*.rm=01;35:*.rmvb=01;35:*.flc=01;35:*.avi=01;35:*.fli=01;35:*.flv=01;35:*.gl=01;35:*.dl=01;35:*.xcf=01;35:*.xwd=01;35:*.yuv=01;35:*.cgm=01;35:*.emf=01;35:*.ogv=01;35:*.ogx=01;35:*.aac=00;36:*.au=00;36:*.flac=00;36:*.m4a=00;36:*.mid=00;36:*.midi=00;36:*.mka=00;36:*.mp3=00;36:*.mpc=00;36:*.ogg=00;36:*.ra=00;36:*.wav=00;36:*.oga=00;36:*.opus=00;36:*.spx=00;36:*.xspf=00;36:'), ('AMENT_PREFIX_PATH', '/root/muse_ws/muse_ros2/muse_ws/install/state_estimator_msgs:/home/dev_ws/colcon_ws/install/kiss_icp:/opt/ros/humble'), ('DEBIAN_FRONTEND', 'noninteractive'), ('LESSCLOSE', '/usr/bin/lesspipe %s %s'), ('PWD', '/root/muse_ws/muse_ros2/muse_ws/build/state_estimator'), ('LC_ALL', 'C.UTF-8'), ('PYTHONPATH', '/root/muse_ws/muse_ros2/muse_ws/install/state_estimator_msgs/local/lib/python3.10/dist-packages:/opt/ros/humble/lib/python3.10/site-packages:/opt/ros/humble/local/lib/python3.10/dist-packages'), ('COLCON', '1'), ('CMAKE_PREFIX_PATH', '/root/muse_ws/muse_ros2/muse_ws/install/state_estimator_msgs:/home/dev_ws/colcon_ws/install/kiss_icp:/opt/ros/humble')]), 'shell': False}
[1.038563] (-) TimerEvent: {}
[1.139156] (-) TimerEvent: {}
[1.239794] (-) TimerEvent: {}
[1.337116] (state_estimator) StdoutLine: {'line': b'[ 62%] Built target state_estimator_plugins\n'}
[1.339948] (-) TimerEvent: {}
[1.449686] (-) TimerEvent: {}
[1.486481] (state_estimator) StdoutLine: {'line': b'[100%] Built target state_estimator_node\n'}
[1.527875] (state_estimator) CommandEnded: {'returncode': 0}
[1.529019] (state_estimator) JobProgress: {'identifier': 'state_estimator', 'progress': 'install'}
[1.529062] (state_estimator) Command: {'cmd': ['/usr/bin/cmake', '--install', '/root/muse_ws/muse_ros2/muse_ws/build/state_estimator'], 'cwd': '/root/muse_ws/muse_ros2/muse_ws/build/state_estimator', 'env': OrderedDict([('LESSOPEN', '| /usr/bin/lesspipe %s'), ('HOSTNAME', '0fa4e54b97e2'), ('SHLVL', '1'), ('LIBGL_ALWAYS_SOFTWARE', '1'), ('LD_LIBRARY_PATH', '/root/muse_ws/muse_ros2/muse_ws/install/state_estimator_msgs/lib:/home/dev_ws/colcon_ws/install/kiss_icp/lib:/opt/ros/humble/opt/rviz_ogre_vendor/lib:/opt/ros/humble/lib/x86_64-linux-gnu:/opt/ros/humble/lib'), ('HOME', '/root'), ('OLDPWD', '/root/muse_ws/muse_ros2'), ('ROS_PYTHON_VERSION', '3'), ('COLCON_PREFIX_PATH', '/home/dev_ws/colcon_ws/install'), ('ROS_DISTRO', 'humble'), ('_', '/usr/bin/colcon'), ('ROS_VERSION', '2'), ('TERM', 'xterm'), ('ROS_LOCALHOST_ONLY', '0'), ('PATH', '/opt/ros/humble/bin:/usr/local/sbin:/usr/local/bin:/usr/sbin:/usr/bin:/sbin:/bin'), ('XDG_RUNTIME_DIR', '/tmp/runtime-root'), ('LANG', 'C.UTF-8'), ('LS_COLORS', 'rs=0:di=01;34:ln=01;36:mh=00:pi=40;33:so=01;35:do=01;35:bd=40;33;01:cd=40;33;01:or=40;31;01:mi=00:su=37;41:sg=30;43:ca=30;41:tw=30;42:ow=34;42:st=37;44:ex=01;32:*.tar=01;31:*.tgz=01;31:*.arc=01;31:*.arj=01;31:*.taz=01;31:*.lha=01;31:*.lz4=01;31:*.lzh=01;31:*.lzma=01;31:*.tlz=01;31:*.txz=01;31:*.tzo=01;31:*.t7z=01;31:*.zip=01;31:*.z=01;31:*.dz=01;31:*.gz=01;31:*.lrz=01;31:*.lz=01;31:*.lzo=01;31:*.xz=01;31:*.zst=01;31:*.tzst=01;31:*.bz2=01;31:*.bz=01;31:*.tbz=01;31:*.tbz2=01;31:*.tz=01;31:*.deb=01;31:*.rpm=01;31:*.jar=01;31:*.war=01;31:*.ear=01;31:*.sar=01;31:*.rar=01;31:*.alz=01;31:*.ace=01;31:*.zoo=01;31:*.cpio=01;31:*.7z=01;31:*.rz=01;31:*.cab=01;31:*.wim=01;31:*.swm=01;31:*.dwm=01;31:*.esd=01;31:*.jpg=01;35:*.jpeg=01;35:*.mjpg=01;35:*.mjpeg=01;35:*.gif=01;35:*.bmp=01;35:*.pbm=01;35:*.pgm=01;35:*.ppm=01;35:*.tga=01;35:*.xbm=01;35:*.xpm=01;35:*.tif=01;35:*.tiff=01;35:*.png=01;35:*.svg=01;35:*.svgz=01;35:*.mng=01;35:*.pcx=01;35:*.mov=01;35:*.mpg=01;35:*.mpeg=01;35:*.m2v=01;35:*.mkv=01;35:*.webm=01;35:*.webp=01;35:*.ogm=01;35:*.mp4=01;35:*.m4v=01;35:*.mp4v=01;35:*.vob=01;35:*.qt=01;35:*.nuv=01;35:*.wmv=01;35:*.asf=01;35:*.rm=01;35:*.rmvb=01;35:*.flc=01;35:*.avi=01;35:*.fli=01;35:*.flv=01;35:*.gl=01;35:*.dl=01;35:*.xcf=01;35:*.xwd=01;35:*.yuv=01;35:*.cgm=01;35:*.emf=01;35:*.ogv=01;35:*.ogx=01;35:*.aac=00;36:*.au=00;36:*.flac=00;36:*.m4a=00;36:*.mid=00;36:*.midi=00;36:*.mka=00;36:*.mp3=00;36:*.mpc=00;36:*.ogg=00;36:*.ra=00;36:*.wav=00;36:*.oga=00;36:*.opus=00;36:*.spx=00;36:*.xspf=00;36:'), ('AMENT_PREFIX_PATH', '/root/muse_ws/muse_ros2/muse_ws/install/state_estimator_msgs:/home/dev_ws/colcon_ws/install/kiss_icp:/opt/ros/humble'), ('DEBIAN_FRONTEND', 'noninteractive'), ('LESSCLOSE', '/usr/bin/lesspipe %s %s'), ('PWD', '/root/muse_ws/muse_ros2/muse_ws/build/state_estimator'), ('LC_ALL', 'C.UTF-8'), ('PYTHONPATH', '/root/muse_ws/muse_ros2/muse_ws/install/state_estimator_msgs/local/lib/python3.10/dist-packages:/opt/ros/humble/lib/python3.10/site-packages:/opt/ros/humble/local/lib/python3.10/dist-packages'), ('COLCON', '1'), ('CMAKE_PREFIX_PATH', '/root/muse_ws/muse_ros2/muse_ws/install/state_estimator_msgs:/home/dev_ws/colcon_ws/install/kiss_icp:/opt/ros/humble')]), 'shell': False}
[1.547943] (state_estimator) StdoutLine: {'line': b'-- Install configuration: ""\n'}
[1.549372] (state_estimator) StdoutLine: {'line': b'-- Up-to-date: /root/muse_ws/muse_ros2/muse_ws/install/state_estimator/lib/libstate_estimator_plugins.so\n'}
[1.549825] (-) TimerEvent: {}
[1.550194] (state_estimator) StdoutLine: {'line': b'-- Up-to-date: /root/muse_ws/muse_ros2/muse_ws/install/state_estimator/lib/state_estimator/state_estimator_node\n'}
[1.550361] (state_estimator) StdoutLine: {'line': b'-- Up-to-date: /root/muse_ws/muse_ros2/muse_ws/install/state_estimator/share/state_estimator/state_estimator_plugins.xml\n'}
[1.550452] (state_estimator) StdoutLine: {'line': b'-- Up-to-date: /root/muse_ws/muse_ros2/muse_ws/install/state_estimator/include\n'}
[1.550551] (state_estimator) StdoutLine: {'line': b'-- Up-to-date: /root/muse_ws/muse_ros2/muse_ws/install/state_estimator/include/state_estimator\n'}
[1.550828] (state_estimator) StdoutLine: {'line': b'-- Up-to-date: /root/muse_ws/muse_ros2/muse_ws/install/state_estimator/include/state_estimator/Robot.hpp\n'}
[1.551057] (state_estimator) StdoutLine: {'line': b'-- Up-to-date: /root/muse_ws/muse_ros2/muse_ws/install/state_estimator/include/state_estimator/plugin_base.hpp\n'}
[1.551184] (state_estimator) StdoutLine: {'line': b'-- Up-to-date: /root/muse_ws/muse_ros2/muse_ws/install/state_estimator/include/state_estimator/lib.hpp\n'}
[1.551443] (state_estimator) StdoutLine: {'line': b'-- Up-to-date: /root/muse_ws/muse_ros2/muse_ws/install/state_estimator/include/state_estimator/Models\n'}
[1.552420] (state_estimator) StdoutLine: {'line': b'-- Up-to-date: /root/muse_ws/muse_ros2/muse_ws/install/state_estimator/include/state_estimator/Models/attitude_bias_NLO.hpp\n'}
[1.564500] (state_estimator) StdoutLine: {'line': b'-- Up-to-date: /root/muse_ws/muse_ros2/muse_ws/install/state_estimator/include/state_estimator/Models/attitude_bias_XKF.hpp\n'}
[1.567752] (state_estimator) StdoutLine: {'line': b'-- Up-to-date: /root/muse_ws/muse_ros2/muse_ws/install/state_estimator/include/state_estimator/Models/sensor_fusion.hpp\n'}
[1.570996] (state_estimator) StdoutLine: {'line': b'-- Up-to-date: /root/muse_ws/muse_ros2/muse_ws/install/state_estimator/include/state_estimator/Observers\n'}
[1.574883] (state_estimator) StdoutLine: {'line': b'-- Up-to-date: /root/muse_ws/muse_ros2/muse_ws/install/state_estimator/include/state_estimator/Observers/NLO.hpp\n'}
[1.575621] (state_estimator) StdoutLine: {'line': b'-- Up-to-date: /root/muse_ws/muse_ros2/muse_ws/install/state_estimator/include/state_estimator/Observers/Observer.hpp\n'}
[1.577403] (state_estimator) StdoutLine: {'line': b'-- Up-to-date: /root/muse_ws/muse_ros2/muse_ws/install/state_estimator/include/state_estimator/Observers/XKF.hpp\n'}
[1.577682] (state_estimator) StdoutLine: {'line': b'-- Up-to-date: /root/muse_ws/muse_ros2/muse_ws/install/state_estimator/include/state_estimator/Observers/EKF.hpp\n'}
[1.577837] (state_estimator) StdoutLine: {'line': b'-- Up-to-date: /root/muse_ws/muse_ros2/muse_ws/install/state_estimator/include/state_estimator/plugin.hpp\n'}
[1.579670] (state_estimator) StdoutLine: {'line': b'-- Up-to-date: /root/muse_ws/muse_ros2/muse_ws/install/state_estimator/include/state_estimator/Services.hpp\n'}
[1.579963] (state_estimator) StdoutLine: {'line': b'-- Up-to-date: /root/muse_ws/muse_ros2/muse_ws/install/state_estimator/include/state_estimator/state_estimator_node.hpp\n'}
[1.582540] (state_estimator) StdoutLine: {'line': b'-- Up-to-date: /root/muse_ws/muse_ros2/muse_ws/install/state_estimator/include/state_estimator/Estimator.hpp\n'}
[1.583202] (state_estimator) StdoutLine: {'line': b'-- Up-to-date: /root/muse_ws/muse_ros2/muse_ws/install/state_estimator/include/state_estimator/EigenExtra.hpp\n'}
[1.583383] (state_estimator) StdoutLine: {'line': b'-- Up-to-date: /root/muse_ws/muse_ros2/muse_ws/install/state_estimator/share/state_estimator/launch\n'}
[1.583538] (state_estimator) StdoutLine: {'line': b'-- Up-to-date: /root/muse_ws/muse_ros2/muse_ws/install/state_estimator/share/state_estimator/launch/pluginlist.yaml\n'}
[1.583829] (state_estimator) StdoutLine: {'line': b'-- Up-to-date: /root/muse_ws/muse_ros2/muse_ws/install/state_estimator/share/state_estimator/launch/state_estimator.launch\n'}
[1.583956] (state_estimator) StdoutLine: {'line': b'-- Up-to-date: /root/muse_ws/muse_ros2/muse_ws/install/state_estimator/share/state_estimator/launch/state_estimator_ros2.launch\n'}
[1.584044] (state_estimator) StdoutLine: {'line': b'-- Up-to-date: /root/muse_ws/muse_ros2/muse_ws/install/state_estimator/share/state_estimator/launch/state_estimator_simple.launch\n'}
[1.584126] (state_estimator) StdoutLine: {'line': b'-- Up-to-date: /root/muse_ws/muse_ros2/muse_ws/install/state_estimator/share/state_estimator/launch/timeout.yaml\n'}
[1.584268] (state_estimator) StdoutLine: {'line': b'-- Up-to-date: /root/muse_ws/muse_ros2/muse_ws/install/state_estimator/share/state_estimator/launch/state_estimator_xml.launch.py\n'}
[1.584366] (state_estimator) StdoutLine: {'line': b'-- Up-to-date: /root/muse_ws/muse_ros2/muse_ws/install/state_estimator/share/state_estimator/launch/state_estimator.launch.py\n'}
[1.586321] (state_estimator) StdoutLine: {'line': b'-- Up-to-date: /root/muse_ws/muse_ros2/muse_ws/install/state_estimator/share/state_estimator/config\n'}
[1.586516] (state_estimator) StdoutLine: {'line': b'-- Up-to-date: /root/muse_ws/muse_ros2/muse_ws/install/state_estimator/share/state_estimator/config/sensor_fusion.yaml\n'}
[1.586593] (state_estimator) StdoutLine: {'line': b'-- Up-to-date: /root/muse_ws/muse_ros2/muse_ws/install/state_estimator/share/state_estimator/config/attitude_plugin.yaml\n'}
[1.586732] (state_estimator) StdoutLine: {'line': b'-- Up-to-date: /root/muse_ws/muse_ros2/muse_ws/install/state_estimator/share/state_estimator/config/leg_odometry.yaml\n'}
[1.586862] (state_estimator) StdoutLine: {'line': b'-- Up-to-date: /root/muse_ws/muse_ros2/muse_ws/install/state_estimator/share/state_estimator/config/contact_plugin.yaml\n'}
[1.587099] (state_estimator) StdoutLine: {'line': b'-- Up-to-date: /root/muse_ws/muse_ros2/muse_ws/install/state_estimator/share/state_estimator/urdfs\n'}
[1.587244] (state_estimator) StdoutLine: {'line': b'-- Up-to-date: /root/muse_ws/muse_ros2/muse_ws/install/state_estimator/share/state_estimator/urdfs/anymal.urdf\n'}
[1.587418] (state_estimator) StdoutLine: {'line': b'-- Up-to-date: /root/muse_ws/muse_ros2/muse_ws/install/state_estimator/share/state_estimator/urdfs/aliengo.urdf\n'}
[1.587546] (state_estimator) StdoutLine: {'line': b'-- Up-to-date: /root/muse_ws/muse_ros2/muse_ws/install/state_estimator/share/state_estimator/state_estimator_plugins.xml\n'}
[1.587622] (state_estimator) StdoutLine: {'line': b'-- Up-to-date: /root/muse_ws/muse_ros2/muse_ws/install/state_estimator/share/state_estimator/environment/library_path.sh\n'}
[1.587692] (state_estimator) StdoutLine: {'line': b'-- Up-to-date: /root/muse_ws/muse_ros2/muse_ws/install/state_estimator/share/state_estimator/environment/library_path.dsv\n'}
[1.587777] (state_estimator) StdoutLine: {'line': b'-- Up-to-date: /root/muse_ws/muse_ros2/muse_ws/install/state_estimator/share/ament_index/resource_index/package_run_dependencies/state_estimator\n'}
[1.587867] (state_estimator) StdoutLine: {'line': b'-- Up-to-date: /root/muse_ws/muse_ros2/muse_ws/install/state_estimator/share/ament_index/resource_index/parent_prefix_path/state_estimator\n'}
[1.587943] (state_estimator) StdoutLine: {'line': b'-- Up-to-date: /root/muse_ws/muse_ros2/muse_ws/install/state_estimator/share/state_estimator/environment/ament_prefix_path.sh\n'}
[1.588028] (state_estimator) StdoutLine: {'line': b'-- Up-to-date: /root/muse_ws/muse_ros2/muse_ws/install/state_estimator/share/state_estimator/environment/ament_prefix_path.dsv\n'}
[1.588122] (state_estimator) StdoutLine: {'line': b'-- Up-to-date: /root/muse_ws/muse_ros2/muse_ws/install/state_estimator/share/state_estimator/environment/path.sh\n'}
[1.588222] (state_estimator) StdoutLine: {'line': b'-- Up-to-date: /root/muse_ws/muse_ros2/muse_ws/install/state_estimator/share/state_estimator/environment/path.dsv\n'}
[1.588316] (state_estimator) StdoutLine: {'line': b'-- Up-to-date: /root/muse_ws/muse_ros2/muse_ws/install/state_estimator/share/state_estimator/local_setup.bash\n'}
[1.588407] (state_estimator) StdoutLine: {'line': b'-- Up-to-date: /root/muse_ws/muse_ros2/muse_ws/install/state_estimator/share/state_estimator/local_setup.sh\n'}
[1.588488] (state_estimator) StdoutLine: {'line': b'-- Up-to-date: /root/muse_ws/muse_ros2/muse_ws/install/state_estimator/share/state_estimator/local_setup.zsh\n'}
[1.588629] (state_estimator) StdoutLine: {'line': b'-- Up-to-date: /root/muse_ws/muse_ros2/muse_ws/install/state_estimator/share/state_estimator/local_setup.dsv\n'}
[1.588878] (state_estimator) StdoutLine: {'line': b'-- Installing: /root/muse_ws/muse_ros2/muse_ws/install/state_estimator/share/state_estimator/package.dsv\n'}
[1.589017] (state_estimator) StdoutLine: {'line': b'-- Up-to-date: /root/muse_ws/muse_ros2/muse_ws/install/state_estimator/share/ament_index/resource_index/packages/state_estimator\n'}
[1.589125] (state_estimator) StdoutLine: {'line': b'-- Up-to-date: /root/muse_ws/muse_ros2/muse_ws/install/state_estimator/share/ament_index/resource_index/state_estimator__pluginlib__plugin/state_estimator\n'}
[1.589220] (state_estimator) StdoutLine: {'line': b'-- Up-to-date: /root/muse_ws/muse_ros2/muse_ws/install/state_estimator/share/state_estimator/cmake/ament_cmake_export_include_directories-extras.cmake\n'}
[1.589328] (state_estimator) StdoutLine: {'line': b'-- Up-to-date: /root/muse_ws/muse_ros2/muse_ws/install/state_estimator/share/state_estimator/cmake/ament_cmake_export_libraries-extras.cmake\n'}
[1.589454] (state_estimator) StdoutLine: {'line': b'-- Up-to-date: /root/muse_ws/muse_ros2/muse_ws/install/state_estimator/share/state_estimator/cmake/ament_cmake_export_dependencies-extras.cmake\n'}
[1.590244] (state_estimator) StdoutLine: {'line': b'-- Up-to-date: /root/muse_ws/muse_ros2/muse_ws/install/state_estimator/share/state_estimator/cmake/state_estimatorConfig.cmake\n'}
[1.590489] (state_estimator) StdoutLine: {'line': b'-- Up-to-date: /root/muse_ws/muse_ros2/muse_ws/install/state_estimator/share/state_estimator/cmake/state_estimatorConfig-version.cmake\n'}
[1.590667] (state_estimator) StdoutLine: {'line': b'-- Up-to-date: /root/muse_ws/muse_ros2/muse_ws/install/state_estimator/share/state_estimator/package.xml\n'}
[1.590768] (state_estimator) CommandEnded: {'returncode': 0}
[1.628093] (state_estimator) JobEnded: {'identifier': 'state_estimator', 'rc': 0}
[1.652002] (-) TimerEvent: {}
[1.752826] (-) TimerEvent: {}
[1.857442] (-) TimerEvent: {}
[1.958014] (-) TimerEvent: {}
[2.058537] (-) TimerEvent: {}
[2.159067] (-) TimerEvent: {}
[2.260570] (-) TimerEvent: {}
[2.361309] (-) TimerEvent: {}
[2.465417] (-) TimerEvent: {}
[2.565929] (-) TimerEvent: {}
[2.601842] (iit_commons) StderrLine: {'line': b'In file included from \x1b[01m\x1b[K/root/muse_ws/muse_ros2/muse_ws/src/iit_commons/src/control/testVirtualModel.cpp:9\x1b[m\x1b[K:\n'}
[2.602140] (iit_commons) StderrLine: {'line': b'\x1b[01m\x1b[K/root/muse_ws/muse_ros2/muse_ws/src/iit_commons/include/iit_commons/commons/dog/declarations.h:29:22:\x1b[m\x1b[K \x1b[01;31m\x1b[Kerror: \x1b[m\x1b[K\xe2\x80\x98\x1b[01m\x1b[Krbd\x1b[m\x1b[K\xe2\x80\x99 in namespace \xe2\x80\x98\x1b[01m\x1b[Kiit_commons\x1b[m\x1b[K\xe2\x80\x99 does not name a type\n'}
[2.602227] (iit_commons) StderrLine: {'line': b'   29 | typedef iit_commons::\x1b[01;31m\x1b[Krbd\x1b[m\x1b[K::Vector3d Vector3d;\n'}
[2.602297] (iit_commons) StderrLine: {'line': b'      |                      \x1b[01;31m\x1b[K^~~\x1b[m\x1b[K\n'}
[2.602363] (iit_commons) StderrLine: {'line': b'\x1b[01m\x1b[K/root/muse_ws/muse_ros2/muse_ws/src/iit_commons/include/iit_commons/commons/dog/declarations.h:30:22:\x1b[m\x1b[K \x1b[01;31m\x1b[Kerror: \x1b[m\x1b[K\xe2\x80\x98\x1b[01m\x1b[Krbd\x1b[m\x1b[K\xe2\x80\x99 in namespace \xe2\x80\x98\x1b[01m\x1b[Kiit_commons\x1b[m\x1b[K\xe2\x80\x99 does not name a type\n'}
[2.602430] (iit_commons) StderrLine: {'line': b'   30 | typedef iit_commons::\x1b[01;31m\x1b[Krbd\x1b[m\x1b[K::Matrix33d Matrix3d;\n'}
[2.602516] (iit_commons) StderrLine: {'line': b'      |                      \x1b[01;31m\x1b[K^~~\x1b[m\x1b[K\n'}
[2.602582] (iit_commons) StderrLine: {'line': b'\x1b[01m\x1b[K/root/muse_ws/muse_ros2/muse_ws/src/iit_commons/include/iit_commons/commons/dog/declarations.h:31:22:\x1b[m\x1b[K \x1b[01;31m\x1b[Kerror: \x1b[m\x1b[K\xe2\x80\x98\x1b[01m\x1b[Krbd\x1b[m\x1b[K\xe2\x80\x99 in namespace \xe2\x80\x98\x1b[01m\x1b[Kiit_commons\x1b[m\x1b[K\xe2\x80\x99 does not name a type\n'}
[2.602649] (iit_commons) StderrLine: {'line': b'   31 | typedef iit_commons::\x1b[01;31m\x1b[Krbd\x1b[m\x1b[K::PlainMatrix<double, 3, 3 > FootJac;\n'}
[2.602712] (iit_commons) StderrLine: {'line': b'      |                      \x1b[01;31m\x1b[K^~~\x1b[m\x1b[K\n'}
[2.666116] (-) TimerEvent: {}
[2.766625] (-) TimerEvent: {}
[2.867376] (-) TimerEvent: {}
[2.875680] (iit_commons) StderrLine: {'line': b'In file included from \x1b[01m\x1b[K/root/muse_ws/muse_ros2/muse_ws/src/iit_commons/src/control/testVirtualModel.cpp:10\x1b[m\x1b[K:\n'}
[2.876041] (iit_commons) StderrLine: {'line': b'\x1b[01m\x1b[K/root/muse_ws/muse_ros2/muse_ws/src/iit_commons/include/iit_commons/commons/dog/jsim.h:16:66:\x1b[m\x1b[K \x1b[01;31m\x1b[Kerror: \x1b[m\x1b[K\xe2\x80\x98\x1b[01m\x1b[KJointState\x1b[m\x1b[K\xe2\x80\x99 is not a member of \xe2\x80\x98\x1b[01m\x1b[Kiit::dog\x1b[m\x1b[K\xe2\x80\x99; did you mean \xe2\x80\x98\x1b[01m\x1b[Kiit_commons::dog::JointState\x1b[m\x1b[K\xe2\x80\x99?\n'}
[2.876187] (iit_commons) StderrLine: {'line': b'   16 | class JSIMBase : public iit::rbd::StateDependentMatrix<iit::dog::\x1b[01;31m\x1b[KJointState\x1b[m\x1b[K, 18, 18, JSIMBase>\n'}
[2.876275] (iit_commons) StderrLine: {'line': b'      |                                                                  \x1b[01;31m\x1b[K^~~~~~~~~~\x1b[m\x1b[K\n'}
[2.876355] (iit_commons) StderrLine: {'line': b'In file included from \x1b[01m\x1b[K/root/muse_ws/muse_ros2/muse_ws/src/iit_commons/src/control/testVirtualModel.cpp:9\x1b[m\x1b[K:\n'}
[2.876453] (iit_commons) StderrLine: {'line': b'\x1b[01m\x1b[K/root/muse_ws/muse_ros2/muse_ws/src/iit_commons/include/iit_commons/commons/dog/declarations.h:26:19:\x1b[m\x1b[K \x1b[01;36m\x1b[Knote: \x1b[m\x1b[K\xe2\x80\x98\x1b[01m\x1b[Kiit_commons::dog::JointState\x1b[m\x1b[K\xe2\x80\x99 declared here\n'}
[2.876559] (iit_commons) StderrLine: {'line': b'   26 | typedef Column12d \x1b[01;36m\x1b[KJointState\x1b[m\x1b[K;\n'}
[2.876724] (iit_commons) StderrLine: {'line': b'      |                   \x1b[01;36m\x1b[K^~~~~~~~~~\x1b[m\x1b[K\n'}
[2.876817] (iit_commons) StderrLine: {'line': b'In file included from \x1b[01m\x1b[K/root/muse_ws/muse_ros2/muse_ws/src/iit_commons/src/control/testVirtualModel.cpp:10\x1b[m\x1b[K:\n'}
[2.876902] (iit_commons) StderrLine: {'line': b'\x1b[01m\x1b[K/root/muse_ws/muse_ros2/muse_ws/src/iit_commons/include/iit_commons/commons/dog/jsim.h:16:94:\x1b[m\x1b[K \x1b[01;31m\x1b[Kerror: \x1b[m\x1b[Ktemplate argument 1 is invalid\n'}
[2.877030] (iit_commons) StderrLine: {'line': b'   16 | class JSIMBase : public iit::rbd::StateDependentMatrix<iit::dog::JointState, 18, 18, JSIMBase\x1b[01;31m\x1b[K>\x1b[m\x1b[K\n'}
[2.877127] (iit_commons) StderrLine: {'line': b'      |                                                                                              \x1b[01;31m\x1b[K^\x1b[m\x1b[K\n'}
[2.877218] (iit_commons) StderrLine: {'line': b'\x1b[01m\x1b[K/root/muse_ws/muse_ros2/muse_ws/src/iit_commons/include/iit_commons/commons/dog/jsim.h:26:52:\x1b[m\x1b[K \x1b[01;31m\x1b[Kerror: \x1b[m\x1b[K\xe2\x80\x98\x1b[01m\x1b[KJointState\x1b[m\x1b[K\xe2\x80\x99 in namespace \xe2\x80\x98\x1b[01m\x1b[Kiit::dog\x1b[m\x1b[K\xe2\x80\x99 does not name a type\n'}
[2.877297] (iit_commons) StderrLine: {'line': b'   26 |     virtual const JSIMBase& update(const iit::dog::\x1b[01;31m\x1b[KJointState\x1b[m\x1b[K&) = 0;\n'}
[2.877394] (iit_commons) StderrLine: {'line': b'      |                                                    \x1b[01;31m\x1b[K^~~~~~~~~~\x1b[m\x1b[K\n'}
[2.967523] (-) TimerEvent: {}
[3.068035] (-) TimerEvent: {}
[3.168527] (-) TimerEvent: {}
[3.275664] (-) TimerEvent: {}
[3.307863] (iit_commons) StderrLine: {'line': b'In file included from \x1b[01m\x1b[K/root/muse_ws/muse_ros2/muse_ws/src/iit_commons/include/iit_commons/commons/geometry/rotations.h:5\x1b[m\x1b[K,\n'}
[3.308194] (iit_commons) StderrLine: {'line': b'                 from \x1b[01m\x1b[K/root/muse_ws/muse_ros2/muse_ws/src/iit_commons/include/iit_commons/commons/planning/planning.h:6\x1b[m\x1b[K,\n'}
[3.308291] (iit_commons) StderrLine: {'line': b'                 from \x1b[01m\x1b[K/root/muse_ws/muse_ros2/muse_ws/src/iit_commons/include/iit_commons/commons/control/VirtualModel.hpp:7\x1b[m\x1b[K,\n'}
[3.308377] (iit_commons) StderrLine: {'line': b'                 from \x1b[01m\x1b[K/root/muse_ws/muse_ros2/muse_ws/src/iit_commons/src/control/testVirtualModel.cpp:14\x1b[m\x1b[K:\n'}
[3.308462] (iit_commons) StderrLine: {'line': b'\x1b[01m\x1b[K/root/muse_ws/muse_ros2/muse_ws/src/iit_commons/include/iit_commons/commons/geometry/algebra.h:\x1b[m\x1b[K In function \xe2\x80\x98\x1b[01m\x1b[Kvoid iit::commons::computeQR(const MatrixXR&, MatrixXR&, MatrixXR&, const double&)\x1b[m\x1b[K\xe2\x80\x99:\n'}
[3.308551] (iit_commons) StderrLine: {'line': b'\x1b[01m\x1b[K/root/muse_ws/muse_ros2/muse_ws/src/iit_commons/include/iit_commons/commons/geometry/algebra.h:271:37:\x1b[m\x1b[K \x1b[01;35m\x1b[Kwarning: \x1b[m\x1b[Kunused parameter \xe2\x80\x98\x1b[01m\x1b[Ktolerance\x1b[m\x1b[K\xe2\x80\x99 [\x1b[01;35m\x1b[K-Wunused-parameter\x1b[m\x1b[K]\n'}
[3.308668] (iit_commons) StderrLine: {'line': b'  271 |                       \x1b[01;35m\x1b[Kconst double& tolerance\x1b[m\x1b[K)\n'}
[3.308778] (iit_commons) StderrLine: {'line': b'      |                       \x1b[01;35m\x1b[K~~~~~~~~~~~~~~^~~~~~~~~\x1b[m\x1b[K\n'}
[3.349640] (iit_commons) StderrLine: {'line': b'In file included from \x1b[01m\x1b[K/root/muse_ws/muse_ros2/muse_ws/src/iit_commons/include/iit_commons/commons/planning/planning.h:6\x1b[m\x1b[K,\n'}
[3.349940] (iit_commons) StderrLine: {'line': b'                 from \x1b[01m\x1b[K/root/muse_ws/muse_ros2/muse_ws/src/iit_commons/include/iit_commons/commons/control/VirtualModel.hpp:7\x1b[m\x1b[K,\n'}
[3.350021] (iit_commons) StderrLine: {'line': b'                 from \x1b[01m\x1b[K/root/muse_ws/muse_ros2/muse_ws/src/iit_commons/src/control/testVirtualModel.cpp:14\x1b[m\x1b[K:\n'}
[3.350084] (iit_commons) StderrLine: {'line': b'\x1b[01m\x1b[K/root/muse_ws/muse_ros2/muse_ws/src/iit_commons/include/iit_commons/commons/geometry/rotations.h:\x1b[m\x1b[K In function \xe2\x80\x98\x1b[01m\x1b[KEigen::Matrix3d iit::commons::rpyToEar(const Vector3d&)\x1b[m\x1b[K\xe2\x80\x99:\n'}
[3.350161] (iit_commons) StderrLine: {'line': b'\x1b[01m\x1b[K/root/muse_ws/muse_ros2/muse_ws/src/iit_commons/include/iit_commons/commons/geometry/rotations.h:143:12:\x1b[m\x1b[K \x1b[01;35m\x1b[Kwarning: \x1b[m\x1b[Kunused variable \xe2\x80\x98\x1b[01m\x1b[Kyaw\x1b[m\x1b[K\xe2\x80\x99 [\x1b[01;35m\x1b[K-Wunused-variable\x1b[m\x1b[K]\n'}
[3.350247] (iit_commons) StderrLine: {'line': b'  143 |     double \x1b[01;35m\x1b[Kyaw\x1b[m\x1b[K = rpy(2);\n'}
[3.350321] (iit_commons) StderrLine: {'line': b'      |            \x1b[01;35m\x1b[K^~~\x1b[m\x1b[K\n'}
[3.351034] (iit_commons) StderrLine: {'line': b'\x1b[01m\x1b[K/root/muse_ws/muse_ros2/muse_ws/src/iit_commons/include/iit_commons/commons/geometry/rotations.h:\x1b[m\x1b[K In function \xe2\x80\x98\x1b[01m\x1b[KEigen::Matrix3d iit::commons::rpyToEarInv_dot(const Vector3d&, const Vector3d&)\x1b[m\x1b[K\xe2\x80\x99:\n'}
[3.351203] (iit_commons) StderrLine: {'line': b'\x1b[01m\x1b[K/root/muse_ws/muse_ros2/muse_ws/src/iit_commons/include/iit_commons/commons/geometry/rotations.h:163:12:\x1b[m\x1b[K \x1b[01;35m\x1b[Kwarning: \x1b[m\x1b[Kunused variable \xe2\x80\x98\x1b[01m\x1b[Kroll\x1b[m\x1b[K\xe2\x80\x99 [\x1b[01;35m\x1b[K-Wunused-variable\x1b[m\x1b[K]\n'}
[3.351294] (iit_commons) StderrLine: {'line': b'  163 |     double \x1b[01;35m\x1b[Kroll\x1b[m\x1b[K = rpy(0);\n'}
[3.351366] (iit_commons) StderrLine: {'line': b'      |            \x1b[01;35m\x1b[K^~~~\x1b[m\x1b[K\n'}
[3.351442] (iit_commons) StderrLine: {'line': b'\x1b[01m\x1b[K/root/muse_ws/muse_ros2/muse_ws/src/iit_commons/include/iit_commons/commons/geometry/rotations.h:166:12:\x1b[m\x1b[K \x1b[01;35m\x1b[Kwarning: \x1b[m\x1b[Kunused variable \xe2\x80\x98\x1b[01m\x1b[Krolld\x1b[m\x1b[K\xe2\x80\x99 [\x1b[01;35m\x1b[K-Wunused-variable\x1b[m\x1b[K]\n'}
[3.351517] (iit_commons) StderrLine: {'line': b'  166 |     double \x1b[01;35m\x1b[Krolld\x1b[m\x1b[K = rpyd(0);\n'}
[3.351584] (iit_commons) StderrLine: {'line': b'      |            \x1b[01;35m\x1b[K^~~~~\x1b[m\x1b[K\n'}
[3.375808] (-) TimerEvent: {}
[3.476376] (-) TimerEvent: {}
[3.577226] (-) TimerEvent: {}
[3.680241] (-) TimerEvent: {}
[3.780822] (-) TimerEvent: {}
[3.884738] (-) TimerEvent: {}
[3.991570] (-) TimerEvent: {}
[4.092151] (-) TimerEvent: {}
[4.192666] (-) TimerEvent: {}
[4.293126] (-) TimerEvent: {}
[4.393835] (-) TimerEvent: {}
[4.414334] (iit_commons) StderrLine: {'line': b'In file included from \x1b[01m\x1b[K/root/muse_ws/muse_ros2/muse_ws/src/iit_commons/include/iit_commons/commons/control/VirtualModel.hpp:7\x1b[m\x1b[K,\n'}
[4.417097] (iit_commons) StderrLine: {'line': b'                 from \x1b[01m\x1b[K/root/muse_ws/muse_ros2/muse_ws/src/iit_commons/src/control/testVirtualModel.cpp:14\x1b[m\x1b[K:\n'}
[4.417286] (iit_commons) StderrLine: {'line': b'\x1b[01m\x1b[K/root/muse_ws/muse_ros2/muse_ws/src/iit_commons/include/iit_commons/commons/planning/planning.h:\x1b[m\x1b[K In function \xe2\x80\x98\x1b[01m\x1b[Kvoid iit::planning::ClockwiseSort(std::vector<Eigen::Matrix<double, 3, 1> >&)\x1b[m\x1b[K\xe2\x80\x99:\n'}
[4.417391] (iit_commons) StderrLine: {'line': b'\x1b[01m\x1b[K/root/muse_ws/muse_ros2/muse_ws/src/iit_commons/include/iit_commons/commons/planning/planning.h:162:23:\x1b[m\x1b[K \x1b[01;35m\x1b[Kwarning: \x1b[m\x1b[Kcomparison of integer expressions of different signedness: \xe2\x80\x98\x1b[01m\x1b[Kint\x1b[m\x1b[K\xe2\x80\x99 and \xe2\x80\x98\x1b[01m\x1b[Kstd::vector<Eigen::Matrix<double, 3, 1> >::size_type\x1b[m\x1b[K\xe2\x80\x99 {aka \xe2\x80\x98\x1b[01m\x1b[Klong unsigned int\x1b[m\x1b[K\xe2\x80\x99} [\x1b[01;35m\x1b[K-Wsign-compare\x1b[m\x1b[K]\n'}
[4.417478] (iit_commons) StderrLine: {'line': b'  162 |     for (int i = 1; \x1b[01;35m\x1b[Ki < p.size() - 1\x1b[m\x1b[K; i++) {\n'}
[4.417532] (iit_commons) StderrLine: {'line': b'      |                     \x1b[01;35m\x1b[K~~^~~~~~~~~~~~~~\x1b[m\x1b[K\n'}
[4.417584] (iit_commons) StderrLine: {'line': b'\x1b[01m\x1b[K/root/muse_ws/muse_ros2/muse_ws/src/iit_commons/include/iit_commons/commons/planning/planning.h:163:31:\x1b[m\x1b[K \x1b[01;35m\x1b[Kwarning: \x1b[m\x1b[Kcomparison of integer expressions of different signedness: \xe2\x80\x98\x1b[01m\x1b[Kint\x1b[m\x1b[K\xe2\x80\x99 and \xe2\x80\x98\x1b[01m\x1b[Kstd::vector<Eigen::Matrix<double, 3, 1> >::size_type\x1b[m\x1b[K\xe2\x80\x99 {aka \xe2\x80\x98\x1b[01m\x1b[Klong unsigned int\x1b[m\x1b[K\xe2\x80\x99} [\x1b[01;35m\x1b[K-Wsign-compare\x1b[m\x1b[K]\n'}
[4.417635] (iit_commons) StderrLine: {'line': b'  163 |         for (int j = i + 1; \x1b[01;35m\x1b[Kj < p.size()\x1b[m\x1b[K; j++) {\n'}
[4.417681] (iit_commons) StderrLine: {'line': b'      |                             \x1b[01;35m\x1b[K~~^~~~~~~~~~\x1b[m\x1b[K\n'}
[4.417727] (iit_commons) StderrLine: {'line': b'\x1b[01m\x1b[K/root/muse_ws/muse_ros2/muse_ws/src/iit_commons/include/iit_commons/commons/planning/planning.h:\x1b[m\x1b[K In function \xe2\x80\x98\x1b[01m\x1b[Kvoid iit::planning::CounterClockwiseSort(std::vector<Eigen::Matrix<double, 3, 1> >&)\x1b[m\x1b[K\xe2\x80\x99:\n'}
[4.417781] (iit_commons) StderrLine: {'line': b'\x1b[01m\x1b[K/root/muse_ws/muse_ros2/muse_ws/src/iit_commons/include/iit_commons/commons/planning/planning.h:186:23:\x1b[m\x1b[K \x1b[01;35m\x1b[Kwarning: \x1b[m\x1b[Kcomparison of integer expressions of different signedness: \xe2\x80\x98\x1b[01m\x1b[Kint\x1b[m\x1b[K\xe2\x80\x99 and \xe2\x80\x98\x1b[01m\x1b[Kstd::vector<Eigen::Matrix<double, 3, 1> >::size_type\x1b[m\x1b[K\xe2\x80\x99 {aka \xe2\x80\x98\x1b[01m\x1b[Klong unsigned int\x1b[m\x1b[K\xe2\x80\x99} [\x1b[01;35m\x1b[K-Wsign-compare\x1b[m\x1b[K]\n'}
[4.417838] (iit_commons) StderrLine: {'line': b'  186 |     for (int i = 1; \x1b[01;35m\x1b[Ki < p.size() - 1\x1b[m\x1b[K; i++) {\n'}
[4.417900] (iit_commons) StderrLine: {'line': b'      |                     \x1b[01;35m\x1b[K~~^~~~~~~~~~~~~~\x1b[m\x1b[K\n'}
[4.417987] (iit_commons) StderrLine: {'line': b'\x1b[01m\x1b[K/root/muse_ws/muse_ros2/muse_ws/src/iit_commons/include/iit_commons/commons/planning/planning.h:187:31:\x1b[m\x1b[K \x1b[01;35m\x1b[Kwarning: \x1b[m\x1b[Kcomparison of integer expressions of different signedness: \xe2\x80\x98\x1b[01m\x1b[Kint\x1b[m\x1b[K\xe2\x80\x99 and \xe2\x80\x98\x1b[01m\x1b[Kstd::vector<Eigen::Matrix<double, 3, 1> >::size_type\x1b[m\x1b[K\xe2\x80\x99 {aka \xe2\x80\x98\x1b[01m\x1b[Klong unsigned int\x1b[m\x1b[K\xe2\x80\x99} [\x1b[01;35m\x1b[K-Wsign-compare\x1b[m\x1b[K]\n'}
[4.418067] (iit_commons) StderrLine: {'line': b'  187 |         for (int j = i + 1; \x1b[01;35m\x1b[Kj < p.size()\x1b[m\x1b[K; j++) {\n'}
[4.418186] (iit_commons) StderrLine: {'line': b'      |                             \x1b[01;35m\x1b[K~~^~~~~~~~~~\x1b[m\x1b[K\n'}
[4.418242] (iit_commons) StderrLine: {'line': b'\x1b[01m\x1b[K/root/muse_ws/muse_ros2/muse_ws/src/iit_commons/include/iit_commons/commons/planning/planning.h:\x1b[m\x1b[K In function \xe2\x80\x98\x1b[01m\x1b[Kvoid iit::planning::CounterClockwiseSort(std::vector<Eigen::Matrix<double, 3, 1> >&, std::vector<int>&)\x1b[m\x1b[K\xe2\x80\x99:\n'}
[4.418306] (iit_commons) StderrLine: {'line': b'\x1b[01m\x1b[K/root/muse_ws/muse_ros2/muse_ws/src/iit_commons/include/iit_commons/commons/planning/planning.h:211:23:\x1b[m\x1b[K \x1b[01;35m\x1b[Kwarning: \x1b[m\x1b[Kcomparison of integer expressions of different signedness: \xe2\x80\x98\x1b[01m\x1b[Kint\x1b[m\x1b[K\xe2\x80\x99 and \xe2\x80\x98\x1b[01m\x1b[Kstd::vector<Eigen::Matrix<double, 3, 1> >::size_type\x1b[m\x1b[K\xe2\x80\x99 {aka \xe2\x80\x98\x1b[01m\x1b[Klong unsigned int\x1b[m\x1b[K\xe2\x80\x99} [\x1b[01;35m\x1b[K-Wsign-compare\x1b[m\x1b[K]\n'}
[4.418389] (iit_commons) StderrLine: {'line': b'  211 |     for (int i = 0; \x1b[01;35m\x1b[Ki < p.size()\x1b[m\x1b[K; i++)\n'}
[4.418450] (iit_commons) StderrLine: {'line': b'      |                     \x1b[01;35m\x1b[K~~^~~~~~~~~~\x1b[m\x1b[K\n'}
[4.418537] (iit_commons) StderrLine: {'line': b'\x1b[01m\x1b[K/root/muse_ws/muse_ros2/muse_ws/src/iit_commons/include/iit_commons/commons/planning/planning.h:213:23:\x1b[m\x1b[K \x1b[01;35m\x1b[Kwarning: \x1b[m\x1b[Kcomparison of integer expressions of different signedness: \xe2\x80\x98\x1b[01m\x1b[Kint\x1b[m\x1b[K\xe2\x80\x99 and \xe2\x80\x98\x1b[01m\x1b[Kstd::vector<Eigen::Matrix<double, 3, 1> >::size_type\x1b[m\x1b[K\xe2\x80\x99 {aka \xe2\x80\x98\x1b[01m\x1b[Klong unsigned int\x1b[m\x1b[K\xe2\x80\x99} [\x1b[01;35m\x1b[K-Wsign-compare\x1b[m\x1b[K]\n'}
[4.418642] (iit_commons) StderrLine: {'line': b'  213 |     for (int i = 1; \x1b[01;35m\x1b[Ki < p.size() - 1\x1b[m\x1b[K; i++) {\n'}
[4.418712] (iit_commons) StderrLine: {'line': b'      |                     \x1b[01;35m\x1b[K~~^~~~~~~~~~~~~~\x1b[m\x1b[K\n'}
[4.420840] (iit_commons) StderrLine: {'line': b'\x1b[01m\x1b[K/root/muse_ws/muse_ros2/muse_ws/src/iit_commons/include/iit_commons/commons/planning/planning.h:214:31:\x1b[m\x1b[K \x1b[01;35m\x1b[Kwarning: \x1b[m\x1b[Kcomparison of integer expressions of different signedness: \xe2\x80\x98\x1b[01m\x1b[Kint\x1b[m\x1b[K\xe2\x80\x99 and \xe2\x80\x98\x1b[01m\x1b[Kstd::vector<Eigen::Matrix<double, 3, 1> >::size_type\x1b[m\x1b[K\xe2\x80\x99 {aka \xe2\x80\x98\x1b[01m\x1b[Klong unsigned int\x1b[m\x1b[K\xe2\x80\x99} [\x1b[01;35m\x1b[K-Wsign-compare\x1b[m\x1b[K]\n'}
[4.421089] (iit_commons) StderrLine: {'line': b'  214 |         for (int j = i + 1; \x1b[01;35m\x1b[Kj < p.size()\x1b[m\x1b[K; j++) {\n'}
[4.421167] (iit_commons) StderrLine: {'line': b'      |                             \x1b[01;35m\x1b[K~~^~~~~~~~~~\x1b[m\x1b[K\n'}
[4.493991] (-) TimerEvent: {}
[4.595514] (-) TimerEvent: {}
[4.696191] (-) TimerEvent: {}
[4.796718] (-) TimerEvent: {}
[4.897174] (-) TimerEvent: {}
[5.000874] (-) TimerEvent: {}
[5.104660] (-) TimerEvent: {}
[5.210113] (-) TimerEvent: {}
[5.310708] (-) TimerEvent: {}
[5.414506] (-) TimerEvent: {}
[5.515499] (-) TimerEvent: {}
[5.616120] (-) TimerEvent: {}
[5.720889] (-) TimerEvent: {}
[5.821411] (-) TimerEvent: {}
[5.922492] (-) TimerEvent: {}
[6.022966] (-) TimerEvent: {}
[6.123594] (-) TimerEvent: {}
[6.224152] (-) TimerEvent: {}
[6.325073] (-) TimerEvent: {}
[6.425605] (-) TimerEvent: {}
[6.527053] (-) TimerEvent: {}
[6.627450] (-) TimerEvent: {}
[6.727984] (-) TimerEvent: {}
[6.830521] (-) TimerEvent: {}
[6.932404] (-) TimerEvent: {}
[7.033445] (-) TimerEvent: {}
[7.134285] (-) TimerEvent: {}
[7.236698] (-) TimerEvent: {}
[7.337475] (-) TimerEvent: {}
[7.438010] (-) TimerEvent: {}
[7.538591] (-) TimerEvent: {}
[7.639228] (-) TimerEvent: {}
[7.739728] (-) TimerEvent: {}
[7.840198] (-) TimerEvent: {}
[7.942138] (-) TimerEvent: {}
[8.044693] (-) TimerEvent: {}
[8.145127] (-) TimerEvent: {}
[8.251071] (-) TimerEvent: {}
[8.351547] (-) TimerEvent: {}
[8.460737] (-) TimerEvent: {}
[8.566753] (-) TimerEvent: {}
[8.667240] (-) TimerEvent: {}
[8.767737] (-) TimerEvent: {}
[8.868203] (-) TimerEvent: {}
[8.968742] (-) TimerEvent: {}
[9.072720] (-) TimerEvent: {}
[9.176685] (-) TimerEvent: {}
[9.277156] (-) TimerEvent: {}
[9.379285] (-) TimerEvent: {}
[9.482066] (-) TimerEvent: {}
[9.583411] (-) TimerEvent: {}
[9.686938] (-) TimerEvent: {}
[9.787446] (-) TimerEvent: {}
[9.888026] (-) TimerEvent: {}
[9.988990] (-) TimerEvent: {}
[10.089455] (-) TimerEvent: {}
[10.192060] (-) TimerEvent: {}
[10.292737] (-) TimerEvent: {}
[10.393495] (-) TimerEvent: {}
[10.493985] (-) TimerEvent: {}
[10.594512] (-) TimerEvent: {}
[10.695093] (-) TimerEvent: {}
[10.798464] (-) TimerEvent: {}
[10.899002] (-) TimerEvent: {}
[11.007925] (-) TimerEvent: {}
[11.108481] (-) TimerEvent: {}
[11.210453] (-) TimerEvent: {}
[11.312739] (-) TimerEvent: {}
[11.413320] (-) TimerEvent: {}
[11.516701] (-) TimerEvent: {}
[11.620880] (-) TimerEvent: {}
[11.721625] (-) TimerEvent: {}
[11.822371] (-) TimerEvent: {}
[11.922938] (-) TimerEvent: {}
[12.023425] (-) TimerEvent: {}
[12.123864] (-) TimerEvent: {}
[12.224411] (-) TimerEvent: {}
[12.327374] (-) TimerEvent: {}
[12.427947] (-) TimerEvent: {}
[12.528456] (-) TimerEvent: {}
[12.629094] (-) TimerEvent: {}
[12.730875] (-) TimerEvent: {}
[12.831436] (-) TimerEvent: {}
[12.933342] (-) TimerEvent: {}
[13.036718] (-) TimerEvent: {}
[13.137352] (-) TimerEvent: {}
[13.237907] (-) TimerEvent: {}
[13.338411] (-) TimerEvent: {}
[13.439134] (-) TimerEvent: {}
[13.540395] (-) TimerEvent: {}
[13.652700] (-) TimerEvent: {}
[13.753153] (-) TimerEvent: {}
[13.853647] (-) TimerEvent: {}
[13.954229] (-) TimerEvent: {}
[14.056511] (-) TimerEvent: {}
[14.158564] (-) TimerEvent: {}
[14.260752] (-) TimerEvent: {}
[14.361356] (-) TimerEvent: {}
[14.462007] (-) TimerEvent: {}
[14.562473] (-) TimerEvent: {}
[14.668764] (-) TimerEvent: {}
[14.769214] (-) TimerEvent: {}
[14.869639] (-) TimerEvent: {}
[14.970099] (-) TimerEvent: {}
[15.070556] (-) TimerEvent: {}
[15.171210] (-) TimerEvent: {}
[15.271825] (-) TimerEvent: {}
[15.372272] (-) TimerEvent: {}
[15.472814] (-) TimerEvent: {}
[15.573610] (-) TimerEvent: {}
[15.677624] (-) TimerEvent: {}
[15.784741] (-) TimerEvent: {}
[15.885222] (-) TimerEvent: {}
[15.985851] (-) TimerEvent: {}
[16.088022] (-) TimerEvent: {}
[16.188693] (-) TimerEvent: {}
[16.289136] (-) TimerEvent: {}
[16.392623] (-) TimerEvent: {}
[16.496709] (-) TimerEvent: {}
[16.600760] (-) TimerEvent: {}
[16.701397] (-) TimerEvent: {}
[16.802058] (-) TimerEvent: {}
[16.902568] (-) TimerEvent: {}
[17.003219] (-) TimerEvent: {}
[17.103722] (-) TimerEvent: {}
[17.204381] (-) TimerEvent: {}
[17.305016] (-) TimerEvent: {}
[17.405460] (-) TimerEvent: {}
[17.505900] (-) TimerEvent: {}
[17.608762] (-) TimerEvent: {}
[17.709332] (-) TimerEvent: {}
[17.812810] (-) TimerEvent: {}
[17.917023] (-) TimerEvent: {}
[18.018747] (-) TimerEvent: {}
[18.119497] (-) TimerEvent: {}
[18.220415] (-) TimerEvent: {}
[18.321273] (-) TimerEvent: {}
[18.423779] (-) TimerEvent: {}
[18.524293] (-) TimerEvent: {}
[18.625821] (-) TimerEvent: {}
[18.730329] (-) TimerEvent: {}
[18.830968] (-) TimerEvent: {}
[18.931539] (-) TimerEvent: {}
[19.032053] (-) TimerEvent: {}
[19.132718] (-) TimerEvent: {}
[19.234518] (-) TimerEvent: {}
[19.335846] (-) TimerEvent: {}
[19.436549] (-) TimerEvent: {}
[19.537875] (-) TimerEvent: {}
[19.638549] (-) TimerEvent: {}
[19.739130] (-) TimerEvent: {}
[19.839764] (-) TimerEvent: {}
[19.940255] (-) TimerEvent: {}
[20.044272] (-) TimerEvent: {}
[20.154637] (-) TimerEvent: {}
[20.255249] (-) TimerEvent: {}
[20.355804] (-) TimerEvent: {}
[20.458262] (-) TimerEvent: {}
[20.560706] (-) TimerEvent: {}
[20.661260] (-) TimerEvent: {}
[20.761940] (-) TimerEvent: {}
[20.866296] (-) TimerEvent: {}
[20.966990] (-) TimerEvent: {}
[21.073680] (-) TimerEvent: {}
[21.174214] (-) TimerEvent: {}
[21.279127] (-) TimerEvent: {}
[21.390982] (-) TimerEvent: {}
[21.491456] (-) TimerEvent: {}
[21.592034] (-) TimerEvent: {}
[21.692814] (-) TimerEvent: {}
[21.796045] (-) TimerEvent: {}
[21.897071] (-) TimerEvent: {}
[21.997535] (-) TimerEvent: {}
[22.098738] (-) TimerEvent: {}
[22.199527] (-) TimerEvent: {}
[22.300548] (-) TimerEvent: {}
[22.401321] (-) TimerEvent: {}
[22.502681] (-) TimerEvent: {}
[22.604334] (-) TimerEvent: {}
[22.706011] (-) TimerEvent: {}
[22.806523] (-) TimerEvent: {}
[22.908410] (-) TimerEvent: {}
[23.009472] (-) TimerEvent: {}
[23.109912] (-) TimerEvent: {}
[23.213392] (-) TimerEvent: {}
[23.314146] (-) TimerEvent: {}
[23.414739] (-) TimerEvent: {}
[23.515251] (-) TimerEvent: {}
[23.616371] (-) TimerEvent: {}
[23.716945] (-) TimerEvent: {}
[23.817474] (-) TimerEvent: {}
[23.921723] (-) TimerEvent: {}
[24.023653] (-) TimerEvent: {}
[24.124186] (-) TimerEvent: {}
[24.225081] (-) TimerEvent: {}
[24.327393] (-) TimerEvent: {}
[24.435083] (-) TimerEvent: {}
[24.535703] (-) TimerEvent: {}
[24.638053] (-) TimerEvent: {}
[24.738701] (-) TimerEvent: {}
[24.839251] (-) TimerEvent: {}
[24.939730] (-) TimerEvent: {}
[25.040470] (-) TimerEvent: {}
[25.142527] (-) TimerEvent: {}
[25.245112] (-) TimerEvent: {}
[25.347567] (-) TimerEvent: {}
[25.448153] (-) TimerEvent: {}
[25.548717] (-) TimerEvent: {}
[25.649498] (-) TimerEvent: {}
[25.750083] (-) TimerEvent: {}
[25.850526] (-) TimerEvent: {}
[25.951029] (-) TimerEvent: {}
[26.051589] (-) TimerEvent: {}
[26.153403] (-) TimerEvent: {}
[26.253980] (-) TimerEvent: {}
[26.355096] (-) TimerEvent: {}
[26.456726] (-) TimerEvent: {}
[26.557483] (-) TimerEvent: {}
[26.658077] (-) TimerEvent: {}
[26.760730] (-) TimerEvent: {}
[26.861547] (-) TimerEvent: {}
[26.962441] (-) TimerEvent: {}
[27.072348] (-) TimerEvent: {}
[27.173108] (-) TimerEvent: {}
[27.275203] (-) TimerEvent: {}
[27.375808] (-) TimerEvent: {}
[27.477170] (-) TimerEvent: {}
[27.580753] (-) TimerEvent: {}
[27.681437] (-) TimerEvent: {}
[27.786352] (-) TimerEvent: {}
[27.888040] (-) TimerEvent: {}
[27.990358] (-) TimerEvent: {}
[28.092949] (-) TimerEvent: {}
[28.199046] (-) TimerEvent: {}
[28.299639] (-) TimerEvent: {}
[28.400169] (-) TimerEvent: {}
[28.500678] (-) TimerEvent: {}
[28.604817] (-) TimerEvent: {}
[28.705584] (-) TimerEvent: {}
[28.807178] (-) TimerEvent: {}
[28.912700] (-) TimerEvent: {}
[29.013176] (-) TimerEvent: {}
[29.115433] (-) TimerEvent: {}
[29.220532] (-) TimerEvent: {}
[29.329231] (-) TimerEvent: {}
[29.430790] (-) TimerEvent: {}
[29.531398] (-) TimerEvent: {}
[29.633267] (-) TimerEvent: {}
[29.733779] (-) TimerEvent: {}
[29.834295] (-) TimerEvent: {}
[29.934798] (-) TimerEvent: {}
[30.035397] (-) TimerEvent: {}
[30.136044] (-) TimerEvent: {}
[30.240982] (-) TimerEvent: {}
[30.341609] (-) TimerEvent: {}
[30.448810] (-) TimerEvent: {}
[30.498919] (iit_commons) StderrLine: {'line': b'\x1b[01m\x1b[K/root/muse_ws/muse_ros2/muse_ws/src/iit_commons/include/iit_commons/commons/planning/planning.h:\x1b[m\x1b[K At global scope:\n'}
[30.499402] (iit_commons) StderrLine: {'line': b'\x1b[01m\x1b[K/root/muse_ws/muse_ros2/muse_ws/src/iit_commons/include/iit_commons/commons/planning/planning.h:207:13:\x1b[m\x1b[K \x1b[01;35m\x1b[Kwarning: \x1b[m\x1b[K\xe2\x80\x98\x1b[01m\x1b[Kvoid iit::planning::CounterClockwiseSort(std::vector<Eigen::Matrix<double, 3, 1> >&, std::vector<int>&)\x1b[m\x1b[K\xe2\x80\x99 defined but not used [\x1b[01;35m\x1b[K-Wunused-function\x1b[m\x1b[K]\n'}
[30.499565] (iit_commons) StderrLine: {'line': b'  207 | static void \x1b[01;35m\x1b[KCounterClockwiseSort\x1b[m\x1b[K(std::vector<Eigen::Vector3d>& p, std::vector<int> & index_map)\n'}
[30.499849] (iit_commons) StderrLine: {'line': b'      |             \x1b[01;35m\x1b[K^~~~~~~~~~~~~~~~~~~~\x1b[m\x1b[K\n'}
[30.499939] (iit_commons) StderrLine: {'line': b'\x1b[01m\x1b[K/root/muse_ws/muse_ros2/muse_ws/src/iit_commons/include/iit_commons/commons/planning/planning.h:158:13:\x1b[m\x1b[K \x1b[01;35m\x1b[Kwarning: \x1b[m\x1b[K\xe2\x80\x98\x1b[01m\x1b[Kvoid iit::planning::ClockwiseSort(std::vector<Eigen::Matrix<double, 3, 1> >&)\x1b[m\x1b[K\xe2\x80\x99 defined but not used [\x1b[01;35m\x1b[K-Wunused-function\x1b[m\x1b[K]\n'}
[30.500022] (iit_commons) StderrLine: {'line': b'  158 | static void \x1b[01;35m\x1b[KClockwiseSort\x1b[m\x1b[K(std::vector<Eigen::Vector3d>& p)\n'}
[30.502518] (iit_commons) StderrLine: {'line': b'      |             \x1b[01;35m\x1b[K^~~~~~~~~~~~~\x1b[m\x1b[K\n'}
[30.549169] (-) TimerEvent: {}
[30.649742] (-) TimerEvent: {}
[30.683820] (iit_commons) StderrLine: {'line': b'gmake[2]: *** [CMakeFiles/vm-test.dir/build.make:76: CMakeFiles/vm-test.dir/src/control/testVirtualModel.cpp.o] Error 1\n'}
[30.685112] (iit_commons) StderrLine: {'line': b'gmake[1]: *** [CMakeFiles/Makefile2:195: CMakeFiles/vm-test.dir/all] Error 2\n'}
[30.685652] (iit_commons) StderrLine: {'line': b'gmake: *** [Makefile:146: all] Error 2\n'}
[30.690739] (iit_commons) CommandEnded: {'returncode': 2}
[30.697985] (iit_commons) JobEnded: {'identifier': 'iit_commons', 'rc': 2}
[30.709432] (-) EventReactorShutdown: {}
