[0.000000] (-) TimerEvent: {}
[0.004858] (iit_commons) JobQueued: {'identifier': 'iit_commons', 'dependencies': OrderedDict()}
[0.005128] (state_estimator_msgs) JobQueued: {'identifier': 'state_estimator_msgs', 'dependencies': OrderedDict()}
[0.005312] (state_estimator) JobQueued: {'identifier': 'state_estimator', 'dependencies': OrderedDict([('state_estimator_msgs', '/root/muse_ws/muse_ros2/muse_ws/install/state_estimator_msgs')])}
[0.006298] (state_estimator_msgs) JobStarted: {'identifier': 'state_estimator_msgs'}
[0.021741] (iit_commons) JobStarted: {'identifier': 'iit_commons'}
[0.028817] (state_estimator_msgs) JobProgress: {'identifier': 'state_estimator_msgs', 'progress': 'cmake'}
[0.029957] (state_estimator_msgs) JobProgress: {'identifier': 'state_estimator_msgs', 'progress': 'build'}
[0.031147] (state_estimator_msgs) Command: {'cmd': ['/usr/bin/cmake', '--build', '/root/muse_ws/muse_ros2/muse_ws/build/state_estimator_msgs', '--', '-j12', '-l12'], 'cwd': '/root/muse_ws/muse_ros2/muse_ws/build/state_estimator_msgs', 'env': OrderedDict([('LESSOPEN', '| /usr/bin/lesspipe %s'), ('HOSTNAME', '0fa4e54b97e2'), ('SHLVL', '1'), ('LIBGL_ALWAYS_SOFTWARE', '1'), ('LD_LIBRARY_PATH', '/home/dev_ws/colcon_ws/install/kiss_icp/lib:/opt/ros/humble/opt/rviz_ogre_vendor/lib:/opt/ros/humble/lib/x86_64-linux-gnu:/opt/ros/humble/lib'), ('HOME', '/root'), ('OLDPWD', '/root/muse_ws/muse_ros2'), ('ROS_PYTHON_VERSION', '3'), ('COLCON_PREFIX_PATH', '/home/dev_ws/colcon_ws/install'), ('ROS_DISTRO', 'humble'), ('_', '/usr/bin/colcon'), ('ROS_VERSION', '2'), ('TERM', 'xterm'), ('ROS_LOCALHOST_ONLY', '0'), ('PATH', '/opt/ros/humble/bin:/usr/local/sbin:/usr/local/bin:/usr/sbin:/usr/bin:/sbin:/bin'), ('XDG_RUNTIME_DIR', '/tmp/runtime-root'), ('LANG', 'C.UTF-8'), ('LS_COLORS', 'rs=0:di=01;34:ln=01;36:mh=00:pi=40;33:so=01;35:do=01;35:bd=40;33;01:cd=40;33;01:or=40;31;01:mi=00:su=37;41:sg=30;43:ca=30;41:tw=30;42:ow=34;42:st=37;44:ex=01;32:*.tar=01;31:*.tgz=01;31:*.arc=01;31:*.arj=01;31:*.taz=01;31:*.lha=01;31:*.lz4=01;31:*.lzh=01;31:*.lzma=01;31:*.tlz=01;31:*.txz=01;31:*.tzo=01;31:*.t7z=01;31:*.zip=01;31:*.z=01;31:*.dz=01;31:*.gz=01;31:*.lrz=01;31:*.lz=01;31:*.lzo=01;31:*.xz=01;31:*.zst=01;31:*.tzst=01;31:*.bz2=01;31:*.bz=01;31:*.tbz=01;31:*.tbz2=01;31:*.tz=01;31:*.deb=01;31:*.rpm=01;31:*.jar=01;31:*.war=01;31:*.ear=01;31:*.sar=01;31:*.rar=01;31:*.alz=01;31:*.ace=01;31:*.zoo=01;31:*.cpio=01;31:*.7z=01;31:*.rz=01;31:*.cab=01;31:*.wim=01;31:*.swm=01;31:*.dwm=01;31:*.esd=01;31:*.jpg=01;35:*.jpeg=01;35:*.mjpg=01;35:*.mjpeg=01;35:*.gif=01;35:*.bmp=01;35:*.pbm=01;35:*.pgm=01;35:*.ppm=01;35:*.tga=01;35:*.xbm=01;35:*.xpm=01;35:*.tif=01;35:*.tiff=01;35:*.png=01;35:*.svg=01;35:*.svgz=01;35:*.mng=01;35:*.pcx=01;35:*.mov=01;35:*.mpg=01;35:*.mpeg=01;35:*.m2v=01;35:*.mkv=01;35:*.webm=01;35:*.webp=01;35:*.ogm=01;35:*.mp4=01;35:*.m4v=01;35:*.mp4v=01;35:*.vob=01;35:*.qt=01;35:*.nuv=01;35:*.wmv=01;35:*.asf=01;35:*.rm=01;35:*.rmvb=01;35:*.flc=01;35:*.avi=01;35:*.fli=01;35:*.flv=01;35:*.gl=01;35:*.dl=01;35:*.xcf=01;35:*.xwd=01;35:*.yuv=01;35:*.cgm=01;35:*.emf=01;35:*.ogv=01;35:*.ogx=01;35:*.aac=00;36:*.au=00;36:*.flac=00;36:*.m4a=00;36:*.mid=00;36:*.midi=00;36:*.mka=00;36:*.mp3=00;36:*.mpc=00;36:*.ogg=00;36:*.ra=00;36:*.wav=00;36:*.oga=00;36:*.opus=00;36:*.spx=00;36:*.xspf=00;36:'), ('AMENT_PREFIX_PATH', '/home/dev_ws/colcon_ws/install/kiss_icp:/opt/ros/humble'), ('DEBIAN_FRONTEND', 'noninteractive'), ('LESSCLOSE', '/usr/bin/lesspipe %s %s'), ('PWD', '/root/muse_ws/muse_ros2/muse_ws/build/state_estimator_msgs'), ('LC_ALL', 'C.UTF-8'), ('PYTHONPATH', '/opt/ros/humble/lib/python3.10/site-packages:/opt/ros/humble/local/lib/python3.10/dist-packages'), ('COLCON', '1'), ('CMAKE_PREFIX_PATH', '/home/dev_ws/colcon_ws/install/kiss_icp:/opt/ros/humble')]), 'shell': False}
[0.050237] (iit_commons) JobProgress: {'identifier': 'iit_commons', 'progress': 'cmake'}
[0.050372] (iit_commons) JobProgress: {'identifier': 'iit_commons', 'progress': 'build'}
[0.050411] (iit_commons) Command: {'cmd': ['/usr/bin/cmake', '--build', '/root/muse_ws/muse_ros2/muse_ws/build/iit_commons', '--', '-j12', '-l12'], 'cwd': '/root/muse_ws/muse_ros2/muse_ws/build/iit_commons', 'env': OrderedDict([('LESSOPEN', '| /usr/bin/lesspipe %s'), ('HOSTNAME', '0fa4e54b97e2'), ('SHLVL', '1'), ('LIBGL_ALWAYS_SOFTWARE', '1'), ('LD_LIBRARY_PATH', '/home/dev_ws/colcon_ws/install/kiss_icp/lib:/opt/ros/humble/opt/rviz_ogre_vendor/lib:/opt/ros/humble/lib/x86_64-linux-gnu:/opt/ros/humble/lib'), ('HOME', '/root'), ('OLDPWD', '/root/muse_ws/muse_ros2'), ('ROS_PYTHON_VERSION', '3'), ('COLCON_PREFIX_PATH', '/home/dev_ws/colcon_ws/install'), ('ROS_DISTRO', 'humble'), ('_', '/usr/bin/colcon'), ('ROS_VERSION', '2'), ('TERM', 'xterm'), ('ROS_LOCALHOST_ONLY', '0'), ('PATH', '/opt/ros/humble/bin:/usr/local/sbin:/usr/local/bin:/usr/sbin:/usr/bin:/sbin:/bin'), ('XDG_RUNTIME_DIR', '/tmp/runtime-root'), ('LANG', 'C.UTF-8'), ('LS_COLORS', 'rs=0:di=01;34:ln=01;36:mh=00:pi=40;33:so=01;35:do=01;35:bd=40;33;01:cd=40;33;01:or=40;31;01:mi=00:su=37;41:sg=30;43:ca=30;41:tw=30;42:ow=34;42:st=37;44:ex=01;32:*.tar=01;31:*.tgz=01;31:*.arc=01;31:*.arj=01;31:*.taz=01;31:*.lha=01;31:*.lz4=01;31:*.lzh=01;31:*.lzma=01;31:*.tlz=01;31:*.txz=01;31:*.tzo=01;31:*.t7z=01;31:*.zip=01;31:*.z=01;31:*.dz=01;31:*.gz=01;31:*.lrz=01;31:*.lz=01;31:*.lzo=01;31:*.xz=01;31:*.zst=01;31:*.tzst=01;31:*.bz2=01;31:*.bz=01;31:*.tbz=01;31:*.tbz2=01;31:*.tz=01;31:*.deb=01;31:*.rpm=01;31:*.jar=01;31:*.war=01;31:*.ear=01;31:*.sar=01;31:*.rar=01;31:*.alz=01;31:*.ace=01;31:*.zoo=01;31:*.cpio=01;31:*.7z=01;31:*.rz=01;31:*.cab=01;31:*.wim=01;31:*.swm=01;31:*.dwm=01;31:*.esd=01;31:*.jpg=01;35:*.jpeg=01;35:*.mjpg=01;35:*.mjpeg=01;35:*.gif=01;35:*.bmp=01;35:*.pbm=01;35:*.pgm=01;35:*.ppm=01;35:*.tga=01;35:*.xbm=01;35:*.xpm=01;35:*.tif=01;35:*.tiff=01;35:*.png=01;35:*.svg=01;35:*.svgz=01;35:*.mng=01;35:*.pcx=01;35:*.mov=01;35:*.mpg=01;35:*.mpeg=01;35:*.m2v=01;35:*.mkv=01;35:*.webm=01;35:*.webp=01;35:*.ogm=01;35:*.mp4=01;35:*.m4v=01;35:*.mp4v=01;35:*.vob=01;35:*.qt=01;35:*.nuv=01;35:*.wmv=01;35:*.asf=01;35:*.rm=01;35:*.rmvb=01;35:*.flc=01;35:*.avi=01;35:*.fli=01;35:*.flv=01;35:*.gl=01;35:*.dl=01;35:*.xcf=01;35:*.xwd=01;35:*.yuv=01;35:*.cgm=01;35:*.emf=01;35:*.ogv=01;35:*.ogx=01;35:*.aac=00;36:*.au=00;36:*.flac=00;36:*.m4a=00;36:*.mid=00;36:*.midi=00;36:*.mka=00;36:*.mp3=00;36:*.mpc=00;36:*.ogg=00;36:*.ra=00;36:*.wav=00;36:*.oga=00;36:*.opus=00;36:*.spx=00;36:*.xspf=00;36:'), ('AMENT_PREFIX_PATH', '/home/dev_ws/colcon_ws/install/kiss_icp:/opt/ros/humble'), ('DEBIAN_FRONTEND', 'noninteractive'), ('LESSCLOSE', '/usr/bin/lesspipe %s %s'), ('PWD', '/root/muse_ws/muse_ros2/muse_ws/build/iit_commons'), ('LC_ALL', 'C.UTF-8'), ('PYTHONPATH', '/opt/ros/humble/lib/python3.10/site-packages:/opt/ros/humble/local/lib/python3.10/dist-packages'), ('COLCON', '1'), ('CMAKE_PREFIX_PATH', '/home/dev_ws/colcon_ws/install/kiss_icp:/opt/ros/humble')]), 'shell': False}
[0.100015] (-) TimerEvent: {}
[0.158314] (iit_commons) StdoutLine: {'line': b'\x1b[35m\x1b[1mConsolidate compiler generated dependencies of target iitcommons\x1b[0m\n'}
[0.167678] (state_estimator_msgs) StdoutLine: {'line': b'[  0%] Built target state_estimator_msgs__cpp\n'}
[0.206115] (-) TimerEvent: {}
[0.214071] (iit_commons) StdoutLine: {'line': b'[  4%] \x1b[32mBuilding CXX object CMakeFiles/iitcommons.dir/src/control/VirtualModel.cpp.o\x1b[0m\n'}
[0.250051] (state_estimator_msgs) StdoutLine: {'line': b'[  0%] Built target ament_cmake_python_copy_state_estimator_msgs\n'}
[0.306534] (-) TimerEvent: {}
[0.318964] (state_estimator_msgs) StdoutLine: {'line': b'[ 12%] Built target state_estimator_msgs__rosidl_typesupport_introspection_cpp\n'}
[0.406714] (-) TimerEvent: {}
[0.512654] (-) TimerEvent: {}
[0.613224] (-) TimerEvent: {}
[0.686749] (state_estimator_msgs) StdoutLine: {'line': b'running egg_info\n'}
[0.687746] (state_estimator_msgs) StdoutLine: {'line': b'writing state_estimator_msgs.egg-info/PKG-INFO\n'}
[0.688032] (state_estimator_msgs) StdoutLine: {'line': b'writing dependency_links to state_estimator_msgs.egg-info/dependency_links.txt\n'}
[0.688301] (state_estimator_msgs) StdoutLine: {'line': b'writing top-level names to state_estimator_msgs.egg-info/top_level.txt\n'}
[0.691899] (state_estimator_msgs) StdoutLine: {'line': b"reading manifest file 'state_estimator_msgs.egg-info/SOURCES.txt'\n"}
[0.692858] (state_estimator_msgs) StdoutLine: {'line': b"writing manifest file 'state_estimator_msgs.egg-info/SOURCES.txt'\n"}
[0.717898] (-) TimerEvent: {}
[0.750601] (state_estimator_msgs) StdoutLine: {'line': b'[ 12%] Built target ament_cmake_python_build_state_estimator_msgs_egg\n'}
[0.818073] (-) TimerEvent: {}
[0.820445] (state_estimator_msgs) StdoutLine: {'line': b'[ 24%] Built target state_estimator_msgs__rosidl_typesupport_fastrtps_cpp\n'}
[0.881784] (state_estimator_msgs) StdoutLine: {'line': b'[ 36%] Built target state_estimator_msgs__rosidl_typesupport_cpp\n'}
[0.918386] (-) TimerEvent: {}
[0.943077] (state_estimator_msgs) StdoutLine: {'line': b'[ 48%] Built target state_estimator_msgs__rosidl_generator_c\n'}
[1.009084] (state_estimator_msgs) StdoutLine: {'line': b'[ 60%] Built target state_estimator_msgs__rosidl_typesupport_fastrtps_c\n'}
[1.018564] (-) TimerEvent: {}
[1.062254] (state_estimator_msgs) StdoutLine: {'line': b'[ 72%] Built target state_estimator_msgs__rosidl_typesupport_c\n'}
[1.118754] (-) TimerEvent: {}
[1.131978] (state_estimator_msgs) StdoutLine: {'line': b'[ 84%] Built target state_estimator_msgs__rosidl_typesupport_introspection_c\n'}
[1.191961] (state_estimator_msgs) StdoutLine: {'line': b'[ 84%] Built target state_estimator_msgs\n'}
[1.218952] (-) TimerEvent: {}
[1.242864] (state_estimator_msgs) StdoutLine: {'line': b'[ 85%] Built target state_estimator_msgs__py\n'}
[1.319567] (-) TimerEvent: {}
[1.333604] (state_estimator_msgs) StdoutLine: {'line': b'[ 96%] Built target state_estimator_msgs__rosidl_generator_py\n'}
[1.420168] (-) TimerEvent: {}
[1.455817] (state_estimator_msgs) StdoutLine: {'line': b'[ 97%] Built target state_estimator_msgs__rosidl_typesupport_fastrtps_c__pyext\n'}
[1.520356] (-) TimerEvent: {}
[1.540248] (state_estimator_msgs) StdoutLine: {'line': b'[ 98%] Built target state_estimator_msgs__rosidl_typesupport_c__pyext\n'}
[1.630047] (-) TimerEvent: {}
[1.663965] (state_estimator_msgs) StdoutLine: {'line': b'[100%] Built target state_estimator_msgs__rosidl_typesupport_introspection_c__pyext\n'}
[1.704673] (state_estimator_msgs) CommandEnded: {'returncode': 0}
[1.705105] (state_estimator_msgs) JobProgress: {'identifier': 'state_estimator_msgs', 'progress': 'install'}
[1.735683] (state_estimator_msgs) Command: {'cmd': ['/usr/bin/cmake', '--install', '/root/muse_ws/muse_ros2/muse_ws/build/state_estimator_msgs'], 'cwd': '/root/muse_ws/muse_ros2/muse_ws/build/state_estimator_msgs', 'env': OrderedDict([('LESSOPEN', '| /usr/bin/lesspipe %s'), ('HOSTNAME', '0fa4e54b97e2'), ('SHLVL', '1'), ('LIBGL_ALWAYS_SOFTWARE', '1'), ('LD_LIBRARY_PATH', '/home/dev_ws/colcon_ws/install/kiss_icp/lib:/opt/ros/humble/opt/rviz_ogre_vendor/lib:/opt/ros/humble/lib/x86_64-linux-gnu:/opt/ros/humble/lib'), ('HOME', '/root'), ('OLDPWD', '/root/muse_ws/muse_ros2'), ('ROS_PYTHON_VERSION', '3'), ('COLCON_PREFIX_PATH', '/home/dev_ws/colcon_ws/install'), ('ROS_DISTRO', 'humble'), ('_', '/usr/bin/colcon'), ('ROS_VERSION', '2'), ('TERM', 'xterm'), ('ROS_LOCALHOST_ONLY', '0'), ('PATH', '/opt/ros/humble/bin:/usr/local/sbin:/usr/local/bin:/usr/sbin:/usr/bin:/sbin:/bin'), ('XDG_RUNTIME_DIR', '/tmp/runtime-root'), ('LANG', 'C.UTF-8'), ('LS_COLORS', 'rs=0:di=01;34:ln=01;36:mh=00:pi=40;33:so=01;35:do=01;35:bd=40;33;01:cd=40;33;01:or=40;31;01:mi=00:su=37;41:sg=30;43:ca=30;41:tw=30;42:ow=34;42:st=37;44:ex=01;32:*.tar=01;31:*.tgz=01;31:*.arc=01;31:*.arj=01;31:*.taz=01;31:*.lha=01;31:*.lz4=01;31:*.lzh=01;31:*.lzma=01;31:*.tlz=01;31:*.txz=01;31:*.tzo=01;31:*.t7z=01;31:*.zip=01;31:*.z=01;31:*.dz=01;31:*.gz=01;31:*.lrz=01;31:*.lz=01;31:*.lzo=01;31:*.xz=01;31:*.zst=01;31:*.tzst=01;31:*.bz2=01;31:*.bz=01;31:*.tbz=01;31:*.tbz2=01;31:*.tz=01;31:*.deb=01;31:*.rpm=01;31:*.jar=01;31:*.war=01;31:*.ear=01;31:*.sar=01;31:*.rar=01;31:*.alz=01;31:*.ace=01;31:*.zoo=01;31:*.cpio=01;31:*.7z=01;31:*.rz=01;31:*.cab=01;31:*.wim=01;31:*.swm=01;31:*.dwm=01;31:*.esd=01;31:*.jpg=01;35:*.jpeg=01;35:*.mjpg=01;35:*.mjpeg=01;35:*.gif=01;35:*.bmp=01;35:*.pbm=01;35:*.pgm=01;35:*.ppm=01;35:*.tga=01;35:*.xbm=01;35:*.xpm=01;35:*.tif=01;35:*.tiff=01;35:*.png=01;35:*.svg=01;35:*.svgz=01;35:*.mng=01;35:*.pcx=01;35:*.mov=01;35:*.mpg=01;35:*.mpeg=01;35:*.m2v=01;35:*.mkv=01;35:*.webm=01;35:*.webp=01;35:*.ogm=01;35:*.mp4=01;35:*.m4v=01;35:*.mp4v=01;35:*.vob=01;35:*.qt=01;35:*.nuv=01;35:*.wmv=01;35:*.asf=01;35:*.rm=01;35:*.rmvb=01;35:*.flc=01;35:*.avi=01;35:*.fli=01;35:*.flv=01;35:*.gl=01;35:*.dl=01;35:*.xcf=01;35:*.xwd=01;35:*.yuv=01;35:*.cgm=01;35:*.emf=01;35:*.ogv=01;35:*.ogx=01;35:*.aac=00;36:*.au=00;36:*.flac=00;36:*.m4a=00;36:*.mid=00;36:*.midi=00;36:*.mka=00;36:*.mp3=00;36:*.mpc=00;36:*.ogg=00;36:*.ra=00;36:*.wav=00;36:*.oga=00;36:*.opus=00;36:*.spx=00;36:*.xspf=00;36:'), ('AMENT_PREFIX_PATH', '/home/dev_ws/colcon_ws/install/kiss_icp:/opt/ros/humble'), ('DEBIAN_FRONTEND', 'noninteractive'), ('LESSCLOSE', '/usr/bin/lesspipe %s %s'), ('PWD', '/root/muse_ws/muse_ros2/muse_ws/build/state_estimator_msgs'), ('LC_ALL', 'C.UTF-8'), ('PYTHONPATH', '/opt/ros/humble/lib/python3.10/site-packages:/opt/ros/humble/local/lib/python3.10/dist-packages'), ('COLCON', '1'), ('CMAKE_PREFIX_PATH', '/home/dev_ws/colcon_ws/install/kiss_icp:/opt/ros/humble')]), 'shell': False}
[1.739774] (-) TimerEvent: {}
[1.766702] (state_estimator_msgs) StdoutLine: {'line': b'-- Install configuration: ""\n'}
[1.767026] (state_estimator_msgs) StdoutLine: {'line': b'-- Up-to-date: /root/muse_ws/muse_ros2/muse_ws/install/state_estimator_msgs/share/ament_index/resource_index/rosidl_interfaces/state_estimator_msgs\n'}
[1.767115] (state_estimator_msgs) StdoutLine: {'line': b'-- Up-to-date: /root/muse_ws/muse_ros2/muse_ws/install/state_estimator_msgs/include/state_estimator_msgs/state_estimator_msgs\n'}
[1.767202] (state_estimator_msgs) StdoutLine: {'line': b'-- Up-to-date: /root/muse_ws/muse_ros2/muse_ws/install/state_estimator_msgs/include/state_estimator_msgs/state_estimator_msgs/srv\n'}
[1.767281] (state_estimator_msgs) StdoutLine: {'line': b'-- Up-to-date: /root/muse_ws/muse_ros2/muse_ws/install/state_estimator_msgs/include/state_estimator_msgs/state_estimator_msgs/srv/get_blacklist.h\n'}
[1.767367] (state_estimator_msgs) StdoutLine: {'line': b'-- Up-to-date: /root/muse_ws/muse_ros2/muse_ws/install/state_estimator_msgs/include/state_estimator_msgs/state_estimator_msgs/srv/reset_estimator.h\n'}
[1.767435] (state_estimator_msgs) StdoutLine: {'line': b'-- Up-to-date: /root/muse_ws/muse_ros2/muse_ws/install/state_estimator_msgs/include/state_estimator_msgs/state_estimator_msgs/srv/stop_estimator.h\n'}
[1.767500] (state_estimator_msgs) StdoutLine: {'line': b'-- Up-to-date: /root/muse_ws/muse_ros2/muse_ws/install/state_estimator_msgs/include/state_estimator_msgs/state_estimator_msgs/srv/restart_estimator.h\n'}
[1.767563] (state_estimator_msgs) StdoutLine: {'line': b'-- Up-to-date: /root/muse_ws/muse_ros2/muse_ws/install/state_estimator_msgs/include/state_estimator_msgs/state_estimator_msgs/srv/get_whitelist.h\n'}
[1.767644] (state_estimator_msgs) StdoutLine: {'line': b'-- Up-to-date: /root/muse_ws/muse_ros2/muse_ws/install/state_estimator_msgs/include/state_estimator_msgs/state_estimator_msgs/srv/detail\n'}
[1.770637] (state_estimator_msgs) StdoutLine: {'line': b'-- Up-to-date: /root/muse_ws/muse_ros2/muse_ws/install/state_estimator_msgs/include/state_estimator_msgs/state_estimator_msgs/srv/detail/get_estimator_description__functions.c\n'}
[1.770768] (state_estimator_msgs) StdoutLine: {'line': b'-- Up-to-date: /root/muse_ws/muse_ros2/muse_ws/install/state_estimator_msgs/include/state_estimator_msgs/state_estimator_msgs/srv/detail/resume_estimator__functions.c\n'}
[1.770861] (state_estimator_msgs) StdoutLine: {'line': b'-- Up-to-date: /root/muse_ws/muse_ros2/muse_ws/install/state_estimator_msgs/include/state_estimator_msgs/state_estimator_msgs/srv/detail/reset_estimator__struct.h\n'}
[1.770968] (state_estimator_msgs) StdoutLine: {'line': b'-- Up-to-date: /root/muse_ws/muse_ros2/muse_ws/install/state_estimator_msgs/include/state_estimator_msgs/state_estimator_msgs/srv/detail/get_active_estimators__functions.h\n'}
[1.771115] (state_estimator_msgs) StdoutLine: {'line': b'-- Up-to-date: /root/muse_ws/muse_ros2/muse_ws/install/state_estimator_msgs/include/state_estimator_msgs/state_estimator_msgs/srv/detail/get_whitelist__functions.h\n'}
[1.771201] (state_estimator_msgs) StdoutLine: {'line': b'-- Up-to-date: /root/muse_ws/muse_ros2/muse_ws/install/state_estimator_msgs/include/state_estimator_msgs/state_estimator_msgs/srv/detail/pause_estimator__type_support.h\n'}
[1.771304] (state_estimator_msgs) StdoutLine: {'line': b'-- Up-to-date: /root/muse_ws/muse_ros2/muse_ws/install/state_estimator_msgs/include/state_estimator_msgs/state_estimator_msgs/srv/detail/stop_estimator__functions.c\n'}
[1.771376] (state_estimator_msgs) StdoutLine: {'line': b'-- Up-to-date: /root/muse_ws/muse_ros2/muse_ws/install/state_estimator_msgs/include/state_estimator_msgs/state_estimator_msgs/srv/detail/get_estimator_description__functions.h\n'}
[1.771448] (state_estimator_msgs) StdoutLine: {'line': b'-- Up-to-date: /root/muse_ws/muse_ros2/muse_ws/install/state_estimator_msgs/include/state_estimator_msgs/state_estimator_msgs/srv/detail/start_estimator__functions.c\n'}
[1.771539] (state_estimator_msgs) StdoutLine: {'line': b'-- Up-to-date: /root/muse_ws/muse_ros2/muse_ws/install/state_estimator_msgs/include/state_estimator_msgs/state_estimator_msgs/srv/detail/start_estimator__functions.h\n'}
[1.771739] (state_estimator_msgs) StdoutLine: {'line': b'-- Up-to-date: /root/muse_ws/muse_ros2/muse_ws/install/state_estimator_msgs/include/state_estimator_msgs/state_estimator_msgs/srv/detail/resume_estimator__functions.h\n'}
[1.771948] (state_estimator_msgs) StdoutLine: {'line': b'-- Up-to-date: /root/muse_ws/muse_ros2/muse_ws/install/state_estimator_msgs/include/state_estimator_msgs/state_estimator_msgs/srv/detail/get_blacklist__functions.c\n'}
[1.772025] (state_estimator_msgs) StdoutLine: {'line': b'-- Up-to-date: /root/muse_ws/muse_ros2/muse_ws/install/state_estimator_msgs/include/state_estimator_msgs/state_estimator_msgs/srv/detail/get_blacklist__struct.h\n'}
[1.772134] (state_estimator_msgs) StdoutLine: {'line': b'-- Up-to-date: /root/muse_ws/muse_ros2/muse_ws/install/state_estimator_msgs/include/state_estimator_msgs/state_estimator_msgs/srv/detail/reset_estimator__functions.c\n'}
[1.772263] (state_estimator_msgs) StdoutLine: {'line': b'-- Up-to-date: /root/muse_ws/muse_ros2/muse_ws/install/state_estimator_msgs/include/state_estimator_msgs/state_estimator_msgs/srv/detail/pause_estimator__functions.c\n'}
[1.772388] (state_estimator_msgs) StdoutLine: {'line': b'-- Up-to-date: /root/muse_ws/muse_ros2/muse_ws/install/state_estimator_msgs/include/state_estimator_msgs/state_estimator_msgs/srv/detail/get_whitelist__functions.c\n'}
[1.772561] (state_estimator_msgs) StdoutLine: {'line': b'-- Up-to-date: /root/muse_ws/muse_ros2/muse_ws/install/state_estimator_msgs/include/state_estimator_msgs/state_estimator_msgs/srv/detail/list_all_estimators__type_support.h\n'}
[1.775967] (state_estimator_msgs) StdoutLine: {'line': b'-- Up-to-date: /root/muse_ws/muse_ros2/muse_ws/install/state_estimator_msgs/include/state_estimator_msgs/state_estimator_msgs/srv/detail/get_active_estimators__type_support.h\n'}
[1.776117] (state_estimator_msgs) StdoutLine: {'line': b'-- Up-to-date: /root/muse_ws/muse_ros2/muse_ws/install/state_estimator_msgs/include/state_estimator_msgs/state_estimator_msgs/srv/detail/reset_estimator__type_support.h\n'}
[1.776192] (state_estimator_msgs) StdoutLine: {'line': b'-- Up-to-date: /root/muse_ws/muse_ros2/muse_ws/install/state_estimator_msgs/include/state_estimator_msgs/state_estimator_msgs/srv/detail/reset_estimator__functions.h\n'}
[1.776267] (state_estimator_msgs) StdoutLine: {'line': b'-- Up-to-date: /root/muse_ws/muse_ros2/muse_ws/install/state_estimator_msgs/include/state_estimator_msgs/state_estimator_msgs/srv/detail/restart_estimator__functions.h\n'}
[1.776345] (state_estimator_msgs) StdoutLine: {'line': b'-- Up-to-date: /root/muse_ws/muse_ros2/muse_ws/install/state_estimator_msgs/include/state_estimator_msgs/state_estimator_msgs/srv/detail/get_blacklist__functions.h\n'}
[1.776501] (state_estimator_msgs) StdoutLine: {'line': b'-- Up-to-date: /root/muse_ws/muse_ros2/muse_ws/install/state_estimator_msgs/include/state_estimator_msgs/state_estimator_msgs/srv/detail/get_blacklist__type_support.h\n'}
[1.776571] (state_estimator_msgs) StdoutLine: {'line': b'-- Up-to-date: /root/muse_ws/muse_ros2/muse_ws/install/state_estimator_msgs/include/state_estimator_msgs/state_estimator_msgs/srv/detail/list_all_estimators__struct.h\n'}
[1.776635] (state_estimator_msgs) StdoutLine: {'line': b'-- Up-to-date: /root/muse_ws/muse_ros2/muse_ws/install/state_estimator_msgs/include/state_estimator_msgs/state_estimator_msgs/srv/detail/pause_estimator__struct.h\n'}
[1.776699] (state_estimator_msgs) StdoutLine: {'line': b'-- Up-to-date: /root/muse_ws/muse_ros2/muse_ws/install/state_estimator_msgs/include/state_estimator_msgs/state_estimator_msgs/srv/detail/restart_estimator__functions.c\n'}
[1.776773] (state_estimator_msgs) StdoutLine: {'line': b'-- Up-to-date: /root/muse_ws/muse_ros2/muse_ws/install/state_estimator_msgs/include/state_estimator_msgs/state_estimator_msgs/srv/detail/resume_estimator__type_support.h\n'}
[1.776845] (state_estimator_msgs) StdoutLine: {'line': b'-- Up-to-date: /root/muse_ws/muse_ros2/muse_ws/install/state_estimator_msgs/include/state_estimator_msgs/state_estimator_msgs/srv/detail/start_estimator__type_support.h\n'}
[1.776995] (state_estimator_msgs) StdoutLine: {'line': b'-- Up-to-date: /root/muse_ws/muse_ros2/muse_ws/install/state_estimator_msgs/include/state_estimator_msgs/state_estimator_msgs/srv/detail/pause_estimator__functions.h\n'}
[1.777074] (state_estimator_msgs) StdoutLine: {'line': b'-- Up-to-date: /root/muse_ws/muse_ros2/muse_ws/install/state_estimator_msgs/include/state_estimator_msgs/state_estimator_msgs/srv/detail/list_all_estimators__functions.c\n'}
[1.777144] (state_estimator_msgs) StdoutLine: {'line': b'-- Up-to-date: /root/muse_ws/muse_ros2/muse_ws/install/state_estimator_msgs/include/state_estimator_msgs/state_estimator_msgs/srv/detail/stop_estimator__type_support.h\n'}
[1.777225] (state_estimator_msgs) StdoutLine: {'line': b'-- Up-to-date: /root/muse_ws/muse_ros2/muse_ws/install/state_estimator_msgs/include/state_estimator_msgs/state_estimator_msgs/srv/detail/start_estimator__struct.h\n'}
[1.777293] (state_estimator_msgs) StdoutLine: {'line': b'-- Up-to-date: /root/muse_ws/muse_ros2/muse_ws/install/state_estimator_msgs/include/state_estimator_msgs/state_estimator_msgs/srv/detail/get_active_estimators__functions.c\n'}
[1.777375] (state_estimator_msgs) StdoutLine: {'line': b'-- Up-to-date: /root/muse_ws/muse_ros2/muse_ws/install/state_estimator_msgs/include/state_estimator_msgs/state_estimator_msgs/srv/detail/resume_estimator__struct.h\n'}
[1.777447] (state_estimator_msgs) StdoutLine: {'line': b'-- Up-to-date: /root/muse_ws/muse_ros2/muse_ws/install/state_estimator_msgs/include/state_estimator_msgs/state_estimator_msgs/srv/detail/get_active_estimators__struct.h\n'}
[1.777534] (state_estimator_msgs) StdoutLine: {'line': b'-- Up-to-date: /root/muse_ws/muse_ros2/muse_ws/install/state_estimator_msgs/include/state_estimator_msgs/state_estimator_msgs/srv/detail/get_estimator_description__struct.h\n'}
[1.777620] (state_estimator_msgs) StdoutLine: {'line': b'-- Up-to-date: /root/muse_ws/muse_ros2/muse_ws/install/state_estimator_msgs/include/state_estimator_msgs/state_estimator_msgs/srv/detail/get_whitelist__struct.h\n'}
[1.777705] (state_estimator_msgs) StdoutLine: {'line': b'-- Up-to-date: /root/muse_ws/muse_ros2/muse_ws/install/state_estimator_msgs/include/state_estimator_msgs/state_estimator_msgs/srv/detail/stop_estimator__functions.h\n'}
[1.777772] (state_estimator_msgs) StdoutLine: {'line': b'-- Up-to-date: /root/muse_ws/muse_ros2/muse_ws/install/state_estimator_msgs/include/state_estimator_msgs/state_estimator_msgs/srv/detail/restart_estimator__type_support.h\n'}
[1.777836] (state_estimator_msgs) StdoutLine: {'line': b'-- Up-to-date: /root/muse_ws/muse_ros2/muse_ws/install/state_estimator_msgs/include/state_estimator_msgs/state_estimator_msgs/srv/detail/get_estimator_description__type_support.h\n'}
[1.777911] (state_estimator_msgs) StdoutLine: {'line': b'-- Up-to-date: /root/muse_ws/muse_ros2/muse_ws/install/state_estimator_msgs/include/state_estimator_msgs/state_estimator_msgs/srv/detail/restart_estimator__struct.h\n'}
[1.778002] (state_estimator_msgs) StdoutLine: {'line': b'-- Up-to-date: /root/muse_ws/muse_ros2/muse_ws/install/state_estimator_msgs/include/state_estimator_msgs/state_estimator_msgs/srv/detail/stop_estimator__struct.h\n'}
[1.778096] (state_estimator_msgs) StdoutLine: {'line': b'-- Up-to-date: /root/muse_ws/muse_ros2/muse_ws/install/state_estimator_msgs/include/state_estimator_msgs/state_estimator_msgs/srv/detail/list_all_estimators__functions.h\n'}
[1.778173] (state_estimator_msgs) StdoutLine: {'line': b'-- Up-to-date: /root/muse_ws/muse_ros2/muse_ws/install/state_estimator_msgs/include/state_estimator_msgs/state_estimator_msgs/srv/detail/get_whitelist__type_support.h\n'}
[1.778238] (state_estimator_msgs) StdoutLine: {'line': b'-- Up-to-date: /root/muse_ws/muse_ros2/muse_ws/install/state_estimator_msgs/include/state_estimator_msgs/state_estimator_msgs/srv/get_active_estimators.h\n'}
[1.778340] (state_estimator_msgs) StdoutLine: {'line': b'-- Up-to-date: /root/muse_ws/muse_ros2/muse_ws/install/state_estimator_msgs/include/state_estimator_msgs/state_estimator_msgs/srv/resume_estimator.h\n'}
[1.778412] (state_estimator_msgs) StdoutLine: {'line': b'-- Up-to-date: /root/muse_ws/muse_ros2/muse_ws/install/state_estimator_msgs/include/state_estimator_msgs/state_estimator_msgs/srv/start_estimator.h\n'}
[1.778481] (state_estimator_msgs) StdoutLine: {'line': b'-- Up-to-date: /root/muse_ws/muse_ros2/muse_ws/install/state_estimator_msgs/include/state_estimator_msgs/state_estimator_msgs/srv/get_estimator_description.h\n'}
[1.778564] (state_estimator_msgs) StdoutLine: {'line': b'-- Up-to-date: /root/muse_ws/muse_ros2/muse_ws/install/state_estimator_msgs/include/state_estimator_msgs/state_estimator_msgs/srv/pause_estimator.h\n'}
[1.778656] (state_estimator_msgs) StdoutLine: {'line': b'-- Up-to-date: /root/muse_ws/muse_ros2/muse_ws/install/state_estimator_msgs/include/state_estimator_msgs/state_estimator_msgs/srv/list_all_estimators.h\n'}
[1.778748] (state_estimator_msgs) StdoutLine: {'line': b'-- Up-to-date: /root/muse_ws/muse_ros2/muse_ws/install/state_estimator_msgs/include/state_estimator_msgs/state_estimator_msgs/msg\n'}
[1.778828] (state_estimator_msgs) StdoutLine: {'line': b'-- Up-to-date: /root/muse_ws/muse_ros2/muse_ws/install/state_estimator_msgs/include/state_estimator_msgs/state_estimator_msgs/msg/sensor_fusion.h\n'}
[1.778894] (state_estimator_msgs) StdoutLine: {'line': b'-- Up-to-date: /root/muse_ws/muse_ros2/muse_ws/install/state_estimator_msgs/include/state_estimator_msgs/state_estimator_msgs/msg/detail\n'}
[1.778980] (state_estimator_msgs) StdoutLine: {'line': b'-- Up-to-date: /root/muse_ws/muse_ros2/muse_ws/install/state_estimator_msgs/include/state_estimator_msgs/state_estimator_msgs/msg/detail/attitude__type_support.h\n'}
[1.779051] (state_estimator_msgs) StdoutLine: {'line': b'-- Up-to-date: /root/muse_ws/muse_ros2/muse_ws/install/state_estimator_msgs/include/state_estimator_msgs/state_estimator_msgs/msg/detail/sensor_fusion__struct.h\n'}
[1.779115] (state_estimator_msgs) StdoutLine: {'line': b'-- Up-to-date: /root/muse_ws/muse_ros2/muse_ws/install/state_estimator_msgs/include/state_estimator_msgs/state_estimator_msgs/msg/detail/attitude__struct.h\n'}
[1.779177] (state_estimator_msgs) StdoutLine: {'line': b'-- Up-to-date: /root/muse_ws/muse_ros2/muse_ws/install/state_estimator_msgs/include/state_estimator_msgs/state_estimator_msgs/msg/detail/joint_state_with_acceleration__functions.c\n'}
[1.779242] (state_estimator_msgs) StdoutLine: {'line': b'-- Up-to-date: /root/muse_ws/muse_ros2/muse_ws/install/state_estimator_msgs/include/state_estimator_msgs/state_estimator_msgs/msg/detail/contact_detection__struct.h\n'}
[1.779304] (state_estimator_msgs) StdoutLine: {'line': b'-- Up-to-date: /root/muse_ws/muse_ros2/muse_ws/install/state_estimator_msgs/include/state_estimator_msgs/state_estimator_msgs/msg/detail/attitude__functions.h\n'}
[1.779390] (state_estimator_msgs) StdoutLine: {'line': b'-- Up-to-date: /root/muse_ws/muse_ros2/muse_ws/install/state_estimator_msgs/include/state_estimator_msgs/state_estimator_msgs/msg/detail/sensor_fusion__type_support.h\n'}
[1.779476] (state_estimator_msgs) StdoutLine: {'line': b'-- Up-to-date: /root/muse_ws/muse_ros2/muse_ws/install/state_estimator_msgs/include/state_estimator_msgs/state_estimator_msgs/msg/detail/contact_detection__functions.c\n'}
[1.779558] (state_estimator_msgs) StdoutLine: {'line': b'-- Up-to-date: /root/muse_ws/muse_ros2/muse_ws/install/state_estimator_msgs/include/state_estimator_msgs/state_estimator_msgs/msg/detail/attitude__functions.c\n'}
[1.779628] (state_estimator_msgs) StdoutLine: {'line': b'-- Up-to-date: /root/muse_ws/muse_ros2/muse_ws/install/state_estimator_msgs/include/state_estimator_msgs/state_estimator_msgs/msg/detail/contact_detection__type_support.h\n'}
[1.783584] (state_estimator_msgs) StdoutLine: {'line': b'-- Up-to-date: /root/muse_ws/muse_ros2/muse_ws/install/state_estimator_msgs/include/state_estimator_msgs/state_estimator_msgs/msg/detail/sensor_fusion__functions.c\n'}
[1.783754] (state_estimator_msgs) StdoutLine: {'line': b'-- Up-to-date: /root/muse_ws/muse_ros2/muse_ws/install/state_estimator_msgs/include/state_estimator_msgs/state_estimator_msgs/msg/detail/contact_detection__functions.h\n'}
[1.783834] (state_estimator_msgs) StdoutLine: {'line': b'-- Up-to-date: /root/muse_ws/muse_ros2/muse_ws/install/state_estimator_msgs/include/state_estimator_msgs/state_estimator_msgs/msg/detail/sensor_fusion__functions.h\n'}
[1.783903] (state_estimator_msgs) StdoutLine: {'line': b'-- Up-to-date: /root/muse_ws/muse_ros2/muse_ws/install/state_estimator_msgs/include/state_estimator_msgs/state_estimator_msgs/msg/detail/joint_state_with_acceleration__functions.h\n'}
[1.783972] (state_estimator_msgs) StdoutLine: {'line': b'-- Up-to-date: /root/muse_ws/muse_ros2/muse_ws/install/state_estimator_msgs/include/state_estimator_msgs/state_estimator_msgs/msg/detail/leg_odometry__type_support.h\n'}
[1.784038] (state_estimator_msgs) StdoutLine: {'line': b'-- Up-to-date: /root/muse_ws/muse_ros2/muse_ws/install/state_estimator_msgs/include/state_estimator_msgs/state_estimator_msgs/msg/detail/joint_state_with_acceleration__type_support.h\n'}
[1.784103] (state_estimator_msgs) StdoutLine: {'line': b'-- Up-to-date: /root/muse_ws/muse_ros2/muse_ws/install/state_estimator_msgs/include/state_estimator_msgs/state_estimator_msgs/msg/detail/joint_state_with_acceleration__struct.h\n'}
[1.784171] (state_estimator_msgs) StdoutLine: {'line': b'-- Up-to-date: /root/muse_ws/muse_ros2/muse_ws/install/state_estimator_msgs/include/state_estimator_msgs/state_estimator_msgs/msg/detail/leg_odometry__functions.c\n'}
[1.784245] (state_estimator_msgs) StdoutLine: {'line': b'-- Up-to-date: /root/muse_ws/muse_ros2/muse_ws/install/state_estimator_msgs/include/state_estimator_msgs/state_estimator_msgs/msg/detail/leg_odometry__struct.h\n'}
[1.784317] (state_estimator_msgs) StdoutLine: {'line': b'-- Up-to-date: /root/muse_ws/muse_ros2/muse_ws/install/state_estimator_msgs/include/state_estimator_msgs/state_estimator_msgs/msg/detail/leg_odometry__functions.h\n'}
[1.784435] (state_estimator_msgs) StdoutLine: {'line': b'-- Up-to-date: /root/muse_ws/muse_ros2/muse_ws/install/state_estimator_msgs/include/state_estimator_msgs/state_estimator_msgs/msg/joint_state_with_acceleration.h\n'}
[1.784519] (state_estimator_msgs) StdoutLine: {'line': b'-- Up-to-date: /root/muse_ws/muse_ros2/muse_ws/install/state_estimator_msgs/include/state_estimator_msgs/state_estimator_msgs/msg/leg_odometry.h\n'}
[1.784589] (state_estimator_msgs) StdoutLine: {'line': b'-- Up-to-date: /root/muse_ws/muse_ros2/muse_ws/install/state_estimator_msgs/include/state_estimator_msgs/state_estimator_msgs/msg/rosidl_generator_c__visibility_control.h\n'}
[1.784658] (state_estimator_msgs) StdoutLine: {'line': b'-- Up-to-date: /root/muse_ws/muse_ros2/muse_ws/install/state_estimator_msgs/include/state_estimator_msgs/state_estimator_msgs/msg/contact_detection.h\n'}
[1.784738] (state_estimator_msgs) StdoutLine: {'line': b'-- Up-to-date: /root/muse_ws/muse_ros2/muse_ws/install/state_estimator_msgs/include/state_estimator_msgs/state_estimator_msgs/msg/attitude.h\n'}
[1.784807] (state_estimator_msgs) StdoutLine: {'line': b'-- Up-to-date: /root/muse_ws/muse_ros2/muse_ws/install/state_estimator_msgs/share/state_estimator_msgs/environment/library_path.sh\n'}
[1.784876] (state_estimator_msgs) StdoutLine: {'line': b'-- Up-to-date: /root/muse_ws/muse_ros2/muse_ws/install/state_estimator_msgs/share/state_estimator_msgs/environment/library_path.dsv\n'}
[1.785214] (state_estimator_msgs) StdoutLine: {'line': b'-- Up-to-date: /root/muse_ws/muse_ros2/muse_ws/install/state_estimator_msgs/lib/libstate_estimator_msgs__rosidl_generator_c.so\n'}
[1.785447] (state_estimator_msgs) StdoutLine: {'line': b'-- Up-to-date: /root/muse_ws/muse_ros2/muse_ws/install/state_estimator_msgs/include/state_estimator_msgs/state_estimator_msgs\n'}
[1.785529] (state_estimator_msgs) StdoutLine: {'line': b'-- Up-to-date: /root/muse_ws/muse_ros2/muse_ws/install/state_estimator_msgs/include/state_estimator_msgs/state_estimator_msgs/srv\n'}
[1.785597] (state_estimator_msgs) StdoutLine: {'line': b'-- Up-to-date: /root/muse_ws/muse_ros2/muse_ws/install/state_estimator_msgs/include/state_estimator_msgs/state_estimator_msgs/srv/detail\n'}
[1.785663] (state_estimator_msgs) StdoutLine: {'line': b'-- Up-to-date: /root/muse_ws/muse_ros2/muse_ws/install/state_estimator_msgs/include/state_estimator_msgs/state_estimator_msgs/srv/detail/resume_estimator__rosidl_typesupport_fastrtps_c.h\n'}
[1.785759] (state_estimator_msgs) StdoutLine: {'line': b'-- Up-to-date: /root/muse_ws/muse_ros2/muse_ws/install/state_estimator_msgs/include/state_estimator_msgs/state_estimator_msgs/srv/detail/stop_estimator__rosidl_typesupport_fastrtps_c.h\n'}
[1.785826] (state_estimator_msgs) StdoutLine: {'line': b'-- Up-to-date: /root/muse_ws/muse_ros2/muse_ws/install/state_estimator_msgs/include/state_estimator_msgs/state_estimator_msgs/srv/detail/get_whitelist__rosidl_typesupport_fastrtps_c.h\n'}
[1.785894] (state_estimator_msgs) StdoutLine: {'line': b'-- Up-to-date: /root/muse_ws/muse_ros2/muse_ws/install/state_estimator_msgs/include/state_estimator_msgs/state_estimator_msgs/srv/detail/list_all_estimators__rosidl_typesupport_fastrtps_c.h\n'}
[1.785959] (state_estimator_msgs) StdoutLine: {'line': b'-- Up-to-date: /root/muse_ws/muse_ros2/muse_ws/install/state_estimator_msgs/include/state_estimator_msgs/state_estimator_msgs/srv/detail/pause_estimator__rosidl_typesupport_fastrtps_c.h\n'}
[1.786023] (state_estimator_msgs) StdoutLine: {'line': b'-- Up-to-date: /root/muse_ws/muse_ros2/muse_ws/install/state_estimator_msgs/include/state_estimator_msgs/state_estimator_msgs/srv/detail/start_estimator__rosidl_typesupport_fastrtps_c.h\n'}
[1.786211] (state_estimator_msgs) StdoutLine: {'line': b'-- Up-to-date: /root/muse_ws/muse_ros2/muse_ws/install/state_estimator_msgs/include/state_estimator_msgs/state_estimator_msgs/srv/detail/reset_estimator__rosidl_typesupport_fastrtps_c.h\n'}
[1.786288] (state_estimator_msgs) StdoutLine: {'line': b'-- Up-to-date: /root/muse_ws/muse_ros2/muse_ws/install/state_estimator_msgs/include/state_estimator_msgs/state_estimator_msgs/srv/detail/get_active_estimators__rosidl_typesupport_fastrtps_c.h\n'}
[1.787074] (state_estimator_msgs) StdoutLine: {'line': b'-- Up-to-date: /root/muse_ws/muse_ros2/muse_ws/install/state_estimator_msgs/include/state_estimator_msgs/state_estimator_msgs/srv/detail/get_blacklist__rosidl_typesupport_fastrtps_c.h\n'}
[1.787386] (state_estimator_msgs) StdoutLine: {'line': b'-- Up-to-date: /root/muse_ws/muse_ros2/muse_ws/install/state_estimator_msgs/include/state_estimator_msgs/state_estimator_msgs/srv/detail/restart_estimator__rosidl_typesupport_fastrtps_c.h\n'}
[1.787542] (state_estimator_msgs) StdoutLine: {'line': b'-- Up-to-date: /root/muse_ws/muse_ros2/muse_ws/install/state_estimator_msgs/include/state_estimator_msgs/state_estimator_msgs/srv/detail/get_estimator_description__rosidl_typesupport_fastrtps_c.h\n'}
[1.788526] (state_estimator_msgs) StdoutLine: {'line': b'-- Up-to-date: /root/muse_ws/muse_ros2/muse_ws/install/state_estimator_msgs/include/state_estimator_msgs/state_estimator_msgs/msg\n'}
[1.788897] (state_estimator_msgs) StdoutLine: {'line': b'-- Up-to-date: /root/muse_ws/muse_ros2/muse_ws/install/state_estimator_msgs/include/state_estimator_msgs/state_estimator_msgs/msg/detail\n'}
[1.789185] (state_estimator_msgs) StdoutLine: {'line': b'-- Up-to-date: /root/muse_ws/muse_ros2/muse_ws/install/state_estimator_msgs/include/state_estimator_msgs/state_estimator_msgs/msg/detail/sensor_fusion__rosidl_typesupport_fastrtps_c.h\n'}
[1.789358] (state_estimator_msgs) StdoutLine: {'line': b'-- Up-to-date: /root/muse_ws/muse_ros2/muse_ws/install/state_estimator_msgs/include/state_estimator_msgs/state_estimator_msgs/msg/detail/joint_state_with_acceleration__rosidl_typesupport_fastrtps_c.h\n'}
[1.789440] (state_estimator_msgs) StdoutLine: {'line': b'-- Up-to-date: /root/muse_ws/muse_ros2/muse_ws/install/state_estimator_msgs/include/state_estimator_msgs/state_estimator_msgs/msg/detail/attitude__rosidl_typesupport_fastrtps_c.h\n'}
[1.789511] (state_estimator_msgs) StdoutLine: {'line': b'-- Up-to-date: /root/muse_ws/muse_ros2/muse_ws/install/state_estimator_msgs/include/state_estimator_msgs/state_estimator_msgs/msg/detail/contact_detection__rosidl_typesupport_fastrtps_c.h\n'}
[1.789578] (state_estimator_msgs) StdoutLine: {'line': b'-- Up-to-date: /root/muse_ws/muse_ros2/muse_ws/install/state_estimator_msgs/include/state_estimator_msgs/state_estimator_msgs/msg/detail/leg_odometry__rosidl_typesupport_fastrtps_c.h\n'}
[1.789709] (state_estimator_msgs) StdoutLine: {'line': b'-- Up-to-date: /root/muse_ws/muse_ros2/muse_ws/install/state_estimator_msgs/include/state_estimator_msgs/state_estimator_msgs/msg/rosidl_typesupport_fastrtps_c__visibility_control.h\n'}
[1.789789] (state_estimator_msgs) StdoutLine: {'line': b'-- Up-to-date: /root/muse_ws/muse_ros2/muse_ws/install/state_estimator_msgs/lib/libstate_estimator_msgs__rosidl_typesupport_fastrtps_c.so\n'}
[1.789954] (state_estimator_msgs) StdoutLine: {'line': b'-- Up-to-date: /root/muse_ws/muse_ros2/muse_ws/install/state_estimator_msgs/include/state_estimator_msgs/state_estimator_msgs\n'}
[1.790063] (state_estimator_msgs) StdoutLine: {'line': b'-- Up-to-date: /root/muse_ws/muse_ros2/muse_ws/install/state_estimator_msgs/include/state_estimator_msgs/state_estimator_msgs/srv\n'}
[1.790202] (state_estimator_msgs) StdoutLine: {'line': b'-- Up-to-date: /root/muse_ws/muse_ros2/muse_ws/install/state_estimator_msgs/include/state_estimator_msgs/state_estimator_msgs/srv/list_all_estimators.hpp\n'}
[1.791141] (state_estimator_msgs) StdoutLine: {'line': b'-- Up-to-date: /root/muse_ws/muse_ros2/muse_ws/install/state_estimator_msgs/include/state_estimator_msgs/state_estimator_msgs/srv/resume_estimator.hpp\n'}
[1.791800] (state_estimator_msgs) StdoutLine: {'line': b'-- Up-to-date: /root/muse_ws/muse_ros2/muse_ws/install/state_estimator_msgs/include/state_estimator_msgs/state_estimator_msgs/srv/pause_estimator.hpp\n'}
[1.793173] (state_estimator_msgs) StdoutLine: {'line': b'-- Up-to-date: /root/muse_ws/muse_ros2/muse_ws/install/state_estimator_msgs/include/state_estimator_msgs/state_estimator_msgs/srv/reset_estimator.hpp\n'}
[1.793275] (state_estimator_msgs) StdoutLine: {'line': b'-- Up-to-date: /root/muse_ws/muse_ros2/muse_ws/install/state_estimator_msgs/include/state_estimator_msgs/state_estimator_msgs/srv/get_active_estimators.hpp\n'}
[1.793362] (state_estimator_msgs) StdoutLine: {'line': b'-- Up-to-date: /root/muse_ws/muse_ros2/muse_ws/install/state_estimator_msgs/include/state_estimator_msgs/state_estimator_msgs/srv/detail\n'}
[1.793433] (state_estimator_msgs) StdoutLine: {'line': b'-- Up-to-date: /root/muse_ws/muse_ros2/muse_ws/install/state_estimator_msgs/include/state_estimator_msgs/state_estimator_msgs/srv/detail/get_whitelist__type_support.hpp\n'}
[1.793555] (state_estimator_msgs) StdoutLine: {'line': b'-- Up-to-date: /root/muse_ws/muse_ros2/muse_ws/install/state_estimator_msgs/include/state_estimator_msgs/state_estimator_msgs/srv/detail/pause_estimator__type_support.hpp\n'}
[1.793663] (state_estimator_msgs) StdoutLine: {'line': b'-- Up-to-date: /root/muse_ws/muse_ros2/muse_ws/install/state_estimator_msgs/include/state_estimator_msgs/state_estimator_msgs/srv/detail/restart_estimator__traits.hpp\n'}
[1.793735] (state_estimator_msgs) StdoutLine: {'line': b'-- Up-to-date: /root/muse_ws/muse_ros2/muse_ws/install/state_estimator_msgs/include/state_estimator_msgs/state_estimator_msgs/srv/detail/get_whitelist__traits.hpp\n'}
[1.793799] (state_estimator_msgs) StdoutLine: {'line': b'-- Up-to-date: /root/muse_ws/muse_ros2/muse_ws/install/state_estimator_msgs/include/state_estimator_msgs/state_estimator_msgs/srv/detail/get_estimator_description__builder.hpp\n'}
[1.793860] (state_estimator_msgs) StdoutLine: {'line': b'-- Up-to-date: /root/muse_ws/muse_ros2/muse_ws/install/state_estimator_msgs/include/state_estimator_msgs/state_estimator_msgs/srv/detail/stop_estimator__traits.hpp\n'}
[1.793919] (state_estimator_msgs) StdoutLine: {'line': b'-- Up-to-date: /root/muse_ws/muse_ros2/muse_ws/install/state_estimator_msgs/include/state_estimator_msgs/state_estimator_msgs/srv/detail/get_whitelist__builder.hpp\n'}
[1.793979] (state_estimator_msgs) StdoutLine: {'line': b'-- Up-to-date: /root/muse_ws/muse_ros2/muse_ws/install/state_estimator_msgs/include/state_estimator_msgs/state_estimator_msgs/srv/detail/stop_estimator__builder.hpp\n'}
[1.794074] (state_estimator_msgs) StdoutLine: {'line': b'-- Up-to-date: /root/muse_ws/muse_ros2/muse_ws/install/state_estimator_msgs/include/state_estimator_msgs/state_estimator_msgs/srv/detail/list_all_estimators__type_support.hpp\n'}
[1.794172] (state_estimator_msgs) StdoutLine: {'line': b'-- Up-to-date: /root/muse_ws/muse_ros2/muse_ws/install/state_estimator_msgs/include/state_estimator_msgs/state_estimator_msgs/srv/detail/reset_estimator__builder.hpp\n'}
[1.794240] (state_estimator_msgs) StdoutLine: {'line': b'-- Up-to-date: /root/muse_ws/muse_ros2/muse_ws/install/state_estimator_msgs/include/state_estimator_msgs/state_estimator_msgs/srv/detail/get_active_estimators__traits.hpp\n'}
[1.794304] (state_estimator_msgs) StdoutLine: {'line': b'-- Up-to-date: /root/muse_ws/muse_ros2/muse_ws/install/state_estimator_msgs/include/state_estimator_msgs/state_estimator_msgs/srv/detail/resume_estimator__type_support.hpp\n'}
[1.794394] (state_estimator_msgs) StdoutLine: {'line': b'-- Up-to-date: /root/muse_ws/muse_ros2/muse_ws/install/state_estimator_msgs/include/state_estimator_msgs/state_estimator_msgs/srv/detail/start_estimator__type_support.hpp\n'}
[1.794469] (state_estimator_msgs) StdoutLine: {'line': b'-- Up-to-date: /root/muse_ws/muse_ros2/muse_ws/install/state_estimator_msgs/include/state_estimator_msgs/state_estimator_msgs/srv/detail/get_active_estimators__type_support.hpp\n'}
[1.794535] (state_estimator_msgs) StdoutLine: {'line': b'-- Up-to-date: /root/muse_ws/muse_ros2/muse_ws/install/state_estimator_msgs/include/state_estimator_msgs/state_estimator_msgs/srv/detail/get_blacklist__builder.hpp\n'}
[1.794645] (state_estimator_msgs) StdoutLine: {'line': b'-- Up-to-date: /root/muse_ws/muse_ros2/muse_ws/install/state_estimator_msgs/include/state_estimator_msgs/state_estimator_msgs/srv/detail/list_all_estimators__struct.hpp\n'}
[1.794718] (state_estimator_msgs) StdoutLine: {'line': b'-- Up-to-date: /root/muse_ws/muse_ros2/muse_ws/install/state_estimator_msgs/include/state_estimator_msgs/state_estimator_msgs/srv/detail/get_estimator_description__traits.hpp\n'}
[1.794783] (state_estimator_msgs) StdoutLine: {'line': b'-- Up-to-date: /root/muse_ws/muse_ros2/muse_ws/install/state_estimator_msgs/include/state_estimator_msgs/state_estimator_msgs/srv/detail/stop_estimator__type_support.hpp\n'}
[1.794847] (state_estimator_msgs) StdoutLine: {'line': b'-- Up-to-date: /root/muse_ws/muse_ros2/muse_ws/install/state_estimator_msgs/include/state_estimator_msgs/state_estimator_msgs/srv/detail/list_all_estimators__traits.hpp\n'}
[1.795164] (state_estimator_msgs) StdoutLine: {'line': b'-- Up-to-date: /root/muse_ws/muse_ros2/muse_ws/install/state_estimator_msgs/include/state_estimator_msgs/state_estimator_msgs/srv/detail/start_estimator__builder.hpp\n'}
[1.795421] (state_estimator_msgs) StdoutLine: {'line': b'-- Up-to-date: /root/muse_ws/muse_ros2/muse_ws/install/state_estimator_msgs/include/state_estimator_msgs/state_estimator_msgs/srv/detail/restart_estimator__builder.hpp\n'}
[1.795762] (state_estimator_msgs) StdoutLine: {'line': b'-- Up-to-date: /root/muse_ws/muse_ros2/muse_ws/install/state_estimator_msgs/include/state_estimator_msgs/state_estimator_msgs/srv/detail/restart_estimator__type_support.hpp\n'}
[1.795940] (state_estimator_msgs) StdoutLine: {'line': b'-- Up-to-date: /root/muse_ws/muse_ros2/muse_ws/install/state_estimator_msgs/include/state_estimator_msgs/state_estimator_msgs/srv/detail/reset_estimator__type_support.hpp\n'}
[1.796023] (state_estimator_msgs) StdoutLine: {'line': b'-- Up-to-date: /root/muse_ws/muse_ros2/muse_ws/install/state_estimator_msgs/include/state_estimator_msgs/state_estimator_msgs/srv/detail/get_active_estimators__struct.hpp\n'}
[1.796172] (state_estimator_msgs) StdoutLine: {'line': b'-- Up-to-date: /root/muse_ws/muse_ros2/muse_ws/install/state_estimator_msgs/include/state_estimator_msgs/state_estimator_msgs/srv/detail/get_estimator_description__type_support.hpp\n'}
[1.796860] (state_estimator_msgs) StdoutLine: {'line': b'-- Up-to-date: /root/muse_ws/muse_ros2/muse_ws/install/state_estimator_msgs/include/state_estimator_msgs/state_estimator_msgs/srv/detail/get_blacklist__type_support.hpp\n'}
[1.796953] (state_estimator_msgs) StdoutLine: {'line': b'-- Up-to-date: /root/muse_ws/muse_ros2/muse_ws/install/state_estimator_msgs/include/state_estimator_msgs/state_estimator_msgs/srv/detail/pause_estimator__builder.hpp\n'}
[1.797028] (state_estimator_msgs) StdoutLine: {'line': b'-- Up-to-date: /root/muse_ws/muse_ros2/muse_ws/install/state_estimator_msgs/include/state_estimator_msgs/state_estimator_msgs/srv/detail/restart_estimator__struct.hpp\n'}
[1.797117] (state_estimator_msgs) StdoutLine: {'line': b'-- Up-to-date: /root/muse_ws/muse_ros2/muse_ws/install/state_estimator_msgs/include/state_estimator_msgs/state_estimator_msgs/srv/detail/resume_estimator__builder.hpp\n'}
[1.797197] (state_estimator_msgs) StdoutLine: {'line': b'-- Up-to-date: /root/muse_ws/muse_ros2/muse_ws/install/state_estimator_msgs/include/state_estimator_msgs/state_estimator_msgs/srv/detail/start_estimator__traits.hpp\n'}
[1.797396] (state_estimator_msgs) StdoutLine: {'line': b'-- Up-to-date: /root/muse_ws/muse_ros2/muse_ws/install/state_estimator_msgs/include/state_estimator_msgs/state_estimator_msgs/srv/detail/get_estimator_description__struct.hpp\n'}
[1.797479] (state_estimator_msgs) StdoutLine: {'line': b'-- Up-to-date: /root/muse_ws/muse_ros2/muse_ws/install/state_estimator_msgs/include/state_estimator_msgs/state_estimator_msgs/srv/detail/resume_estimator__traits.hpp\n'}
[1.797593] (state_estimator_msgs) StdoutLine: {'line': b'-- Up-to-date: /root/muse_ws/muse_ros2/muse_ws/install/state_estimator_msgs/include/state_estimator_msgs/state_estimator_msgs/srv/detail/start_estimator__struct.hpp\n'}
[1.797696] (state_estimator_msgs) StdoutLine: {'line': b'-- Up-to-date: /root/muse_ws/muse_ros2/muse_ws/install/state_estimator_msgs/include/state_estimator_msgs/state_estimator_msgs/srv/detail/pause_estimator__traits.hpp\n'}
[1.797776] (state_estimator_msgs) StdoutLine: {'line': b'-- Up-to-date: /root/muse_ws/muse_ros2/muse_ws/install/state_estimator_msgs/include/state_estimator_msgs/state_estimator_msgs/srv/detail/list_all_estimators__builder.hpp\n'}
[1.797881] (state_estimator_msgs) StdoutLine: {'line': b'-- Up-to-date: /root/muse_ws/muse_ros2/muse_ws/install/state_estimator_msgs/include/state_estimator_msgs/state_estimator_msgs/srv/detail/get_blacklist__traits.hpp\n'}
[1.797961] (state_estimator_msgs) StdoutLine: {'line': b'-- Up-to-date: /root/muse_ws/muse_ros2/muse_ws/install/state_estimator_msgs/include/state_estimator_msgs/state_estimator_msgs/srv/detail/reset_estimator__traits.hpp\n'}
[1.798039] (state_estimator_msgs) StdoutLine: {'line': b'-- Up-to-date: /root/muse_ws/muse_ros2/muse_ws/install/state_estimator_msgs/include/state_estimator_msgs/state_estimator_msgs/srv/detail/stop_estimator__struct.hpp\n'}
[1.798103] (state_estimator_msgs) StdoutLine: {'line': b'-- Up-to-date: /root/muse_ws/muse_ros2/muse_ws/install/state_estimator_msgs/include/state_estimator_msgs/state_estimator_msgs/srv/detail/get_whitelist__struct.hpp\n'}
[1.798166] (state_estimator_msgs) StdoutLine: {'line': b'-- Up-to-date: /root/muse_ws/muse_ros2/muse_ws/install/state_estimator_msgs/include/state_estimator_msgs/state_estimator_msgs/srv/detail/get_blacklist__struct.hpp\n'}
[1.798228] (state_estimator_msgs) StdoutLine: {'line': b'-- Up-to-date: /root/muse_ws/muse_ros2/muse_ws/install/state_estimator_msgs/include/state_estimator_msgs/state_estimator_msgs/srv/detail/pause_estimator__struct.hpp\n'}
[1.798290] (state_estimator_msgs) StdoutLine: {'line': b'-- Up-to-date: /root/muse_ws/muse_ros2/muse_ws/install/state_estimator_msgs/include/state_estimator_msgs/state_estimator_msgs/srv/detail/resume_estimator__struct.hpp\n'}
[1.798424] (state_estimator_msgs) StdoutLine: {'line': b'-- Up-to-date: /root/muse_ws/muse_ros2/muse_ws/install/state_estimator_msgs/include/state_estimator_msgs/state_estimator_msgs/srv/detail/get_active_estimators__builder.hpp\n'}
[1.798508] (state_estimator_msgs) StdoutLine: {'line': b'-- Up-to-date: /root/muse_ws/muse_ros2/muse_ws/install/state_estimator_msgs/include/state_estimator_msgs/state_estimator_msgs/srv/detail/reset_estimator__struct.hpp\n'}
[1.798591] (state_estimator_msgs) StdoutLine: {'line': b'-- Up-to-date: /root/muse_ws/muse_ros2/muse_ws/install/state_estimator_msgs/include/state_estimator_msgs/state_estimator_msgs/srv/restart_estimator.hpp\n'}
[1.798665] (state_estimator_msgs) StdoutLine: {'line': b'-- Up-to-date: /root/muse_ws/muse_ros2/muse_ws/install/state_estimator_msgs/include/state_estimator_msgs/state_estimator_msgs/srv/stop_estimator.hpp\n'}
[1.798750] (state_estimator_msgs) StdoutLine: {'line': b'-- Up-to-date: /root/muse_ws/muse_ros2/muse_ws/install/state_estimator_msgs/include/state_estimator_msgs/state_estimator_msgs/srv/get_whitelist.hpp\n'}
[1.798822] (state_estimator_msgs) StdoutLine: {'line': b'-- Up-to-date: /root/muse_ws/muse_ros2/muse_ws/install/state_estimator_msgs/include/state_estimator_msgs/state_estimator_msgs/srv/get_estimator_description.hpp\n'}
[1.798950] (state_estimator_msgs) StdoutLine: {'line': b'-- Up-to-date: /root/muse_ws/muse_ros2/muse_ws/install/state_estimator_msgs/include/state_estimator_msgs/state_estimator_msgs/srv/get_blacklist.hpp\n'}
[1.799037] (state_estimator_msgs) StdoutLine: {'line': b'-- Up-to-date: /root/muse_ws/muse_ros2/muse_ws/install/state_estimator_msgs/include/state_estimator_msgs/state_estimator_msgs/srv/start_estimator.hpp\n'}
[1.799116] (state_estimator_msgs) StdoutLine: {'line': b'-- Up-to-date: /root/muse_ws/muse_ros2/muse_ws/install/state_estimator_msgs/include/state_estimator_msgs/state_estimator_msgs/msg\n'}
[1.799185] (state_estimator_msgs) StdoutLine: {'line': b'-- Up-to-date: /root/muse_ws/muse_ros2/muse_ws/install/state_estimator_msgs/include/state_estimator_msgs/state_estimator_msgs/msg/joint_state_with_acceleration.hpp\n'}
[1.799267] (state_estimator_msgs) StdoutLine: {'line': b'-- Up-to-date: /root/muse_ws/muse_ros2/muse_ws/install/state_estimator_msgs/include/state_estimator_msgs/state_estimator_msgs/msg/contact_detection.hpp\n'}
[1.799341] (state_estimator_msgs) StdoutLine: {'line': b'-- Up-to-date: /root/muse_ws/muse_ros2/muse_ws/install/state_estimator_msgs/include/state_estimator_msgs/state_estimator_msgs/msg/detail\n'}
[1.799416] (state_estimator_msgs) StdoutLine: {'line': b'-- Up-to-date: /root/muse_ws/muse_ros2/muse_ws/install/state_estimator_msgs/include/state_estimator_msgs/state_estimator_msgs/msg/detail/leg_odometry__builder.hpp\n'}
[1.799501] (state_estimator_msgs) StdoutLine: {'line': b'-- Up-to-date: /root/muse_ws/muse_ros2/muse_ws/install/state_estimator_msgs/include/state_estimator_msgs/state_estimator_msgs/msg/detail/leg_odometry__struct.hpp\n'}
[1.799589] (state_estimator_msgs) StdoutLine: {'line': b'-- Up-to-date: /root/muse_ws/muse_ros2/muse_ws/install/state_estimator_msgs/include/state_estimator_msgs/state_estimator_msgs/msg/detail/attitude__type_support.hpp\n'}
[1.799713] (state_estimator_msgs) StdoutLine: {'line': b'-- Up-to-date: /root/muse_ws/muse_ros2/muse_ws/install/state_estimator_msgs/include/state_estimator_msgs/state_estimator_msgs/msg/detail/leg_odometry__traits.hpp\n'}
[1.799804] (state_estimator_msgs) StdoutLine: {'line': b'-- Up-to-date: /root/muse_ws/muse_ros2/muse_ws/install/state_estimator_msgs/include/state_estimator_msgs/state_estimator_msgs/msg/detail/leg_odometry__type_support.hpp\n'}
[1.799875] (state_estimator_msgs) StdoutLine: {'line': b'-- Up-to-date: /root/muse_ws/muse_ros2/muse_ws/install/state_estimator_msgs/include/state_estimator_msgs/state_estimator_msgs/msg/detail/sensor_fusion__traits.hpp\n'}
[1.799942] (state_estimator_msgs) StdoutLine: {'line': b'-- Up-to-date: /root/muse_ws/muse_ros2/muse_ws/install/state_estimator_msgs/include/state_estimator_msgs/state_estimator_msgs/msg/detail/attitude__builder.hpp\n'}
[1.800034] (state_estimator_msgs) StdoutLine: {'line': b'-- Up-to-date: /root/muse_ws/muse_ros2/muse_ws/install/state_estimator_msgs/include/state_estimator_msgs/state_estimator_msgs/msg/detail/joint_state_with_acceleration__traits.hpp\n'}
[1.800109] (state_estimator_msgs) StdoutLine: {'line': b'-- Up-to-date: /root/muse_ws/muse_ros2/muse_ws/install/state_estimator_msgs/include/state_estimator_msgs/state_estimator_msgs/msg/detail/sensor_fusion__type_support.hpp\n'}
[1.800177] (state_estimator_msgs) StdoutLine: {'line': b'-- Up-to-date: /root/muse_ws/muse_ros2/muse_ws/install/state_estimator_msgs/include/state_estimator_msgs/state_estimator_msgs/msg/detail/contact_detection__type_support.hpp\n'}
[1.800245] (state_estimator_msgs) StdoutLine: {'line': b'-- Up-to-date: /root/muse_ws/muse_ros2/muse_ws/install/state_estimator_msgs/include/state_estimator_msgs/state_estimator_msgs/msg/detail/contact_detection__traits.hpp\n'}
[1.800311] (state_estimator_msgs) StdoutLine: {'line': b'-- Up-to-date: /root/muse_ws/muse_ros2/muse_ws/install/state_estimator_msgs/include/state_estimator_msgs/state_estimator_msgs/msg/detail/joint_state_with_acceleration__type_support.hpp\n'}
[1.800377] (state_estimator_msgs) StdoutLine: {'line': b'-- Up-to-date: /root/muse_ws/muse_ros2/muse_ws/install/state_estimator_msgs/include/state_estimator_msgs/state_estimator_msgs/msg/detail/attitude__struct.hpp\n'}
[1.800442] (state_estimator_msgs) StdoutLine: {'line': b'-- Up-to-date: /root/muse_ws/muse_ros2/muse_ws/install/state_estimator_msgs/include/state_estimator_msgs/state_estimator_msgs/msg/detail/contact_detection__builder.hpp\n'}
[1.800528] (state_estimator_msgs) StdoutLine: {'line': b'-- Up-to-date: /root/muse_ws/muse_ros2/muse_ws/install/state_estimator_msgs/include/state_estimator_msgs/state_estimator_msgs/msg/detail/attitude__traits.hpp\n'}
[1.800631] (state_estimator_msgs) StdoutLine: {'line': b'-- Up-to-date: /root/muse_ws/muse_ros2/muse_ws/install/state_estimator_msgs/include/state_estimator_msgs/state_estimator_msgs/msg/detail/joint_state_with_acceleration__builder.hpp\n'}
[1.800701] (state_estimator_msgs) StdoutLine: {'line': b'-- Up-to-date: /root/muse_ws/muse_ros2/muse_ws/install/state_estimator_msgs/include/state_estimator_msgs/state_estimator_msgs/msg/detail/contact_detection__struct.hpp\n'}
[1.800792] (state_estimator_msgs) StdoutLine: {'line': b'-- Up-to-date: /root/muse_ws/muse_ros2/muse_ws/install/state_estimator_msgs/include/state_estimator_msgs/state_estimator_msgs/msg/detail/joint_state_with_acceleration__struct.hpp\n'}
[1.800877] (state_estimator_msgs) StdoutLine: {'line': b'-- Up-to-date: /root/muse_ws/muse_ros2/muse_ws/install/state_estimator_msgs/include/state_estimator_msgs/state_estimator_msgs/msg/detail/sensor_fusion__builder.hpp\n'}
[1.800947] (state_estimator_msgs) StdoutLine: {'line': b'-- Up-to-date: /root/muse_ws/muse_ros2/muse_ws/install/state_estimator_msgs/include/state_estimator_msgs/state_estimator_msgs/msg/detail/sensor_fusion__struct.hpp\n'}
[1.801026] (state_estimator_msgs) StdoutLine: {'line': b'-- Up-to-date: /root/muse_ws/muse_ros2/muse_ws/install/state_estimator_msgs/include/state_estimator_msgs/state_estimator_msgs/msg/leg_odometry.hpp\n'}
[1.812050] (state_estimator_msgs) StdoutLine: {'line': b'-- Up-to-date: /root/muse_ws/muse_ros2/muse_ws/install/state_estimator_msgs/include/state_estimator_msgs/state_estimator_msgs/msg/attitude.hpp\n'}
[1.812196] (state_estimator_msgs) StdoutLine: {'line': b'-- Up-to-date: /root/muse_ws/muse_ros2/muse_ws/install/state_estimator_msgs/include/state_estimator_msgs/state_estimator_msgs/msg/rosidl_generator_cpp__visibility_control.hpp\n'}
[1.812276] (state_estimator_msgs) StdoutLine: {'line': b'-- Up-to-date: /root/muse_ws/muse_ros2/muse_ws/install/state_estimator_msgs/include/state_estimator_msgs/state_estimator_msgs/msg/sensor_fusion.hpp\n'}
[1.812347] (state_estimator_msgs) StdoutLine: {'line': b'-- Up-to-date: /root/muse_ws/muse_ros2/muse_ws/install/state_estimator_msgs/include/state_estimator_msgs/state_estimator_msgs\n'}
[1.812418] (state_estimator_msgs) StdoutLine: {'line': b'-- Up-to-date: /root/muse_ws/muse_ros2/muse_ws/install/state_estimator_msgs/include/state_estimator_msgs/state_estimator_msgs/srv\n'}
[1.816683] (state_estimator_msgs) StdoutLine: {'line': b'-- Up-to-date: /root/muse_ws/muse_ros2/muse_ws/install/state_estimator_msgs/include/state_estimator_msgs/state_estimator_msgs/srv/detail\n'}
[1.816975] (state_estimator_msgs) StdoutLine: {'line': b'-- Up-to-date: /root/muse_ws/muse_ros2/muse_ws/install/state_estimator_msgs/include/state_estimator_msgs/state_estimator_msgs/srv/detail/resume_estimator__rosidl_typesupport_fastrtps_cpp.hpp\n'}
[1.817060] (state_estimator_msgs) StdoutLine: {'line': b'-- Up-to-date: /root/muse_ws/muse_ros2/muse_ws/install/state_estimator_msgs/include/state_estimator_msgs/state_estimator_msgs/srv/detail/list_all_estimators__rosidl_typesupport_fastrtps_cpp.hpp\n'}
[1.817134] (state_estimator_msgs) StdoutLine: {'line': b'-- Up-to-date: /root/muse_ws/muse_ros2/muse_ws/install/state_estimator_msgs/include/state_estimator_msgs/state_estimator_msgs/srv/detail/get_whitelist__rosidl_typesupport_fastrtps_cpp.hpp\n'}
[1.817206] (state_estimator_msgs) StdoutLine: {'line': b'-- Up-to-date: /root/muse_ws/muse_ros2/muse_ws/install/state_estimator_msgs/include/state_estimator_msgs/state_estimator_msgs/srv/detail/dds_fastrtps\n'}
[1.817304] (state_estimator_msgs) StdoutLine: {'line': b'-- Up-to-date: /root/muse_ws/muse_ros2/muse_ws/install/state_estimator_msgs/include/state_estimator_msgs/state_estimator_msgs/srv/detail/get_blacklist__rosidl_typesupport_fastrtps_cpp.hpp\n'}
[1.817387] (state_estimator_msgs) StdoutLine: {'line': b'-- Up-to-date: /root/muse_ws/muse_ros2/muse_ws/install/state_estimator_msgs/include/state_estimator_msgs/state_estimator_msgs/srv/detail/stop_estimator__rosidl_typesupport_fastrtps_cpp.hpp\n'}
[1.817462] (state_estimator_msgs) StdoutLine: {'line': b'-- Up-to-date: /root/muse_ws/muse_ros2/muse_ws/install/state_estimator_msgs/include/state_estimator_msgs/state_estimator_msgs/srv/detail/reset_estimator__rosidl_typesupport_fastrtps_cpp.hpp\n'}
[1.817561] (state_estimator_msgs) StdoutLine: {'line': b'-- Up-to-date: /root/muse_ws/muse_ros2/muse_ws/install/state_estimator_msgs/include/state_estimator_msgs/state_estimator_msgs/srv/detail/start_estimator__rosidl_typesupport_fastrtps_cpp.hpp\n'}
[1.817657] (state_estimator_msgs) StdoutLine: {'line': b'-- Up-to-date: /root/muse_ws/muse_ros2/muse_ws/install/state_estimator_msgs/include/state_estimator_msgs/state_estimator_msgs/srv/detail/restart_estimator__rosidl_typesupport_fastrtps_cpp.hpp\n'}
[1.817743] (state_estimator_msgs) StdoutLine: {'line': b'-- Up-to-date: /root/muse_ws/muse_ros2/muse_ws/install/state_estimator_msgs/include/state_estimator_msgs/state_estimator_msgs/srv/detail/pause_estimator__rosidl_typesupport_fastrtps_cpp.hpp\n'}
[1.817829] (state_estimator_msgs) StdoutLine: {'line': b'-- Up-to-date: /root/muse_ws/muse_ros2/muse_ws/install/state_estimator_msgs/include/state_estimator_msgs/state_estimator_msgs/srv/detail/get_estimator_description__rosidl_typesupport_fastrtps_cpp.hpp\n'}
[1.817936] (state_estimator_msgs) StdoutLine: {'line': b'-- Up-to-date: /root/muse_ws/muse_ros2/muse_ws/install/state_estimator_msgs/include/state_estimator_msgs/state_estimator_msgs/srv/detail/get_active_estimators__rosidl_typesupport_fastrtps_cpp.hpp\n'}
[1.818020] (state_estimator_msgs) StdoutLine: {'line': b'-- Up-to-date: /root/muse_ws/muse_ros2/muse_ws/install/state_estimator_msgs/include/state_estimator_msgs/state_estimator_msgs/msg\n'}
[1.818104] (state_estimator_msgs) StdoutLine: {'line': b'-- Up-to-date: /root/muse_ws/muse_ros2/muse_ws/install/state_estimator_msgs/include/state_estimator_msgs/state_estimator_msgs/msg/detail\n'}
[1.818188] (state_estimator_msgs) StdoutLine: {'line': b'-- Up-to-date: /root/muse_ws/muse_ros2/muse_ws/install/state_estimator_msgs/include/state_estimator_msgs/state_estimator_msgs/msg/detail/joint_state_with_acceleration__rosidl_typesupport_fastrtps_cpp.hpp\n'}
[1.818296] (state_estimator_msgs) StdoutLine: {'line': b'-- Up-to-date: /root/muse_ws/muse_ros2/muse_ws/install/state_estimator_msgs/include/state_estimator_msgs/state_estimator_msgs/msg/detail/contact_detection__rosidl_typesupport_fastrtps_cpp.hpp\n'}
[1.818383] (state_estimator_msgs) StdoutLine: {'line': b'-- Up-to-date: /root/muse_ws/muse_ros2/muse_ws/install/state_estimator_msgs/include/state_estimator_msgs/state_estimator_msgs/msg/detail/leg_odometry__rosidl_typesupport_fastrtps_cpp.hpp\n'}
[1.818467] (state_estimator_msgs) StdoutLine: {'line': b'-- Up-to-date: /root/muse_ws/muse_ros2/muse_ws/install/state_estimator_msgs/include/state_estimator_msgs/state_estimator_msgs/msg/detail/dds_fastrtps\n'}
[1.818548] (state_estimator_msgs) StdoutLine: {'line': b'-- Up-to-date: /root/muse_ws/muse_ros2/muse_ws/install/state_estimator_msgs/include/state_estimator_msgs/state_estimator_msgs/msg/detail/sensor_fusion__rosidl_typesupport_fastrtps_cpp.hpp\n'}
[1.818630] (state_estimator_msgs) StdoutLine: {'line': b'-- Up-to-date: /root/muse_ws/muse_ros2/muse_ws/install/state_estimator_msgs/include/state_estimator_msgs/state_estimator_msgs/msg/detail/attitude__rosidl_typesupport_fastrtps_cpp.hpp\n'}
[1.818714] (state_estimator_msgs) StdoutLine: {'line': b'-- Up-to-date: /root/muse_ws/muse_ros2/muse_ws/install/state_estimator_msgs/include/state_estimator_msgs/state_estimator_msgs/msg/rosidl_typesupport_fastrtps_cpp__visibility_control.h\n'}
[1.818836] (state_estimator_msgs) StdoutLine: {'line': b'-- Up-to-date: /root/muse_ws/muse_ros2/muse_ws/install/state_estimator_msgs/lib/libstate_estimator_msgs__rosidl_typesupport_fastrtps_cpp.so\n'}
[1.818934] (state_estimator_msgs) StdoutLine: {'line': b'-- Up-to-date: /root/muse_ws/muse_ros2/muse_ws/install/state_estimator_msgs/include/state_estimator_msgs/state_estimator_msgs\n'}
[1.819021] (state_estimator_msgs) StdoutLine: {'line': b'-- Up-to-date: /root/muse_ws/muse_ros2/muse_ws/install/state_estimator_msgs/include/state_estimator_msgs/state_estimator_msgs/srv\n'}
[1.819125] (state_estimator_msgs) StdoutLine: {'line': b'-- Up-to-date: /root/muse_ws/muse_ros2/muse_ws/install/state_estimator_msgs/include/state_estimator_msgs/state_estimator_msgs/srv/detail\n'}
[1.819223] (state_estimator_msgs) StdoutLine: {'line': b'-- Up-to-date: /root/muse_ws/muse_ros2/muse_ws/install/state_estimator_msgs/include/state_estimator_msgs/state_estimator_msgs/srv/detail/get_active_estimators__rosidl_typesupport_introspection_c.h\n'}
[1.819333] (state_estimator_msgs) StdoutLine: {'line': b'-- Up-to-date: /root/muse_ws/muse_ros2/muse_ws/install/state_estimator_msgs/include/state_estimator_msgs/state_estimator_msgs/srv/detail/get_blacklist__type_support.c\n'}
[1.819447] (state_estimator_msgs) StdoutLine: {'line': b'-- Up-to-date: /root/muse_ws/muse_ros2/muse_ws/install/state_estimator_msgs/include/state_estimator_msgs/state_estimator_msgs/srv/detail/get_estimator_description__rosidl_typesupport_introspection_c.h\n'}
[1.819561] (state_estimator_msgs) StdoutLine: {'line': b'-- Up-to-date: /root/muse_ws/muse_ros2/muse_ws/install/state_estimator_msgs/include/state_estimator_msgs/state_estimator_msgs/srv/detail/restart_estimator__type_support.c\n'}
[1.820754] (state_estimator_msgs) StdoutLine: {'line': b'-- Up-to-date: /root/muse_ws/muse_ros2/muse_ws/install/state_estimator_msgs/include/state_estimator_msgs/state_estimator_msgs/srv/detail/get_active_estimators__type_support.c\n'}
[1.821002] (state_estimator_msgs) StdoutLine: {'line': b'-- Up-to-date: /root/muse_ws/muse_ros2/muse_ws/install/state_estimator_msgs/include/state_estimator_msgs/state_estimator_msgs/srv/detail/get_whitelist__type_support.c\n'}
[1.821228] (state_estimator_msgs) StdoutLine: {'line': b'-- Up-to-date: /root/muse_ws/muse_ros2/muse_ws/install/state_estimator_msgs/include/state_estimator_msgs/state_estimator_msgs/srv/detail/stop_estimator__type_support.c\n'}
[1.821607] (state_estimator_msgs) StdoutLine: {'line': b'-- Up-to-date: /root/muse_ws/muse_ros2/muse_ws/install/state_estimator_msgs/include/state_estimator_msgs/state_estimator_msgs/srv/detail/restart_estimator__rosidl_typesupport_introspection_c.h\n'}
[1.821812] (state_estimator_msgs) StdoutLine: {'line': b'-- Up-to-date: /root/muse_ws/muse_ros2/muse_ws/install/state_estimator_msgs/include/state_estimator_msgs/state_estimator_msgs/srv/detail/stop_estimator__rosidl_typesupport_introspection_c.h\n'}
[1.822049] (state_estimator_msgs) StdoutLine: {'line': b'-- Up-to-date: /root/muse_ws/muse_ros2/muse_ws/install/state_estimator_msgs/include/state_estimator_msgs/state_estimator_msgs/srv/detail/get_estimator_description__type_support.c\n'}
[1.822142] (state_estimator_msgs) StdoutLine: {'line': b'-- Up-to-date: /root/muse_ws/muse_ros2/muse_ws/install/state_estimator_msgs/include/state_estimator_msgs/state_estimator_msgs/srv/detail/reset_estimator__rosidl_typesupport_introspection_c.h\n'}
[1.822278] (state_estimator_msgs) StdoutLine: {'line': b'-- Up-to-date: /root/muse_ws/muse_ros2/muse_ws/install/state_estimator_msgs/include/state_estimator_msgs/state_estimator_msgs/srv/detail/resume_estimator__type_support.c\n'}
[1.822388] (state_estimator_msgs) StdoutLine: {'line': b'-- Up-to-date: /root/muse_ws/muse_ros2/muse_ws/install/state_estimator_msgs/include/state_estimator_msgs/state_estimator_msgs/srv/detail/resume_estimator__rosidl_typesupport_introspection_c.h\n'}
[1.822561] (state_estimator_msgs) StdoutLine: {'line': b'-- Up-to-date: /root/muse_ws/muse_ros2/muse_ws/install/state_estimator_msgs/include/state_estimator_msgs/state_estimator_msgs/srv/detail/get_blacklist__rosidl_typesupport_introspection_c.h\n'}
[1.822702] (state_estimator_msgs) StdoutLine: {'line': b'-- Up-to-date: /root/muse_ws/muse_ros2/muse_ws/install/state_estimator_msgs/include/state_estimator_msgs/state_estimator_msgs/srv/detail/start_estimator__rosidl_typesupport_introspection_c.h\n'}
[1.822852] (state_estimator_msgs) StdoutLine: {'line': b'-- Up-to-date: /root/muse_ws/muse_ros2/muse_ws/install/state_estimator_msgs/include/state_estimator_msgs/state_estimator_msgs/srv/detail/start_estimator__type_support.c\n'}
[1.822940] (state_estimator_msgs) StdoutLine: {'line': b'-- Up-to-date: /root/muse_ws/muse_ros2/muse_ws/install/state_estimator_msgs/include/state_estimator_msgs/state_estimator_msgs/srv/detail/reset_estimator__type_support.c\n'}
[1.823046] (state_estimator_msgs) StdoutLine: {'line': b'-- Up-to-date: /root/muse_ws/muse_ros2/muse_ws/install/state_estimator_msgs/include/state_estimator_msgs/state_estimator_msgs/srv/detail/list_all_estimators__type_support.c\n'}
[1.823160] (state_estimator_msgs) StdoutLine: {'line': b'-- Up-to-date: /root/muse_ws/muse_ros2/muse_ws/install/state_estimator_msgs/include/state_estimator_msgs/state_estimator_msgs/srv/detail/pause_estimator__type_support.c\n'}
[1.823250] (state_estimator_msgs) StdoutLine: {'line': b'-- Up-to-date: /root/muse_ws/muse_ros2/muse_ws/install/state_estimator_msgs/include/state_estimator_msgs/state_estimator_msgs/srv/detail/pause_estimator__rosidl_typesupport_introspection_c.h\n'}
[1.823348] (state_estimator_msgs) StdoutLine: {'line': b'-- Up-to-date: /root/muse_ws/muse_ros2/muse_ws/install/state_estimator_msgs/include/state_estimator_msgs/state_estimator_msgs/srv/detail/list_all_estimators__rosidl_typesupport_introspection_c.h\n'}
[1.823507] (state_estimator_msgs) StdoutLine: {'line': b'-- Up-to-date: /root/muse_ws/muse_ros2/muse_ws/install/state_estimator_msgs/include/state_estimator_msgs/state_estimator_msgs/srv/detail/get_whitelist__rosidl_typesupport_introspection_c.h\n'}
[1.823637] (state_estimator_msgs) StdoutLine: {'line': b'-- Up-to-date: /root/muse_ws/muse_ros2/muse_ws/install/state_estimator_msgs/include/state_estimator_msgs/state_estimator_msgs/msg\n'}
[1.823799] (state_estimator_msgs) StdoutLine: {'line': b'-- Up-to-date: /root/muse_ws/muse_ros2/muse_ws/install/state_estimator_msgs/include/state_estimator_msgs/state_estimator_msgs/msg/detail\n'}
[1.823916] (state_estimator_msgs) StdoutLine: {'line': b'-- Up-to-date: /root/muse_ws/muse_ros2/muse_ws/install/state_estimator_msgs/include/state_estimator_msgs/state_estimator_msgs/msg/detail/leg_odometry__type_support.c\n'}
[1.824001] (state_estimator_msgs) StdoutLine: {'line': b'-- Up-to-date: /root/muse_ws/muse_ros2/muse_ws/install/state_estimator_msgs/include/state_estimator_msgs/state_estimator_msgs/msg/detail/attitude__rosidl_typesupport_introspection_c.h\n'}
[1.824219] (state_estimator_msgs) StdoutLine: {'line': b'-- Up-to-date: /root/muse_ws/muse_ros2/muse_ws/install/state_estimator_msgs/include/state_estimator_msgs/state_estimator_msgs/msg/detail/sensor_fusion__rosidl_typesupport_introspection_c.h\n'}
[1.824319] (state_estimator_msgs) StdoutLine: {'line': b'-- Up-to-date: /root/muse_ws/muse_ros2/muse_ws/install/state_estimator_msgs/include/state_estimator_msgs/state_estimator_msgs/msg/detail/contact_detection__type_support.c\n'}
[1.824393] (state_estimator_msgs) StdoutLine: {'line': b'-- Up-to-date: /root/muse_ws/muse_ros2/muse_ws/install/state_estimator_msgs/include/state_estimator_msgs/state_estimator_msgs/msg/detail/joint_state_with_acceleration__rosidl_typesupport_introspection_c.h\n'}
[1.824463] (state_estimator_msgs) StdoutLine: {'line': b'-- Up-to-date: /root/muse_ws/muse_ros2/muse_ws/install/state_estimator_msgs/include/state_estimator_msgs/state_estimator_msgs/msg/detail/attitude__type_support.c\n'}
[1.824696] (state_estimator_msgs) StdoutLine: {'line': b'-- Up-to-date: /root/muse_ws/muse_ros2/muse_ws/install/state_estimator_msgs/include/state_estimator_msgs/state_estimator_msgs/msg/detail/contact_detection__rosidl_typesupport_introspection_c.h\n'}
[1.824804] (state_estimator_msgs) StdoutLine: {'line': b'-- Up-to-date: /root/muse_ws/muse_ros2/muse_ws/install/state_estimator_msgs/include/state_estimator_msgs/state_estimator_msgs/msg/detail/joint_state_with_acceleration__type_support.c\n'}
[1.824895] (state_estimator_msgs) StdoutLine: {'line': b'-- Up-to-date: /root/muse_ws/muse_ros2/muse_ws/install/state_estimator_msgs/include/state_estimator_msgs/state_estimator_msgs/msg/detail/sensor_fusion__type_support.c\n'}
[1.825041] (state_estimator_msgs) StdoutLine: {'line': b'-- Up-to-date: /root/muse_ws/muse_ros2/muse_ws/install/state_estimator_msgs/include/state_estimator_msgs/state_estimator_msgs/msg/detail/leg_odometry__rosidl_typesupport_introspection_c.h\n'}
[1.825114] (state_estimator_msgs) StdoutLine: {'line': b'-- Up-to-date: /root/muse_ws/muse_ros2/muse_ws/install/state_estimator_msgs/include/state_estimator_msgs/state_estimator_msgs/msg/rosidl_typesupport_introspection_c__visibility_control.h\n'}
[1.825348] (state_estimator_msgs) StdoutLine: {'line': b'-- Up-to-date: /root/muse_ws/muse_ros2/muse_ws/install/state_estimator_msgs/lib/libstate_estimator_msgs__rosidl_typesupport_introspection_c.so\n'}
[1.825492] (state_estimator_msgs) StdoutLine: {'line': b'-- Up-to-date: /root/muse_ws/muse_ros2/muse_ws/install/state_estimator_msgs/lib/libstate_estimator_msgs__rosidl_typesupport_c.so\n'}
[1.825870] (state_estimator_msgs) StdoutLine: {'line': b'-- Up-to-date: /root/muse_ws/muse_ros2/muse_ws/install/state_estimator_msgs/include/state_estimator_msgs/state_estimator_msgs\n'}
[1.825995] (state_estimator_msgs) StdoutLine: {'line': b'-- Up-to-date: /root/muse_ws/muse_ros2/muse_ws/install/state_estimator_msgs/include/state_estimator_msgs/state_estimator_msgs/srv\n'}
[1.826125] (state_estimator_msgs) StdoutLine: {'line': b'-- Up-to-date: /root/muse_ws/muse_ros2/muse_ws/install/state_estimator_msgs/include/state_estimator_msgs/state_estimator_msgs/srv/detail\n'}
[1.826206] (state_estimator_msgs) StdoutLine: {'line': b'-- Up-to-date: /root/muse_ws/muse_ros2/muse_ws/install/state_estimator_msgs/include/state_estimator_msgs/state_estimator_msgs/srv/detail/list_all_estimators__type_support.cpp\n'}
[1.826300] (state_estimator_msgs) StdoutLine: {'line': b'-- Up-to-date: /root/muse_ws/muse_ros2/muse_ws/install/state_estimator_msgs/include/state_estimator_msgs/state_estimator_msgs/srv/detail/reset_estimator__rosidl_typesupport_introspection_cpp.hpp\n'}
[1.826416] (state_estimator_msgs) StdoutLine: {'line': b'-- Up-to-date: /root/muse_ws/muse_ros2/muse_ws/install/state_estimator_msgs/include/state_estimator_msgs/state_estimator_msgs/srv/detail/restart_estimator__rosidl_typesupport_introspection_cpp.hpp\n'}
[1.826497] (state_estimator_msgs) StdoutLine: {'line': b'-- Up-to-date: /root/muse_ws/muse_ros2/muse_ws/install/state_estimator_msgs/include/state_estimator_msgs/state_estimator_msgs/srv/detail/resume_estimator__rosidl_typesupport_introspection_cpp.hpp\n'}
[1.826742] (state_estimator_msgs) StdoutLine: {'line': b'-- Up-to-date: /root/muse_ws/muse_ros2/muse_ws/install/state_estimator_msgs/include/state_estimator_msgs/state_estimator_msgs/srv/detail/get_active_estimators__type_support.cpp\n'}
[1.826848] (state_estimator_msgs) StdoutLine: {'line': b'-- Up-to-date: /root/muse_ws/muse_ros2/muse_ws/install/state_estimator_msgs/include/state_estimator_msgs/state_estimator_msgs/srv/detail/pause_estimator__type_support.cpp\n'}
[1.826953] (state_estimator_msgs) StdoutLine: {'line': b'-- Up-to-date: /root/muse_ws/muse_ros2/muse_ws/install/state_estimator_msgs/include/state_estimator_msgs/state_estimator_msgs/srv/detail/get_blacklist__type_support.cpp\n'}
[1.827034] (state_estimator_msgs) StdoutLine: {'line': b'-- Up-to-date: /root/muse_ws/muse_ros2/muse_ws/install/state_estimator_msgs/include/state_estimator_msgs/state_estimator_msgs/srv/detail/list_all_estimators__rosidl_typesupport_introspection_cpp.hpp\n'}
[1.827131] (state_estimator_msgs) StdoutLine: {'line': b'-- Up-to-date: /root/muse_ws/muse_ros2/muse_ws/install/state_estimator_msgs/include/state_estimator_msgs/state_estimator_msgs/srv/detail/resume_estimator__type_support.cpp\n'}
[1.827254] (state_estimator_msgs) StdoutLine: {'line': b'-- Up-to-date: /root/muse_ws/muse_ros2/muse_ws/install/state_estimator_msgs/include/state_estimator_msgs/state_estimator_msgs/srv/detail/reset_estimator__type_support.cpp\n'}
[1.827336] (state_estimator_msgs) StdoutLine: {'line': b'-- Up-to-date: /root/muse_ws/muse_ros2/muse_ws/install/state_estimator_msgs/include/state_estimator_msgs/state_estimator_msgs/srv/detail/get_whitelist__type_support.cpp\n'}
[1.827433] (state_estimator_msgs) StdoutLine: {'line': b'-- Up-to-date: /root/muse_ws/muse_ros2/muse_ws/install/state_estimator_msgs/include/state_estimator_msgs/state_estimator_msgs/srv/detail/pause_estimator__rosidl_typesupport_introspection_cpp.hpp\n'}
[1.827528] (state_estimator_msgs) StdoutLine: {'line': b'-- Up-to-date: /root/muse_ws/muse_ros2/muse_ws/install/state_estimator_msgs/include/state_estimator_msgs/state_estimator_msgs/srv/detail/restart_estimator__type_support.cpp\n'}
[1.827723] (state_estimator_msgs) StdoutLine: {'line': b'-- Up-to-date: /root/muse_ws/muse_ros2/muse_ws/install/state_estimator_msgs/include/state_estimator_msgs/state_estimator_msgs/srv/detail/start_estimator__rosidl_typesupport_introspection_cpp.hpp\n'}
[1.827859] (state_estimator_msgs) StdoutLine: {'line': b'-- Up-to-date: /root/muse_ws/muse_ros2/muse_ws/install/state_estimator_msgs/include/state_estimator_msgs/state_estimator_msgs/srv/detail/get_estimator_description__type_support.cpp\n'}
[1.828078] (state_estimator_msgs) StdoutLine: {'line': b'-- Up-to-date: /root/muse_ws/muse_ros2/muse_ws/install/state_estimator_msgs/include/state_estimator_msgs/state_estimator_msgs/srv/detail/stop_estimator__type_support.cpp\n'}
[1.828401] (state_estimator_msgs) StdoutLine: {'line': b'-- Up-to-date: /root/muse_ws/muse_ros2/muse_ws/install/state_estimator_msgs/include/state_estimator_msgs/state_estimator_msgs/srv/detail/stop_estimator__rosidl_typesupport_introspection_cpp.hpp\n'}
[1.828493] (state_estimator_msgs) StdoutLine: {'line': b'-- Up-to-date: /root/muse_ws/muse_ros2/muse_ws/install/state_estimator_msgs/include/state_estimator_msgs/state_estimator_msgs/srv/detail/start_estimator__type_support.cpp\n'}
[1.828684] (state_estimator_msgs) StdoutLine: {'line': b'-- Up-to-date: /root/muse_ws/muse_ros2/muse_ws/install/state_estimator_msgs/include/state_estimator_msgs/state_estimator_msgs/srv/detail/get_blacklist__rosidl_typesupport_introspection_cpp.hpp\n'}
[1.828779] (state_estimator_msgs) StdoutLine: {'line': b'-- Up-to-date: /root/muse_ws/muse_ros2/muse_ws/install/state_estimator_msgs/include/state_estimator_msgs/state_estimator_msgs/srv/detail/get_estimator_description__rosidl_typesupport_introspection_cpp.hpp\n'}
[1.828963] (state_estimator_msgs) StdoutLine: {'line': b'-- Up-to-date: /root/muse_ws/muse_ros2/muse_ws/install/state_estimator_msgs/include/state_estimator_msgs/state_estimator_msgs/srv/detail/get_whitelist__rosidl_typesupport_introspection_cpp.hpp\n'}
[1.829098] (state_estimator_msgs) StdoutLine: {'line': b'-- Up-to-date: /root/muse_ws/muse_ros2/muse_ws/install/state_estimator_msgs/include/state_estimator_msgs/state_estimator_msgs/srv/detail/get_active_estimators__rosidl_typesupport_introspection_cpp.hpp\n'}
[1.829219] (state_estimator_msgs) StdoutLine: {'line': b'-- Up-to-date: /root/muse_ws/muse_ros2/muse_ws/install/state_estimator_msgs/include/state_estimator_msgs/state_estimator_msgs/msg\n'}
[1.829390] (state_estimator_msgs) StdoutLine: {'line': b'-- Up-to-date: /root/muse_ws/muse_ros2/muse_ws/install/state_estimator_msgs/include/state_estimator_msgs/state_estimator_msgs/msg/detail\n'}
[1.829606] (state_estimator_msgs) StdoutLine: {'line': b'-- Up-to-date: /root/muse_ws/muse_ros2/muse_ws/install/state_estimator_msgs/include/state_estimator_msgs/state_estimator_msgs/msg/detail/sensor_fusion__rosidl_typesupport_introspection_cpp.hpp\n'}
[1.829690] (state_estimator_msgs) StdoutLine: {'line': b'-- Up-to-date: /root/muse_ws/muse_ros2/muse_ws/install/state_estimator_msgs/include/state_estimator_msgs/state_estimator_msgs/msg/detail/sensor_fusion__type_support.cpp\n'}
[1.829878] (state_estimator_msgs) StdoutLine: {'line': b'-- Up-to-date: /root/muse_ws/muse_ros2/muse_ws/install/state_estimator_msgs/include/state_estimator_msgs/state_estimator_msgs/msg/detail/joint_state_with_acceleration__rosidl_typesupport_introspection_cpp.hpp\n'}
[1.830024] (state_estimator_msgs) StdoutLine: {'line': b'-- Up-to-date: /root/muse_ws/muse_ros2/muse_ws/install/state_estimator_msgs/include/state_estimator_msgs/state_estimator_msgs/msg/detail/joint_state_with_acceleration__type_support.cpp\n'}
[1.830204] (state_estimator_msgs) StdoutLine: {'line': b'-- Up-to-date: /root/muse_ws/muse_ros2/muse_ws/install/state_estimator_msgs/include/state_estimator_msgs/state_estimator_msgs/msg/detail/contact_detection__type_support.cpp\n'}
[1.830284] (state_estimator_msgs) StdoutLine: {'line': b'-- Up-to-date: /root/muse_ws/muse_ros2/muse_ws/install/state_estimator_msgs/include/state_estimator_msgs/state_estimator_msgs/msg/detail/contact_detection__rosidl_typesupport_introspection_cpp.hpp\n'}
[1.830496] (state_estimator_msgs) StdoutLine: {'line': b'-- Up-to-date: /root/muse_ws/muse_ros2/muse_ws/install/state_estimator_msgs/include/state_estimator_msgs/state_estimator_msgs/msg/detail/leg_odometry__type_support.cpp\n'}
[1.830591] (state_estimator_msgs) StdoutLine: {'line': b'-- Up-to-date: /root/muse_ws/muse_ros2/muse_ws/install/state_estimator_msgs/include/state_estimator_msgs/state_estimator_msgs/msg/detail/attitude__type_support.cpp\n'}
[1.830774] (state_estimator_msgs) StdoutLine: {'line': b'-- Up-to-date: /root/muse_ws/muse_ros2/muse_ws/install/state_estimator_msgs/include/state_estimator_msgs/state_estimator_msgs/msg/detail/leg_odometry__rosidl_typesupport_introspection_cpp.hpp\n'}
[1.831151] (state_estimator_msgs) StdoutLine: {'line': b'-- Up-to-date: /root/muse_ws/muse_ros2/muse_ws/install/state_estimator_msgs/include/state_estimator_msgs/state_estimator_msgs/msg/detail/attitude__rosidl_typesupport_introspection_cpp.hpp\n'}
[1.831599] (state_estimator_msgs) StdoutLine: {'line': b'-- Up-to-date: /root/muse_ws/muse_ros2/muse_ws/install/state_estimator_msgs/lib/libstate_estimator_msgs__rosidl_typesupport_introspection_cpp.so\n'}
[1.831714] (state_estimator_msgs) StdoutLine: {'line': b'-- Up-to-date: /root/muse_ws/muse_ros2/muse_ws/install/state_estimator_msgs/lib/libstate_estimator_msgs__rosidl_typesupport_cpp.so\n'}
[1.831789] (state_estimator_msgs) StdoutLine: {'line': b'-- Up-to-date: /root/muse_ws/muse_ros2/muse_ws/install/state_estimator_msgs/share/state_estimator_msgs/environment/pythonpath.sh\n'}
[1.843824] (state_estimator_msgs) StdoutLine: {'line': b'-- Up-to-date: /root/muse_ws/muse_ros2/muse_ws/install/state_estimator_msgs/share/state_estimator_msgs/environment/pythonpath.dsv\n'}
[1.844214] (-) TimerEvent: {}
[1.844430] (state_estimator_msgs) StdoutLine: {'line': b'-- Up-to-date: /root/muse_ws/muse_ros2/muse_ws/install/state_estimator_msgs/local/lib/python3.10/dist-packages/state_estimator_msgs-0.0.1-py3.10.egg-info\n'}
[1.844548] (state_estimator_msgs) StdoutLine: {'line': b'-- Installing: /root/muse_ws/muse_ros2/muse_ws/install/state_estimator_msgs/local/lib/python3.10/dist-packages/state_estimator_msgs-0.0.1-py3.10.egg-info/top_level.txt\n'}
[1.844635] (state_estimator_msgs) StdoutLine: {'line': b'-- Installing: /root/muse_ws/muse_ros2/muse_ws/install/state_estimator_msgs/local/lib/python3.10/dist-packages/state_estimator_msgs-0.0.1-py3.10.egg-info/PKG-INFO\n'}
[1.844718] (state_estimator_msgs) StdoutLine: {'line': b'-- Installing: /root/muse_ws/muse_ros2/muse_ws/install/state_estimator_msgs/local/lib/python3.10/dist-packages/state_estimator_msgs-0.0.1-py3.10.egg-info/dependency_links.txt\n'}
[1.844799] (state_estimator_msgs) StdoutLine: {'line': b'-- Installing: /root/muse_ws/muse_ros2/muse_ws/install/state_estimator_msgs/local/lib/python3.10/dist-packages/state_estimator_msgs-0.0.1-py3.10.egg-info/SOURCES.txt\n'}
[1.845748] (state_estimator_msgs) StdoutLine: {'line': b'-- Up-to-date: /root/muse_ws/muse_ros2/muse_ws/install/state_estimator_msgs/local/lib/python3.10/dist-packages/state_estimator_msgs\n'}
[1.846281] (state_estimator_msgs) StdoutLine: {'line': b'-- Up-to-date: /root/muse_ws/muse_ros2/muse_ws/install/state_estimator_msgs/local/lib/python3.10/dist-packages/state_estimator_msgs/srv\n'}
[1.846616] (state_estimator_msgs) StdoutLine: {'line': b'-- Up-to-date: /root/muse_ws/muse_ros2/muse_ws/install/state_estimator_msgs/local/lib/python3.10/dist-packages/state_estimator_msgs/srv/_stop_estimator_s.c\n'}
[1.846791] (state_estimator_msgs) StdoutLine: {'line': b'-- Up-to-date: /root/muse_ws/muse_ros2/muse_ws/install/state_estimator_msgs/local/lib/python3.10/dist-packages/state_estimator_msgs/srv/_list_all_estimators_s.c\n'}
[1.846907] (state_estimator_msgs) StdoutLine: {'line': b'-- Up-to-date: /root/muse_ws/muse_ros2/muse_ws/install/state_estimator_msgs/local/lib/python3.10/dist-packages/state_estimator_msgs/srv/_start_estimator_s.c\n'}
[1.847019] (state_estimator_msgs) StdoutLine: {'line': b'-- Up-to-date: /root/muse_ws/muse_ros2/muse_ws/install/state_estimator_msgs/local/lib/python3.10/dist-packages/state_estimator_msgs/srv/_pause_estimator.py\n'}
[1.847112] (state_estimator_msgs) StdoutLine: {'line': b'-- Up-to-date: /root/muse_ws/muse_ros2/muse_ws/install/state_estimator_msgs/local/lib/python3.10/dist-packages/state_estimator_msgs/srv/_get_active_estimators.py\n'}
[1.847228] (state_estimator_msgs) StdoutLine: {'line': b'-- Up-to-date: /root/muse_ws/muse_ros2/muse_ws/install/state_estimator_msgs/local/lib/python3.10/dist-packages/state_estimator_msgs/srv/_resume_estimator_s.c\n'}
[1.847326] (state_estimator_msgs) StdoutLine: {'line': b'-- Up-to-date: /root/muse_ws/muse_ros2/muse_ws/install/state_estimator_msgs/local/lib/python3.10/dist-packages/state_estimator_msgs/srv/_start_estimator.py\n'}
[1.847425] (state_estimator_msgs) StdoutLine: {'line': b'-- Up-to-date: /root/muse_ws/muse_ros2/muse_ws/install/state_estimator_msgs/local/lib/python3.10/dist-packages/state_estimator_msgs/srv/_get_blacklist.py\n'}
[1.847500] (state_estimator_msgs) StdoutLine: {'line': b'-- Up-to-date: /root/muse_ws/muse_ros2/muse_ws/install/state_estimator_msgs/local/lib/python3.10/dist-packages/state_estimator_msgs/srv/_list_all_estimators.py\n'}
[1.847573] (state_estimator_msgs) StdoutLine: {'line': b'-- Up-to-date: /root/muse_ws/muse_ros2/muse_ws/install/state_estimator_msgs/local/lib/python3.10/dist-packages/state_estimator_msgs/srv/_pause_estimator_s.c\n'}
[1.847692] (state_estimator_msgs) StdoutLine: {'line': b'-- Up-to-date: /root/muse_ws/muse_ros2/muse_ws/install/state_estimator_msgs/local/lib/python3.10/dist-packages/state_estimator_msgs/srv/_reset_estimator.py\n'}
[1.847881] (state_estimator_msgs) StdoutLine: {'line': b'-- Up-to-date: /root/muse_ws/muse_ros2/muse_ws/install/state_estimator_msgs/local/lib/python3.10/dist-packages/state_estimator_msgs/srv/_get_estimator_description.py\n'}
[1.847970] (state_estimator_msgs) StdoutLine: {'line': b'-- Up-to-date: /root/muse_ws/muse_ros2/muse_ws/install/state_estimator_msgs/local/lib/python3.10/dist-packages/state_estimator_msgs/srv/_get_estimator_description_s.c\n'}
[1.848050] (state_estimator_msgs) StdoutLine: {'line': b'-- Up-to-date: /root/muse_ws/muse_ros2/muse_ws/install/state_estimator_msgs/local/lib/python3.10/dist-packages/state_estimator_msgs/srv/_resume_estimator.py\n'}
[1.848124] (state_estimator_msgs) StdoutLine: {'line': b'-- Up-to-date: /root/muse_ws/muse_ros2/muse_ws/install/state_estimator_msgs/local/lib/python3.10/dist-packages/state_estimator_msgs/srv/_get_blacklist_s.c\n'}
[1.848197] (state_estimator_msgs) StdoutLine: {'line': b'-- Up-to-date: /root/muse_ws/muse_ros2/muse_ws/install/state_estimator_msgs/local/lib/python3.10/dist-packages/state_estimator_msgs/srv/_restart_estimator_s.c\n'}
[1.848272] (state_estimator_msgs) StdoutLine: {'line': b'-- Up-to-date: /root/muse_ws/muse_ros2/muse_ws/install/state_estimator_msgs/local/lib/python3.10/dist-packages/state_estimator_msgs/srv/_get_whitelist_s.c\n'}
[1.848362] (state_estimator_msgs) StdoutLine: {'line': b'-- Up-to-date: /root/muse_ws/muse_ros2/muse_ws/install/state_estimator_msgs/local/lib/python3.10/dist-packages/state_estimator_msgs/srv/_get_whitelist.py\n'}
[1.848443] (state_estimator_msgs) StdoutLine: {'line': b'-- Up-to-date: /root/muse_ws/muse_ros2/muse_ws/install/state_estimator_msgs/local/lib/python3.10/dist-packages/state_estimator_msgs/srv/_get_active_estimators_s.c\n'}
[1.848515] (state_estimator_msgs) StdoutLine: {'line': b'-- Up-to-date: /root/muse_ws/muse_ros2/muse_ws/install/state_estimator_msgs/local/lib/python3.10/dist-packages/state_estimator_msgs/srv/_reset_estimator_s.c\n'}
[1.848589] (state_estimator_msgs) StdoutLine: {'line': b'-- Up-to-date: /root/muse_ws/muse_ros2/muse_ws/install/state_estimator_msgs/local/lib/python3.10/dist-packages/state_estimator_msgs/srv/_restart_estimator.py\n'}
[1.848664] (state_estimator_msgs) StdoutLine: {'line': b'-- Up-to-date: /root/muse_ws/muse_ros2/muse_ws/install/state_estimator_msgs/local/lib/python3.10/dist-packages/state_estimator_msgs/srv/__init__.py\n'}
[1.848737] (state_estimator_msgs) StdoutLine: {'line': b'-- Up-to-date: /root/muse_ws/muse_ros2/muse_ws/install/state_estimator_msgs/local/lib/python3.10/dist-packages/state_estimator_msgs/srv/_stop_estimator.py\n'}
[1.848894] (state_estimator_msgs) StdoutLine: {'line': b'-- Up-to-date: /root/muse_ws/muse_ros2/muse_ws/install/state_estimator_msgs/local/lib/python3.10/dist-packages/state_estimator_msgs/_state_estimator_msgs_s.ep.rosidl_typesupport_introspection_c.c\n'}
[1.848980] (state_estimator_msgs) StdoutLine: {'line': b'-- Up-to-date: /root/muse_ws/muse_ros2/muse_ws/install/state_estimator_msgs/local/lib/python3.10/dist-packages/state_estimator_msgs/state_estimator_msgs_s__rosidl_typesupport_introspection_c.cpython-310-x86_64-linux-gnu.so\n'}
[1.849095] (state_estimator_msgs) StdoutLine: {'line': b'-- Up-to-date: /root/muse_ws/muse_ros2/muse_ws/install/state_estimator_msgs/local/lib/python3.10/dist-packages/state_estimator_msgs/msg\n'}
[1.849181] (state_estimator_msgs) StdoutLine: {'line': b'-- Up-to-date: /root/muse_ws/muse_ros2/muse_ws/install/state_estimator_msgs/local/lib/python3.10/dist-packages/state_estimator_msgs/msg/_leg_odometry_s.c\n'}
[1.849285] (state_estimator_msgs) StdoutLine: {'line': b'-- Up-to-date: /root/muse_ws/muse_ros2/muse_ws/install/state_estimator_msgs/local/lib/python3.10/dist-packages/state_estimator_msgs/msg/_contact_detection_s.c\n'}
[1.849376] (state_estimator_msgs) StdoutLine: {'line': b'-- Up-to-date: /root/muse_ws/muse_ros2/muse_ws/install/state_estimator_msgs/local/lib/python3.10/dist-packages/state_estimator_msgs/msg/_attitude_s.c\n'}
[1.849444] (state_estimator_msgs) StdoutLine: {'line': b'-- Up-to-date: /root/muse_ws/muse_ros2/muse_ws/install/state_estimator_msgs/local/lib/python3.10/dist-packages/state_estimator_msgs/msg/_sensor_fusion.py\n'}
[1.849511] (state_estimator_msgs) StdoutLine: {'line': b'-- Up-to-date: /root/muse_ws/muse_ros2/muse_ws/install/state_estimator_msgs/local/lib/python3.10/dist-packages/state_estimator_msgs/msg/_joint_state_with_acceleration.py\n'}
[1.849578] (state_estimator_msgs) StdoutLine: {'line': b'-- Up-to-date: /root/muse_ws/muse_ros2/muse_ws/install/state_estimator_msgs/local/lib/python3.10/dist-packages/state_estimator_msgs/msg/_sensor_fusion_s.c\n'}
[1.849644] (state_estimator_msgs) StdoutLine: {'line': b'-- Up-to-date: /root/muse_ws/muse_ros2/muse_ws/install/state_estimator_msgs/local/lib/python3.10/dist-packages/state_estimator_msgs/msg/_contact_detection.py\n'}
[1.849706] (state_estimator_msgs) StdoutLine: {'line': b'-- Up-to-date: /root/muse_ws/muse_ros2/muse_ws/install/state_estimator_msgs/local/lib/python3.10/dist-packages/state_estimator_msgs/msg/_attitude.py\n'}
[1.849768] (state_estimator_msgs) StdoutLine: {'line': b'-- Up-to-date: /root/muse_ws/muse_ros2/muse_ws/install/state_estimator_msgs/local/lib/python3.10/dist-packages/state_estimator_msgs/msg/_leg_odometry.py\n'}
[1.849921] (state_estimator_msgs) StdoutLine: {'line': b'-- Up-to-date: /root/muse_ws/muse_ros2/muse_ws/install/state_estimator_msgs/local/lib/python3.10/dist-packages/state_estimator_msgs/msg/_joint_state_with_acceleration_s.c\n'}
[1.850004] (state_estimator_msgs) StdoutLine: {'line': b'-- Up-to-date: /root/muse_ws/muse_ros2/muse_ws/install/state_estimator_msgs/local/lib/python3.10/dist-packages/state_estimator_msgs/msg/__init__.py\n'}
[1.850073] (state_estimator_msgs) StdoutLine: {'line': b'-- Up-to-date: /root/muse_ws/muse_ros2/muse_ws/install/state_estimator_msgs/local/lib/python3.10/dist-packages/state_estimator_msgs/_state_estimator_msgs_s.ep.rosidl_typesupport_c.c\n'}
[1.850139] (state_estimator_msgs) StdoutLine: {'line': b'-- Up-to-date: /root/muse_ws/muse_ros2/muse_ws/install/state_estimator_msgs/local/lib/python3.10/dist-packages/state_estimator_msgs/_state_estimator_msgs_s.ep.rosidl_typesupport_fastrtps_c.c\n'}
[1.850202] (state_estimator_msgs) StdoutLine: {'line': b'-- Up-to-date: /root/muse_ws/muse_ros2/muse_ws/install/state_estimator_msgs/local/lib/python3.10/dist-packages/state_estimator_msgs/state_estimator_msgs_s__rosidl_typesupport_c.cpython-310-x86_64-linux-gnu.so\n'}
[1.850266] (state_estimator_msgs) StdoutLine: {'line': b'-- Up-to-date: /root/muse_ws/muse_ros2/muse_ws/install/state_estimator_msgs/local/lib/python3.10/dist-packages/state_estimator_msgs/__init__.py\n'}
[1.850360] (state_estimator_msgs) StdoutLine: {'line': b'-- Up-to-date: /root/muse_ws/muse_ros2/muse_ws/install/state_estimator_msgs/local/lib/python3.10/dist-packages/state_estimator_msgs/state_estimator_msgs_s__rosidl_typesupport_fastrtps_c.cpython-310-x86_64-linux-gnu.so\n'}
[1.850444] (state_estimator_msgs) StdoutLine: {'line': b'-- Up-to-date: /root/muse_ws/muse_ros2/muse_ws/install/state_estimator_msgs/local/lib/python3.10/dist-packages/state_estimator_msgs/libstate_estimator_msgs__rosidl_generator_py.so\n'}
[1.946894] (-) TimerEvent: {}
[1.975982] (state_estimator_msgs) StdoutLine: {'line': b"Listing '/root/muse_ws/muse_ros2/muse_ws/install/state_estimator_msgs/local/lib/python3.10/dist-packages/state_estimator_msgs'...\n"}
[1.976271] (state_estimator_msgs) StdoutLine: {'line': b"Listing '/root/muse_ws/muse_ros2/muse_ws/install/state_estimator_msgs/local/lib/python3.10/dist-packages/state_estimator_msgs/msg'...\n"}
[1.976363] (state_estimator_msgs) StdoutLine: {'line': b"Listing '/root/muse_ws/muse_ros2/muse_ws/install/state_estimator_msgs/local/lib/python3.10/dist-packages/state_estimator_msgs/srv'...\n"}
[1.990370] (state_estimator_msgs) StdoutLine: {'line': b'-- Up-to-date: /root/muse_ws/muse_ros2/muse_ws/install/state_estimator_msgs/local/lib/python3.10/dist-packages/state_estimator_msgs/state_estimator_msgs_s__rosidl_typesupport_fastrtps_c.cpython-310-x86_64-linux-gnu.so\n'}
[1.991232] (state_estimator_msgs) StdoutLine: {'line': b'-- Up-to-date: /root/muse_ws/muse_ros2/muse_ws/install/state_estimator_msgs/local/lib/python3.10/dist-packages/state_estimator_msgs/state_estimator_msgs_s__rosidl_typesupport_introspection_c.cpython-310-x86_64-linux-gnu.so\n'}
[1.992222] (state_estimator_msgs) StdoutLine: {'line': b'-- Up-to-date: /root/muse_ws/muse_ros2/muse_ws/install/state_estimator_msgs/local/lib/python3.10/dist-packages/state_estimator_msgs/state_estimator_msgs_s__rosidl_typesupport_c.cpython-310-x86_64-linux-gnu.so\n'}
[1.992398] (state_estimator_msgs) StdoutLine: {'line': b'-- Up-to-date: /root/muse_ws/muse_ros2/muse_ws/install/state_estimator_msgs/lib/libstate_estimator_msgs__rosidl_generator_py.so\n'}
[1.992632] (state_estimator_msgs) StdoutLine: {'line': b'-- Up-to-date: /root/muse_ws/muse_ros2/muse_ws/install/state_estimator_msgs/share/state_estimator_msgs/msg/Attitude.idl\n'}
[1.992809] (state_estimator_msgs) StdoutLine: {'line': b'-- Up-to-date: /root/muse_ws/muse_ros2/muse_ws/install/state_estimator_msgs/share/state_estimator_msgs/msg/ContactDetection.idl\n'}
[1.992969] (state_estimator_msgs) StdoutLine: {'line': b'-- Up-to-date: /root/muse_ws/muse_ros2/muse_ws/install/state_estimator_msgs/share/state_estimator_msgs/msg/LegOdometry.idl\n'}
[1.993156] (state_estimator_msgs) StdoutLine: {'line': b'-- Up-to-date: /root/muse_ws/muse_ros2/muse_ws/install/state_estimator_msgs/share/state_estimator_msgs/msg/SensorFusion.idl\n'}
[1.993429] (state_estimator_msgs) StdoutLine: {'line': b'-- Up-to-date: /root/muse_ws/muse_ros2/muse_ws/install/state_estimator_msgs/share/state_estimator_msgs/msg/JointStateWithAcceleration.idl\n'}
[1.993707] (state_estimator_msgs) StdoutLine: {'line': b'-- Up-to-date: /root/muse_ws/muse_ros2/muse_ws/install/state_estimator_msgs/share/state_estimator_msgs/srv/GetActiveEstimators.idl\n'}
[1.994046] (state_estimator_msgs) StdoutLine: {'line': b'-- Up-to-date: /root/muse_ws/muse_ros2/muse_ws/install/state_estimator_msgs/share/state_estimator_msgs/srv/GetBlacklist.idl\n'}
[1.994241] (state_estimator_msgs) StdoutLine: {'line': b'-- Up-to-date: /root/muse_ws/muse_ros2/muse_ws/install/state_estimator_msgs/share/state_estimator_msgs/srv/GetEstimatorDescription.idl\n'}
[1.994516] (state_estimator_msgs) StdoutLine: {'line': b'-- Up-to-date: /root/muse_ws/muse_ros2/muse_ws/install/state_estimator_msgs/share/state_estimator_msgs/srv/GetWhitelist.idl\n'}
[1.994610] (state_estimator_msgs) StdoutLine: {'line': b'-- Up-to-date: /root/muse_ws/muse_ros2/muse_ws/install/state_estimator_msgs/share/state_estimator_msgs/srv/ListAllEstimators.idl\n'}
[1.994718] (state_estimator_msgs) StdoutLine: {'line': b'-- Up-to-date: /root/muse_ws/muse_ros2/muse_ws/install/state_estimator_msgs/share/state_estimator_msgs/srv/PauseEstimator.idl\n'}
[1.994811] (state_estimator_msgs) StdoutLine: {'line': b'-- Up-to-date: /root/muse_ws/muse_ros2/muse_ws/install/state_estimator_msgs/share/state_estimator_msgs/srv/ResetEstimator.idl\n'}
[1.994995] (state_estimator_msgs) StdoutLine: {'line': b'-- Up-to-date: /root/muse_ws/muse_ros2/muse_ws/install/state_estimator_msgs/share/state_estimator_msgs/srv/RestartEstimator.idl\n'}
[1.995483] (state_estimator_msgs) StdoutLine: {'line': b'-- Up-to-date: /root/muse_ws/muse_ros2/muse_ws/install/state_estimator_msgs/share/state_estimator_msgs/srv/ResumeEstimator.idl\n'}
[1.996443] (state_estimator_msgs) StdoutLine: {'line': b'-- Up-to-date: /root/muse_ws/muse_ros2/muse_ws/install/state_estimator_msgs/share/state_estimator_msgs/srv/StartEstimator.idl\n'}
[1.999059] (state_estimator_msgs) StdoutLine: {'line': b'-- Up-to-date: /root/muse_ws/muse_ros2/muse_ws/install/state_estimator_msgs/share/state_estimator_msgs/srv/StopEstimator.idl\n'}
[1.999213] (state_estimator_msgs) StdoutLine: {'line': b'-- Up-to-date: /root/muse_ws/muse_ros2/muse_ws/install/state_estimator_msgs/share/state_estimator_msgs/msg/Attitude.msg\n'}
[1.999298] (state_estimator_msgs) StdoutLine: {'line': b'-- Up-to-date: /root/muse_ws/muse_ros2/muse_ws/install/state_estimator_msgs/share/state_estimator_msgs/msg/ContactDetection.msg\n'}
[1.999377] (state_estimator_msgs) StdoutLine: {'line': b'-- Up-to-date: /root/muse_ws/muse_ros2/muse_ws/install/state_estimator_msgs/share/state_estimator_msgs/msg/LegOdometry.msg\n'}
[1.999454] (state_estimator_msgs) StdoutLine: {'line': b'-- Up-to-date: /root/muse_ws/muse_ros2/muse_ws/install/state_estimator_msgs/share/state_estimator_msgs/msg/SensorFusion.msg\n'}
[1.999534] (state_estimator_msgs) StdoutLine: {'line': b'-- Up-to-date: /root/muse_ws/muse_ros2/muse_ws/install/state_estimator_msgs/share/state_estimator_msgs/msg/JointStateWithAcceleration.msg\n'}
[1.999712] (state_estimator_msgs) StdoutLine: {'line': b'-- Up-to-date: /root/muse_ws/muse_ros2/muse_ws/install/state_estimator_msgs/share/state_estimator_msgs/srv/GetActiveEstimators.srv\n'}
[1.999830] (state_estimator_msgs) StdoutLine: {'line': b'-- Up-to-date: /root/muse_ws/muse_ros2/muse_ws/install/state_estimator_msgs/share/state_estimator_msgs/srv/GetActiveEstimators_Request.msg\n'}
[2.002894] (state_estimator_msgs) StdoutLine: {'line': b'-- Up-to-date: /root/muse_ws/muse_ros2/muse_ws/install/state_estimator_msgs/share/state_estimator_msgs/srv/GetActiveEstimators_Response.msg\n'}
[2.003239] (state_estimator_msgs) StdoutLine: {'line': b'-- Up-to-date: /root/muse_ws/muse_ros2/muse_ws/install/state_estimator_msgs/share/state_estimator_msgs/srv/GetBlacklist.srv\n'}
[2.003360] (state_estimator_msgs) StdoutLine: {'line': b'-- Up-to-date: /root/muse_ws/muse_ros2/muse_ws/install/state_estimator_msgs/share/state_estimator_msgs/srv/GetBlacklist_Request.msg\n'}
[2.003594] (state_estimator_msgs) StdoutLine: {'line': b'-- Up-to-date: /root/muse_ws/muse_ros2/muse_ws/install/state_estimator_msgs/share/state_estimator_msgs/srv/GetBlacklist_Response.msg\n'}
[2.003797] (state_estimator_msgs) StdoutLine: {'line': b'-- Up-to-date: /root/muse_ws/muse_ros2/muse_ws/install/state_estimator_msgs/share/state_estimator_msgs/srv/GetEstimatorDescription.srv\n'}
[2.003890] (state_estimator_msgs) StdoutLine: {'line': b'-- Up-to-date: /root/muse_ws/muse_ros2/muse_ws/install/state_estimator_msgs/share/state_estimator_msgs/srv/GetEstimatorDescription_Request.msg\n'}
[2.003999] (state_estimator_msgs) StdoutLine: {'line': b'-- Up-to-date: /root/muse_ws/muse_ros2/muse_ws/install/state_estimator_msgs/share/state_estimator_msgs/srv/GetEstimatorDescription_Response.msg\n'}
[2.004094] (state_estimator_msgs) StdoutLine: {'line': b'-- Up-to-date: /root/muse_ws/muse_ros2/muse_ws/install/state_estimator_msgs/share/state_estimator_msgs/srv/GetWhitelist.srv\n'}
[2.004218] (state_estimator_msgs) StdoutLine: {'line': b'-- Up-to-date: /root/muse_ws/muse_ros2/muse_ws/install/state_estimator_msgs/share/state_estimator_msgs/srv/GetWhitelist_Request.msg\n'}
[2.004303] (state_estimator_msgs) StdoutLine: {'line': b'-- Up-to-date: /root/muse_ws/muse_ros2/muse_ws/install/state_estimator_msgs/share/state_estimator_msgs/srv/GetWhitelist_Response.msg\n'}
[2.004370] (state_estimator_msgs) StdoutLine: {'line': b'-- Up-to-date: /root/muse_ws/muse_ros2/muse_ws/install/state_estimator_msgs/share/state_estimator_msgs/srv/ListAllEstimators.srv\n'}
[2.004452] (state_estimator_msgs) StdoutLine: {'line': b'-- Up-to-date: /root/muse_ws/muse_ros2/muse_ws/install/state_estimator_msgs/share/state_estimator_msgs/srv/ListAllEstimators_Request.msg\n'}
[2.004524] (state_estimator_msgs) StdoutLine: {'line': b'-- Up-to-date: /root/muse_ws/muse_ros2/muse_ws/install/state_estimator_msgs/share/state_estimator_msgs/srv/ListAllEstimators_Response.msg\n'}
[2.004595] (state_estimator_msgs) StdoutLine: {'line': b'-- Up-to-date: /root/muse_ws/muse_ros2/muse_ws/install/state_estimator_msgs/share/state_estimator_msgs/srv/PauseEstimator.srv\n'}
[2.004674] (state_estimator_msgs) StdoutLine: {'line': b'-- Up-to-date: /root/muse_ws/muse_ros2/muse_ws/install/state_estimator_msgs/share/state_estimator_msgs/srv/PauseEstimator_Request.msg\n'}
[2.004747] (state_estimator_msgs) StdoutLine: {'line': b'-- Up-to-date: /root/muse_ws/muse_ros2/muse_ws/install/state_estimator_msgs/share/state_estimator_msgs/srv/PauseEstimator_Response.msg\n'}
[2.004815] (state_estimator_msgs) StdoutLine: {'line': b'-- Up-to-date: /root/muse_ws/muse_ros2/muse_ws/install/state_estimator_msgs/share/state_estimator_msgs/srv/ResetEstimator.srv\n'}
[2.005147] (state_estimator_msgs) StdoutLine: {'line': b'-- Up-to-date: /root/muse_ws/muse_ros2/muse_ws/install/state_estimator_msgs/share/state_estimator_msgs/srv/ResetEstimator_Request.msg\n'}
[2.005297] (state_estimator_msgs) StdoutLine: {'line': b'-- Up-to-date: /root/muse_ws/muse_ros2/muse_ws/install/state_estimator_msgs/share/state_estimator_msgs/srv/ResetEstimator_Response.msg\n'}
[2.005381] (state_estimator_msgs) StdoutLine: {'line': b'-- Up-to-date: /root/muse_ws/muse_ros2/muse_ws/install/state_estimator_msgs/share/state_estimator_msgs/srv/RestartEstimator.srv\n'}
[2.005834] (state_estimator_msgs) StdoutLine: {'line': b'-- Up-to-date: /root/muse_ws/muse_ros2/muse_ws/install/state_estimator_msgs/share/state_estimator_msgs/srv/RestartEstimator_Request.msg\n'}
[2.005938] (state_estimator_msgs) StdoutLine: {'line': b'-- Up-to-date: /root/muse_ws/muse_ros2/muse_ws/install/state_estimator_msgs/share/state_estimator_msgs/srv/RestartEstimator_Response.msg\n'}
[2.006025] (state_estimator_msgs) StdoutLine: {'line': b'-- Up-to-date: /root/muse_ws/muse_ros2/muse_ws/install/state_estimator_msgs/share/state_estimator_msgs/srv/ResumeEstimator.srv\n'}
[2.006112] (state_estimator_msgs) StdoutLine: {'line': b'-- Up-to-date: /root/muse_ws/muse_ros2/muse_ws/install/state_estimator_msgs/share/state_estimator_msgs/srv/ResumeEstimator_Request.msg\n'}
[2.006244] (state_estimator_msgs) StdoutLine: {'line': b'-- Up-to-date: /root/muse_ws/muse_ros2/muse_ws/install/state_estimator_msgs/share/state_estimator_msgs/srv/ResumeEstimator_Response.msg\n'}
[2.006369] (state_estimator_msgs) StdoutLine: {'line': b'-- Up-to-date: /root/muse_ws/muse_ros2/muse_ws/install/state_estimator_msgs/share/state_estimator_msgs/srv/StartEstimator.srv\n'}
[2.006471] (state_estimator_msgs) StdoutLine: {'line': b'-- Up-to-date: /root/muse_ws/muse_ros2/muse_ws/install/state_estimator_msgs/share/state_estimator_msgs/srv/StartEstimator_Request.msg\n'}
[2.007319] (state_estimator_msgs) StdoutLine: {'line': b'-- Up-to-date: /root/muse_ws/muse_ros2/muse_ws/install/state_estimator_msgs/share/state_estimator_msgs/srv/StartEstimator_Response.msg\n'}
[2.007562] (state_estimator_msgs) StdoutLine: {'line': b'-- Up-to-date: /root/muse_ws/muse_ros2/muse_ws/install/state_estimator_msgs/share/state_estimator_msgs/srv/StopEstimator.srv\n'}
[2.007684] (state_estimator_msgs) StdoutLine: {'line': b'-- Up-to-date: /root/muse_ws/muse_ros2/muse_ws/install/state_estimator_msgs/share/state_estimator_msgs/srv/StopEstimator_Request.msg\n'}
[2.007789] (state_estimator_msgs) StdoutLine: {'line': b'-- Up-to-date: /root/muse_ws/muse_ros2/muse_ws/install/state_estimator_msgs/share/state_estimator_msgs/srv/StopEstimator_Response.msg\n'}
[2.007882] (state_estimator_msgs) StdoutLine: {'line': b'-- Up-to-date: /root/muse_ws/muse_ros2/muse_ws/install/state_estimator_msgs/share/ament_index/resource_index/package_run_dependencies/state_estimator_msgs\n'}
[2.008433] (state_estimator_msgs) StdoutLine: {'line': b'-- Up-to-date: /root/muse_ws/muse_ros2/muse_ws/install/state_estimator_msgs/share/ament_index/resource_index/parent_prefix_path/state_estimator_msgs\n'}
[2.010752] (state_estimator_msgs) StdoutLine: {'line': b'-- Up-to-date: /root/muse_ws/muse_ros2/muse_ws/install/state_estimator_msgs/share/state_estimator_msgs/environment/ament_prefix_path.sh\n'}
[2.011242] (state_estimator_msgs) StdoutLine: {'line': b'-- Up-to-date: /root/muse_ws/muse_ros2/muse_ws/install/state_estimator_msgs/share/state_estimator_msgs/environment/ament_prefix_path.dsv\n'}
[2.011397] (state_estimator_msgs) StdoutLine: {'line': b'-- Up-to-date: /root/muse_ws/muse_ros2/muse_ws/install/state_estimator_msgs/share/state_estimator_msgs/environment/path.sh\n'}
[2.011597] (state_estimator_msgs) StdoutLine: {'line': b'-- Up-to-date: /root/muse_ws/muse_ros2/muse_ws/install/state_estimator_msgs/share/state_estimator_msgs/environment/path.dsv\n'}
[2.011727] (state_estimator_msgs) StdoutLine: {'line': b'-- Up-to-date: /root/muse_ws/muse_ros2/muse_ws/install/state_estimator_msgs/share/state_estimator_msgs/local_setup.bash\n'}
[2.011887] (state_estimator_msgs) StdoutLine: {'line': b'-- Up-to-date: /root/muse_ws/muse_ros2/muse_ws/install/state_estimator_msgs/share/state_estimator_msgs/local_setup.sh\n'}
[2.012040] (state_estimator_msgs) StdoutLine: {'line': b'-- Up-to-date: /root/muse_ws/muse_ros2/muse_ws/install/state_estimator_msgs/share/state_estimator_msgs/local_setup.zsh\n'}
[2.012128] (state_estimator_msgs) StdoutLine: {'line': b'-- Up-to-date: /root/muse_ws/muse_ros2/muse_ws/install/state_estimator_msgs/share/state_estimator_msgs/local_setup.dsv\n'}
[2.012212] (state_estimator_msgs) StdoutLine: {'line': b'-- Installing: /root/muse_ws/muse_ros2/muse_ws/install/state_estimator_msgs/share/state_estimator_msgs/package.dsv\n'}
[2.012422] (state_estimator_msgs) StdoutLine: {'line': b'-- Up-to-date: /root/muse_ws/muse_ros2/muse_ws/install/state_estimator_msgs/share/ament_index/resource_index/packages/state_estimator_msgs\n'}
[2.012641] (state_estimator_msgs) StdoutLine: {'line': b'-- Up-to-date: /root/muse_ws/muse_ros2/muse_ws/install/state_estimator_msgs/share/state_estimator_msgs/cmake/export_state_estimator_msgs__rosidl_generator_cExport.cmake\n'}
[2.012804] (state_estimator_msgs) StdoutLine: {'line': b'-- Up-to-date: /root/muse_ws/muse_ros2/muse_ws/install/state_estimator_msgs/share/state_estimator_msgs/cmake/export_state_estimator_msgs__rosidl_generator_cExport-noconfig.cmake\n'}
[2.012955] (state_estimator_msgs) StdoutLine: {'line': b'-- Up-to-date: /root/muse_ws/muse_ros2/muse_ws/install/state_estimator_msgs/share/state_estimator_msgs/cmake/export_state_estimator_msgs__rosidl_typesupport_fastrtps_cExport.cmake\n'}
[2.013345] (state_estimator_msgs) StdoutLine: {'line': b'-- Up-to-date: /root/muse_ws/muse_ros2/muse_ws/install/state_estimator_msgs/share/state_estimator_msgs/cmake/export_state_estimator_msgs__rosidl_typesupport_fastrtps_cExport-noconfig.cmake\n'}
[2.013460] (state_estimator_msgs) StdoutLine: {'line': b'-- Up-to-date: /root/muse_ws/muse_ros2/muse_ws/install/state_estimator_msgs/share/state_estimator_msgs/cmake/export_state_estimator_msgs__rosidl_generator_cppExport.cmake\n'}
[2.013661] (state_estimator_msgs) StdoutLine: {'line': b'-- Up-to-date: /root/muse_ws/muse_ros2/muse_ws/install/state_estimator_msgs/share/state_estimator_msgs/cmake/export_state_estimator_msgs__rosidl_typesupport_fastrtps_cppExport.cmake\n'}
[2.013819] (state_estimator_msgs) StdoutLine: {'line': b'-- Up-to-date: /root/muse_ws/muse_ros2/muse_ws/install/state_estimator_msgs/share/state_estimator_msgs/cmake/export_state_estimator_msgs__rosidl_typesupport_fastrtps_cppExport-noconfig.cmake\n'}
[2.014066] (state_estimator_msgs) StdoutLine: {'line': b'-- Up-to-date: /root/muse_ws/muse_ros2/muse_ws/install/state_estimator_msgs/share/state_estimator_msgs/cmake/state_estimator_msgs__rosidl_typesupport_introspection_cExport.cmake\n'}
[2.014306] (state_estimator_msgs) StdoutLine: {'line': b'-- Up-to-date: /root/muse_ws/muse_ros2/muse_ws/install/state_estimator_msgs/share/state_estimator_msgs/cmake/state_estimator_msgs__rosidl_typesupport_introspection_cExport-noconfig.cmake\n'}
[2.014559] (state_estimator_msgs) StdoutLine: {'line': b'-- Up-to-date: /root/muse_ws/muse_ros2/muse_ws/install/state_estimator_msgs/share/state_estimator_msgs/cmake/state_estimator_msgs__rosidl_typesupport_cExport.cmake\n'}
[2.014741] (state_estimator_msgs) StdoutLine: {'line': b'-- Up-to-date: /root/muse_ws/muse_ros2/muse_ws/install/state_estimator_msgs/share/state_estimator_msgs/cmake/state_estimator_msgs__rosidl_typesupport_cExport-noconfig.cmake\n'}
[2.014934] (state_estimator_msgs) StdoutLine: {'line': b'-- Up-to-date: /root/muse_ws/muse_ros2/muse_ws/install/state_estimator_msgs/share/state_estimator_msgs/cmake/state_estimator_msgs__rosidl_typesupport_introspection_cppExport.cmake\n'}
[2.015128] (state_estimator_msgs) StdoutLine: {'line': b'-- Up-to-date: /root/muse_ws/muse_ros2/muse_ws/install/state_estimator_msgs/share/state_estimator_msgs/cmake/state_estimator_msgs__rosidl_typesupport_introspection_cppExport-noconfig.cmake\n'}
[2.015343] (state_estimator_msgs) StdoutLine: {'line': b'-- Up-to-date: /root/muse_ws/muse_ros2/muse_ws/install/state_estimator_msgs/share/state_estimator_msgs/cmake/state_estimator_msgs__rosidl_typesupport_cppExport.cmake\n'}
[2.015625] (state_estimator_msgs) StdoutLine: {'line': b'-- Up-to-date: /root/muse_ws/muse_ros2/muse_ws/install/state_estimator_msgs/share/state_estimator_msgs/cmake/state_estimator_msgs__rosidl_typesupport_cppExport-noconfig.cmake\n'}
[2.015847] (state_estimator_msgs) StdoutLine: {'line': b'-- Up-to-date: /root/muse_ws/muse_ros2/muse_ws/install/state_estimator_msgs/share/state_estimator_msgs/cmake/export_state_estimator_msgs__rosidl_generator_pyExport.cmake\n'}
[2.015949] (state_estimator_msgs) StdoutLine: {'line': b'-- Up-to-date: /root/muse_ws/muse_ros2/muse_ws/install/state_estimator_msgs/share/state_estimator_msgs/cmake/export_state_estimator_msgs__rosidl_generator_pyExport-noconfig.cmake\n'}
[2.016009] (state_estimator_msgs) StdoutLine: {'line': b'-- Up-to-date: /root/muse_ws/muse_ros2/muse_ws/install/state_estimator_msgs/share/state_estimator_msgs/cmake/rosidl_cmake-extras.cmake\n'}
[2.016062] (state_estimator_msgs) StdoutLine: {'line': b'-- Up-to-date: /root/muse_ws/muse_ros2/muse_ws/install/state_estimator_msgs/share/state_estimator_msgs/cmake/ament_cmake_export_dependencies-extras.cmake\n'}
[2.016127] (state_estimator_msgs) StdoutLine: {'line': b'-- Up-to-date: /root/muse_ws/muse_ros2/muse_ws/install/state_estimator_msgs/share/state_estimator_msgs/cmake/ament_cmake_export_include_directories-extras.cmake\n'}
[2.016178] (state_estimator_msgs) StdoutLine: {'line': b'-- Up-to-date: /root/muse_ws/muse_ros2/muse_ws/install/state_estimator_msgs/share/state_estimator_msgs/cmake/ament_cmake_export_libraries-extras.cmake\n'}
[2.016277] (state_estimator_msgs) StdoutLine: {'line': b'-- Up-to-date: /root/muse_ws/muse_ros2/muse_ws/install/state_estimator_msgs/share/state_estimator_msgs/cmake/ament_cmake_export_targets-extras.cmake\n'}
[2.016459] (state_estimator_msgs) StdoutLine: {'line': b'-- Up-to-date: /root/muse_ws/muse_ros2/muse_ws/install/state_estimator_msgs/share/state_estimator_msgs/cmake/rosidl_cmake_export_typesupport_targets-extras.cmake\n'}
[2.016550] (state_estimator_msgs) StdoutLine: {'line': b'-- Up-to-date: /root/muse_ws/muse_ros2/muse_ws/install/state_estimator_msgs/share/state_estimator_msgs/cmake/rosidl_cmake_export_typesupport_libraries-extras.cmake\n'}
[2.016637] (state_estimator_msgs) StdoutLine: {'line': b'-- Up-to-date: /root/muse_ws/muse_ros2/muse_ws/install/state_estimator_msgs/share/state_estimator_msgs/cmake/state_estimator_msgsConfig.cmake\n'}
[2.016708] (state_estimator_msgs) StdoutLine: {'line': b'-- Up-to-date: /root/muse_ws/muse_ros2/muse_ws/install/state_estimator_msgs/share/state_estimator_msgs/cmake/state_estimator_msgsConfig-version.cmake\n'}
[2.016777] (state_estimator_msgs) StdoutLine: {'line': b'-- Up-to-date: /root/muse_ws/muse_ros2/muse_ws/install/state_estimator_msgs/share/state_estimator_msgs/package.xml\n'}
[2.030206] (state_estimator_msgs) CommandEnded: {'returncode': 0}
[2.050187] (-) TimerEvent: {}
[2.088351] (state_estimator_msgs) JobEnded: {'identifier': 'state_estimator_msgs', 'rc': 0}
[2.090432] (state_estimator) JobStarted: {'identifier': 'state_estimator'}
[2.119475] (state_estimator) JobProgress: {'identifier': 'state_estimator', 'progress': 'cmake'}
[2.120576] (state_estimator) JobProgress: {'identifier': 'state_estimator', 'progress': 'build'}
[2.121459] (state_estimator) Command: {'cmd': ['/usr/bin/cmake', '--build', '/root/muse_ws/muse_ros2/muse_ws/build/state_estimator', '--', '-j12', '-l12'], 'cwd': '/root/muse_ws/muse_ros2/muse_ws/build/state_estimator', 'env': OrderedDict([('LESSOPEN', '| /usr/bin/lesspipe %s'), ('HOSTNAME', '0fa4e54b97e2'), ('SHLVL', '1'), ('LIBGL_ALWAYS_SOFTWARE', '1'), ('LD_LIBRARY_PATH', '/root/muse_ws/muse_ros2/muse_ws/install/state_estimator_msgs/lib:/home/dev_ws/colcon_ws/install/kiss_icp/lib:/opt/ros/humble/opt/rviz_ogre_vendor/lib:/opt/ros/humble/lib/x86_64-linux-gnu:/opt/ros/humble/lib'), ('HOME', '/root'), ('OLDPWD', '/root/muse_ws/muse_ros2'), ('ROS_PYTHON_VERSION', '3'), ('COLCON_PREFIX_PATH', '/home/dev_ws/colcon_ws/install'), ('ROS_DISTRO', 'humble'), ('_', '/usr/bin/colcon'), ('ROS_VERSION', '2'), ('TERM', 'xterm'), ('ROS_LOCALHOST_ONLY', '0'), ('PATH', '/opt/ros/humble/bin:/usr/local/sbin:/usr/local/bin:/usr/sbin:/usr/bin:/sbin:/bin'), ('XDG_RUNTIME_DIR', '/tmp/runtime-root'), ('LANG', 'C.UTF-8'), ('LS_COLORS', 'rs=0:di=01;34:ln=01;36:mh=00:pi=40;33:so=01;35:do=01;35:bd=40;33;01:cd=40;33;01:or=40;31;01:mi=00:su=37;41:sg=30;43:ca=30;41:tw=30;42:ow=34;42:st=37;44:ex=01;32:*.tar=01;31:*.tgz=01;31:*.arc=01;31:*.arj=01;31:*.taz=01;31:*.lha=01;31:*.lz4=01;31:*.lzh=01;31:*.lzma=01;31:*.tlz=01;31:*.txz=01;31:*.tzo=01;31:*.t7z=01;31:*.zip=01;31:*.z=01;31:*.dz=01;31:*.gz=01;31:*.lrz=01;31:*.lz=01;31:*.lzo=01;31:*.xz=01;31:*.zst=01;31:*.tzst=01;31:*.bz2=01;31:*.bz=01;31:*.tbz=01;31:*.tbz2=01;31:*.tz=01;31:*.deb=01;31:*.rpm=01;31:*.jar=01;31:*.war=01;31:*.ear=01;31:*.sar=01;31:*.rar=01;31:*.alz=01;31:*.ace=01;31:*.zoo=01;31:*.cpio=01;31:*.7z=01;31:*.rz=01;31:*.cab=01;31:*.wim=01;31:*.swm=01;31:*.dwm=01;31:*.esd=01;31:*.jpg=01;35:*.jpeg=01;35:*.mjpg=01;35:*.mjpeg=01;35:*.gif=01;35:*.bmp=01;35:*.pbm=01;35:*.pgm=01;35:*.ppm=01;35:*.tga=01;35:*.xbm=01;35:*.xpm=01;35:*.tif=01;35:*.tiff=01;35:*.png=01;35:*.svg=01;35:*.svgz=01;35:*.mng=01;35:*.pcx=01;35:*.mov=01;35:*.mpg=01;35:*.mpeg=01;35:*.m2v=01;35:*.mkv=01;35:*.webm=01;35:*.webp=01;35:*.ogm=01;35:*.mp4=01;35:*.m4v=01;35:*.mp4v=01;35:*.vob=01;35:*.qt=01;35:*.nuv=01;35:*.wmv=01;35:*.asf=01;35:*.rm=01;35:*.rmvb=01;35:*.flc=01;35:*.avi=01;35:*.fli=01;35:*.flv=01;35:*.gl=01;35:*.dl=01;35:*.xcf=01;35:*.xwd=01;35:*.yuv=01;35:*.cgm=01;35:*.emf=01;35:*.ogv=01;35:*.ogx=01;35:*.aac=00;36:*.au=00;36:*.flac=00;36:*.m4a=00;36:*.mid=00;36:*.midi=00;36:*.mka=00;36:*.mp3=00;36:*.mpc=00;36:*.ogg=00;36:*.ra=00;36:*.wav=00;36:*.oga=00;36:*.opus=00;36:*.spx=00;36:*.xspf=00;36:'), ('AMENT_PREFIX_PATH', '/root/muse_ws/muse_ros2/muse_ws/install/state_estimator_msgs:/home/dev_ws/colcon_ws/install/kiss_icp:/opt/ros/humble'), ('DEBIAN_FRONTEND', 'noninteractive'), ('LESSCLOSE', '/usr/bin/lesspipe %s %s'), ('PWD', '/root/muse_ws/muse_ros2/muse_ws/build/state_estimator'), ('LC_ALL', 'C.UTF-8'), ('PYTHONPATH', '/root/muse_ws/muse_ros2/muse_ws/install/state_estimator_msgs/local/lib/python3.10/dist-packages:/opt/ros/humble/lib/python3.10/site-packages:/opt/ros/humble/local/lib/python3.10/dist-packages'), ('COLCON', '1'), ('CMAKE_PREFIX_PATH', '/root/muse_ws/muse_ros2/muse_ws/install/state_estimator_msgs:/home/dev_ws/colcon_ws/install/kiss_icp:/opt/ros/humble')]), 'shell': False}
[2.150403] (-) TimerEvent: {}
[2.250933] (-) TimerEvent: {}
[2.288336] (state_estimator) StdoutLine: {'line': b'[ 62%] Built target state_estimator_plugins\n'}
[2.355826] (-) TimerEvent: {}
[2.365403] (state_estimator) StdoutLine: {'line': b'[100%] Built target state_estimator_node\n'}
[2.392344] (state_estimator) CommandEnded: {'returncode': 0}
[2.392982] (state_estimator) JobProgress: {'identifier': 'state_estimator', 'progress': 'install'}
[2.393035] (state_estimator) Command: {'cmd': ['/usr/bin/cmake', '--install', '/root/muse_ws/muse_ros2/muse_ws/build/state_estimator'], 'cwd': '/root/muse_ws/muse_ros2/muse_ws/build/state_estimator', 'env': OrderedDict([('LESSOPEN', '| /usr/bin/lesspipe %s'), ('HOSTNAME', '0fa4e54b97e2'), ('SHLVL', '1'), ('LIBGL_ALWAYS_SOFTWARE', '1'), ('LD_LIBRARY_PATH', '/root/muse_ws/muse_ros2/muse_ws/install/state_estimator_msgs/lib:/home/dev_ws/colcon_ws/install/kiss_icp/lib:/opt/ros/humble/opt/rviz_ogre_vendor/lib:/opt/ros/humble/lib/x86_64-linux-gnu:/opt/ros/humble/lib'), ('HOME', '/root'), ('OLDPWD', '/root/muse_ws/muse_ros2'), ('ROS_PYTHON_VERSION', '3'), ('COLCON_PREFIX_PATH', '/home/dev_ws/colcon_ws/install'), ('ROS_DISTRO', 'humble'), ('_', '/usr/bin/colcon'), ('ROS_VERSION', '2'), ('TERM', 'xterm'), ('ROS_LOCALHOST_ONLY', '0'), ('PATH', '/opt/ros/humble/bin:/usr/local/sbin:/usr/local/bin:/usr/sbin:/usr/bin:/sbin:/bin'), ('XDG_RUNTIME_DIR', '/tmp/runtime-root'), ('LANG', 'C.UTF-8'), ('LS_COLORS', 'rs=0:di=01;34:ln=01;36:mh=00:pi=40;33:so=01;35:do=01;35:bd=40;33;01:cd=40;33;01:or=40;31;01:mi=00:su=37;41:sg=30;43:ca=30;41:tw=30;42:ow=34;42:st=37;44:ex=01;32:*.tar=01;31:*.tgz=01;31:*.arc=01;31:*.arj=01;31:*.taz=01;31:*.lha=01;31:*.lz4=01;31:*.lzh=01;31:*.lzma=01;31:*.tlz=01;31:*.txz=01;31:*.tzo=01;31:*.t7z=01;31:*.zip=01;31:*.z=01;31:*.dz=01;31:*.gz=01;31:*.lrz=01;31:*.lz=01;31:*.lzo=01;31:*.xz=01;31:*.zst=01;31:*.tzst=01;31:*.bz2=01;31:*.bz=01;31:*.tbz=01;31:*.tbz2=01;31:*.tz=01;31:*.deb=01;31:*.rpm=01;31:*.jar=01;31:*.war=01;31:*.ear=01;31:*.sar=01;31:*.rar=01;31:*.alz=01;31:*.ace=01;31:*.zoo=01;31:*.cpio=01;31:*.7z=01;31:*.rz=01;31:*.cab=01;31:*.wim=01;31:*.swm=01;31:*.dwm=01;31:*.esd=01;31:*.jpg=01;35:*.jpeg=01;35:*.mjpg=01;35:*.mjpeg=01;35:*.gif=01;35:*.bmp=01;35:*.pbm=01;35:*.pgm=01;35:*.ppm=01;35:*.tga=01;35:*.xbm=01;35:*.xpm=01;35:*.tif=01;35:*.tiff=01;35:*.png=01;35:*.svg=01;35:*.svgz=01;35:*.mng=01;35:*.pcx=01;35:*.mov=01;35:*.mpg=01;35:*.mpeg=01;35:*.m2v=01;35:*.mkv=01;35:*.webm=01;35:*.webp=01;35:*.ogm=01;35:*.mp4=01;35:*.m4v=01;35:*.mp4v=01;35:*.vob=01;35:*.qt=01;35:*.nuv=01;35:*.wmv=01;35:*.asf=01;35:*.rm=01;35:*.rmvb=01;35:*.flc=01;35:*.avi=01;35:*.fli=01;35:*.flv=01;35:*.gl=01;35:*.dl=01;35:*.xcf=01;35:*.xwd=01;35:*.yuv=01;35:*.cgm=01;35:*.emf=01;35:*.ogv=01;35:*.ogx=01;35:*.aac=00;36:*.au=00;36:*.flac=00;36:*.m4a=00;36:*.mid=00;36:*.midi=00;36:*.mka=00;36:*.mp3=00;36:*.mpc=00;36:*.ogg=00;36:*.ra=00;36:*.wav=00;36:*.oga=00;36:*.opus=00;36:*.spx=00;36:*.xspf=00;36:'), ('AMENT_PREFIX_PATH', '/root/muse_ws/muse_ros2/muse_ws/install/state_estimator_msgs:/home/dev_ws/colcon_ws/install/kiss_icp:/opt/ros/humble'), ('DEBIAN_FRONTEND', 'noninteractive'), ('LESSCLOSE', '/usr/bin/lesspipe %s %s'), ('PWD', '/root/muse_ws/muse_ros2/muse_ws/build/state_estimator'), ('LC_ALL', 'C.UTF-8'), ('PYTHONPATH', '/root/muse_ws/muse_ros2/muse_ws/install/state_estimator_msgs/local/lib/python3.10/dist-packages:/opt/ros/humble/lib/python3.10/site-packages:/opt/ros/humble/local/lib/python3.10/dist-packages'), ('COLCON', '1'), ('CMAKE_PREFIX_PATH', '/root/muse_ws/muse_ros2/muse_ws/install/state_estimator_msgs:/home/dev_ws/colcon_ws/install/kiss_icp:/opt/ros/humble')]), 'shell': False}
[2.410191] (state_estimator) StdoutLine: {'line': b'-- Install configuration: ""\n'}
[2.411069] (state_estimator) StdoutLine: {'line': b'-- Up-to-date: /root/muse_ws/muse_ros2/muse_ws/install/state_estimator/lib/libstate_estimator_plugins.so\n'}
[2.411245] (state_estimator) StdoutLine: {'line': b'-- Up-to-date: /root/muse_ws/muse_ros2/muse_ws/install/state_estimator/lib/state_estimator/state_estimator_node\n'}
[2.411415] (state_estimator) StdoutLine: {'line': b'-- Up-to-date: /root/muse_ws/muse_ros2/muse_ws/install/state_estimator/share/state_estimator/state_estimator_plugins.xml\n'}
[2.411577] (state_estimator) StdoutLine: {'line': b'-- Up-to-date: /root/muse_ws/muse_ros2/muse_ws/install/state_estimator/include\n'}
[2.411716] (state_estimator) StdoutLine: {'line': b'-- Up-to-date: /root/muse_ws/muse_ros2/muse_ws/install/state_estimator/include/state_estimator\n'}
[2.411979] (state_estimator) StdoutLine: {'line': b'-- Up-to-date: /root/muse_ws/muse_ros2/muse_ws/install/state_estimator/include/state_estimator/Robot.hpp\n'}
[2.412076] (state_estimator) StdoutLine: {'line': b'-- Up-to-date: /root/muse_ws/muse_ros2/muse_ws/install/state_estimator/include/state_estimator/plugin_base.hpp\n'}
[2.412172] (state_estimator) StdoutLine: {'line': b'-- Up-to-date: /root/muse_ws/muse_ros2/muse_ws/install/state_estimator/include/state_estimator/lib.hpp\n'}
[2.412269] (state_estimator) StdoutLine: {'line': b'-- Up-to-date: /root/muse_ws/muse_ros2/muse_ws/install/state_estimator/include/state_estimator/Models\n'}
[2.412451] (state_estimator) StdoutLine: {'line': b'-- Up-to-date: /root/muse_ws/muse_ros2/muse_ws/install/state_estimator/include/state_estimator/Models/attitude_bias_NLO.hpp\n'}
[2.412688] (state_estimator) StdoutLine: {'line': b'-- Up-to-date: /root/muse_ws/muse_ros2/muse_ws/install/state_estimator/include/state_estimator/Models/attitude_bias_XKF.hpp\n'}
[2.412822] (state_estimator) StdoutLine: {'line': b'-- Up-to-date: /root/muse_ws/muse_ros2/muse_ws/install/state_estimator/include/state_estimator/Models/sensor_fusion.hpp\n'}
[2.412930] (state_estimator) StdoutLine: {'line': b'-- Up-to-date: /root/muse_ws/muse_ros2/muse_ws/install/state_estimator/include/state_estimator/Observers\n'}
[2.413023] (state_estimator) StdoutLine: {'line': b'-- Up-to-date: /root/muse_ws/muse_ros2/muse_ws/install/state_estimator/include/state_estimator/Observers/NLO.hpp\n'}
[2.413117] (state_estimator) StdoutLine: {'line': b'-- Up-to-date: /root/muse_ws/muse_ros2/muse_ws/install/state_estimator/include/state_estimator/Observers/Observer.hpp\n'}
[2.413208] (state_estimator) StdoutLine: {'line': b'-- Up-to-date: /root/muse_ws/muse_ros2/muse_ws/install/state_estimator/include/state_estimator/Observers/XKF.hpp\n'}
[2.413293] (state_estimator) StdoutLine: {'line': b'-- Up-to-date: /root/muse_ws/muse_ros2/muse_ws/install/state_estimator/include/state_estimator/Observers/EKF.hpp\n'}
[2.413381] (state_estimator) StdoutLine: {'line': b'-- Up-to-date: /root/muse_ws/muse_ros2/muse_ws/install/state_estimator/include/state_estimator/plugin.hpp\n'}
[2.417455] (state_estimator) StdoutLine: {'line': b'-- Up-to-date: /root/muse_ws/muse_ros2/muse_ws/install/state_estimator/include/state_estimator/Services.hpp\n'}
[2.417770] (state_estimator) StdoutLine: {'line': b'-- Up-to-date: /root/muse_ws/muse_ros2/muse_ws/install/state_estimator/include/state_estimator/state_estimator_node.hpp\n'}
[2.417860] (state_estimator) StdoutLine: {'line': b'-- Up-to-date: /root/muse_ws/muse_ros2/muse_ws/install/state_estimator/include/state_estimator/Estimator.hpp\n'}
[2.417928] (state_estimator) StdoutLine: {'line': b'-- Up-to-date: /root/muse_ws/muse_ros2/muse_ws/install/state_estimator/include/state_estimator/EigenExtra.hpp\n'}
[2.417993] (state_estimator) StdoutLine: {'line': b'-- Up-to-date: /root/muse_ws/muse_ros2/muse_ws/install/state_estimator/share/state_estimator/launch\n'}
[2.418057] (state_estimator) StdoutLine: {'line': b'-- Up-to-date: /root/muse_ws/muse_ros2/muse_ws/install/state_estimator/share/state_estimator/launch/pluginlist.yaml\n'}
[2.418120] (state_estimator) StdoutLine: {'line': b'-- Up-to-date: /root/muse_ws/muse_ros2/muse_ws/install/state_estimator/share/state_estimator/launch/state_estimator.launch\n'}
[2.418571] (state_estimator) StdoutLine: {'line': b'-- Up-to-date: /root/muse_ws/muse_ros2/muse_ws/install/state_estimator/share/state_estimator/launch/state_estimator_ros2.launch\n'}
[2.418670] (state_estimator) StdoutLine: {'line': b'-- Up-to-date: /root/muse_ws/muse_ros2/muse_ws/install/state_estimator/share/state_estimator/launch/state_estimator_simple.launch\n'}
[2.418745] (state_estimator) StdoutLine: {'line': b'-- Up-to-date: /root/muse_ws/muse_ros2/muse_ws/install/state_estimator/share/state_estimator/launch/timeout.yaml\n'}
[2.418809] (state_estimator) StdoutLine: {'line': b'-- Up-to-date: /root/muse_ws/muse_ros2/muse_ws/install/state_estimator/share/state_estimator/launch/state_estimator_xml.launch.py\n'}
[2.418892] (state_estimator) StdoutLine: {'line': b'-- Up-to-date: /root/muse_ws/muse_ros2/muse_ws/install/state_estimator/share/state_estimator/launch/state_estimator.launch.py\n'}
[2.418953] (state_estimator) StdoutLine: {'line': b'-- Up-to-date: /root/muse_ws/muse_ros2/muse_ws/install/state_estimator/share/state_estimator/config\n'}
[2.419015] (state_estimator) StdoutLine: {'line': b'-- Up-to-date: /root/muse_ws/muse_ros2/muse_ws/install/state_estimator/share/state_estimator/config/sensor_fusion.yaml\n'}
[2.419115] (state_estimator) StdoutLine: {'line': b'-- Up-to-date: /root/muse_ws/muse_ros2/muse_ws/install/state_estimator/share/state_estimator/config/attitude_plugin.yaml\n'}
[2.419183] (state_estimator) StdoutLine: {'line': b'-- Up-to-date: /root/muse_ws/muse_ros2/muse_ws/install/state_estimator/share/state_estimator/config/leg_odometry.yaml\n'}
[2.419247] (state_estimator) StdoutLine: {'line': b'-- Up-to-date: /root/muse_ws/muse_ros2/muse_ws/install/state_estimator/share/state_estimator/config/contact_plugin.yaml\n'}
[2.419311] (state_estimator) StdoutLine: {'line': b'-- Up-to-date: /root/muse_ws/muse_ros2/muse_ws/install/state_estimator/share/state_estimator/urdfs\n'}
[2.419400] (state_estimator) StdoutLine: {'line': b'-- Up-to-date: /root/muse_ws/muse_ros2/muse_ws/install/state_estimator/share/state_estimator/urdfs/anymal.urdf\n'}
[2.419771] (state_estimator) StdoutLine: {'line': b'-- Up-to-date: /root/muse_ws/muse_ros2/muse_ws/install/state_estimator/share/state_estimator/urdfs/aliengo.urdf\n'}
[2.419929] (state_estimator) StdoutLine: {'line': b'-- Up-to-date: /root/muse_ws/muse_ros2/muse_ws/install/state_estimator/share/state_estimator/state_estimator_plugins.xml\n'}
[2.420001] (state_estimator) StdoutLine: {'line': b'-- Up-to-date: /root/muse_ws/muse_ros2/muse_ws/install/state_estimator/share/state_estimator/environment/library_path.sh\n'}
[2.420095] (state_estimator) StdoutLine: {'line': b'-- Up-to-date: /root/muse_ws/muse_ros2/muse_ws/install/state_estimator/share/state_estimator/environment/library_path.dsv\n'}
[2.420172] (state_estimator) StdoutLine: {'line': b'-- Up-to-date: /root/muse_ws/muse_ros2/muse_ws/install/state_estimator/share/ament_index/resource_index/package_run_dependencies/state_estimator\n'}
[2.420265] (state_estimator) StdoutLine: {'line': b'-- Up-to-date: /root/muse_ws/muse_ros2/muse_ws/install/state_estimator/share/ament_index/resource_index/parent_prefix_path/state_estimator\n'}
[2.420336] (state_estimator) StdoutLine: {'line': b'-- Up-to-date: /root/muse_ws/muse_ros2/muse_ws/install/state_estimator/share/state_estimator/environment/ament_prefix_path.sh\n'}
[2.420400] (state_estimator) StdoutLine: {'line': b'-- Up-to-date: /root/muse_ws/muse_ros2/muse_ws/install/state_estimator/share/state_estimator/environment/ament_prefix_path.dsv\n'}
[2.420463] (state_estimator) StdoutLine: {'line': b'-- Up-to-date: /root/muse_ws/muse_ros2/muse_ws/install/state_estimator/share/state_estimator/environment/path.sh\n'}
[2.420524] (state_estimator) StdoutLine: {'line': b'-- Up-to-date: /root/muse_ws/muse_ros2/muse_ws/install/state_estimator/share/state_estimator/environment/path.dsv\n'}
[2.420643] (state_estimator) StdoutLine: {'line': b'-- Up-to-date: /root/muse_ws/muse_ros2/muse_ws/install/state_estimator/share/state_estimator/local_setup.bash\n'}
[2.420718] (state_estimator) StdoutLine: {'line': b'-- Up-to-date: /root/muse_ws/muse_ros2/muse_ws/install/state_estimator/share/state_estimator/local_setup.sh\n'}
[2.420784] (state_estimator) StdoutLine: {'line': b'-- Up-to-date: /root/muse_ws/muse_ros2/muse_ws/install/state_estimator/share/state_estimator/local_setup.zsh\n'}
[2.420872] (state_estimator) StdoutLine: {'line': b'-- Up-to-date: /root/muse_ws/muse_ros2/muse_ws/install/state_estimator/share/state_estimator/local_setup.dsv\n'}
[2.420949] (state_estimator) StdoutLine: {'line': b'-- Installing: /root/muse_ws/muse_ros2/muse_ws/install/state_estimator/share/state_estimator/package.dsv\n'}
[2.422159] (state_estimator) StdoutLine: {'line': b'-- Up-to-date: /root/muse_ws/muse_ros2/muse_ws/install/state_estimator/share/ament_index/resource_index/packages/state_estimator\n'}
[2.422390] (state_estimator) StdoutLine: {'line': b'-- Up-to-date: /root/muse_ws/muse_ros2/muse_ws/install/state_estimator/share/ament_index/resource_index/state_estimator__pluginlib__plugin/state_estimator\n'}
[2.422491] (state_estimator) StdoutLine: {'line': b'-- Up-to-date: /root/muse_ws/muse_ros2/muse_ws/install/state_estimator/share/state_estimator/cmake/ament_cmake_export_include_directories-extras.cmake\n'}
[2.422981] (state_estimator) StdoutLine: {'line': b'-- Up-to-date: /root/muse_ws/muse_ros2/muse_ws/install/state_estimator/share/state_estimator/cmake/ament_cmake_export_libraries-extras.cmake\n'}
[2.423101] (state_estimator) StdoutLine: {'line': b'-- Up-to-date: /root/muse_ws/muse_ros2/muse_ws/install/state_estimator/share/state_estimator/cmake/ament_cmake_export_dependencies-extras.cmake\n'}
[2.423195] (state_estimator) StdoutLine: {'line': b'-- Up-to-date: /root/muse_ws/muse_ros2/muse_ws/install/state_estimator/share/state_estimator/cmake/state_estimatorConfig.cmake\n'}
[2.423266] (state_estimator) StdoutLine: {'line': b'-- Up-to-date: /root/muse_ws/muse_ros2/muse_ws/install/state_estimator/share/state_estimator/cmake/state_estimatorConfig-version.cmake\n'}
[2.423404] (state_estimator) StdoutLine: {'line': b'-- Up-to-date: /root/muse_ws/muse_ros2/muse_ws/install/state_estimator/share/state_estimator/package.xml\n'}
[2.434661] (state_estimator) CommandEnded: {'returncode': 0}
[2.463950] (-) TimerEvent: {}
[2.467865] (state_estimator) JobEnded: {'identifier': 'state_estimator', 'rc': 0}
[2.565008] (-) TimerEvent: {}
[2.666729] (-) TimerEvent: {}
[2.767481] (-) TimerEvent: {}
[2.872563] (-) TimerEvent: {}
[2.973217] (-) TimerEvent: {}
[3.023941] (iit_commons) StderrLine: {'line': b'In file included from \x1b[01m\x1b[K/root/muse_ws/muse_ros2/muse_ws/src/iit_commons/include/iit_commons/commons/geometry/rotations.h:5\x1b[m\x1b[K,\n'}
[3.024388] (iit_commons) StderrLine: {'line': b'                 from \x1b[01m\x1b[K/root/muse_ws/muse_ros2/muse_ws/src/iit_commons/include/iit_commons/commons/planning/planning.h:6\x1b[m\x1b[K,\n'}
[3.024492] (iit_commons) StderrLine: {'line': b'                 from \x1b[01m\x1b[K/root/muse_ws/muse_ros2/muse_ws/src/iit_commons/include/iit_commons/commons/control/VirtualModel.hpp:7\x1b[m\x1b[K,\n'}
[3.025299] (iit_commons) StderrLine: {'line': b'                 from \x1b[01m\x1b[K/root/muse_ws/muse_ros2/muse_ws/src/iit_commons/src/control/VirtualModel.cpp:1\x1b[m\x1b[K:\n'}
[3.025387] (iit_commons) StderrLine: {'line': b'\x1b[01m\x1b[K/root/muse_ws/muse_ros2/muse_ws/src/iit_commons/include/iit_commons/commons/geometry/algebra.h:\x1b[m\x1b[K In function \xe2\x80\x98\x1b[01m\x1b[Kvoid iit::commons::computeQR(const MatrixXR&, MatrixXR&, MatrixXR&, const double&)\x1b[m\x1b[K\xe2\x80\x99:\n'}
[3.025462] (iit_commons) StderrLine: {'line': b'\x1b[01m\x1b[K/root/muse_ws/muse_ros2/muse_ws/src/iit_commons/include/iit_commons/commons/geometry/algebra.h:271:37:\x1b[m\x1b[K \x1b[01;35m\x1b[Kwarning: \x1b[m\x1b[Kunused parameter \xe2\x80\x98\x1b[01m\x1b[Ktolerance\x1b[m\x1b[K\xe2\x80\x99 [\x1b[01;35m\x1b[K-Wunused-parameter\x1b[m\x1b[K]\n'}
[3.025530] (iit_commons) StderrLine: {'line': b'  271 |                       \x1b[01;35m\x1b[Kconst double& tolerance\x1b[m\x1b[K)\n'}
[3.025595] (iit_commons) StderrLine: {'line': b'      |                       \x1b[01;35m\x1b[K~~~~~~~~~~~~~~^~~~~~~~~\x1b[m\x1b[K\n'}
[3.066701] (iit_commons) StderrLine: {'line': b'In file included from \x1b[01m\x1b[K/root/muse_ws/muse_ros2/muse_ws/src/iit_commons/include/iit_commons/commons/planning/planning.h:6\x1b[m\x1b[K,\n'}
[3.067178] (iit_commons) StderrLine: {'line': b'                 from \x1b[01m\x1b[K/root/muse_ws/muse_ros2/muse_ws/src/iit_commons/include/iit_commons/commons/control/VirtualModel.hpp:7\x1b[m\x1b[K,\n'}
[3.067294] (iit_commons) StderrLine: {'line': b'                 from \x1b[01m\x1b[K/root/muse_ws/muse_ros2/muse_ws/src/iit_commons/src/control/VirtualModel.cpp:1\x1b[m\x1b[K:\n'}
[3.067389] (iit_commons) StderrLine: {'line': b'\x1b[01m\x1b[K/root/muse_ws/muse_ros2/muse_ws/src/iit_commons/include/iit_commons/commons/geometry/rotations.h:\x1b[m\x1b[K In function \xe2\x80\x98\x1b[01m\x1b[KEigen::Matrix3d iit::commons::rpyToEar(const Vector3d&)\x1b[m\x1b[K\xe2\x80\x99:\n'}
[3.067478] (iit_commons) StderrLine: {'line': b'\x1b[01m\x1b[K/root/muse_ws/muse_ros2/muse_ws/src/iit_commons/include/iit_commons/commons/geometry/rotations.h:143:12:\x1b[m\x1b[K \x1b[01;35m\x1b[Kwarning: \x1b[m\x1b[Kunused variable \xe2\x80\x98\x1b[01m\x1b[Kyaw\x1b[m\x1b[K\xe2\x80\x99 [\x1b[01;35m\x1b[K-Wunused-variable\x1b[m\x1b[K]\n'}
[3.067581] (iit_commons) StderrLine: {'line': b'  143 |     double \x1b[01;35m\x1b[Kyaw\x1b[m\x1b[K = rpy(2);\n'}
[3.067734] (iit_commons) StderrLine: {'line': b'      |            \x1b[01;35m\x1b[K^~~\x1b[m\x1b[K\n'}
[3.068109] (iit_commons) StderrLine: {'line': b'\x1b[01m\x1b[K/root/muse_ws/muse_ros2/muse_ws/src/iit_commons/include/iit_commons/commons/geometry/rotations.h:\x1b[m\x1b[K In function \xe2\x80\x98\x1b[01m\x1b[KEigen::Matrix3d iit::commons::rpyToEarInv_dot(const Vector3d&, const Vector3d&)\x1b[m\x1b[K\xe2\x80\x99:\n'}
[3.068197] (iit_commons) StderrLine: {'line': b'\x1b[01m\x1b[K/root/muse_ws/muse_ros2/muse_ws/src/iit_commons/include/iit_commons/commons/geometry/rotations.h:163:12:\x1b[m\x1b[K \x1b[01;35m\x1b[Kwarning: \x1b[m\x1b[Kunused variable \xe2\x80\x98\x1b[01m\x1b[Kroll\x1b[m\x1b[K\xe2\x80\x99 [\x1b[01;35m\x1b[K-Wunused-variable\x1b[m\x1b[K]\n'}
[3.068263] (iit_commons) StderrLine: {'line': b'  163 |     double \x1b[01;35m\x1b[Kroll\x1b[m\x1b[K = rpy(0);\n'}
[3.068315] (iit_commons) StderrLine: {'line': b'      |            \x1b[01;35m\x1b[K^~~~\x1b[m\x1b[K\n'}
[3.068362] (iit_commons) StderrLine: {'line': b'\x1b[01m\x1b[K/root/muse_ws/muse_ros2/muse_ws/src/iit_commons/include/iit_commons/commons/geometry/rotations.h:166:12:\x1b[m\x1b[K \x1b[01;35m\x1b[Kwarning: \x1b[m\x1b[Kunused variable \xe2\x80\x98\x1b[01m\x1b[Krolld\x1b[m\x1b[K\xe2\x80\x99 [\x1b[01;35m\x1b[K-Wunused-variable\x1b[m\x1b[K]\n'}
[3.068409] (iit_commons) StderrLine: {'line': b'  166 |     double \x1b[01;35m\x1b[Krolld\x1b[m\x1b[K = rpyd(0);\n'}
[3.068475] (iit_commons) StderrLine: {'line': b'      |            \x1b[01;35m\x1b[K^~~~~\x1b[m\x1b[K\n'}
[3.073396] (-) TimerEvent: {}
[3.173952] (-) TimerEvent: {}
[3.274506] (-) TimerEvent: {}
[3.379786] (-) TimerEvent: {}
[3.480295] (-) TimerEvent: {}
[3.580795] (-) TimerEvent: {}
[3.683182] (-) TimerEvent: {}
[3.783821] (-) TimerEvent: {}
[3.884381] (-) TimerEvent: {}
[3.985876] (-) TimerEvent: {}
[4.086370] (-) TimerEvent: {}
[4.187778] (-) TimerEvent: {}
[4.279047] (iit_commons) StderrLine: {'line': b'In file included from \x1b[01m\x1b[K/root/muse_ws/muse_ros2/muse_ws/src/iit_commons/include/iit_commons/commons/control/VirtualModel.hpp:7\x1b[m\x1b[K,\n'}
[4.279315] (iit_commons) StderrLine: {'line': b'                 from \x1b[01m\x1b[K/root/muse_ws/muse_ros2/muse_ws/src/iit_commons/src/control/VirtualModel.cpp:1\x1b[m\x1b[K:\n'}
[4.279570] (iit_commons) StderrLine: {'line': b'\x1b[01m\x1b[K/root/muse_ws/muse_ros2/muse_ws/src/iit_commons/include/iit_commons/commons/planning/planning.h:\x1b[m\x1b[K In function \xe2\x80\x98\x1b[01m\x1b[Kvoid iit::planning::ClockwiseSort(std::vector<Eigen::Matrix<double, 3, 1> >&)\x1b[m\x1b[K\xe2\x80\x99:\n'}
[4.279780] (iit_commons) StderrLine: {'line': b'\x1b[01m\x1b[K/root/muse_ws/muse_ros2/muse_ws/src/iit_commons/include/iit_commons/commons/planning/planning.h:162:23:\x1b[m\x1b[K \x1b[01;35m\x1b[Kwarning: \x1b[m\x1b[Kcomparison of integer expressions of different signedness: \xe2\x80\x98\x1b[01m\x1b[Kint\x1b[m\x1b[K\xe2\x80\x99 and \xe2\x80\x98\x1b[01m\x1b[Kstd::vector<Eigen::Matrix<double, 3, 1> >::size_type\x1b[m\x1b[K\xe2\x80\x99 {aka \xe2\x80\x98\x1b[01m\x1b[Klong unsigned int\x1b[m\x1b[K\xe2\x80\x99} [\x1b[01;35m\x1b[K-Wsign-compare\x1b[m\x1b[K]\n'}
[4.279874] (iit_commons) StderrLine: {'line': b'  162 |     for (int i = 1; \x1b[01;35m\x1b[Ki < p.size() - 1\x1b[m\x1b[K; i++) {\n'}
[4.279928] (iit_commons) StderrLine: {'line': b'      |                     \x1b[01;35m\x1b[K~~^~~~~~~~~~~~~~\x1b[m\x1b[K\n'}
[4.279986] (iit_commons) StderrLine: {'line': b'\x1b[01m\x1b[K/root/muse_ws/muse_ros2/muse_ws/src/iit_commons/include/iit_commons/commons/planning/planning.h:163:31:\x1b[m\x1b[K \x1b[01;35m\x1b[Kwarning: \x1b[m\x1b[Kcomparison of integer expressions of different signedness: \xe2\x80\x98\x1b[01m\x1b[Kint\x1b[m\x1b[K\xe2\x80\x99 and \xe2\x80\x98\x1b[01m\x1b[Kstd::vector<Eigen::Matrix<double, 3, 1> >::size_type\x1b[m\x1b[K\xe2\x80\x99 {aka \xe2\x80\x98\x1b[01m\x1b[Klong unsigned int\x1b[m\x1b[K\xe2\x80\x99} [\x1b[01;35m\x1b[K-Wsign-compare\x1b[m\x1b[K]\n'}
[4.280075] (iit_commons) StderrLine: {'line': b'  163 |         for (int j = i + 1; \x1b[01;35m\x1b[Kj < p.size()\x1b[m\x1b[K; j++) {\n'}
[4.280129] (iit_commons) StderrLine: {'line': b'      |                             \x1b[01;35m\x1b[K~~^~~~~~~~~~\x1b[m\x1b[K\n'}
[4.280176] (iit_commons) StderrLine: {'line': b'\x1b[01m\x1b[K/root/muse_ws/muse_ros2/muse_ws/src/iit_commons/include/iit_commons/commons/planning/planning.h:\x1b[m\x1b[K In function \xe2\x80\x98\x1b[01m\x1b[Kvoid iit::planning::CounterClockwiseSort(std::vector<Eigen::Matrix<double, 3, 1> >&)\x1b[m\x1b[K\xe2\x80\x99:\n'}
[4.280226] (iit_commons) StderrLine: {'line': b'\x1b[01m\x1b[K/root/muse_ws/muse_ros2/muse_ws/src/iit_commons/include/iit_commons/commons/planning/planning.h:186:23:\x1b[m\x1b[K \x1b[01;35m\x1b[Kwarning: \x1b[m\x1b[Kcomparison of integer expressions of different signedness: \xe2\x80\x98\x1b[01m\x1b[Kint\x1b[m\x1b[K\xe2\x80\x99 and \xe2\x80\x98\x1b[01m\x1b[Kstd::vector<Eigen::Matrix<double, 3, 1> >::size_type\x1b[m\x1b[K\xe2\x80\x99 {aka \xe2\x80\x98\x1b[01m\x1b[Klong unsigned int\x1b[m\x1b[K\xe2\x80\x99} [\x1b[01;35m\x1b[K-Wsign-compare\x1b[m\x1b[K]\n'}
[4.280274] (iit_commons) StderrLine: {'line': b'  186 |     for (int i = 1; \x1b[01;35m\x1b[Ki < p.size() - 1\x1b[m\x1b[K; i++) {\n'}
[4.280320] (iit_commons) StderrLine: {'line': b'      |                     \x1b[01;35m\x1b[K~~^~~~~~~~~~~~~~\x1b[m\x1b[K\n'}
[4.280364] (iit_commons) StderrLine: {'line': b'\x1b[01m\x1b[K/root/muse_ws/muse_ros2/muse_ws/src/iit_commons/include/iit_commons/commons/planning/planning.h:187:31:\x1b[m\x1b[K \x1b[01;35m\x1b[Kwarning: \x1b[m\x1b[Kcomparison of integer expressions of different signedness: \xe2\x80\x98\x1b[01m\x1b[Kint\x1b[m\x1b[K\xe2\x80\x99 and \xe2\x80\x98\x1b[01m\x1b[Kstd::vector<Eigen::Matrix<double, 3, 1> >::size_type\x1b[m\x1b[K\xe2\x80\x99 {aka \xe2\x80\x98\x1b[01m\x1b[Klong unsigned int\x1b[m\x1b[K\xe2\x80\x99} [\x1b[01;35m\x1b[K-Wsign-compare\x1b[m\x1b[K]\n'}
[4.280409] (iit_commons) StderrLine: {'line': b'  187 |         for (int j = i + 1; \x1b[01;35m\x1b[Kj < p.size()\x1b[m\x1b[K; j++) {\n'}
[4.280452] (iit_commons) StderrLine: {'line': b'      |                             \x1b[01;35m\x1b[K~~^~~~~~~~~~\x1b[m\x1b[K\n'}
[4.280495] (iit_commons) StderrLine: {'line': b'\x1b[01m\x1b[K/root/muse_ws/muse_ros2/muse_ws/src/iit_commons/include/iit_commons/commons/planning/planning.h:\x1b[m\x1b[K In function \xe2\x80\x98\x1b[01m\x1b[Kvoid iit::planning::CounterClockwiseSort(std::vector<Eigen::Matrix<double, 3, 1> >&, std::vector<int>&)\x1b[m\x1b[K\xe2\x80\x99:\n'}
[4.280542] (iit_commons) StderrLine: {'line': b'\x1b[01m\x1b[K/root/muse_ws/muse_ros2/muse_ws/src/iit_commons/include/iit_commons/commons/planning/planning.h:211:23:\x1b[m\x1b[K \x1b[01;35m\x1b[Kwarning: \x1b[m\x1b[Kcomparison of integer expressions of different signedness: \xe2\x80\x98\x1b[01m\x1b[Kint\x1b[m\x1b[K\xe2\x80\x99 and \xe2\x80\x98\x1b[01m\x1b[Kstd::vector<Eigen::Matrix<double, 3, 1> >::size_type\x1b[m\x1b[K\xe2\x80\x99 {aka \xe2\x80\x98\x1b[01m\x1b[Klong unsigned int\x1b[m\x1b[K\xe2\x80\x99} [\x1b[01;35m\x1b[K-Wsign-compare\x1b[m\x1b[K]\n'}
[4.280588] (iit_commons) StderrLine: {'line': b'  211 |     for (int i = 0; \x1b[01;35m\x1b[Ki < p.size()\x1b[m\x1b[K; i++)\n'}
[4.280632] (iit_commons) StderrLine: {'line': b'      |                     \x1b[01;35m\x1b[K~~^~~~~~~~~~\x1b[m\x1b[K\n'}
[4.281939] (iit_commons) StderrLine: {'line': b'\x1b[01m\x1b[K/root/muse_ws/muse_ros2/muse_ws/src/iit_commons/include/iit_commons/commons/planning/planning.h:213:23:\x1b[m\x1b[K \x1b[01;35m\x1b[Kwarning: \x1b[m\x1b[Kcomparison of integer expressions of different signedness: \xe2\x80\x98\x1b[01m\x1b[Kint\x1b[m\x1b[K\xe2\x80\x99 and \xe2\x80\x98\x1b[01m\x1b[Kstd::vector<Eigen::Matrix<double, 3, 1> >::size_type\x1b[m\x1b[K\xe2\x80\x99 {aka \xe2\x80\x98\x1b[01m\x1b[Klong unsigned int\x1b[m\x1b[K\xe2\x80\x99} [\x1b[01;35m\x1b[K-Wsign-compare\x1b[m\x1b[K]\n'}
[4.282211] (iit_commons) StderrLine: {'line': b'  213 |     for (int i = 1; \x1b[01;35m\x1b[Ki < p.size() - 1\x1b[m\x1b[K; i++) {\n'}
[4.282299] (iit_commons) StderrLine: {'line': b'      |                     \x1b[01;35m\x1b[K~~^~~~~~~~~~~~~~\x1b[m\x1b[K\n'}
[4.282381] (iit_commons) StderrLine: {'line': b'\x1b[01m\x1b[K/root/muse_ws/muse_ros2/muse_ws/src/iit_commons/include/iit_commons/commons/planning/planning.h:214:31:\x1b[m\x1b[K \x1b[01;35m\x1b[Kwarning: \x1b[m\x1b[Kcomparison of integer expressions of different signedness: \xe2\x80\x98\x1b[01m\x1b[Kint\x1b[m\x1b[K\xe2\x80\x99 and \xe2\x80\x98\x1b[01m\x1b[Kstd::vector<Eigen::Matrix<double, 3, 1> >::size_type\x1b[m\x1b[K\xe2\x80\x99 {aka \xe2\x80\x98\x1b[01m\x1b[Klong unsigned int\x1b[m\x1b[K\xe2\x80\x99} [\x1b[01;35m\x1b[K-Wsign-compare\x1b[m\x1b[K]\n'}
[4.282466] (iit_commons) StderrLine: {'line': b'  214 |         for (int j = i + 1; \x1b[01;35m\x1b[Kj < p.size()\x1b[m\x1b[K; j++) {\n'}
[4.282528] (iit_commons) StderrLine: {'line': b'      |                             \x1b[01;35m\x1b[K~~^~~~~~~~~~\x1b[m\x1b[K\n'}
[4.291357] (-) TimerEvent: {}
[4.391783] (-) TimerEvent: {}
[4.492364] (-) TimerEvent: {}
[4.592886] (-) TimerEvent: {}
[4.693535] (-) TimerEvent: {}
[4.794194] (-) TimerEvent: {}
[4.894879] (-) TimerEvent: {}
[4.996777] (-) TimerEvent: {}
[5.053992] (iit_commons) StderrLine: {'line': b'\x1b[01m\x1b[K/root/muse_ws/muse_ros2/muse_ws/src/iit_commons/src/control/VirtualModel.cpp:\x1b[m\x1b[K In member function \xe2\x80\x98\x1b[01m\x1b[Kiit_commons::control::VirtualModel::Wrench iit_commons::control::VirtualModel::getFeedBackWrench(const PointState&, const PointState&, const PointState&, const PointState&, const double&, const Wrench&)\x1b[m\x1b[K\xe2\x80\x99:\n'}
[5.054354] (iit_commons) StderrLine: {'line': b'\x1b[01m\x1b[K/root/muse_ws/muse_ros2/muse_ws/src/iit_commons/src/control/VirtualModel.cpp:86:26:\x1b[m\x1b[K \x1b[01;31m\x1b[Kerror: \x1b[m\x1b[K\xe2\x80\x98\x1b[01m\x1b[Kcommons\x1b[m\x1b[K\xe2\x80\x99 has not been declared\n'}
[5.054466] (iit_commons) StderrLine: {'line': b'   86 |     Eigen::Matrix3d  R = \x1b[01;31m\x1b[Kcommons\x1b[m\x1b[K::rpyToRot(actual_ang_state.x);\n'}
[5.054566] (iit_commons) StderrLine: {'line': b'      |                          \x1b[01;31m\x1b[K^~~~~~~\x1b[m\x1b[K\n'}
[5.097276] (-) TimerEvent: {}
[5.197853] (-) TimerEvent: {}
[5.298881] (-) TimerEvent: {}
[5.400671] (iit_commons) StderrLine: {'line': b'\x1b[01m\x1b[K/root/muse_ws/muse_ros2/muse_ws/src/iit_commons/src/control/VirtualModel.cpp:118:30:\x1b[m\x1b[K \x1b[01;31m\x1b[Kerror: \x1b[m\x1b[K\xe2\x80\x98\x1b[01m\x1b[Kcommons\x1b[m\x1b[K\xe2\x80\x99 has not been declared\n'}
[5.401038] (-) TimerEvent: {}
[5.401195] (iit_commons) StderrLine: {'line': b'  118 |     Eigen::Matrix3d Jomega = \x1b[01;31m\x1b[Kcommons\x1b[m\x1b[K::rpyToEar(des_ang_state.x);\n'}
[5.401289] (iit_commons) StderrLine: {'line': b'      |                              \x1b[01;31m\x1b[K^~~~~~~\x1b[m\x1b[K\n'}
[5.401366] (iit_commons) StderrLine: {'line': b'\x1b[01m\x1b[K/root/muse_ws/muse_ros2/muse_ws/src/iit_commons/src/control/VirtualModel.cpp:123:14:\x1b[m\x1b[K \x1b[01;31m\x1b[Kerror: \x1b[m\x1b[K\xe2\x80\x98\x1b[01m\x1b[Kcommons\x1b[m\x1b[K\xe2\x80\x99 has not been declared\n'}
[5.401469] (iit_commons) StderrLine: {'line': b'  123 |              \x1b[01;31m\x1b[Kcommons\x1b[m\x1b[K::computeOrientError(des_ang_state.x, actual_ang_state.x) +\n'}
[5.401587] (iit_commons) StderrLine: {'line': b'      |              \x1b[01;31m\x1b[K^~~~~~~\x1b[m\x1b[K\n'}
[5.466086] (iit_commons) StderrLine: {'line': b'\x1b[01m\x1b[K/root/muse_ws/muse_ros2/muse_ws/src/iit_commons/src/control/VirtualModel.cpp:80:69:\x1b[m\x1b[K \x1b[01;35m\x1b[Kwarning: \x1b[m\x1b[Kunused parameter \xe2\x80\x98\x1b[01m\x1b[Krobot_mass\x1b[m\x1b[K\xe2\x80\x99 [\x1b[01;35m\x1b[K-Wunused-parameter\x1b[m\x1b[K]\n'}
[5.466357] (iit_commons) StderrLine: {'line': b'   80 |                                                      \x1b[01;35m\x1b[Kconst double & robot_mass\x1b[m\x1b[K,\n'}
[5.466434] (iit_commons) StderrLine: {'line': b'      |                                                      \x1b[01;35m\x1b[K~~~~~~~~~~~~~~~^~~~~~~~~~\x1b[m\x1b[K\n'}
[5.467830] (iit_commons) StderrLine: {'line': b'\x1b[01m\x1b[K/root/muse_ws/muse_ros2/muse_ws/src/iit_commons/src/control/VirtualModel.cpp:\x1b[m\x1b[K In member function \xe2\x80\x98\x1b[01m\x1b[Kiit_commons::control::VirtualModel::Wrench iit_commons::control::VirtualModel::getFeedForwardWrench(const Vector3d&, const Vector3d&, const Vector3d&, const Vector3d&, const double&, const InertiaMatrix&)\x1b[m\x1b[K\xe2\x80\x99:\n'}
[5.468001] (iit_commons) StderrLine: {'line': b'\x1b[01m\x1b[K/root/muse_ws/muse_ros2/muse_ws/src/iit_commons/src/control/VirtualModel.cpp:142:26:\x1b[m\x1b[K \x1b[01;31m\x1b[Kerror: \x1b[m\x1b[K\xe2\x80\x98\x1b[01m\x1b[Kcommons\x1b[m\x1b[K\xe2\x80\x99 has not been declared\n'}
[5.468084] (iit_commons) StderrLine: {'line': b'  142 |     Eigen::Matrix3d  R = \x1b[01;31m\x1b[Kcommons\x1b[m\x1b[K::rpyToRot(des_ang_pos);\n'}
[5.469174] (iit_commons) StderrLine: {'line': b'      |                          \x1b[01;31m\x1b[K^~~~~~~\x1b[m\x1b[K\n'}
[5.469282] (iit_commons) StderrLine: {'line': b'\x1b[01m\x1b[K/root/muse_ws/muse_ros2/muse_ws/src/iit_commons/src/control/VirtualModel.cpp:150:31:\x1b[m\x1b[K \x1b[01;31m\x1b[Kerror: \x1b[m\x1b[K\xe2\x80\x98\x1b[01m\x1b[Kcommons\x1b[m\x1b[K\xe2\x80\x99 has not been declared\n'}
[5.469354] (iit_commons) StderrLine: {'line': b'  150 |     Eigen::Matrix3d J_omega = \x1b[01;31m\x1b[Kcommons\x1b[m\x1b[K::rpyToEarInv(des_ang_pos);\n'}
[5.469419] (iit_commons) StderrLine: {'line': b'      |                               \x1b[01;31m\x1b[K^~~~~~~\x1b[m\x1b[K\n'}
[5.469482] (iit_commons) StderrLine: {'line': b'\x1b[01m\x1b[K/root/muse_ws/muse_ros2/muse_ws/src/iit_commons/src/control/VirtualModel.cpp:152:35:\x1b[m\x1b[K \x1b[01;31m\x1b[Kerror: \x1b[m\x1b[K\xe2\x80\x98\x1b[01m\x1b[Kcommons\x1b[m\x1b[K\xe2\x80\x99 has not been declared\n'}
[5.469544] (iit_commons) StderrLine: {'line': b'  152 |     Eigen::Matrix3d J_omega_dot = \x1b[01;31m\x1b[Kcommons\x1b[m\x1b[K::rpyToEarInv_dot(des_ang_pos, des_euler_rate);\n'}
[5.469608] (iit_commons) StderrLine: {'line': b'      |                                   \x1b[01;31m\x1b[K^~~~~~~\x1b[m\x1b[K\n'}
[5.501197] (-) TimerEvent: {}
[5.608806] (-) TimerEvent: {}
[5.709347] (-) TimerEvent: {}
[5.809796] (-) TimerEvent: {}
[5.910232] (-) TimerEvent: {}
[6.012026] (-) TimerEvent: {}
[6.112826] (-) TimerEvent: {}
[6.213312] (-) TimerEvent: {}
[6.318639] (-) TimerEvent: {}
[6.419429] (-) TimerEvent: {}
[6.520417] (-) TimerEvent: {}
[6.624033] (-) TimerEvent: {}
[6.724601] (-) TimerEvent: {}
[6.828086] (-) TimerEvent: {}
[6.929748] (-) TimerEvent: {}
[7.030335] (-) TimerEvent: {}
[7.130774] (-) TimerEvent: {}
[7.237641] (-) TimerEvent: {}
[7.342007] (-) TimerEvent: {}
[7.447851] (-) TimerEvent: {}
[7.548478] (-) TimerEvent: {}
[7.649001] (-) TimerEvent: {}
[7.749619] (-) TimerEvent: {}
[7.850099] (-) TimerEvent: {}
[7.951531] (-) TimerEvent: {}
[8.052577] (-) TimerEvent: {}
[8.155239] (-) TimerEvent: {}
[8.255785] (-) TimerEvent: {}
[8.356356] (-) TimerEvent: {}
[8.457006] (-) TimerEvent: {}
[8.557641] (-) TimerEvent: {}
[8.658890] (-) TimerEvent: {}
[8.766303] (-) TimerEvent: {}
[8.866959] (-) TimerEvent: {}
[8.967842] (-) TimerEvent: {}
[9.068270] (-) TimerEvent: {}
[9.169832] (-) TimerEvent: {}
[9.270346] (-) TimerEvent: {}
[9.370823] (-) TimerEvent: {}
[9.472405] (-) TimerEvent: {}
[9.573047] (-) TimerEvent: {}
[9.673487] (-) TimerEvent: {}
[9.774015] (-) TimerEvent: {}
[9.876562] (-) TimerEvent: {}
[9.983793] (-) TimerEvent: {}
[10.084974] (-) TimerEvent: {}
[10.186676] (-) TimerEvent: {}
[10.288001] (-) TimerEvent: {}
[10.392642] (-) TimerEvent: {}
[10.493101] (-) TimerEvent: {}
[10.593617] (-) TimerEvent: {}
[10.694233] (-) TimerEvent: {}
[10.795913] (-) TimerEvent: {}
[10.901274] (-) TimerEvent: {}
[11.002528] (-) TimerEvent: {}
[11.107746] (-) TimerEvent: {}
[11.209214] (-) TimerEvent: {}
[11.309859] (-) TimerEvent: {}
[11.410517] (-) TimerEvent: {}
[11.521514] (-) TimerEvent: {}
[11.628626] (-) TimerEvent: {}
[11.729825] (-) TimerEvent: {}
[11.832002] (-) TimerEvent: {}
[11.935771] (-) TimerEvent: {}
[12.036306] (-) TimerEvent: {}
[12.140459] (-) TimerEvent: {}
[12.241245] (-) TimerEvent: {}
[12.341737] (-) TimerEvent: {}
[12.442268] (-) TimerEvent: {}
[12.542933] (-) TimerEvent: {}
[12.645489] (-) TimerEvent: {}
[12.746022] (-) TimerEvent: {}
[12.847388] (-) TimerEvent: {}
[12.950562] (-) TimerEvent: {}
[13.052324] (-) TimerEvent: {}
[13.153306] (-) TimerEvent: {}
[13.255771] (-) TimerEvent: {}
[13.357737] (-) TimerEvent: {}
[13.459368] (-) TimerEvent: {}
[13.560084] (-) TimerEvent: {}
[13.660640] (-) TimerEvent: {}
[13.761156] (-) TimerEvent: {}
[13.862180] (-) TimerEvent: {}
[13.962624] (-) TimerEvent: {}
[14.063492] (-) TimerEvent: {}
[14.164100] (-) TimerEvent: {}
[14.267806] (-) TimerEvent: {}
[14.371768] (-) TimerEvent: {}
[14.475794] (-) TimerEvent: {}
[14.579254] (-) TimerEvent: {}
[14.679786] (-) TimerEvent: {}
[14.786384] (-) TimerEvent: {}
[14.886886] (-) TimerEvent: {}
[14.987383] (-) TimerEvent: {}
[15.087843] (-) TimerEvent: {}
[15.191772] (-) TimerEvent: {}
[15.292409] (-) TimerEvent: {}
[15.395768] (-) TimerEvent: {}
[15.497070] (-) TimerEvent: {}
[15.599733] (-) TimerEvent: {}
[15.701956] (-) TimerEvent: {}
[15.806347] (-) TimerEvent: {}
[15.906922] (-) TimerEvent: {}
[16.007431] (-) TimerEvent: {}
[16.113049] (-) TimerEvent: {}
[16.216974] (-) TimerEvent: {}
[16.317560] (-) TimerEvent: {}
[16.418094] (-) TimerEvent: {}
[16.518587] (-) TimerEvent: {}
[16.619095] (-) TimerEvent: {}
[16.719547] (-) TimerEvent: {}
[16.820099] (-) TimerEvent: {}
[16.922784] (-) TimerEvent: {}
[17.027797] (-) TimerEvent: {}
[17.128310] (-) TimerEvent: {}
[17.228817] (-) TimerEvent: {}
[17.332586] (-) TimerEvent: {}
[17.433124] (-) TimerEvent: {}
[17.533598] (-) TimerEvent: {}
[17.634109] (-) TimerEvent: {}
[17.734615] (-) TimerEvent: {}
[17.839890] (-) TimerEvent: {}
[17.940412] (-) TimerEvent: {}
[18.041960] (-) TimerEvent: {}
[18.142815] (-) TimerEvent: {}
[18.245496] (-) TimerEvent: {}
[18.346070] (-) TimerEvent: {}
[18.447749] (-) TimerEvent: {}
[18.548320] (-) TimerEvent: {}
[18.651567] (-) TimerEvent: {}
[18.752055] (-) TimerEvent: {}
[18.855876] (-) TimerEvent: {}
[18.959860] (-) TimerEvent: {}
[19.060621] (-) TimerEvent: {}
[19.161212] (-) TimerEvent: {}
[19.261879] (-) TimerEvent: {}
[19.362453] (-) TimerEvent: {}
[19.462984] (-) TimerEvent: {}
[19.563422] (-) TimerEvent: {}
[19.663958] (-) TimerEvent: {}
[19.770723] (-) TimerEvent: {}
[19.871351] (-) TimerEvent: {}
[19.976543] (-) TimerEvent: {}
[20.077736] (-) TimerEvent: {}
[20.179781] (-) TimerEvent: {}
[20.280296] (-) TimerEvent: {}
[20.380849] (-) TimerEvent: {}
[20.482052] (-) TimerEvent: {}
[20.582772] (-) TimerEvent: {}
[20.686214] (-) TimerEvent: {}
[20.787773] (-) TimerEvent: {}
[20.888418] (-) TimerEvent: {}
[20.989006] (-) TimerEvent: {}
[21.089596] (-) TimerEvent: {}
[21.195803] (-) TimerEvent: {}
[21.296381] (-) TimerEvent: {}
[21.396971] (-) TimerEvent: {}
[21.504049] (-) TimerEvent: {}
[21.610315] (-) TimerEvent: {}
[21.711150] (-) TimerEvent: {}
[21.815900] (-) TimerEvent: {}
[21.916464] (-) TimerEvent: {}
[22.026561] (-) TimerEvent: {}
[22.127093] (-) TimerEvent: {}
[22.227599] (-) TimerEvent: {}
[22.335502] (-) TimerEvent: {}
[22.437016] (-) TimerEvent: {}
[22.539846] (-) TimerEvent: {}
[22.640926] (-) TimerEvent: {}
[22.742636] (-) TimerEvent: {}
[22.843329] (-) TimerEvent: {}
[22.944279] (-) TimerEvent: {}
[23.044854] (-) TimerEvent: {}
[23.145579] (-) TimerEvent: {}
[23.246062] (-) TimerEvent: {}
[23.346607] (-) TimerEvent: {}
[23.449215] (-) TimerEvent: {}
[23.551019] (-) TimerEvent: {}
[23.651475] (-) TimerEvent: {}
[23.752128] (-) TimerEvent: {}
[23.852621] (-) TimerEvent: {}
[23.959749] (-) TimerEvent: {}
[24.060301] (-) TimerEvent: {}
[24.163777] (-) TimerEvent: {}
[24.275784] (-) TimerEvent: {}
[24.376377] (-) TimerEvent: {}
[24.484135] (-) TimerEvent: {}
[24.585453] (-) TimerEvent: {}
[24.691746] (-) TimerEvent: {}
[24.792300] (-) TimerEvent: {}
[24.892938] (-) TimerEvent: {}
[24.993681] (-) TimerEvent: {}
[25.094200] (-) TimerEvent: {}
[25.200692] (-) TimerEvent: {}
[25.301363] (-) TimerEvent: {}
[25.403784] (-) TimerEvent: {}
[25.504311] (-) TimerEvent: {}
[25.605290] (-) TimerEvent: {}
[25.707793] (-) TimerEvent: {}
[25.808314] (-) TimerEvent: {}
[25.908775] (-) TimerEvent: {}
[26.009266] (-) TimerEvent: {}
[26.109736] (-) TimerEvent: {}
[26.211373] (-) TimerEvent: {}
[26.311844] (-) TimerEvent: {}
[26.412940] (-) TimerEvent: {}
[26.513540] (-) TimerEvent: {}
[26.614040] (-) TimerEvent: {}
[26.714546] (-) TimerEvent: {}
[26.815000] (-) TimerEvent: {}
[26.915499] (-) TimerEvent: {}
[27.016177] (-) TimerEvent: {}
[27.119747] (-) TimerEvent: {}
[27.220165] (-) TimerEvent: {}
[27.323807] (-) TimerEvent: {}
[27.424307] (-) TimerEvent: {}
[27.527512] (-) TimerEvent: {}
[27.629431] (-) TimerEvent: {}
[27.730972] (-) TimerEvent: {}
[27.834768] (-) TimerEvent: {}
[27.937030] (-) TimerEvent: {}
[28.037656] (-) TimerEvent: {}
[28.138648] (-) TimerEvent: {}
[28.239569] (-) TimerEvent: {}
[28.344515] (-) TimerEvent: {}
[28.445093] (-) TimerEvent: {}
[28.545572] (-) TimerEvent: {}
[28.648021] (-) TimerEvent: {}
[28.748564] (-) TimerEvent: {}
[28.849070] (-) TimerEvent: {}
[28.950577] (-) TimerEvent: {}
[29.051415] (-) TimerEvent: {}
[29.153155] (-) TimerEvent: {}
[29.253673] (-) TimerEvent: {}
[29.354038] (-) TimerEvent: {}
[29.455760] (-) TimerEvent: {}
[29.557427] (-) TimerEvent: {}
[29.658019] (-) TimerEvent: {}
[29.759445] (-) TimerEvent: {}
[29.860248] (-) TimerEvent: {}
[29.960808] (-) TimerEvent: {}
[30.061377] (-) TimerEvent: {}
[30.162908] (-) TimerEvent: {}
[30.263810] (-) TimerEvent: {}
[30.364352] (-) TimerEvent: {}
[30.468379] (-) TimerEvent: {}
[30.570755] (-) TimerEvent: {}
[30.675264] (-) TimerEvent: {}
[30.775866] (-) TimerEvent: {}
[30.879857] (-) TimerEvent: {}
[30.984745] (-) TimerEvent: {}
[31.085291] (-) TimerEvent: {}
[31.186762] (-) TimerEvent: {}
[31.287524] (-) TimerEvent: {}
[31.388135] (-) TimerEvent: {}
[31.488769] (-) TimerEvent: {}
[31.591137] (-) TimerEvent: {}
[31.691770] (-) TimerEvent: {}
[31.800111] (-) TimerEvent: {}
[31.900668] (-) TimerEvent: {}
[32.001208] (-) TimerEvent: {}
[32.101844] (-) TimerEvent: {}
[32.202446] (-) TimerEvent: {}
[32.303024] (-) TimerEvent: {}
[32.403595] (-) TimerEvent: {}
[32.504494] (-) TimerEvent: {}
[32.605771] (-) TimerEvent: {}
[32.706299] (-) TimerEvent: {}
[32.808088] (-) TimerEvent: {}
[32.913879] (-) TimerEvent: {}
[33.014599] (-) TimerEvent: {}
[33.115241] (-) TimerEvent: {}
[33.215795] (-) TimerEvent: {}
[33.319762] (-) TimerEvent: {}
[33.420172] (-) TimerEvent: {}
[33.520718] (-) TimerEvent: {}
[33.623776] (-) TimerEvent: {}
[33.724304] (-) TimerEvent: {}
[33.825818] (-) TimerEvent: {}
[33.933947] (-) TimerEvent: {}
[34.034741] (-) TimerEvent: {}
[34.139869] (-) TimerEvent: {}
[34.241167] (-) TimerEvent: {}
[34.342016] (-) TimerEvent: {}
[34.443439] (-) TimerEvent: {}
[34.544461] (-) TimerEvent: {}
[34.645033] (-) TimerEvent: {}
[34.745573] (-) TimerEvent: {}
[34.850174] (-) TimerEvent: {}
[34.955809] (-) TimerEvent: {}
[35.056597] (-) TimerEvent: {}
[35.157284] (-) TimerEvent: {}
[35.258049] (-) TimerEvent: {}
[35.358576] (-) TimerEvent: {}
[35.459497] (-) TimerEvent: {}
[35.524042] (iit_commons) StderrLine: {'line': b'In file included from \x1b[01m\x1b[K/root/muse_ws/muse_ros2/muse_ws/src/iit_commons/include/iit_commons/commons/control/VirtualModel.hpp:7\x1b[m\x1b[K,\n'}
[35.524423] (iit_commons) StderrLine: {'line': b'                 from \x1b[01m\x1b[K/root/muse_ws/muse_ros2/muse_ws/src/iit_commons/src/control/VirtualModel.cpp:1\x1b[m\x1b[K:\n'}
[35.524556] (iit_commons) StderrLine: {'line': b'\x1b[01m\x1b[K/root/muse_ws/muse_ros2/muse_ws/src/iit_commons/include/iit_commons/commons/planning/planning.h:\x1b[m\x1b[K At global scope:\n'}
[35.524685] (iit_commons) StderrLine: {'line': b'\x1b[01m\x1b[K/root/muse_ws/muse_ros2/muse_ws/src/iit_commons/include/iit_commons/commons/planning/planning.h:207:13:\x1b[m\x1b[K \x1b[01;35m\x1b[Kwarning: \x1b[m\x1b[K\xe2\x80\x98\x1b[01m\x1b[Kvoid iit::planning::CounterClockwiseSort(std::vector<Eigen::Matrix<double, 3, 1> >&, std::vector<int>&)\x1b[m\x1b[K\xe2\x80\x99 defined but not used [\x1b[01;35m\x1b[K-Wunused-function\x1b[m\x1b[K]\n'}
[35.524781] (iit_commons) StderrLine: {'line': b'  207 | static void \x1b[01;35m\x1b[KCounterClockwiseSort\x1b[m\x1b[K(std::vector<Eigen::Vector3d>& p, std::vector<int> & index_map)\n'}
[35.524856] (iit_commons) StderrLine: {'line': b'      |             \x1b[01;35m\x1b[K^~~~~~~~~~~~~~~~~~~~\x1b[m\x1b[K\n'}
[35.524927] (iit_commons) StderrLine: {'line': b'\x1b[01m\x1b[K/root/muse_ws/muse_ros2/muse_ws/src/iit_commons/include/iit_commons/commons/planning/planning.h:158:13:\x1b[m\x1b[K \x1b[01;35m\x1b[Kwarning: \x1b[m\x1b[K\xe2\x80\x98\x1b[01m\x1b[Kvoid iit::planning::ClockwiseSort(std::vector<Eigen::Matrix<double, 3, 1> >&)\x1b[m\x1b[K\xe2\x80\x99 defined but not used [\x1b[01;35m\x1b[K-Wunused-function\x1b[m\x1b[K]\n'}
[35.525001] (iit_commons) StderrLine: {'line': b'  158 | static void \x1b[01;35m\x1b[KClockwiseSort\x1b[m\x1b[K(std::vector<Eigen::Vector3d>& p)\n'}
[35.525072] (iit_commons) StderrLine: {'line': b'      |             \x1b[01;35m\x1b[K^~~~~~~~~~~~~\x1b[m\x1b[K\n'}
[35.559710] (-) TimerEvent: {}
[35.660177] (-) TimerEvent: {}
[35.706295] (iit_commons) StderrLine: {'line': b'gmake[2]: *** [CMakeFiles/iitcommons.dir/build.make:104: CMakeFiles/iitcommons.dir/src/control/VirtualModel.cpp.o] Error 1\n'}
[35.706952] (iit_commons) StderrLine: {'line': b'gmake[1]: *** [CMakeFiles/Makefile2:167: CMakeFiles/iitcommons.dir/all] Error 2\n'}
[35.707579] (iit_commons) StderrLine: {'line': b'gmake: *** [Makefile:146: all] Error 2\n'}
[35.712531] (iit_commons) CommandEnded: {'returncode': 2}
[35.718826] (iit_commons) JobEnded: {'identifier': 'iit_commons', 'rc': 2}
[35.733809] (-) EventReactorShutdown: {}
