-- The C compiler identification is GNU 11.4.0
-- The CXX compiler identification is GNU 11.4.0
-- Detecting C compiler ABI info
-- Detecting C compiler ABI info - done
-- Check for working C compiler: /usr/bin/cc - skipped
-- Detecting C compile features
-- Detecting C compile features - done
-- Detecting CXX compiler ABI info
-- Detecting CXX compiler ABI info - done
-- Check for working CXX compiler: /usr/bin/c++ - skipped
-- Detecting CXX compile features
-- Detecting CXX compile features - done
-- Found ament_cmake: 1.3.12 (/opt/ros/humble/share/ament_cmake/cmake)
-- Found Python3: /usr/bin/python3 (found version "3.10.12") found components: Interpreter 
-- Found geometry_msgs: 4.9.0 (/opt/ros/humble/share/geometry_msgs/cmake)
-- Found rosidl_generator_c: 3.1.7 (/opt/ros/humble/share/rosidl_generator_c/cmake)
-- Found rosidl_adapter: 3.1.7 (/opt/ros/humble/share/rosidl_adapter/cmake)
-- Found rosidl_generator_cpp: 3.1.7 (/opt/ros/humble/share/rosidl_generator_cpp/cmake)
-- Using all available rosidl_typesupport_c: rosidl_typesupport_fastrtps_c;rosidl_typesupport_introspection_c
-- Using all available rosidl_typesupport_cpp: rosidl_typesupport_fastrtps_cpp;rosidl_typesupport_introspection_cpp
-- Found sensor_msgs: 4.9.0 (/opt/ros/humble/share/sensor_msgs/cmake)
-- Found rosidl_default_generators: 1.2.0 (/opt/ros/humble/share/rosidl_default_generators/cmake)
-- Found ament_cmake_ros: 0.10.0 (/opt/ros/humble/share/ament_cmake_ros/cmake)
-- Using all available rosidl_typesupport_c: rosidl_typesupport_fastrtps_c;rosidl_typesupport_introspection_c
-- Using all available rosidl_typesupport_cpp: rosidl_typesupport_fastrtps_cpp;rosidl_typesupport_introspection_cpp
-- Found PythonInterp: /usr/bin/python3 (found suitable version "3.10.12", minimum required is "3.6") 
-- Found python_cmake_module: 0.10.0 (/opt/ros/humble/share/python_cmake_module/cmake)
-- Found PythonLibs: /usr/lib/x86_64-linux-gnu/libpython3.10.so (found suitable version "3.10.12", minimum required is "3.5") 
-- Using PYTHON_EXECUTABLE: /usr/bin/python3
-- Using PYTHON_INCLUDE_DIRS: /usr/include/python3.10
-- Using PYTHON_LIBRARIES: /usr/lib/x86_64-linux-gnu/libpython3.10.so
-- Found PythonExtra: .so  
-- Configuring done
-- Generating done
-- Build files have been written to: /home/go2/go2_ws/src/muse/muse_ros2/muse_ws/build/state_estimator_msgs
[  0%] [34m[1mGenerating C code for ROS interfaces[0m
[  0%] [34m[1mGenerating C++ code for ROS interfaces[0m
[  0%] Built target ament_cmake_python_copy_state_estimator_msgs
running egg_info
creating state_estimator_msgs.egg-info
writing state_estimator_msgs.egg-info/PKG-INFO
writing dependency_links to state_estimator_msgs.egg-info/dependency_links.txt
writing top-level names to state_estimator_msgs.egg-info/top_level.txt
writing manifest file 'state_estimator_msgs.egg-info/SOURCES.txt'
reading manifest file 'state_estimator_msgs.egg-info/SOURCES.txt'
writing manifest file 'state_estimator_msgs.egg-info/SOURCES.txt'
[  0%] Built target ament_cmake_python_build_state_estimator_msgs_egg
[  1%] [32mBuilding C object CMakeFiles/state_estimator_msgs__rosidl_generator_c.dir/rosidl_generator_c/state_estimator_msgs/msg/detail/attitude__functions.c.o[0m
[  2%] [32mBuilding C object CMakeFiles/state_estimator_msgs__rosidl_generator_c.dir/rosidl_generator_c/state_estimator_msgs/msg/detail/contact_detection__functions.c.o[0m
[  2%] [32mBuilding C object CMakeFiles/state_estimator_msgs__rosidl_generator_c.dir/rosidl_generator_c/state_estimator_msgs/msg/detail/leg_odometry__functions.c.o[0m
[  3%] [32mBuilding C object CMakeFiles/state_estimator_msgs__rosidl_generator_c.dir/rosidl_generator_c/state_estimator_msgs/msg/detail/sensor_fusion__functions.c.o[0m
[  4%] [32mBuilding C object CMakeFiles/state_estimator_msgs__rosidl_generator_c.dir/rosidl_generator_c/state_estimator_msgs/msg/detail/joint_state_with_acceleration__functions.c.o[0m
[  5%] [32mBuilding C object CMakeFiles/state_estimator_msgs__rosidl_generator_c.dir/rosidl_generator_c/state_estimator_msgs/srv/detail/get_blacklist__functions.c.o[0m
[  5%] [32mBuilding C object CMakeFiles/state_estimator_msgs__rosidl_generator_c.dir/rosidl_generator_c/state_estimator_msgs/srv/detail/get_active_estimators__functions.c.o[0m
[  6%] [32mBuilding C object CMakeFiles/state_estimator_msgs__rosidl_generator_c.dir/rosidl_generator_c/state_estimator_msgs/srv/detail/get_estimator_description__functions.c.o[0m
[  6%] Built target state_estimator_msgs__cpp
[  6%] [32mBuilding C object CMakeFiles/state_estimator_msgs__rosidl_generator_c.dir/rosidl_generator_c/state_estimator_msgs/srv/detail/get_whitelist__functions.c.o[0m
[  7%] [34m[1mGenerating C++ type support dispatch for ROS interfaces[0m
[  8%] [32mBuilding C object CMakeFiles/state_estimator_msgs__rosidl_generator_c.dir/rosidl_generator_c/state_estimator_msgs/srv/detail/list_all_estimators__functions.c.o[0m
[  9%] [34m[1mGenerating C++ type support for eProsima Fast-RTPS[0m
[ 10%] [32mBuilding C object CMakeFiles/state_estimator_msgs__rosidl_generator_c.dir/rosidl_generator_c/state_estimator_msgs/srv/detail/pause_estimator__functions.c.o[0m
[ 10%] [32mBuilding C object CMakeFiles/state_estimator_msgs__rosidl_generator_c.dir/rosidl_generator_c/state_estimator_msgs/srv/detail/reset_estimator__functions.c.o[0m
[ 10%] [34m[1mGenerating C++ introspection for ROS interfaces[0m
[ 10%] [32mBuilding C object CMakeFiles/state_estimator_msgs__rosidl_generator_c.dir/rosidl_generator_c/state_estimator_msgs/srv/detail/start_estimator__functions.c.o[0m
[ 11%] [32mBuilding C object CMakeFiles/state_estimator_msgs__rosidl_generator_c.dir/rosidl_generator_c/state_estimator_msgs/srv/detail/restart_estimator__functions.c.o[0m
[ 12%] [32mBuilding C object CMakeFiles/state_estimator_msgs__rosidl_generator_c.dir/rosidl_generator_c/state_estimator_msgs/srv/detail/resume_estimator__functions.c.o[0m
[ 13%] [32mBuilding C object CMakeFiles/state_estimator_msgs__rosidl_generator_c.dir/rosidl_generator_c/state_estimator_msgs/srv/detail/stop_estimator__functions.c.o[0m
[ 14%] [32m[1mLinking C shared library libstate_estimator_msgs__rosidl_generator_c.so[0m
[ 14%] Built target state_estimator_msgs__rosidl_generator_c
[ 16%] [34m[1mGenerating C introspection for ROS interfaces[0m
[ 16%] [34m[1mGenerating C type support for eProsima Fast-RTPS[0m
[ 17%] [34m[1mGenerating C type support dispatch for ROS interfaces[0m
[ 18%] [32mBuilding CXX object CMakeFiles/state_estimator_msgs__rosidl_typesupport_cpp.dir/rosidl_typesupport_cpp/state_estimator_msgs/msg/attitude__type_support.cpp.o[0m
[ 18%] [32mBuilding CXX object CMakeFiles/state_estimator_msgs__rosidl_typesupport_cpp.dir/rosidl_typesupport_cpp/state_estimator_msgs/msg/contact_detection__type_support.cpp.o[0m
[ 19%] [32mBuilding CXX object CMakeFiles/state_estimator_msgs__rosidl_typesupport_cpp.dir/rosidl_typesupport_cpp/state_estimator_msgs/msg/leg_odometry__type_support.cpp.o[0m
[ 19%] [32mBuilding CXX object CMakeFiles/state_estimator_msgs__rosidl_typesupport_cpp.dir/rosidl_typesupport_cpp/state_estimator_msgs/msg/joint_state_with_acceleration__type_support.cpp.o[0m
[ 20%] [32mBuilding CXX object CMakeFiles/state_estimator_msgs__rosidl_typesupport_cpp.dir/rosidl_typesupport_cpp/state_estimator_msgs/msg/sensor_fusion__type_support.cpp.o[0m
[ 21%] [32mBuilding CXX object CMakeFiles/state_estimator_msgs__rosidl_typesupport_cpp.dir/rosidl_typesupport_cpp/state_estimator_msgs/srv/get_active_estimators__type_support.cpp.o[0m
[ 22%] [32mBuilding CXX object CMakeFiles/state_estimator_msgs__rosidl_typesupport_cpp.dir/rosidl_typesupport_cpp/state_estimator_msgs/srv/get_blacklist__type_support.cpp.o[0m
[ 23%] [32mBuilding CXX object CMakeFiles/state_estimator_msgs__rosidl_typesupport_cpp.dir/rosidl_typesupport_cpp/state_estimator_msgs/srv/get_whitelist__type_support.cpp.o[0m
[ 23%] [32mBuilding CXX object CMakeFiles/state_estimator_msgs__rosidl_typesupport_cpp.dir/rosidl_typesupport_cpp/state_estimator_msgs/srv/get_estimator_description__type_support.cpp.o[0m
[ 23%] [32mBuilding CXX object CMakeFiles/state_estimator_msgs__rosidl_typesupport_c.dir/rosidl_typesupport_c/state_estimator_msgs/msg/attitude__type_support.cpp.o[0m
[ 24%] [32mBuilding CXX object CMakeFiles/state_estimator_msgs__rosidl_typesupport_c.dir/rosidl_typesupport_c/state_estimator_msgs/msg/contact_detection__type_support.cpp.o[0m
[ 25%] [32mBuilding CXX object CMakeFiles/state_estimator_msgs__rosidl_typesupport_cpp.dir/rosidl_typesupport_cpp/state_estimator_msgs/srv/list_all_estimators__type_support.cpp.o[0m
[ 26%] [32mBuilding CXX object CMakeFiles/state_estimator_msgs__rosidl_typesupport_c.dir/rosidl_typesupport_c/state_estimator_msgs/msg/leg_odometry__type_support.cpp.o[0m
[ 26%] [32mBuilding CXX object CMakeFiles/state_estimator_msgs__rosidl_typesupport_c.dir/rosidl_typesupport_c/state_estimator_msgs/msg/sensor_fusion__type_support.cpp.o[0m
[ 27%] [32mBuilding CXX object CMakeFiles/state_estimator_msgs__rosidl_typesupport_c.dir/rosidl_typesupport_c/state_estimator_msgs/msg/joint_state_with_acceleration__type_support.cpp.o[0m
[ 27%] [32mBuilding CXX object CMakeFiles/state_estimator_msgs__rosidl_typesupport_cpp.dir/rosidl_typesupport_cpp/state_estimator_msgs/srv/pause_estimator__type_support.cpp.o[0m
[ 28%] [32mBuilding CXX object CMakeFiles/state_estimator_msgs__rosidl_typesupport_cpp.dir/rosidl_typesupport_cpp/state_estimator_msgs/srv/reset_estimator__type_support.cpp.o[0m
[ 29%] [32mBuilding CXX object CMakeFiles/state_estimator_msgs__rosidl_typesupport_cpp.dir/rosidl_typesupport_cpp/state_estimator_msgs/srv/restart_estimator__type_support.cpp.o[0m
[ 30%] [32mBuilding CXX object CMakeFiles/state_estimator_msgs__rosidl_typesupport_c.dir/rosidl_typesupport_c/state_estimator_msgs/srv/get_active_estimators__type_support.cpp.o[0m
[ 30%] [32mBuilding CXX object CMakeFiles/state_estimator_msgs__rosidl_typesupport_cpp.dir/rosidl_typesupport_cpp/state_estimator_msgs/srv/resume_estimator__type_support.cpp.o[0m
[ 30%] [32mBuilding CXX object CMakeFiles/state_estimator_msgs__rosidl_typesupport_c.dir/rosidl_typesupport_c/state_estimator_msgs/srv/get_blacklist__type_support.cpp.o[0m
[ 31%] [32mBuilding CXX object CMakeFiles/state_estimator_msgs__rosidl_typesupport_c.dir/rosidl_typesupport_c/state_estimator_msgs/srv/get_estimator_description__type_support.cpp.o[0m
[ 32%] [32mBuilding CXX object CMakeFiles/state_estimator_msgs__rosidl_typesupport_c.dir/rosidl_typesupport_c/state_estimator_msgs/srv/get_whitelist__type_support.cpp.o[0m
[ 32%] [32mBuilding CXX object CMakeFiles/state_estimator_msgs__rosidl_typesupport_c.dir/rosidl_typesupport_c/state_estimator_msgs/srv/list_all_estimators__type_support.cpp.o[0m
[ 33%] [32mBuilding CXX object CMakeFiles/state_estimator_msgs__rosidl_typesupport_c.dir/rosidl_typesupport_c/state_estimator_msgs/srv/pause_estimator__type_support.cpp.o[0m
[ 34%] [32mBuilding CXX object CMakeFiles/state_estimator_msgs__rosidl_typesupport_cpp.dir/rosidl_typesupport_cpp/state_estimator_msgs/srv/start_estimator__type_support.cpp.o[0m
[ 35%] [32mBuilding CXX object CMakeFiles/state_estimator_msgs__rosidl_typesupport_cpp.dir/rosidl_typesupport_cpp/state_estimator_msgs/srv/stop_estimator__type_support.cpp.o[0m
[ 36%] [32mBuilding CXX object CMakeFiles/state_estimator_msgs__rosidl_typesupport_introspection_cpp.dir/rosidl_typesupport_introspection_cpp/state_estimator_msgs/msg/detail/attitude__type_support.cpp.o[0m
[ 37%] [32mBuilding CXX object CMakeFiles/state_estimator_msgs__rosidl_typesupport_c.dir/rosidl_typesupport_c/state_estimator_msgs/srv/reset_estimator__type_support.cpp.o[0m
[ 37%] [32mBuilding CXX object CMakeFiles/state_estimator_msgs__rosidl_typesupport_c.dir/rosidl_typesupport_c/state_estimator_msgs/srv/restart_estimator__type_support.cpp.o[0m
[ 38%] [32mBuilding CXX object CMakeFiles/state_estimator_msgs__rosidl_typesupport_introspection_cpp.dir/rosidl_typesupport_introspection_cpp/state_estimator_msgs/msg/detail/contact_detection__type_support.cpp.o[0m
[ 39%] [32mBuilding CXX object CMakeFiles/state_estimator_msgs__rosidl_typesupport_c.dir/rosidl_typesupport_c/state_estimator_msgs/srv/resume_estimator__type_support.cpp.o[0m
[ 40%] [32mBuilding CXX object CMakeFiles/state_estimator_msgs__rosidl_typesupport_fastrtps_cpp.dir/rosidl_typesupport_fastrtps_cpp/state_estimator_msgs/msg/detail/dds_fastrtps/attitude__type_support.cpp.o[0m
[ 40%] [32mBuilding CXX object CMakeFiles/state_estimator_msgs__rosidl_typesupport_introspection_cpp.dir/rosidl_typesupport_introspection_cpp/state_estimator_msgs/msg/detail/leg_odometry__type_support.cpp.o[0m
[ 41%] [32mBuilding CXX object CMakeFiles/state_estimator_msgs__rosidl_typesupport_introspection_cpp.dir/rosidl_typesupport_introspection_cpp/state_estimator_msgs/msg/detail/sensor_fusion__type_support.cpp.o[0m
[ 42%] [32mBuilding CXX object CMakeFiles/state_estimator_msgs__rosidl_typesupport_c.dir/rosidl_typesupport_c/state_estimator_msgs/srv/start_estimator__type_support.cpp.o[0m
[ 43%] [32mBuilding CXX object CMakeFiles/state_estimator_msgs__rosidl_typesupport_introspection_cpp.dir/rosidl_typesupport_introspection_cpp/state_estimator_msgs/msg/detail/joint_state_with_acceleration__type_support.cpp.o[0m
[ 43%] [32mBuilding CXX object CMakeFiles/state_estimator_msgs__rosidl_typesupport_fastrtps_cpp.dir/rosidl_typesupport_fastrtps_cpp/state_estimator_msgs/msg/detail/dds_fastrtps/contact_detection__type_support.cpp.o[0m
[ 44%] [32mBuilding C object CMakeFiles/state_estimator_msgs__rosidl_typesupport_introspection_c.dir/rosidl_typesupport_introspection_c/state_estimator_msgs/msg/detail/attitude__type_support.c.o[0m
[ 44%] [32mBuilding CXX object CMakeFiles/state_estimator_msgs__rosidl_typesupport_c.dir/rosidl_typesupport_c/state_estimator_msgs/srv/stop_estimator__type_support.cpp.o[0m
[ 44%] [32mBuilding CXX object CMakeFiles/state_estimator_msgs__rosidl_typesupport_fastrtps_c.dir/rosidl_typesupport_fastrtps_c/state_estimator_msgs/msg/detail/attitude__type_support_c.cpp.o[0m
[ 44%] [32mBuilding C object CMakeFiles/state_estimator_msgs__rosidl_typesupport_introspection_c.dir/rosidl_typesupport_introspection_c/state_estimator_msgs/msg/detail/contact_detection__type_support.c.o[0m
[ 45%] [32m[1mLinking CXX shared library libstate_estimator_msgs__rosidl_typesupport_c.so[0m
[ 46%] [32mBuilding C object CMakeFiles/state_estimator_msgs__rosidl_typesupport_introspection_c.dir/rosidl_typesupport_introspection_c/state_estimator_msgs/msg/detail/leg_odometry__type_support.c.o[0m
[ 46%] [32mBuilding CXX object CMakeFiles/state_estimator_msgs__rosidl_typesupport_introspection_cpp.dir/rosidl_typesupport_introspection_cpp/state_estimator_msgs/srv/detail/get_active_estimators__type_support.cpp.o[0m
[ 46%] [32m[1mLinking CXX shared library libstate_estimator_msgs__rosidl_typesupport_cpp.so[0m
[ 47%] [32mBuilding C object CMakeFiles/state_estimator_msgs__rosidl_typesupport_introspection_c.dir/rosidl_typesupport_introspection_c/state_estimator_msgs/msg/detail/sensor_fusion__type_support.c.o[0m
[ 47%] [32mBuilding C object CMakeFiles/state_estimator_msgs__rosidl_typesupport_introspection_c.dir/rosidl_typesupport_introspection_c/state_estimator_msgs/msg/detail/joint_state_with_acceleration__type_support.c.o[0m
[ 48%] [32mBuilding C object CMakeFiles/state_estimator_msgs__rosidl_typesupport_introspection_c.dir/rosidl_typesupport_introspection_c/state_estimator_msgs/srv/detail/get_active_estimators__type_support.c.o[0m
[ 49%] [32mBuilding CXX object CMakeFiles/state_estimator_msgs__rosidl_typesupport_fastrtps_c.dir/rosidl_typesupport_fastrtps_c/state_estimator_msgs/msg/detail/contact_detection__type_support_c.cpp.o[0m
[ 49%] Built target state_estimator_msgs__rosidl_typesupport_cpp
[ 50%] [32mBuilding C object CMakeFiles/state_estimator_msgs__rosidl_typesupport_introspection_c.dir/rosidl_typesupport_introspection_c/state_estimator_msgs/srv/detail/get_blacklist__type_support.c.o[0m
[ 50%] [32mBuilding C object CMakeFiles/state_estimator_msgs__rosidl_typesupport_introspection_c.dir/rosidl_typesupport_introspection_c/state_estimator_msgs/srv/detail/get_estimator_description__type_support.c.o[0m
[ 51%] [32mBuilding CXX object CMakeFiles/state_estimator_msgs__rosidl_typesupport_fastrtps_cpp.dir/rosidl_typesupport_fastrtps_cpp/state_estimator_msgs/msg/detail/dds_fastrtps/leg_odometry__type_support.cpp.o[0m
[ 52%] [32mBuilding CXX object CMakeFiles/state_estimator_msgs__rosidl_typesupport_introspection_cpp.dir/rosidl_typesupport_introspection_cpp/state_estimator_msgs/srv/detail/get_blacklist__type_support.cpp.o[0m
[ 53%] [32mBuilding CXX object CMakeFiles/state_estimator_msgs__rosidl_typesupport_fastrtps_cpp.dir/rosidl_typesupport_fastrtps_cpp/state_estimator_msgs/msg/detail/dds_fastrtps/sensor_fusion__type_support.cpp.o[0m
[ 53%] Built target state_estimator_msgs__rosidl_typesupport_c
[ 54%] [32mBuilding C object CMakeFiles/state_estimator_msgs__rosidl_typesupport_introspection_c.dir/rosidl_typesupport_introspection_c/state_estimator_msgs/srv/detail/get_whitelist__type_support.c.o[0m
[ 55%] [32mBuilding CXX object CMakeFiles/state_estimator_msgs__rosidl_typesupport_introspection_cpp.dir/rosidl_typesupport_introspection_cpp/state_estimator_msgs/srv/detail/get_estimator_description__type_support.cpp.o[0m
[ 56%] [32mBuilding CXX object CMakeFiles/state_estimator_msgs__rosidl_typesupport_fastrtps_c.dir/rosidl_typesupport_fastrtps_c/state_estimator_msgs/msg/detail/leg_odometry__type_support_c.cpp.o[0m
[ 56%] [32mBuilding CXX object CMakeFiles/state_estimator_msgs__rosidl_typesupport_introspection_cpp.dir/rosidl_typesupport_introspection_cpp/state_estimator_msgs/srv/detail/get_whitelist__type_support.cpp.o[0m
[ 57%] [32mBuilding CXX object CMakeFiles/state_estimator_msgs__rosidl_typesupport_introspection_cpp.dir/rosidl_typesupport_introspection_cpp/state_estimator_msgs/srv/detail/list_all_estimators__type_support.cpp.o[0m
[ 57%] [32mBuilding CXX object CMakeFiles/state_estimator_msgs__rosidl_typesupport_fastrtps_cpp.dir/rosidl_typesupport_fastrtps_cpp/state_estimator_msgs/msg/detail/dds_fastrtps/joint_state_with_acceleration__type_support.cpp.o[0m
[ 58%] [32mBuilding C object CMakeFiles/state_estimator_msgs__rosidl_typesupport_introspection_c.dir/rosidl_typesupport_introspection_c/state_estimator_msgs/srv/detail/list_all_estimators__type_support.c.o[0m
[ 59%] [32mBuilding CXX object CMakeFiles/state_estimator_msgs__rosidl_typesupport_fastrtps_cpp.dir/rosidl_typesupport_fastrtps_cpp/state_estimator_msgs/srv/detail/dds_fastrtps/get_active_estimators__type_support.cpp.o[0m
[ 59%] [32mBuilding C object CMakeFiles/state_estimator_msgs__rosidl_typesupport_introspection_c.dir/rosidl_typesupport_introspection_c/state_estimator_msgs/srv/detail/pause_estimator__type_support.c.o[0m
[ 60%] [32mBuilding CXX object CMakeFiles/state_estimator_msgs__rosidl_typesupport_fastrtps_cpp.dir/rosidl_typesupport_fastrtps_cpp/state_estimator_msgs/srv/detail/dds_fastrtps/get_blacklist__type_support.cpp.o[0m
[ 61%] [32mBuilding C object CMakeFiles/state_estimator_msgs__rosidl_typesupport_introspection_c.dir/rosidl_typesupport_introspection_c/state_estimator_msgs/srv/detail/reset_estimator__type_support.c.o[0m
[ 62%] [32mBuilding C object CMakeFiles/state_estimator_msgs__rosidl_typesupport_introspection_c.dir/rosidl_typesupport_introspection_c/state_estimator_msgs/srv/detail/restart_estimator__type_support.c.o[0m
[ 63%] [32mBuilding CXX object CMakeFiles/state_estimator_msgs__rosidl_typesupport_introspection_cpp.dir/rosidl_typesupport_introspection_cpp/state_estimator_msgs/srv/detail/pause_estimator__type_support.cpp.o[0m
[ 63%] [32mBuilding CXX object CMakeFiles/state_estimator_msgs__rosidl_typesupport_introspection_cpp.dir/rosidl_typesupport_introspection_cpp/state_estimator_msgs/srv/detail/reset_estimator__type_support.cpp.o[0m
[ 63%] [32mBuilding C object CMakeFiles/state_estimator_msgs__rosidl_typesupport_introspection_c.dir/rosidl_typesupport_introspection_c/state_estimator_msgs/srv/detail/resume_estimator__type_support.c.o[0m
[ 63%] [32mBuilding CXX object CMakeFiles/state_estimator_msgs__rosidl_typesupport_fastrtps_c.dir/rosidl_typesupport_fastrtps_c/state_estimator_msgs/msg/detail/sensor_fusion__type_support_c.cpp.o[0m
[ 64%] [32mBuilding C object CMakeFiles/state_estimator_msgs__rosidl_typesupport_introspection_c.dir/rosidl_typesupport_introspection_c/state_estimator_msgs/srv/detail/start_estimator__type_support.c.o[0m
[ 64%] [32mBuilding CXX object CMakeFiles/state_estimator_msgs__rosidl_typesupport_fastrtps_cpp.dir/rosidl_typesupport_fastrtps_cpp/state_estimator_msgs/srv/detail/dds_fastrtps/get_estimator_description__type_support.cpp.o[0m
[ 65%] [32mBuilding CXX object CMakeFiles/state_estimator_msgs__rosidl_typesupport_introspection_cpp.dir/rosidl_typesupport_introspection_cpp/state_estimator_msgs/srv/detail/restart_estimator__type_support.cpp.o[0m
[ 66%] [32mBuilding C object CMakeFiles/state_estimator_msgs__rosidl_typesupport_introspection_c.dir/rosidl_typesupport_introspection_c/state_estimator_msgs/srv/detail/stop_estimator__type_support.c.o[0m
[ 67%] [32mBuilding CXX object CMakeFiles/state_estimator_msgs__rosidl_typesupport_fastrtps_c.dir/rosidl_typesupport_fastrtps_c/state_estimator_msgs/msg/detail/joint_state_with_acceleration__type_support_c.cpp.o[0m
[ 68%] [32mBuilding CXX object CMakeFiles/state_estimator_msgs__rosidl_typesupport_introspection_cpp.dir/rosidl_typesupport_introspection_cpp/state_estimator_msgs/srv/detail/resume_estimator__type_support.cpp.o[0m
[ 68%] [32m[1mLinking C shared library libstate_estimator_msgs__rosidl_typesupport_introspection_c.so[0m
[ 69%] [32mBuilding CXX object CMakeFiles/state_estimator_msgs__rosidl_typesupport_fastrtps_cpp.dir/rosidl_typesupport_fastrtps_cpp/state_estimator_msgs/srv/detail/dds_fastrtps/get_whitelist__type_support.cpp.o[0m
[ 70%] [32mBuilding CXX object CMakeFiles/state_estimator_msgs__rosidl_typesupport_fastrtps_cpp.dir/rosidl_typesupport_fastrtps_cpp/state_estimator_msgs/srv/detail/dds_fastrtps/list_all_estimators__type_support.cpp.o[0m
[ 71%] [32mBuilding CXX object CMakeFiles/state_estimator_msgs__rosidl_typesupport_fastrtps_c.dir/rosidl_typesupport_fastrtps_c/state_estimator_msgs/srv/detail/get_active_estimators__type_support_c.cpp.o[0m
[ 71%] [32mBuilding CXX object CMakeFiles/state_estimator_msgs__rosidl_typesupport_fastrtps_cpp.dir/rosidl_typesupport_fastrtps_cpp/state_estimator_msgs/srv/detail/dds_fastrtps/pause_estimator__type_support.cpp.o[0m
[ 71%] [32mBuilding CXX object CMakeFiles/state_estimator_msgs__rosidl_typesupport_introspection_cpp.dir/rosidl_typesupport_introspection_cpp/state_estimator_msgs/srv/detail/start_estimator__type_support.cpp.o[0m
[ 72%] [32mBuilding CXX object CMakeFiles/state_estimator_msgs__rosidl_typesupport_fastrtps_cpp.dir/rosidl_typesupport_fastrtps_cpp/state_estimator_msgs/srv/detail/dds_fastrtps/reset_estimator__type_support.cpp.o[0m
[ 72%] [32mBuilding CXX object CMakeFiles/state_estimator_msgs__rosidl_typesupport_fastrtps_c.dir/rosidl_typesupport_fastrtps_c/state_estimator_msgs/srv/detail/get_blacklist__type_support_c.cpp.o[0m
[ 73%] [32mBuilding CXX object CMakeFiles/state_estimator_msgs__rosidl_typesupport_fastrtps_cpp.dir/rosidl_typesupport_fastrtps_cpp/state_estimator_msgs/srv/detail/dds_fastrtps/restart_estimator__type_support.cpp.o[0m
[ 74%] [32mBuilding CXX object CMakeFiles/state_estimator_msgs__rosidl_typesupport_fastrtps_c.dir/rosidl_typesupport_fastrtps_c/state_estimator_msgs/srv/detail/get_estimator_description__type_support_c.cpp.o[0m
[ 75%] [32mBuilding CXX object CMakeFiles/state_estimator_msgs__rosidl_typesupport_introspection_cpp.dir/rosidl_typesupport_introspection_cpp/state_estimator_msgs/srv/detail/stop_estimator__type_support.cpp.o[0m
[ 75%] Built target state_estimator_msgs__rosidl_typesupport_introspection_c
[ 76%] [32mBuilding CXX object CMakeFiles/state_estimator_msgs__rosidl_typesupport_fastrtps_c.dir/rosidl_typesupport_fastrtps_c/state_estimator_msgs/srv/detail/get_whitelist__type_support_c.cpp.o[0m
[ 76%] [32mBuilding CXX object CMakeFiles/state_estimator_msgs__rosidl_typesupport_fastrtps_cpp.dir/rosidl_typesupport_fastrtps_cpp/state_estimator_msgs/srv/detail/dds_fastrtps/resume_estimator__type_support.cpp.o[0m
[ 77%] [32mBuilding CXX object CMakeFiles/state_estimator_msgs__rosidl_typesupport_fastrtps_cpp.dir/rosidl_typesupport_fastrtps_cpp/state_estimator_msgs/srv/detail/dds_fastrtps/start_estimator__type_support.cpp.o[0m
[ 77%] [32mBuilding CXX object CMakeFiles/state_estimator_msgs__rosidl_typesupport_fastrtps_c.dir/rosidl_typesupport_fastrtps_c/state_estimator_msgs/srv/detail/list_all_estimators__type_support_c.cpp.o[0m
[ 78%] [32mBuilding CXX object CMakeFiles/state_estimator_msgs__rosidl_typesupport_fastrtps_cpp.dir/rosidl_typesupport_fastrtps_cpp/state_estimator_msgs/srv/detail/dds_fastrtps/stop_estimator__type_support.cpp.o[0m
[ 79%] [32mBuilding CXX object CMakeFiles/state_estimator_msgs__rosidl_typesupport_fastrtps_c.dir/rosidl_typesupport_fastrtps_c/state_estimator_msgs/srv/detail/pause_estimator__type_support_c.cpp.o[0m
[ 80%] [32mBuilding CXX object CMakeFiles/state_estimator_msgs__rosidl_typesupport_fastrtps_c.dir/rosidl_typesupport_fastrtps_c/state_estimator_msgs/srv/detail/reset_estimator__type_support_c.cpp.o[0m
[ 80%] [32mBuilding CXX object CMakeFiles/state_estimator_msgs__rosidl_typesupport_fastrtps_c.dir/rosidl_typesupport_fastrtps_c/state_estimator_msgs/srv/detail/restart_estimator__type_support_c.cpp.o[0m
[ 81%] [32mBuilding CXX object CMakeFiles/state_estimator_msgs__rosidl_typesupport_fastrtps_c.dir/rosidl_typesupport_fastrtps_c/state_estimator_msgs/srv/detail/resume_estimator__type_support_c.cpp.o[0m
[ 83%] [32m[1mLinking CXX shared library libstate_estimator_msgs__rosidl_typesupport_introspection_cpp.so[0m
[ 83%] [32mBuilding CXX object CMakeFiles/state_estimator_msgs__rosidl_typesupport_fastrtps_c.dir/rosidl_typesupport_fastrtps_c/state_estimator_msgs/srv/detail/start_estimator__type_support_c.cpp.o[0m
[ 83%] [32mBuilding CXX object CMakeFiles/state_estimator_msgs__rosidl_typesupport_fastrtps_c.dir/rosidl_typesupport_fastrtps_c/state_estimator_msgs/srv/detail/stop_estimator__type_support_c.cpp.o[0m
[ 83%] Built target state_estimator_msgs__rosidl_typesupport_introspection_cpp
[ 83%] [32m[1mLinking CXX shared library libstate_estimator_msgs__rosidl_typesupport_fastrtps_cpp.so[0m
[ 83%] Built target state_estimator_msgs__rosidl_typesupport_fastrtps_cpp
[ 84%] [32m[1mLinking CXX shared library libstate_estimator_msgs__rosidl_typesupport_fastrtps_c.so[0m
[ 84%] Built target state_estimator_msgs__rosidl_typesupport_fastrtps_c
[ 84%] Built target state_estimator_msgs
[ 85%] [34m[1mGenerating Python code for ROS interfaces[0m
[ 85%] Built target state_estimator_msgs__py
[ 86%] [32mBuilding C object CMakeFiles/state_estimator_msgs__rosidl_generator_py.dir/rosidl_generator_py/state_estimator_msgs/msg/_joint_state_with_acceleration_s.c.o[0m
[ 87%] [32mBuilding C object CMakeFiles/state_estimator_msgs__rosidl_generator_py.dir/rosidl_generator_py/state_estimator_msgs/srv/_get_active_estimators_s.c.o[0m
[ 87%] [32mBuilding C object CMakeFiles/state_estimator_msgs__rosidl_generator_py.dir/rosidl_generator_py/state_estimator_msgs/msg/_attitude_s.c.o[0m
[ 88%] [32mBuilding C object CMakeFiles/state_estimator_msgs__rosidl_generator_py.dir/rosidl_generator_py/state_estimator_msgs/srv/_get_estimator_description_s.c.o[0m
[ 88%] [32mBuilding C object CMakeFiles/state_estimator_msgs__rosidl_generator_py.dir/rosidl_generator_py/state_estimator_msgs/srv/_get_blacklist_s.c.o[0m
[ 90%] [32mBuilding C object CMakeFiles/state_estimator_msgs__rosidl_generator_py.dir/rosidl_generator_py/state_estimator_msgs/srv/_get_whitelist_s.c.o[0m
[ 90%] [32mBuilding C object CMakeFiles/state_estimator_msgs__rosidl_generator_py.dir/rosidl_generator_py/state_estimator_msgs/msg/_leg_odometry_s.c.o[0m
[ 90%] [32mBuilding C object CMakeFiles/state_estimator_msgs__rosidl_generator_py.dir/rosidl_generator_py/state_estimator_msgs/msg/_sensor_fusion_s.c.o[0m
[ 91%] [32mBuilding C object CMakeFiles/state_estimator_msgs__rosidl_generator_py.dir/rosidl_generator_py/state_estimator_msgs/msg/_contact_detection_s.c.o[0m
[ 91%] [32mBuilding C object CMakeFiles/state_estimator_msgs__rosidl_generator_py.dir/rosidl_generator_py/state_estimator_msgs/srv/_list_all_estimators_s.c.o[0m
[ 92%] [32mBuilding C object CMakeFiles/state_estimator_msgs__rosidl_generator_py.dir/rosidl_generator_py/state_estimator_msgs/srv/_reset_estimator_s.c.o[0m
[ 93%] [32mBuilding C object CMakeFiles/state_estimator_msgs__rosidl_generator_py.dir/rosidl_generator_py/state_estimator_msgs/srv/_pause_estimator_s.c.o[0m
[ 93%] [32mBuilding C object CMakeFiles/state_estimator_msgs__rosidl_generator_py.dir/rosidl_generator_py/state_estimator_msgs/srv/_restart_estimator_s.c.o[0m
[ 94%] [32mBuilding C object CMakeFiles/state_estimator_msgs__rosidl_generator_py.dir/rosidl_generator_py/state_estimator_msgs/srv/_resume_estimator_s.c.o[0m
[ 95%] [32mBuilding C object CMakeFiles/state_estimator_msgs__rosidl_generator_py.dir/rosidl_generator_py/state_estimator_msgs/srv/_start_estimator_s.c.o[0m
[ 95%] [32mBuilding C object CMakeFiles/state_estimator_msgs__rosidl_generator_py.dir/rosidl_generator_py/state_estimator_msgs/srv/_stop_estimator_s.c.o[0m
[ 96%] [32m[1mLinking C shared library rosidl_generator_py/state_estimator_msgs/libstate_estimator_msgs__rosidl_generator_py.so[0m
[ 96%] Built target state_estimator_msgs__rosidl_generator_py
[ 97%] [32mBuilding C object CMakeFiles/state_estimator_msgs__rosidl_typesupport_fastrtps_c__pyext.dir/rosidl_generator_py/state_estimator_msgs/_state_estimator_msgs_s.ep.rosidl_typesupport_fastrtps_c.c.o[0m
[ 98%] [32mBuilding C object CMakeFiles/state_estimator_msgs__rosidl_typesupport_introspection_c__pyext.dir/rosidl_generator_py/state_estimator_msgs/_state_estimator_msgs_s.ep.rosidl_typesupport_introspection_c.c.o[0m
[ 99%] [32mBuilding C object CMakeFiles/state_estimator_msgs__rosidl_typesupport_c__pyext.dir/rosidl_generator_py/state_estimator_msgs/_state_estimator_msgs_s.ep.rosidl_typesupport_c.c.o[0m
[ 99%] [32m[1mLinking C shared library rosidl_generator_py/state_estimator_msgs/state_estimator_msgs_s__rosidl_typesupport_fastrtps_c.cpython-310-x86_64-linux-gnu.so[0m
[ 99%] [32m[1mLinking C shared library rosidl_generator_py/state_estimator_msgs/state_estimator_msgs_s__rosidl_typesupport_c.cpython-310-x86_64-linux-gnu.so[0m
[100%] [32m[1mLinking C shared library rosidl_generator_py/state_estimator_msgs/state_estimator_msgs_s__rosidl_typesupport_introspection_c.cpython-310-x86_64-linux-gnu.so[0m
[100%] Built target state_estimator_msgs__rosidl_typesupport_fastrtps_c__pyext
[100%] Built target state_estimator_msgs__rosidl_typesupport_c__pyext
[100%] Built target state_estimator_msgs__rosidl_typesupport_introspection_c__pyext
-- Install configuration: ""
-- Installing: /home/go2/go2_ws/src/muse/muse_ros2/muse_ws/install/state_estimator_msgs/share/ament_index/resource_index/rosidl_interfaces/state_estimator_msgs
-- Installing: /home/go2/go2_ws/src/muse/muse_ros2/muse_ws/install/state_estimator_msgs/include/state_estimator_msgs/state_estimator_msgs
-- Installing: /home/go2/go2_ws/src/muse/muse_ros2/muse_ws/install/state_estimator_msgs/include/state_estimator_msgs/state_estimator_msgs/srv
-- Installing: /home/go2/go2_ws/src/muse/muse_ros2/muse_ws/install/state_estimator_msgs/include/state_estimator_msgs/state_estimator_msgs/srv/pause_estimator.h
-- Installing: /home/go2/go2_ws/src/muse/muse_ros2/muse_ws/install/state_estimator_msgs/include/state_estimator_msgs/state_estimator_msgs/srv/get_estimator_description.h
-- Installing: /home/go2/go2_ws/src/muse/muse_ros2/muse_ws/install/state_estimator_msgs/include/state_estimator_msgs/state_estimator_msgs/srv/get_whitelist.h
-- Installing: /home/go2/go2_ws/src/muse/muse_ros2/muse_ws/install/state_estimator_msgs/include/state_estimator_msgs/state_estimator_msgs/srv/stop_estimator.h
-- Installing: /home/go2/go2_ws/src/muse/muse_ros2/muse_ws/install/state_estimator_msgs/include/state_estimator_msgs/state_estimator_msgs/srv/restart_estimator.h
-- Installing: /home/go2/go2_ws/src/muse/muse_ros2/muse_ws/install/state_estimator_msgs/include/state_estimator_msgs/state_estimator_msgs/srv/resume_estimator.h
-- Installing: /home/go2/go2_ws/src/muse/muse_ros2/muse_ws/install/state_estimator_msgs/include/state_estimator_msgs/state_estimator_msgs/srv/get_active_estimators.h
-- Installing: /home/go2/go2_ws/src/muse/muse_ros2/muse_ws/install/state_estimator_msgs/include/state_estimator_msgs/state_estimator_msgs/srv/start_estimator.h
-- Installing: /home/go2/go2_ws/src/muse/muse_ros2/muse_ws/install/state_estimator_msgs/include/state_estimator_msgs/state_estimator_msgs/srv/list_all_estimators.h
-- Installing: /home/go2/go2_ws/src/muse/muse_ros2/muse_ws/install/state_estimator_msgs/include/state_estimator_msgs/state_estimator_msgs/srv/detail
-- Installing: /home/go2/go2_ws/src/muse/muse_ros2/muse_ws/install/state_estimator_msgs/include/state_estimator_msgs/state_estimator_msgs/srv/detail/get_whitelist__type_support.h
-- Installing: /home/go2/go2_ws/src/muse/muse_ros2/muse_ws/install/state_estimator_msgs/include/state_estimator_msgs/state_estimator_msgs/srv/detail/start_estimator__struct.h
-- Installing: /home/go2/go2_ws/src/muse/muse_ros2/muse_ws/install/state_estimator_msgs/include/state_estimator_msgs/state_estimator_msgs/srv/detail/restart_estimator__functions.c
-- Installing: /home/go2/go2_ws/src/muse/muse_ros2/muse_ws/install/state_estimator_msgs/include/state_estimator_msgs/state_estimator_msgs/srv/detail/resume_estimator__type_support.h
-- Installing: /home/go2/go2_ws/src/muse/muse_ros2/muse_ws/install/state_estimator_msgs/include/state_estimator_msgs/state_estimator_msgs/srv/detail/get_estimator_description__functions.h
-- Installing: /home/go2/go2_ws/src/muse/muse_ros2/muse_ws/install/state_estimator_msgs/include/state_estimator_msgs/state_estimator_msgs/srv/detail/stop_estimator__functions.c
-- Installing: /home/go2/go2_ws/src/muse/muse_ros2/muse_ws/install/state_estimator_msgs/include/state_estimator_msgs/state_estimator_msgs/srv/detail/resume_estimator__functions.h
-- Installing: /home/go2/go2_ws/src/muse/muse_ros2/muse_ws/install/state_estimator_msgs/include/state_estimator_msgs/state_estimator_msgs/srv/detail/list_all_estimators__type_support.h
-- Installing: /home/go2/go2_ws/src/muse/muse_ros2/muse_ws/install/state_estimator_msgs/include/state_estimator_msgs/state_estimator_msgs/srv/detail/get_estimator_description__struct.h
-- Installing: /home/go2/go2_ws/src/muse/muse_ros2/muse_ws/install/state_estimator_msgs/include/state_estimator_msgs/state_estimator_msgs/srv/detail/resume_estimator__functions.c
-- Installing: /home/go2/go2_ws/src/muse/muse_ros2/muse_ws/install/state_estimator_msgs/include/state_estimator_msgs/state_estimator_msgs/srv/detail/list_all_estimators__struct.h
-- Installing: /home/go2/go2_ws/src/muse/muse_ros2/muse_ws/install/state_estimator_msgs/include/state_estimator_msgs/state_estimator_msgs/srv/detail/restart_estimator__type_support.h
-- Installing: /home/go2/go2_ws/src/muse/muse_ros2/muse_ws/install/state_estimator_msgs/include/state_estimator_msgs/state_estimator_msgs/srv/detail/reset_estimator__functions.h
-- Installing: /home/go2/go2_ws/src/muse/muse_ros2/muse_ws/install/state_estimator_msgs/include/state_estimator_msgs/state_estimator_msgs/srv/detail/get_blacklist__functions.h
-- Installing: /home/go2/go2_ws/src/muse/muse_ros2/muse_ws/install/state_estimator_msgs/include/state_estimator_msgs/state_estimator_msgs/srv/detail/start_estimator__type_support.h
-- Installing: /home/go2/go2_ws/src/muse/muse_ros2/muse_ws/install/state_estimator_msgs/include/state_estimator_msgs/state_estimator_msgs/srv/detail/get_active_estimators__struct.h
-- Installing: /home/go2/go2_ws/src/muse/muse_ros2/muse_ws/install/state_estimator_msgs/include/state_estimator_msgs/state_estimator_msgs/srv/detail/list_all_estimators__functions.c
-- Installing: /home/go2/go2_ws/src/muse/muse_ros2/muse_ws/install/state_estimator_msgs/include/state_estimator_msgs/state_estimator_msgs/srv/detail/reset_estimator__type_support.h
-- Installing: /home/go2/go2_ws/src/muse/muse_ros2/muse_ws/install/state_estimator_msgs/include/state_estimator_msgs/state_estimator_msgs/srv/detail/start_estimator__functions.h
-- Installing: /home/go2/go2_ws/src/muse/muse_ros2/muse_ws/install/state_estimator_msgs/include/state_estimator_msgs/state_estimator_msgs/srv/detail/list_all_estimators__functions.h
-- Installing: /home/go2/go2_ws/src/muse/muse_ros2/muse_ws/install/state_estimator_msgs/include/state_estimator_msgs/state_estimator_msgs/srv/detail/reset_estimator__functions.c
-- Installing: /home/go2/go2_ws/src/muse/muse_ros2/muse_ws/install/state_estimator_msgs/include/state_estimator_msgs/state_estimator_msgs/srv/detail/get_blacklist__functions.c
-- Installing: /home/go2/go2_ws/src/muse/muse_ros2/muse_ws/install/state_estimator_msgs/include/state_estimator_msgs/state_estimator_msgs/srv/detail/get_active_estimators__functions.h
-- Installing: /home/go2/go2_ws/src/muse/muse_ros2/muse_ws/install/state_estimator_msgs/include/state_estimator_msgs/state_estimator_msgs/srv/detail/get_estimator_description__type_support.h
-- Installing: /home/go2/go2_ws/src/muse/muse_ros2/muse_ws/install/state_estimator_msgs/include/state_estimator_msgs/state_estimator_msgs/srv/detail/get_blacklist__struct.h
-- Installing: /home/go2/go2_ws/src/muse/muse_ros2/muse_ws/install/state_estimator_msgs/include/state_estimator_msgs/state_estimator_msgs/srv/detail/get_blacklist__type_support.h
-- Installing: /home/go2/go2_ws/src/muse/muse_ros2/muse_ws/install/state_estimator_msgs/include/state_estimator_msgs/state_estimator_msgs/srv/detail/restart_estimator__struct.h
-- Installing: /home/go2/go2_ws/src/muse/muse_ros2/muse_ws/install/state_estimator_msgs/include/state_estimator_msgs/state_estimator_msgs/srv/detail/stop_estimator__type_support.h
-- Installing: /home/go2/go2_ws/src/muse/muse_ros2/muse_ws/install/state_estimator_msgs/include/state_estimator_msgs/state_estimator_msgs/srv/detail/pause_estimator__functions.h
-- Installing: /home/go2/go2_ws/src/muse/muse_ros2/muse_ws/install/state_estimator_msgs/include/state_estimator_msgs/state_estimator_msgs/srv/detail/get_whitelist__functions.h
-- Installing: /home/go2/go2_ws/src/muse/muse_ros2/muse_ws/install/state_estimator_msgs/include/state_estimator_msgs/state_estimator_msgs/srv/detail/get_whitelist__functions.c
-- Installing: /home/go2/go2_ws/src/muse/muse_ros2/muse_ws/install/state_estimator_msgs/include/state_estimator_msgs/state_estimator_msgs/srv/detail/get_active_estimators__type_support.h
-- Installing: /home/go2/go2_ws/src/muse/muse_ros2/muse_ws/install/state_estimator_msgs/include/state_estimator_msgs/state_estimator_msgs/srv/detail/stop_estimator__functions.h
-- Installing: /home/go2/go2_ws/src/muse/muse_ros2/muse_ws/install/state_estimator_msgs/include/state_estimator_msgs/state_estimator_msgs/srv/detail/get_active_estimators__functions.c
-- Installing: /home/go2/go2_ws/src/muse/muse_ros2/muse_ws/install/state_estimator_msgs/include/state_estimator_msgs/state_estimator_msgs/srv/detail/pause_estimator__type_support.h
-- Installing: /home/go2/go2_ws/src/muse/muse_ros2/muse_ws/install/state_estimator_msgs/include/state_estimator_msgs/state_estimator_msgs/srv/detail/pause_estimator__functions.c
-- Installing: /home/go2/go2_ws/src/muse/muse_ros2/muse_ws/install/state_estimator_msgs/include/state_estimator_msgs/state_estimator_msgs/srv/detail/start_estimator__functions.c
-- Installing: /home/go2/go2_ws/src/muse/muse_ros2/muse_ws/install/state_estimator_msgs/include/state_estimator_msgs/state_estimator_msgs/srv/detail/resume_estimator__struct.h
-- Installing: /home/go2/go2_ws/src/muse/muse_ros2/muse_ws/install/state_estimator_msgs/include/state_estimator_msgs/state_estimator_msgs/srv/detail/get_estimator_description__functions.c
-- Installing: /home/go2/go2_ws/src/muse/muse_ros2/muse_ws/install/state_estimator_msgs/include/state_estimator_msgs/state_estimator_msgs/srv/detail/reset_estimator__struct.h
-- Installing: /home/go2/go2_ws/src/muse/muse_ros2/muse_ws/install/state_estimator_msgs/include/state_estimator_msgs/state_estimator_msgs/srv/detail/get_whitelist__struct.h
-- Installing: /home/go2/go2_ws/src/muse/muse_ros2/muse_ws/install/state_estimator_msgs/include/state_estimator_msgs/state_estimator_msgs/srv/detail/pause_estimator__struct.h
-- Installing: /home/go2/go2_ws/src/muse/muse_ros2/muse_ws/install/state_estimator_msgs/include/state_estimator_msgs/state_estimator_msgs/srv/detail/stop_estimator__struct.h
-- Installing: /home/go2/go2_ws/src/muse/muse_ros2/muse_ws/install/state_estimator_msgs/include/state_estimator_msgs/state_estimator_msgs/srv/detail/restart_estimator__functions.h
-- Installing: /home/go2/go2_ws/src/muse/muse_ros2/muse_ws/install/state_estimator_msgs/include/state_estimator_msgs/state_estimator_msgs/srv/reset_estimator.h
-- Installing: /home/go2/go2_ws/src/muse/muse_ros2/muse_ws/install/state_estimator_msgs/include/state_estimator_msgs/state_estimator_msgs/srv/get_blacklist.h
-- Installing: /home/go2/go2_ws/src/muse/muse_ros2/muse_ws/install/state_estimator_msgs/include/state_estimator_msgs/state_estimator_msgs/msg
-- Installing: /home/go2/go2_ws/src/muse/muse_ros2/muse_ws/install/state_estimator_msgs/include/state_estimator_msgs/state_estimator_msgs/msg/attitude.h
-- Installing: /home/go2/go2_ws/src/muse/muse_ros2/muse_ws/install/state_estimator_msgs/include/state_estimator_msgs/state_estimator_msgs/msg/rosidl_generator_c__visibility_control.h
-- Installing: /home/go2/go2_ws/src/muse/muse_ros2/muse_ws/install/state_estimator_msgs/include/state_estimator_msgs/state_estimator_msgs/msg/contact_detection.h
-- Installing: /home/go2/go2_ws/src/muse/muse_ros2/muse_ws/install/state_estimator_msgs/include/state_estimator_msgs/state_estimator_msgs/msg/joint_state_with_acceleration.h
-- Installing: /home/go2/go2_ws/src/muse/muse_ros2/muse_ws/install/state_estimator_msgs/include/state_estimator_msgs/state_estimator_msgs/msg/sensor_fusion.h
-- Installing: /home/go2/go2_ws/src/muse/muse_ros2/muse_ws/install/state_estimator_msgs/include/state_estimator_msgs/state_estimator_msgs/msg/detail
-- Installing: /home/go2/go2_ws/src/muse/muse_ros2/muse_ws/install/state_estimator_msgs/include/state_estimator_msgs/state_estimator_msgs/msg/detail/leg_odometry__functions.h
-- Installing: /home/go2/go2_ws/src/muse/muse_ros2/muse_ws/install/state_estimator_msgs/include/state_estimator_msgs/state_estimator_msgs/msg/detail/leg_odometry__functions.c
-- Installing: /home/go2/go2_ws/src/muse/muse_ros2/muse_ws/install/state_estimator_msgs/include/state_estimator_msgs/state_estimator_msgs/msg/detail/joint_state_with_acceleration__functions.h
-- Installing: /home/go2/go2_ws/src/muse/muse_ros2/muse_ws/install/state_estimator_msgs/include/state_estimator_msgs/state_estimator_msgs/msg/detail/sensor_fusion__functions.c
-- Installing: /home/go2/go2_ws/src/muse/muse_ros2/muse_ws/install/state_estimator_msgs/include/state_estimator_msgs/state_estimator_msgs/msg/detail/leg_odometry__struct.h
-- Installing: /home/go2/go2_ws/src/muse/muse_ros2/muse_ws/install/state_estimator_msgs/include/state_estimator_msgs/state_estimator_msgs/msg/detail/contact_detection__type_support.h
-- Installing: /home/go2/go2_ws/src/muse/muse_ros2/muse_ws/install/state_estimator_msgs/include/state_estimator_msgs/state_estimator_msgs/msg/detail/contact_detection__functions.c
-- Installing: /home/go2/go2_ws/src/muse/muse_ros2/muse_ws/install/state_estimator_msgs/include/state_estimator_msgs/state_estimator_msgs/msg/detail/joint_state_with_acceleration__struct.h
-- Installing: /home/go2/go2_ws/src/muse/muse_ros2/muse_ws/install/state_estimator_msgs/include/state_estimator_msgs/state_estimator_msgs/msg/detail/sensor_fusion__functions.h
-- Installing: /home/go2/go2_ws/src/muse/muse_ros2/muse_ws/install/state_estimator_msgs/include/state_estimator_msgs/state_estimator_msgs/msg/detail/leg_odometry__type_support.h
-- Installing: /home/go2/go2_ws/src/muse/muse_ros2/muse_ws/install/state_estimator_msgs/include/state_estimator_msgs/state_estimator_msgs/msg/detail/sensor_fusion__struct.h
-- Installing: /home/go2/go2_ws/src/muse/muse_ros2/muse_ws/install/state_estimator_msgs/include/state_estimator_msgs/state_estimator_msgs/msg/detail/contact_detection__functions.h
-- Installing: /home/go2/go2_ws/src/muse/muse_ros2/muse_ws/install/state_estimator_msgs/include/state_estimator_msgs/state_estimator_msgs/msg/detail/sensor_fusion__type_support.h
-- Installing: /home/go2/go2_ws/src/muse/muse_ros2/muse_ws/install/state_estimator_msgs/include/state_estimator_msgs/state_estimator_msgs/msg/detail/attitude__functions.c
-- Installing: /home/go2/go2_ws/src/muse/muse_ros2/muse_ws/install/state_estimator_msgs/include/state_estimator_msgs/state_estimator_msgs/msg/detail/joint_state_with_acceleration__type_support.h
-- Installing: /home/go2/go2_ws/src/muse/muse_ros2/muse_ws/install/state_estimator_msgs/include/state_estimator_msgs/state_estimator_msgs/msg/detail/contact_detection__struct.h
-- Installing: /home/go2/go2_ws/src/muse/muse_ros2/muse_ws/install/state_estimator_msgs/include/state_estimator_msgs/state_estimator_msgs/msg/detail/attitude__functions.h
-- Installing: /home/go2/go2_ws/src/muse/muse_ros2/muse_ws/install/state_estimator_msgs/include/state_estimator_msgs/state_estimator_msgs/msg/detail/attitude__type_support.h
-- Installing: /home/go2/go2_ws/src/muse/muse_ros2/muse_ws/install/state_estimator_msgs/include/state_estimator_msgs/state_estimator_msgs/msg/detail/attitude__struct.h
-- Installing: /home/go2/go2_ws/src/muse/muse_ros2/muse_ws/install/state_estimator_msgs/include/state_estimator_msgs/state_estimator_msgs/msg/detail/joint_state_with_acceleration__functions.c
-- Installing: /home/go2/go2_ws/src/muse/muse_ros2/muse_ws/install/state_estimator_msgs/include/state_estimator_msgs/state_estimator_msgs/msg/leg_odometry.h
-- Installing: /home/go2/go2_ws/src/muse/muse_ros2/muse_ws/install/state_estimator_msgs/share/state_estimator_msgs/environment/library_path.sh
-- Installing: /home/go2/go2_ws/src/muse/muse_ros2/muse_ws/install/state_estimator_msgs/share/state_estimator_msgs/environment/library_path.dsv
-- Installing: /home/go2/go2_ws/src/muse/muse_ros2/muse_ws/install/state_estimator_msgs/lib/libstate_estimator_msgs__rosidl_generator_c.so
-- Set runtime path of "/home/go2/go2_ws/src/muse/muse_ros2/muse_ws/install/state_estimator_msgs/lib/libstate_estimator_msgs__rosidl_generator_c.so" to ""
-- Up-to-date: /home/go2/go2_ws/src/muse/muse_ros2/muse_ws/install/state_estimator_msgs/include/state_estimator_msgs/state_estimator_msgs
-- Up-to-date: /home/go2/go2_ws/src/muse/muse_ros2/muse_ws/install/state_estimator_msgs/include/state_estimator_msgs/state_estimator_msgs/srv
-- Up-to-date: /home/go2/go2_ws/src/muse/muse_ros2/muse_ws/install/state_estimator_msgs/include/state_estimator_msgs/state_estimator_msgs/srv/detail
-- Installing: /home/go2/go2_ws/src/muse/muse_ros2/muse_ws/install/state_estimator_msgs/include/state_estimator_msgs/state_estimator_msgs/srv/detail/start_estimator__rosidl_typesupport_fastrtps_c.h
-- Installing: /home/go2/go2_ws/src/muse/muse_ros2/muse_ws/install/state_estimator_msgs/include/state_estimator_msgs/state_estimator_msgs/srv/detail/get_estimator_description__rosidl_typesupport_fastrtps_c.h
-- Installing: /home/go2/go2_ws/src/muse/muse_ros2/muse_ws/install/state_estimator_msgs/include/state_estimator_msgs/state_estimator_msgs/srv/detail/stop_estimator__rosidl_typesupport_fastrtps_c.h
-- Installing: /home/go2/go2_ws/src/muse/muse_ros2/muse_ws/install/state_estimator_msgs/include/state_estimator_msgs/state_estimator_msgs/srv/detail/get_active_estimators__rosidl_typesupport_fastrtps_c.h
-- Installing: /home/go2/go2_ws/src/muse/muse_ros2/muse_ws/install/state_estimator_msgs/include/state_estimator_msgs/state_estimator_msgs/srv/detail/get_blacklist__rosidl_typesupport_fastrtps_c.h
-- Installing: /home/go2/go2_ws/src/muse/muse_ros2/muse_ws/install/state_estimator_msgs/include/state_estimator_msgs/state_estimator_msgs/srv/detail/list_all_estimators__rosidl_typesupport_fastrtps_c.h
-- Installing: /home/go2/go2_ws/src/muse/muse_ros2/muse_ws/install/state_estimator_msgs/include/state_estimator_msgs/state_estimator_msgs/srv/detail/resume_estimator__rosidl_typesupport_fastrtps_c.h
-- Installing: /home/go2/go2_ws/src/muse/muse_ros2/muse_ws/install/state_estimator_msgs/include/state_estimator_msgs/state_estimator_msgs/srv/detail/pause_estimator__rosidl_typesupport_fastrtps_c.h
-- Installing: /home/go2/go2_ws/src/muse/muse_ros2/muse_ws/install/state_estimator_msgs/include/state_estimator_msgs/state_estimator_msgs/srv/detail/get_whitelist__rosidl_typesupport_fastrtps_c.h
-- Installing: /home/go2/go2_ws/src/muse/muse_ros2/muse_ws/install/state_estimator_msgs/include/state_estimator_msgs/state_estimator_msgs/srv/detail/restart_estimator__rosidl_typesupport_fastrtps_c.h
-- Installing: /home/go2/go2_ws/src/muse/muse_ros2/muse_ws/install/state_estimator_msgs/include/state_estimator_msgs/state_estimator_msgs/srv/detail/reset_estimator__rosidl_typesupport_fastrtps_c.h
-- Up-to-date: /home/go2/go2_ws/src/muse/muse_ros2/muse_ws/install/state_estimator_msgs/include/state_estimator_msgs/state_estimator_msgs/msg
-- Installing: /home/go2/go2_ws/src/muse/muse_ros2/muse_ws/install/state_estimator_msgs/include/state_estimator_msgs/state_estimator_msgs/msg/rosidl_typesupport_fastrtps_c__visibility_control.h
-- Up-to-date: /home/go2/go2_ws/src/muse/muse_ros2/muse_ws/install/state_estimator_msgs/include/state_estimator_msgs/state_estimator_msgs/msg/detail
-- Installing: /home/go2/go2_ws/src/muse/muse_ros2/muse_ws/install/state_estimator_msgs/include/state_estimator_msgs/state_estimator_msgs/msg/detail/attitude__rosidl_typesupport_fastrtps_c.h
-- Installing: /home/go2/go2_ws/src/muse/muse_ros2/muse_ws/install/state_estimator_msgs/include/state_estimator_msgs/state_estimator_msgs/msg/detail/leg_odometry__rosidl_typesupport_fastrtps_c.h
-- Installing: /home/go2/go2_ws/src/muse/muse_ros2/muse_ws/install/state_estimator_msgs/include/state_estimator_msgs/state_estimator_msgs/msg/detail/joint_state_with_acceleration__rosidl_typesupport_fastrtps_c.h
-- Installing: /home/go2/go2_ws/src/muse/muse_ros2/muse_ws/install/state_estimator_msgs/include/state_estimator_msgs/state_estimator_msgs/msg/detail/contact_detection__rosidl_typesupport_fastrtps_c.h
-- Installing: /home/go2/go2_ws/src/muse/muse_ros2/muse_ws/install/state_estimator_msgs/include/state_estimator_msgs/state_estimator_msgs/msg/detail/sensor_fusion__rosidl_typesupport_fastrtps_c.h
-- Installing: /home/go2/go2_ws/src/muse/muse_ros2/muse_ws/install/state_estimator_msgs/lib/libstate_estimator_msgs__rosidl_typesupport_fastrtps_c.so
-- Set runtime path of "/home/go2/go2_ws/src/muse/muse_ros2/muse_ws/install/state_estimator_msgs/lib/libstate_estimator_msgs__rosidl_typesupport_fastrtps_c.so" to ""
-- Up-to-date: /home/go2/go2_ws/src/muse/muse_ros2/muse_ws/install/state_estimator_msgs/include/state_estimator_msgs/state_estimator_msgs
-- Up-to-date: /home/go2/go2_ws/src/muse/muse_ros2/muse_ws/install/state_estimator_msgs/include/state_estimator_msgs/state_estimator_msgs/srv
-- Installing: /home/go2/go2_ws/src/muse/muse_ros2/muse_ws/install/state_estimator_msgs/include/state_estimator_msgs/state_estimator_msgs/srv/restart_estimator.hpp
-- Installing: /home/go2/go2_ws/src/muse/muse_ros2/muse_ws/install/state_estimator_msgs/include/state_estimator_msgs/state_estimator_msgs/srv/resume_estimator.hpp
-- Installing: /home/go2/go2_ws/src/muse/muse_ros2/muse_ws/install/state_estimator_msgs/include/state_estimator_msgs/state_estimator_msgs/srv/start_estimator.hpp
-- Installing: /home/go2/go2_ws/src/muse/muse_ros2/muse_ws/install/state_estimator_msgs/include/state_estimator_msgs/state_estimator_msgs/srv/get_blacklist.hpp
-- Installing: /home/go2/go2_ws/src/muse/muse_ros2/muse_ws/install/state_estimator_msgs/include/state_estimator_msgs/state_estimator_msgs/srv/get_active_estimators.hpp
-- Installing: /home/go2/go2_ws/src/muse/muse_ros2/muse_ws/install/state_estimator_msgs/include/state_estimator_msgs/state_estimator_msgs/srv/get_whitelist.hpp
-- Up-to-date: /home/go2/go2_ws/src/muse/muse_ros2/muse_ws/install/state_estimator_msgs/include/state_estimator_msgs/state_estimator_msgs/srv/detail
-- Installing: /home/go2/go2_ws/src/muse/muse_ros2/muse_ws/install/state_estimator_msgs/include/state_estimator_msgs/state_estimator_msgs/srv/detail/list_all_estimators__struct.hpp
-- Installing: /home/go2/go2_ws/src/muse/muse_ros2/muse_ws/install/state_estimator_msgs/include/state_estimator_msgs/state_estimator_msgs/srv/detail/get_estimator_description__traits.hpp
-- Installing: /home/go2/go2_ws/src/muse/muse_ros2/muse_ws/install/state_estimator_msgs/include/state_estimator_msgs/state_estimator_msgs/srv/detail/stop_estimator__builder.hpp
-- Installing: /home/go2/go2_ws/src/muse/muse_ros2/muse_ws/install/state_estimator_msgs/include/state_estimator_msgs/state_estimator_msgs/srv/detail/reset_estimator__traits.hpp
-- Installing: /home/go2/go2_ws/src/muse/muse_ros2/muse_ws/install/state_estimator_msgs/include/state_estimator_msgs/state_estimator_msgs/srv/detail/resume_estimator__builder.hpp
-- Installing: /home/go2/go2_ws/src/muse/muse_ros2/muse_ws/install/state_estimator_msgs/include/state_estimator_msgs/state_estimator_msgs/srv/detail/start_estimator__struct.hpp
-- Installing: /home/go2/go2_ws/src/muse/muse_ros2/muse_ws/install/state_estimator_msgs/include/state_estimator_msgs/state_estimator_msgs/srv/detail/start_estimator__traits.hpp
-- Installing: /home/go2/go2_ws/src/muse/muse_ros2/muse_ws/install/state_estimator_msgs/include/state_estimator_msgs/state_estimator_msgs/srv/detail/resume_estimator__struct.hpp
-- Installing: /home/go2/go2_ws/src/muse/muse_ros2/muse_ws/install/state_estimator_msgs/include/state_estimator_msgs/state_estimator_msgs/srv/detail/get_blacklist__struct.hpp
-- Installing: /home/go2/go2_ws/src/muse/muse_ros2/muse_ws/install/state_estimator_msgs/include/state_estimator_msgs/state_estimator_msgs/srv/detail/get_whitelist__traits.hpp
-- Installing: /home/go2/go2_ws/src/muse/muse_ros2/muse_ws/install/state_estimator_msgs/include/state_estimator_msgs/state_estimator_msgs/srv/detail/get_blacklist__traits.hpp
-- Installing: /home/go2/go2_ws/src/muse/muse_ros2/muse_ws/install/state_estimator_msgs/include/state_estimator_msgs/state_estimator_msgs/srv/detail/restart_estimator__builder.hpp
-- Installing: /home/go2/go2_ws/src/muse/muse_ros2/muse_ws/install/state_estimator_msgs/include/state_estimator_msgs/state_estimator_msgs/srv/detail/stop_estimator__traits.hpp
-- Installing: /home/go2/go2_ws/src/muse/muse_ros2/muse_ws/install/state_estimator_msgs/include/state_estimator_msgs/state_estimator_msgs/srv/detail/list_all_estimators__type_support.hpp
-- Installing: /home/go2/go2_ws/src/muse/muse_ros2/muse_ws/install/state_estimator_msgs/include/state_estimator_msgs/state_estimator_msgs/srv/detail/stop_estimator__struct.hpp
-- Installing: /home/go2/go2_ws/src/muse/muse_ros2/muse_ws/install/state_estimator_msgs/include/state_estimator_msgs/state_estimator_msgs/srv/detail/get_estimator_description__builder.hpp
-- Installing: /home/go2/go2_ws/src/muse/muse_ros2/muse_ws/install/state_estimator_msgs/include/state_estimator_msgs/state_estimator_msgs/srv/detail/pause_estimator__builder.hpp
-- Installing: /home/go2/go2_ws/src/muse/muse_ros2/muse_ws/install/state_estimator_msgs/include/state_estimator_msgs/state_estimator_msgs/srv/detail/start_estimator__type_support.hpp
-- Installing: /home/go2/go2_ws/src/muse/muse_ros2/muse_ws/install/state_estimator_msgs/include/state_estimator_msgs/state_estimator_msgs/srv/detail/get_active_estimators__type_support.hpp
-- Installing: /home/go2/go2_ws/src/muse/muse_ros2/muse_ws/install/state_estimator_msgs/include/state_estimator_msgs/state_estimator_msgs/srv/detail/get_estimator_description__type_support.hpp
-- Installing: /home/go2/go2_ws/src/muse/muse_ros2/muse_ws/install/state_estimator_msgs/include/state_estimator_msgs/state_estimator_msgs/srv/detail/restart_estimator__traits.hpp
-- Installing: /home/go2/go2_ws/src/muse/muse_ros2/muse_ws/install/state_estimator_msgs/include/state_estimator_msgs/state_estimator_msgs/srv/detail/reset_estimator__type_support.hpp
-- Installing: /home/go2/go2_ws/src/muse/muse_ros2/muse_ws/install/state_estimator_msgs/include/state_estimator_msgs/state_estimator_msgs/srv/detail/get_blacklist__type_support.hpp
-- Installing: /home/go2/go2_ws/src/muse/muse_ros2/muse_ws/install/state_estimator_msgs/include/state_estimator_msgs/state_estimator_msgs/srv/detail/get_whitelist__struct.hpp
-- Installing: /home/go2/go2_ws/src/muse/muse_ros2/muse_ws/install/state_estimator_msgs/include/state_estimator_msgs/state_estimator_msgs/srv/detail/get_whitelist__type_support.hpp
-- Installing: /home/go2/go2_ws/src/muse/muse_ros2/muse_ws/install/state_estimator_msgs/include/state_estimator_msgs/state_estimator_msgs/srv/detail/pause_estimator__type_support.hpp
-- Installing: /home/go2/go2_ws/src/muse/muse_ros2/muse_ws/install/state_estimator_msgs/include/state_estimator_msgs/state_estimator_msgs/srv/detail/resume_estimator__type_support.hpp
-- Installing: /home/go2/go2_ws/src/muse/muse_ros2/muse_ws/install/state_estimator_msgs/include/state_estimator_msgs/state_estimator_msgs/srv/detail/restart_estimator__type_support.hpp
-- Installing: /home/go2/go2_ws/src/muse/muse_ros2/muse_ws/install/state_estimator_msgs/include/state_estimator_msgs/state_estimator_msgs/srv/detail/reset_estimator__builder.hpp
-- Installing: /home/go2/go2_ws/src/muse/muse_ros2/muse_ws/install/state_estimator_msgs/include/state_estimator_msgs/state_estimator_msgs/srv/detail/get_active_estimators__traits.hpp
-- Installing: /home/go2/go2_ws/src/muse/muse_ros2/muse_ws/install/state_estimator_msgs/include/state_estimator_msgs/state_estimator_msgs/srv/detail/start_estimator__builder.hpp
-- Installing: /home/go2/go2_ws/src/muse/muse_ros2/muse_ws/install/state_estimator_msgs/include/state_estimator_msgs/state_estimator_msgs/srv/detail/reset_estimator__struct.hpp
-- Installing: /home/go2/go2_ws/src/muse/muse_ros2/muse_ws/install/state_estimator_msgs/include/state_estimator_msgs/state_estimator_msgs/srv/detail/pause_estimator__traits.hpp
-- Installing: /home/go2/go2_ws/src/muse/muse_ros2/muse_ws/install/state_estimator_msgs/include/state_estimator_msgs/state_estimator_msgs/srv/detail/get_active_estimators__builder.hpp
-- Installing: /home/go2/go2_ws/src/muse/muse_ros2/muse_ws/install/state_estimator_msgs/include/state_estimator_msgs/state_estimator_msgs/srv/detail/get_blacklist__builder.hpp
-- Installing: /home/go2/go2_ws/src/muse/muse_ros2/muse_ws/install/state_estimator_msgs/include/state_estimator_msgs/state_estimator_msgs/srv/detail/pause_estimator__struct.hpp
-- Installing: /home/go2/go2_ws/src/muse/muse_ros2/muse_ws/install/state_estimator_msgs/include/state_estimator_msgs/state_estimator_msgs/srv/detail/get_active_estimators__struct.hpp
-- Installing: /home/go2/go2_ws/src/muse/muse_ros2/muse_ws/install/state_estimator_msgs/include/state_estimator_msgs/state_estimator_msgs/srv/detail/stop_estimator__type_support.hpp
-- Installing: /home/go2/go2_ws/src/muse/muse_ros2/muse_ws/install/state_estimator_msgs/include/state_estimator_msgs/state_estimator_msgs/srv/detail/restart_estimator__struct.hpp
-- Installing: /home/go2/go2_ws/src/muse/muse_ros2/muse_ws/install/state_estimator_msgs/include/state_estimator_msgs/state_estimator_msgs/srv/detail/get_whitelist__builder.hpp
-- Installing: /home/go2/go2_ws/src/muse/muse_ros2/muse_ws/install/state_estimator_msgs/include/state_estimator_msgs/state_estimator_msgs/srv/detail/list_all_estimators__traits.hpp
-- Installing: /home/go2/go2_ws/src/muse/muse_ros2/muse_ws/install/state_estimator_msgs/include/state_estimator_msgs/state_estimator_msgs/srv/detail/get_estimator_description__struct.hpp
-- Installing: /home/go2/go2_ws/src/muse/muse_ros2/muse_ws/install/state_estimator_msgs/include/state_estimator_msgs/state_estimator_msgs/srv/detail/list_all_estimators__builder.hpp
-- Installing: /home/go2/go2_ws/src/muse/muse_ros2/muse_ws/install/state_estimator_msgs/include/state_estimator_msgs/state_estimator_msgs/srv/detail/resume_estimator__traits.hpp
-- Installing: /home/go2/go2_ws/src/muse/muse_ros2/muse_ws/install/state_estimator_msgs/include/state_estimator_msgs/state_estimator_msgs/srv/pause_estimator.hpp
-- Installing: /home/go2/go2_ws/src/muse/muse_ros2/muse_ws/install/state_estimator_msgs/include/state_estimator_msgs/state_estimator_msgs/srv/stop_estimator.hpp
-- Installing: /home/go2/go2_ws/src/muse/muse_ros2/muse_ws/install/state_estimator_msgs/include/state_estimator_msgs/state_estimator_msgs/srv/reset_estimator.hpp
-- Installing: /home/go2/go2_ws/src/muse/muse_ros2/muse_ws/install/state_estimator_msgs/include/state_estimator_msgs/state_estimator_msgs/srv/get_estimator_description.hpp
-- Installing: /home/go2/go2_ws/src/muse/muse_ros2/muse_ws/install/state_estimator_msgs/include/state_estimator_msgs/state_estimator_msgs/srv/list_all_estimators.hpp
-- Up-to-date: /home/go2/go2_ws/src/muse/muse_ros2/muse_ws/install/state_estimator_msgs/include/state_estimator_msgs/state_estimator_msgs/msg
-- Installing: /home/go2/go2_ws/src/muse/muse_ros2/muse_ws/install/state_estimator_msgs/include/state_estimator_msgs/state_estimator_msgs/msg/joint_state_with_acceleration.hpp
-- Installing: /home/go2/go2_ws/src/muse/muse_ros2/muse_ws/install/state_estimator_msgs/include/state_estimator_msgs/state_estimator_msgs/msg/leg_odometry.hpp
-- Installing: /home/go2/go2_ws/src/muse/muse_ros2/muse_ws/install/state_estimator_msgs/include/state_estimator_msgs/state_estimator_msgs/msg/rosidl_generator_cpp__visibility_control.hpp
-- Installing: /home/go2/go2_ws/src/muse/muse_ros2/muse_ws/install/state_estimator_msgs/include/state_estimator_msgs/state_estimator_msgs/msg/attitude.hpp
-- Installing: /home/go2/go2_ws/src/muse/muse_ros2/muse_ws/install/state_estimator_msgs/include/state_estimator_msgs/state_estimator_msgs/msg/sensor_fusion.hpp
-- Up-to-date: /home/go2/go2_ws/src/muse/muse_ros2/muse_ws/install/state_estimator_msgs/include/state_estimator_msgs/state_estimator_msgs/msg/detail
-- Installing: /home/go2/go2_ws/src/muse/muse_ros2/muse_ws/install/state_estimator_msgs/include/state_estimator_msgs/state_estimator_msgs/msg/detail/contact_detection__struct.hpp
-- Installing: /home/go2/go2_ws/src/muse/muse_ros2/muse_ws/install/state_estimator_msgs/include/state_estimator_msgs/state_estimator_msgs/msg/detail/attitude__traits.hpp
-- Installing: /home/go2/go2_ws/src/muse/muse_ros2/muse_ws/install/state_estimator_msgs/include/state_estimator_msgs/state_estimator_msgs/msg/detail/sensor_fusion__struct.hpp
-- Installing: /home/go2/go2_ws/src/muse/muse_ros2/muse_ws/install/state_estimator_msgs/include/state_estimator_msgs/state_estimator_msgs/msg/detail/contact_detection__traits.hpp
-- Installing: /home/go2/go2_ws/src/muse/muse_ros2/muse_ws/install/state_estimator_msgs/include/state_estimator_msgs/state_estimator_msgs/msg/detail/leg_odometry__builder.hpp
-- Installing: /home/go2/go2_ws/src/muse/muse_ros2/muse_ws/install/state_estimator_msgs/include/state_estimator_msgs/state_estimator_msgs/msg/detail/leg_odometry__traits.hpp
-- Installing: /home/go2/go2_ws/src/muse/muse_ros2/muse_ws/install/state_estimator_msgs/include/state_estimator_msgs/state_estimator_msgs/msg/detail/leg_odometry__type_support.hpp
-- Installing: /home/go2/go2_ws/src/muse/muse_ros2/muse_ws/install/state_estimator_msgs/include/state_estimator_msgs/state_estimator_msgs/msg/detail/joint_state_with_acceleration__builder.hpp
-- Installing: /home/go2/go2_ws/src/muse/muse_ros2/muse_ws/install/state_estimator_msgs/include/state_estimator_msgs/state_estimator_msgs/msg/detail/joint_state_with_acceleration__traits.hpp
-- Installing: /home/go2/go2_ws/src/muse/muse_ros2/muse_ws/install/state_estimator_msgs/include/state_estimator_msgs/state_estimator_msgs/msg/detail/leg_odometry__struct.hpp
-- Installing: /home/go2/go2_ws/src/muse/muse_ros2/muse_ws/install/state_estimator_msgs/include/state_estimator_msgs/state_estimator_msgs/msg/detail/sensor_fusion__type_support.hpp
-- Installing: /home/go2/go2_ws/src/muse/muse_ros2/muse_ws/install/state_estimator_msgs/include/state_estimator_msgs/state_estimator_msgs/msg/detail/contact_detection__builder.hpp
-- Installing: /home/go2/go2_ws/src/muse/muse_ros2/muse_ws/install/state_estimator_msgs/include/state_estimator_msgs/state_estimator_msgs/msg/detail/joint_state_with_acceleration__type_support.hpp
-- Installing: /home/go2/go2_ws/src/muse/muse_ros2/muse_ws/install/state_estimator_msgs/include/state_estimator_msgs/state_estimator_msgs/msg/detail/attitude__builder.hpp
-- Installing: /home/go2/go2_ws/src/muse/muse_ros2/muse_ws/install/state_estimator_msgs/include/state_estimator_msgs/state_estimator_msgs/msg/detail/joint_state_with_acceleration__struct.hpp
-- Installing: /home/go2/go2_ws/src/muse/muse_ros2/muse_ws/install/state_estimator_msgs/include/state_estimator_msgs/state_estimator_msgs/msg/detail/contact_detection__type_support.hpp
-- Installing: /home/go2/go2_ws/src/muse/muse_ros2/muse_ws/install/state_estimator_msgs/include/state_estimator_msgs/state_estimator_msgs/msg/detail/attitude__type_support.hpp
-- Installing: /home/go2/go2_ws/src/muse/muse_ros2/muse_ws/install/state_estimator_msgs/include/state_estimator_msgs/state_estimator_msgs/msg/detail/attitude__struct.hpp
-- Installing: /home/go2/go2_ws/src/muse/muse_ros2/muse_ws/install/state_estimator_msgs/include/state_estimator_msgs/state_estimator_msgs/msg/detail/sensor_fusion__traits.hpp
-- Installing: /home/go2/go2_ws/src/muse/muse_ros2/muse_ws/install/state_estimator_msgs/include/state_estimator_msgs/state_estimator_msgs/msg/detail/sensor_fusion__builder.hpp
-- Installing: /home/go2/go2_ws/src/muse/muse_ros2/muse_ws/install/state_estimator_msgs/include/state_estimator_msgs/state_estimator_msgs/msg/contact_detection.hpp
-- Up-to-date: /home/go2/go2_ws/src/muse/muse_ros2/muse_ws/install/state_estimator_msgs/include/state_estimator_msgs/state_estimator_msgs
-- Up-to-date: /home/go2/go2_ws/src/muse/muse_ros2/muse_ws/install/state_estimator_msgs/include/state_estimator_msgs/state_estimator_msgs/srv
-- Up-to-date: /home/go2/go2_ws/src/muse/muse_ros2/muse_ws/install/state_estimator_msgs/include/state_estimator_msgs/state_estimator_msgs/srv/detail
-- Installing: /home/go2/go2_ws/src/muse/muse_ros2/muse_ws/install/state_estimator_msgs/include/state_estimator_msgs/state_estimator_msgs/srv/detail/get_estimator_description__rosidl_typesupport_fastrtps_cpp.hpp
-- Installing: /home/go2/go2_ws/src/muse/muse_ros2/muse_ws/install/state_estimator_msgs/include/state_estimator_msgs/state_estimator_msgs/srv/detail/pause_estimator__rosidl_typesupport_fastrtps_cpp.hpp
-- Installing: /home/go2/go2_ws/src/muse/muse_ros2/muse_ws/install/state_estimator_msgs/include/state_estimator_msgs/state_estimator_msgs/srv/detail/restart_estimator__rosidl_typesupport_fastrtps_cpp.hpp
-- Installing: /home/go2/go2_ws/src/muse/muse_ros2/muse_ws/install/state_estimator_msgs/include/state_estimator_msgs/state_estimator_msgs/srv/detail/list_all_estimators__rosidl_typesupport_fastrtps_cpp.hpp
-- Installing: /home/go2/go2_ws/src/muse/muse_ros2/muse_ws/install/state_estimator_msgs/include/state_estimator_msgs/state_estimator_msgs/srv/detail/get_active_estimators__rosidl_typesupport_fastrtps_cpp.hpp
-- Installing: /home/go2/go2_ws/src/muse/muse_ros2/muse_ws/install/state_estimator_msgs/include/state_estimator_msgs/state_estimator_msgs/srv/detail/resume_estimator__rosidl_typesupport_fastrtps_cpp.hpp
-- Installing: /home/go2/go2_ws/src/muse/muse_ros2/muse_ws/install/state_estimator_msgs/include/state_estimator_msgs/state_estimator_msgs/srv/detail/dds_fastrtps
-- Installing: /home/go2/go2_ws/src/muse/muse_ros2/muse_ws/install/state_estimator_msgs/include/state_estimator_msgs/state_estimator_msgs/srv/detail/stop_estimator__rosidl_typesupport_fastrtps_cpp.hpp
-- Installing: /home/go2/go2_ws/src/muse/muse_ros2/muse_ws/install/state_estimator_msgs/include/state_estimator_msgs/state_estimator_msgs/srv/detail/start_estimator__rosidl_typesupport_fastrtps_cpp.hpp
-- Installing: /home/go2/go2_ws/src/muse/muse_ros2/muse_ws/install/state_estimator_msgs/include/state_estimator_msgs/state_estimator_msgs/srv/detail/get_whitelist__rosidl_typesupport_fastrtps_cpp.hpp
-- Installing: /home/go2/go2_ws/src/muse/muse_ros2/muse_ws/install/state_estimator_msgs/include/state_estimator_msgs/state_estimator_msgs/srv/detail/reset_estimator__rosidl_typesupport_fastrtps_cpp.hpp
-- Installing: /home/go2/go2_ws/src/muse/muse_ros2/muse_ws/install/state_estimator_msgs/include/state_estimator_msgs/state_estimator_msgs/srv/detail/get_blacklist__rosidl_typesupport_fastrtps_cpp.hpp
-- Up-to-date: /home/go2/go2_ws/src/muse/muse_ros2/muse_ws/install/state_estimator_msgs/include/state_estimator_msgs/state_estimator_msgs/msg
-- Installing: /home/go2/go2_ws/src/muse/muse_ros2/muse_ws/install/state_estimator_msgs/include/state_estimator_msgs/state_estimator_msgs/msg/rosidl_typesupport_fastrtps_cpp__visibility_control.h
-- Up-to-date: /home/go2/go2_ws/src/muse/muse_ros2/muse_ws/install/state_estimator_msgs/include/state_estimator_msgs/state_estimator_msgs/msg/detail
-- Installing: /home/go2/go2_ws/src/muse/muse_ros2/muse_ws/install/state_estimator_msgs/include/state_estimator_msgs/state_estimator_msgs/msg/detail/leg_odometry__rosidl_typesupport_fastrtps_cpp.hpp
-- Installing: /home/go2/go2_ws/src/muse/muse_ros2/muse_ws/install/state_estimator_msgs/include/state_estimator_msgs/state_estimator_msgs/msg/detail/dds_fastrtps
-- Installing: /home/go2/go2_ws/src/muse/muse_ros2/muse_ws/install/state_estimator_msgs/include/state_estimator_msgs/state_estimator_msgs/msg/detail/sensor_fusion__rosidl_typesupport_fastrtps_cpp.hpp
-- Installing: /home/go2/go2_ws/src/muse/muse_ros2/muse_ws/install/state_estimator_msgs/include/state_estimator_msgs/state_estimator_msgs/msg/detail/attitude__rosidl_typesupport_fastrtps_cpp.hpp
-- Installing: /home/go2/go2_ws/src/muse/muse_ros2/muse_ws/install/state_estimator_msgs/include/state_estimator_msgs/state_estimator_msgs/msg/detail/contact_detection__rosidl_typesupport_fastrtps_cpp.hpp
-- Installing: /home/go2/go2_ws/src/muse/muse_ros2/muse_ws/install/state_estimator_msgs/include/state_estimator_msgs/state_estimator_msgs/msg/detail/joint_state_with_acceleration__rosidl_typesupport_fastrtps_cpp.hpp
-- Installing: /home/go2/go2_ws/src/muse/muse_ros2/muse_ws/install/state_estimator_msgs/lib/libstate_estimator_msgs__rosidl_typesupport_fastrtps_cpp.so
-- Set runtime path of "/home/go2/go2_ws/src/muse/muse_ros2/muse_ws/install/state_estimator_msgs/lib/libstate_estimator_msgs__rosidl_typesupport_fastrtps_cpp.so" to ""
-- Up-to-date: /home/go2/go2_ws/src/muse/muse_ros2/muse_ws/install/state_estimator_msgs/include/state_estimator_msgs/state_estimator_msgs
-- Up-to-date: /home/go2/go2_ws/src/muse/muse_ros2/muse_ws/install/state_estimator_msgs/include/state_estimator_msgs/state_estimator_msgs/srv
-- Up-to-date: /home/go2/go2_ws/src/muse/muse_ros2/muse_ws/install/state_estimator_msgs/include/state_estimator_msgs/state_estimator_msgs/srv/detail
-- Installing: /home/go2/go2_ws/src/muse/muse_ros2/muse_ws/install/state_estimator_msgs/include/state_estimator_msgs/state_estimator_msgs/srv/detail/restart_estimator__rosidl_typesupport_introspection_c.h
-- Installing: /home/go2/go2_ws/src/muse/muse_ros2/muse_ws/install/state_estimator_msgs/include/state_estimator_msgs/state_estimator_msgs/srv/detail/resume_estimator__rosidl_typesupport_introspection_c.h
-- Installing: /home/go2/go2_ws/src/muse/muse_ros2/muse_ws/install/state_estimator_msgs/include/state_estimator_msgs/state_estimator_msgs/srv/detail/get_whitelist__rosidl_typesupport_introspection_c.h
-- Installing: /home/go2/go2_ws/src/muse/muse_ros2/muse_ws/install/state_estimator_msgs/include/state_estimator_msgs/state_estimator_msgs/srv/detail/get_active_estimators__rosidl_typesupport_introspection_c.h
-- Installing: /home/go2/go2_ws/src/muse/muse_ros2/muse_ws/install/state_estimator_msgs/include/state_estimator_msgs/state_estimator_msgs/srv/detail/reset_estimator__type_support.c
-- Installing: /home/go2/go2_ws/src/muse/muse_ros2/muse_ws/install/state_estimator_msgs/include/state_estimator_msgs/state_estimator_msgs/srv/detail/reset_estimator__rosidl_typesupport_introspection_c.h
-- Installing: /home/go2/go2_ws/src/muse/muse_ros2/muse_ws/install/state_estimator_msgs/include/state_estimator_msgs/state_estimator_msgs/srv/detail/restart_estimator__type_support.c
-- Installing: /home/go2/go2_ws/src/muse/muse_ros2/muse_ws/install/state_estimator_msgs/include/state_estimator_msgs/state_estimator_msgs/srv/detail/pause_estimator__type_support.c
-- Installing: /home/go2/go2_ws/src/muse/muse_ros2/muse_ws/install/state_estimator_msgs/include/state_estimator_msgs/state_estimator_msgs/srv/detail/get_blacklist__rosidl_typesupport_introspection_c.h
-- Installing: /home/go2/go2_ws/src/muse/muse_ros2/muse_ws/install/state_estimator_msgs/include/state_estimator_msgs/state_estimator_msgs/srv/detail/stop_estimator__type_support.c
-- Installing: /home/go2/go2_ws/src/muse/muse_ros2/muse_ws/install/state_estimator_msgs/include/state_estimator_msgs/state_estimator_msgs/srv/detail/get_active_estimators__type_support.c
-- Installing: /home/go2/go2_ws/src/muse/muse_ros2/muse_ws/install/state_estimator_msgs/include/state_estimator_msgs/state_estimator_msgs/srv/detail/get_blacklist__type_support.c
-- Installing: /home/go2/go2_ws/src/muse/muse_ros2/muse_ws/install/state_estimator_msgs/include/state_estimator_msgs/state_estimator_msgs/srv/detail/stop_estimator__rosidl_typesupport_introspection_c.h
-- Installing: /home/go2/go2_ws/src/muse/muse_ros2/muse_ws/install/state_estimator_msgs/include/state_estimator_msgs/state_estimator_msgs/srv/detail/start_estimator__type_support.c
-- Installing: /home/go2/go2_ws/src/muse/muse_ros2/muse_ws/install/state_estimator_msgs/include/state_estimator_msgs/state_estimator_msgs/srv/detail/get_estimator_description__rosidl_typesupport_introspection_c.h
-- Installing: /home/go2/go2_ws/src/muse/muse_ros2/muse_ws/install/state_estimator_msgs/include/state_estimator_msgs/state_estimator_msgs/srv/detail/list_all_estimators__rosidl_typesupport_introspection_c.h
-- Installing: /home/go2/go2_ws/src/muse/muse_ros2/muse_ws/install/state_estimator_msgs/include/state_estimator_msgs/state_estimator_msgs/srv/detail/start_estimator__rosidl_typesupport_introspection_c.h
-- Installing: /home/go2/go2_ws/src/muse/muse_ros2/muse_ws/install/state_estimator_msgs/include/state_estimator_msgs/state_estimator_msgs/srv/detail/list_all_estimators__type_support.c
-- Installing: /home/go2/go2_ws/src/muse/muse_ros2/muse_ws/install/state_estimator_msgs/include/state_estimator_msgs/state_estimator_msgs/srv/detail/pause_estimator__rosidl_typesupport_introspection_c.h
-- Installing: /home/go2/go2_ws/src/muse/muse_ros2/muse_ws/install/state_estimator_msgs/include/state_estimator_msgs/state_estimator_msgs/srv/detail/get_whitelist__type_support.c
-- Installing: /home/go2/go2_ws/src/muse/muse_ros2/muse_ws/install/state_estimator_msgs/include/state_estimator_msgs/state_estimator_msgs/srv/detail/resume_estimator__type_support.c
-- Installing: /home/go2/go2_ws/src/muse/muse_ros2/muse_ws/install/state_estimator_msgs/include/state_estimator_msgs/state_estimator_msgs/srv/detail/get_estimator_description__type_support.c
-- Up-to-date: /home/go2/go2_ws/src/muse/muse_ros2/muse_ws/install/state_estimator_msgs/include/state_estimator_msgs/state_estimator_msgs/msg
-- Installing: /home/go2/go2_ws/src/muse/muse_ros2/muse_ws/install/state_estimator_msgs/include/state_estimator_msgs/state_estimator_msgs/msg/rosidl_typesupport_introspection_c__visibility_control.h
-- Up-to-date: /home/go2/go2_ws/src/muse/muse_ros2/muse_ws/install/state_estimator_msgs/include/state_estimator_msgs/state_estimator_msgs/msg/detail
-- Installing: /home/go2/go2_ws/src/muse/muse_ros2/muse_ws/install/state_estimator_msgs/include/state_estimator_msgs/state_estimator_msgs/msg/detail/contact_detection__rosidl_typesupport_introspection_c.h
-- Installing: /home/go2/go2_ws/src/muse/muse_ros2/muse_ws/install/state_estimator_msgs/include/state_estimator_msgs/state_estimator_msgs/msg/detail/attitude__type_support.c
-- Installing: /home/go2/go2_ws/src/muse/muse_ros2/muse_ws/install/state_estimator_msgs/include/state_estimator_msgs/state_estimator_msgs/msg/detail/joint_state_with_acceleration__type_support.c
-- Installing: /home/go2/go2_ws/src/muse/muse_ros2/muse_ws/install/state_estimator_msgs/include/state_estimator_msgs/state_estimator_msgs/msg/detail/sensor_fusion__rosidl_typesupport_introspection_c.h
-- Installing: /home/go2/go2_ws/src/muse/muse_ros2/muse_ws/install/state_estimator_msgs/include/state_estimator_msgs/state_estimator_msgs/msg/detail/sensor_fusion__type_support.c
-- Installing: /home/go2/go2_ws/src/muse/muse_ros2/muse_ws/install/state_estimator_msgs/include/state_estimator_msgs/state_estimator_msgs/msg/detail/joint_state_with_acceleration__rosidl_typesupport_introspection_c.h
-- Installing: /home/go2/go2_ws/src/muse/muse_ros2/muse_ws/install/state_estimator_msgs/include/state_estimator_msgs/state_estimator_msgs/msg/detail/leg_odometry__type_support.c
-- Installing: /home/go2/go2_ws/src/muse/muse_ros2/muse_ws/install/state_estimator_msgs/include/state_estimator_msgs/state_estimator_msgs/msg/detail/attitude__rosidl_typesupport_introspection_c.h
-- Installing: /home/go2/go2_ws/src/muse/muse_ros2/muse_ws/install/state_estimator_msgs/include/state_estimator_msgs/state_estimator_msgs/msg/detail/contact_detection__type_support.c
-- Installing: /home/go2/go2_ws/src/muse/muse_ros2/muse_ws/install/state_estimator_msgs/include/state_estimator_msgs/state_estimator_msgs/msg/detail/leg_odometry__rosidl_typesupport_introspection_c.h
-- Installing: /home/go2/go2_ws/src/muse/muse_ros2/muse_ws/install/state_estimator_msgs/lib/libstate_estimator_msgs__rosidl_typesupport_introspection_c.so
-- Set runtime path of "/home/go2/go2_ws/src/muse/muse_ros2/muse_ws/install/state_estimator_msgs/lib/libstate_estimator_msgs__rosidl_typesupport_introspection_c.so" to ""
-- Installing: /home/go2/go2_ws/src/muse/muse_ros2/muse_ws/install/state_estimator_msgs/lib/libstate_estimator_msgs__rosidl_typesupport_c.so
-- Set runtime path of "/home/go2/go2_ws/src/muse/muse_ros2/muse_ws/install/state_estimator_msgs/lib/libstate_estimator_msgs__rosidl_typesupport_c.so" to ""
-- Up-to-date: /home/go2/go2_ws/src/muse/muse_ros2/muse_ws/install/state_estimator_msgs/include/state_estimator_msgs/state_estimator_msgs
-- Up-to-date: /home/go2/go2_ws/src/muse/muse_ros2/muse_ws/install/state_estimator_msgs/include/state_estimator_msgs/state_estimator_msgs/srv
-- Up-to-date: /home/go2/go2_ws/src/muse/muse_ros2/muse_ws/install/state_estimator_msgs/include/state_estimator_msgs/state_estimator_msgs/srv/detail
-- Installing: /home/go2/go2_ws/src/muse/muse_ros2/muse_ws/install/state_estimator_msgs/include/state_estimator_msgs/state_estimator_msgs/srv/detail/get_active_estimators__type_support.cpp
-- Installing: /home/go2/go2_ws/src/muse/muse_ros2/muse_ws/install/state_estimator_msgs/include/state_estimator_msgs/state_estimator_msgs/srv/detail/restart_estimator__rosidl_typesupport_introspection_cpp.hpp
-- Installing: /home/go2/go2_ws/src/muse/muse_ros2/muse_ws/install/state_estimator_msgs/include/state_estimator_msgs/state_estimator_msgs/srv/detail/stop_estimator__type_support.cpp
-- Installing: /home/go2/go2_ws/src/muse/muse_ros2/muse_ws/install/state_estimator_msgs/include/state_estimator_msgs/state_estimator_msgs/srv/detail/get_estimator_description__rosidl_typesupport_introspection_cpp.hpp
-- Installing: /home/go2/go2_ws/src/muse/muse_ros2/muse_ws/install/state_estimator_msgs/include/state_estimator_msgs/state_estimator_msgs/srv/detail/get_estimator_description__type_support.cpp
-- Installing: /home/go2/go2_ws/src/muse/muse_ros2/muse_ws/install/state_estimator_msgs/include/state_estimator_msgs/state_estimator_msgs/srv/detail/list_all_estimators__type_support.cpp
-- Installing: /home/go2/go2_ws/src/muse/muse_ros2/muse_ws/install/state_estimator_msgs/include/state_estimator_msgs/state_estimator_msgs/srv/detail/get_active_estimators__rosidl_typesupport_introspection_cpp.hpp
-- Installing: /home/go2/go2_ws/src/muse/muse_ros2/muse_ws/install/state_estimator_msgs/include/state_estimator_msgs/state_estimator_msgs/srv/detail/pause_estimator__rosidl_typesupport_introspection_cpp.hpp
-- Installing: /home/go2/go2_ws/src/muse/muse_ros2/muse_ws/install/state_estimator_msgs/include/state_estimator_msgs/state_estimator_msgs/srv/detail/start_estimator__type_support.cpp
-- Installing: /home/go2/go2_ws/src/muse/muse_ros2/muse_ws/install/state_estimator_msgs/include/state_estimator_msgs/state_estimator_msgs/srv/detail/get_blacklist__rosidl_typesupport_introspection_cpp.hpp
-- Installing: /home/go2/go2_ws/src/muse/muse_ros2/muse_ws/install/state_estimator_msgs/include/state_estimator_msgs/state_estimator_msgs/srv/detail/reset_estimator__type_support.cpp
-- Installing: /home/go2/go2_ws/src/muse/muse_ros2/muse_ws/install/state_estimator_msgs/include/state_estimator_msgs/state_estimator_msgs/srv/detail/list_all_estimators__rosidl_typesupport_introspection_cpp.hpp
-- Installing: /home/go2/go2_ws/src/muse/muse_ros2/muse_ws/install/state_estimator_msgs/include/state_estimator_msgs/state_estimator_msgs/srv/detail/resume_estimator__type_support.cpp
-- Installing: /home/go2/go2_ws/src/muse/muse_ros2/muse_ws/install/state_estimator_msgs/include/state_estimator_msgs/state_estimator_msgs/srv/detail/get_blacklist__type_support.cpp
-- Installing: /home/go2/go2_ws/src/muse/muse_ros2/muse_ws/install/state_estimator_msgs/include/state_estimator_msgs/state_estimator_msgs/srv/detail/resume_estimator__rosidl_typesupport_introspection_cpp.hpp
-- Installing: /home/go2/go2_ws/src/muse/muse_ros2/muse_ws/install/state_estimator_msgs/include/state_estimator_msgs/state_estimator_msgs/srv/detail/stop_estimator__rosidl_typesupport_introspection_cpp.hpp
-- Installing: /home/go2/go2_ws/src/muse/muse_ros2/muse_ws/install/state_estimator_msgs/include/state_estimator_msgs/state_estimator_msgs/srv/detail/restart_estimator__type_support.cpp
-- Installing: /home/go2/go2_ws/src/muse/muse_ros2/muse_ws/install/state_estimator_msgs/include/state_estimator_msgs/state_estimator_msgs/srv/detail/start_estimator__rosidl_typesupport_introspection_cpp.hpp
-- Installing: /home/go2/go2_ws/src/muse/muse_ros2/muse_ws/install/state_estimator_msgs/include/state_estimator_msgs/state_estimator_msgs/srv/detail/reset_estimator__rosidl_typesupport_introspection_cpp.hpp
-- Installing: /home/go2/go2_ws/src/muse/muse_ros2/muse_ws/install/state_estimator_msgs/include/state_estimator_msgs/state_estimator_msgs/srv/detail/get_whitelist__type_support.cpp
-- Installing: /home/go2/go2_ws/src/muse/muse_ros2/muse_ws/install/state_estimator_msgs/include/state_estimator_msgs/state_estimator_msgs/srv/detail/get_whitelist__rosidl_typesupport_introspection_cpp.hpp
-- Installing: /home/go2/go2_ws/src/muse/muse_ros2/muse_ws/install/state_estimator_msgs/include/state_estimator_msgs/state_estimator_msgs/srv/detail/pause_estimator__type_support.cpp
-- Up-to-date: /home/go2/go2_ws/src/muse/muse_ros2/muse_ws/install/state_estimator_msgs/include/state_estimator_msgs/state_estimator_msgs/msg
-- Up-to-date: /home/go2/go2_ws/src/muse/muse_ros2/muse_ws/install/state_estimator_msgs/include/state_estimator_msgs/state_estimator_msgs/msg/detail
-- Installing: /home/go2/go2_ws/src/muse/muse_ros2/muse_ws/install/state_estimator_msgs/include/state_estimator_msgs/state_estimator_msgs/msg/detail/attitude__rosidl_typesupport_introspection_cpp.hpp
-- Installing: /home/go2/go2_ws/src/muse/muse_ros2/muse_ws/install/state_estimator_msgs/include/state_estimator_msgs/state_estimator_msgs/msg/detail/contact_detection__type_support.cpp
-- Installing: /home/go2/go2_ws/src/muse/muse_ros2/muse_ws/install/state_estimator_msgs/include/state_estimator_msgs/state_estimator_msgs/msg/detail/joint_state_with_acceleration__rosidl_typesupport_introspection_cpp.hpp
-- Installing: /home/go2/go2_ws/src/muse/muse_ros2/muse_ws/install/state_estimator_msgs/include/state_estimator_msgs/state_estimator_msgs/msg/detail/leg_odometry__type_support.cpp
-- Installing: /home/go2/go2_ws/src/muse/muse_ros2/muse_ws/install/state_estimator_msgs/include/state_estimator_msgs/state_estimator_msgs/msg/detail/contact_detection__rosidl_typesupport_introspection_cpp.hpp
-- Installing: /home/go2/go2_ws/src/muse/muse_ros2/muse_ws/install/state_estimator_msgs/include/state_estimator_msgs/state_estimator_msgs/msg/detail/sensor_fusion__rosidl_typesupport_introspection_cpp.hpp
-- Installing: /home/go2/go2_ws/src/muse/muse_ros2/muse_ws/install/state_estimator_msgs/include/state_estimator_msgs/state_estimator_msgs/msg/detail/sensor_fusion__type_support.cpp
-- Installing: /home/go2/go2_ws/src/muse/muse_ros2/muse_ws/install/state_estimator_msgs/include/state_estimator_msgs/state_estimator_msgs/msg/detail/leg_odometry__rosidl_typesupport_introspection_cpp.hpp
-- Installing: /home/go2/go2_ws/src/muse/muse_ros2/muse_ws/install/state_estimator_msgs/include/state_estimator_msgs/state_estimator_msgs/msg/detail/joint_state_with_acceleration__type_support.cpp
-- Installing: /home/go2/go2_ws/src/muse/muse_ros2/muse_ws/install/state_estimator_msgs/include/state_estimator_msgs/state_estimator_msgs/msg/detail/attitude__type_support.cpp
-- Installing: /home/go2/go2_ws/src/muse/muse_ros2/muse_ws/install/state_estimator_msgs/lib/libstate_estimator_msgs__rosidl_typesupport_introspection_cpp.so
-- Set runtime path of "/home/go2/go2_ws/src/muse/muse_ros2/muse_ws/install/state_estimator_msgs/lib/libstate_estimator_msgs__rosidl_typesupport_introspection_cpp.so" to ""
-- Installing: /home/go2/go2_ws/src/muse/muse_ros2/muse_ws/install/state_estimator_msgs/lib/libstate_estimator_msgs__rosidl_typesupport_cpp.so
-- Set runtime path of "/home/go2/go2_ws/src/muse/muse_ros2/muse_ws/install/state_estimator_msgs/lib/libstate_estimator_msgs__rosidl_typesupport_cpp.so" to ""
-- Installing: /home/go2/go2_ws/src/muse/muse_ros2/muse_ws/install/state_estimator_msgs/share/state_estimator_msgs/environment/pythonpath.sh
-- Installing: /home/go2/go2_ws/src/muse/muse_ros2/muse_ws/install/state_estimator_msgs/share/state_estimator_msgs/environment/pythonpath.dsv
-- Installing: /home/go2/go2_ws/src/muse/muse_ros2/muse_ws/install/state_estimator_msgs/local/lib/python3.10/dist-packages/state_estimator_msgs-0.0.1-py3.10.egg-info
-- Installing: /home/go2/go2_ws/src/muse/muse_ros2/muse_ws/install/state_estimator_msgs/local/lib/python3.10/dist-packages/state_estimator_msgs-0.0.1-py3.10.egg-info/top_level.txt
-- Installing: /home/go2/go2_ws/src/muse/muse_ros2/muse_ws/install/state_estimator_msgs/local/lib/python3.10/dist-packages/state_estimator_msgs-0.0.1-py3.10.egg-info/SOURCES.txt
-- Installing: /home/go2/go2_ws/src/muse/muse_ros2/muse_ws/install/state_estimator_msgs/local/lib/python3.10/dist-packages/state_estimator_msgs-0.0.1-py3.10.egg-info/PKG-INFO
-- Installing: /home/go2/go2_ws/src/muse/muse_ros2/muse_ws/install/state_estimator_msgs/local/lib/python3.10/dist-packages/state_estimator_msgs-0.0.1-py3.10.egg-info/dependency_links.txt
-- Installing: /home/go2/go2_ws/src/muse/muse_ros2/muse_ws/install/state_estimator_msgs/local/lib/python3.10/dist-packages/state_estimator_msgs
-- Installing: /home/go2/go2_ws/src/muse/muse_ros2/muse_ws/install/state_estimator_msgs/local/lib/python3.10/dist-packages/state_estimator_msgs/_state_estimator_msgs_s.ep.rosidl_typesupport_c.c
-- Installing: /home/go2/go2_ws/src/muse/muse_ros2/muse_ws/install/state_estimator_msgs/local/lib/python3.10/dist-packages/state_estimator_msgs/state_estimator_msgs_s__rosidl_typesupport_introspection_c.cpython-310-x86_64-linux-gnu.so
-- Installing: /home/go2/go2_ws/src/muse/muse_ros2/muse_ws/install/state_estimator_msgs/local/lib/python3.10/dist-packages/state_estimator_msgs/_state_estimator_msgs_s.ep.rosidl_typesupport_introspection_c.c
-- Installing: /home/go2/go2_ws/src/muse/muse_ros2/muse_ws/install/state_estimator_msgs/local/lib/python3.10/dist-packages/state_estimator_msgs/_state_estimator_msgs_s.ep.rosidl_typesupport_fastrtps_c.c
-- Installing: /home/go2/go2_ws/src/muse/muse_ros2/muse_ws/install/state_estimator_msgs/local/lib/python3.10/dist-packages/state_estimator_msgs/libstate_estimator_msgs__rosidl_generator_py.so
-- Installing: /home/go2/go2_ws/src/muse/muse_ros2/muse_ws/install/state_estimator_msgs/local/lib/python3.10/dist-packages/state_estimator_msgs/srv
-- Installing: /home/go2/go2_ws/src/muse/muse_ros2/muse_ws/install/state_estimator_msgs/local/lib/python3.10/dist-packages/state_estimator_msgs/srv/_resume_estimator.py
-- Installing: /home/go2/go2_ws/src/muse/muse_ros2/muse_ws/install/state_estimator_msgs/local/lib/python3.10/dist-packages/state_estimator_msgs/srv/_get_whitelist.py
-- Installing: /home/go2/go2_ws/src/muse/muse_ros2/muse_ws/install/state_estimator_msgs/local/lib/python3.10/dist-packages/state_estimator_msgs/srv/_start_estimator.py
-- Installing: /home/go2/go2_ws/src/muse/muse_ros2/muse_ws/install/state_estimator_msgs/local/lib/python3.10/dist-packages/state_estimator_msgs/srv/_stop_estimator_s.c
-- Installing: /home/go2/go2_ws/src/muse/muse_ros2/muse_ws/install/state_estimator_msgs/local/lib/python3.10/dist-packages/state_estimator_msgs/srv/_list_all_estimators.py
-- Installing: /home/go2/go2_ws/src/muse/muse_ros2/muse_ws/install/state_estimator_msgs/local/lib/python3.10/dist-packages/state_estimator_msgs/srv/_get_active_estimators.py
-- Installing: /home/go2/go2_ws/src/muse/muse_ros2/muse_ws/install/state_estimator_msgs/local/lib/python3.10/dist-packages/state_estimator_msgs/srv/_list_all_estimators_s.c
-- Installing: /home/go2/go2_ws/src/muse/muse_ros2/muse_ws/install/state_estimator_msgs/local/lib/python3.10/dist-packages/state_estimator_msgs/srv/_start_estimator_s.c
-- Installing: /home/go2/go2_ws/src/muse/muse_ros2/muse_ws/install/state_estimator_msgs/local/lib/python3.10/dist-packages/state_estimator_msgs/srv/_resume_estimator_s.c
-- Installing: /home/go2/go2_ws/src/muse/muse_ros2/muse_ws/install/state_estimator_msgs/local/lib/python3.10/dist-packages/state_estimator_msgs/srv/_get_blacklist_s.c
-- Installing: /home/go2/go2_ws/src/muse/muse_ros2/muse_ws/install/state_estimator_msgs/local/lib/python3.10/dist-packages/state_estimator_msgs/srv/_get_estimator_description.py
-- Installing: /home/go2/go2_ws/src/muse/muse_ros2/muse_ws/install/state_estimator_msgs/local/lib/python3.10/dist-packages/state_estimator_msgs/srv/_get_active_estimators_s.c
-- Installing: /home/go2/go2_ws/src/muse/muse_ros2/muse_ws/install/state_estimator_msgs/local/lib/python3.10/dist-packages/state_estimator_msgs/srv/_stop_estimator.py
-- Installing: /home/go2/go2_ws/src/muse/muse_ros2/muse_ws/install/state_estimator_msgs/local/lib/python3.10/dist-packages/state_estimator_msgs/srv/_restart_estimator.py
-- Installing: /home/go2/go2_ws/src/muse/muse_ros2/muse_ws/install/state_estimator_msgs/local/lib/python3.10/dist-packages/state_estimator_msgs/srv/_pause_estimator.py
-- Installing: /home/go2/go2_ws/src/muse/muse_ros2/muse_ws/install/state_estimator_msgs/local/lib/python3.10/dist-packages/state_estimator_msgs/srv/__init__.py
-- Installing: /home/go2/go2_ws/src/muse/muse_ros2/muse_ws/install/state_estimator_msgs/local/lib/python3.10/dist-packages/state_estimator_msgs/srv/_reset_estimator_s.c
-- Installing: /home/go2/go2_ws/src/muse/muse_ros2/muse_ws/install/state_estimator_msgs/local/lib/python3.10/dist-packages/state_estimator_msgs/srv/_get_blacklist.py
-- Installing: /home/go2/go2_ws/src/muse/muse_ros2/muse_ws/install/state_estimator_msgs/local/lib/python3.10/dist-packages/state_estimator_msgs/srv/_reset_estimator.py
-- Installing: /home/go2/go2_ws/src/muse/muse_ros2/muse_ws/install/state_estimator_msgs/local/lib/python3.10/dist-packages/state_estimator_msgs/srv/_restart_estimator_s.c
-- Installing: /home/go2/go2_ws/src/muse/muse_ros2/muse_ws/install/state_estimator_msgs/local/lib/python3.10/dist-packages/state_estimator_msgs/srv/_pause_estimator_s.c
-- Installing: /home/go2/go2_ws/src/muse/muse_ros2/muse_ws/install/state_estimator_msgs/local/lib/python3.10/dist-packages/state_estimator_msgs/srv/_get_estimator_description_s.c
-- Installing: /home/go2/go2_ws/src/muse/muse_ros2/muse_ws/install/state_estimator_msgs/local/lib/python3.10/dist-packages/state_estimator_msgs/srv/_get_whitelist_s.c
-- Installing: /home/go2/go2_ws/src/muse/muse_ros2/muse_ws/install/state_estimator_msgs/local/lib/python3.10/dist-packages/state_estimator_msgs/__init__.py
-- Installing: /home/go2/go2_ws/src/muse/muse_ros2/muse_ws/install/state_estimator_msgs/local/lib/python3.10/dist-packages/state_estimator_msgs/state_estimator_msgs_s__rosidl_typesupport_fastrtps_c.cpython-310-x86_64-linux-gnu.so
-- Installing: /home/go2/go2_ws/src/muse/muse_ros2/muse_ws/install/state_estimator_msgs/local/lib/python3.10/dist-packages/state_estimator_msgs/msg
-- Installing: /home/go2/go2_ws/src/muse/muse_ros2/muse_ws/install/state_estimator_msgs/local/lib/python3.10/dist-packages/state_estimator_msgs/msg/_attitude.py
-- Installing: /home/go2/go2_ws/src/muse/muse_ros2/muse_ws/install/state_estimator_msgs/local/lib/python3.10/dist-packages/state_estimator_msgs/msg/_sensor_fusion.py
-- Installing: /home/go2/go2_ws/src/muse/muse_ros2/muse_ws/install/state_estimator_msgs/local/lib/python3.10/dist-packages/state_estimator_msgs/msg/_contact_detection.py
-- Installing: /home/go2/go2_ws/src/muse/muse_ros2/muse_ws/install/state_estimator_msgs/local/lib/python3.10/dist-packages/state_estimator_msgs/msg/_joint_state_with_acceleration_s.c
-- Installing: /home/go2/go2_ws/src/muse/muse_ros2/muse_ws/install/state_estimator_msgs/local/lib/python3.10/dist-packages/state_estimator_msgs/msg/_leg_odometry_s.c
-- Installing: /home/go2/go2_ws/src/muse/muse_ros2/muse_ws/install/state_estimator_msgs/local/lib/python3.10/dist-packages/state_estimator_msgs/msg/_leg_odometry.py
-- Installing: /home/go2/go2_ws/src/muse/muse_ros2/muse_ws/install/state_estimator_msgs/local/lib/python3.10/dist-packages/state_estimator_msgs/msg/_joint_state_with_acceleration.py
-- Installing: /home/go2/go2_ws/src/muse/muse_ros2/muse_ws/install/state_estimator_msgs/local/lib/python3.10/dist-packages/state_estimator_msgs/msg/__init__.py
-- Installing: /home/go2/go2_ws/src/muse/muse_ros2/muse_ws/install/state_estimator_msgs/local/lib/python3.10/dist-packages/state_estimator_msgs/msg/_contact_detection_s.c
-- Installing: /home/go2/go2_ws/src/muse/muse_ros2/muse_ws/install/state_estimator_msgs/local/lib/python3.10/dist-packages/state_estimator_msgs/msg/_attitude_s.c
-- Installing: /home/go2/go2_ws/src/muse/muse_ros2/muse_ws/install/state_estimator_msgs/local/lib/python3.10/dist-packages/state_estimator_msgs/msg/_sensor_fusion_s.c
-- Installing: /home/go2/go2_ws/src/muse/muse_ros2/muse_ws/install/state_estimator_msgs/local/lib/python3.10/dist-packages/state_estimator_msgs/state_estimator_msgs_s__rosidl_typesupport_c.cpython-310-x86_64-linux-gnu.so
Listing '/home/go2/go2_ws/src/muse/muse_ros2/muse_ws/install/state_estimator_msgs/local/lib/python3.10/dist-packages/state_estimator_msgs'...
Compiling '/home/go2/go2_ws/src/muse/muse_ros2/muse_ws/install/state_estimator_msgs/local/lib/python3.10/dist-packages/state_estimator_msgs/__init__.py'...
Listing '/home/go2/go2_ws/src/muse/muse_ros2/muse_ws/install/state_estimator_msgs/local/lib/python3.10/dist-packages/state_estimator_msgs/msg'...
Compiling '/home/go2/go2_ws/src/muse/muse_ros2/muse_ws/install/state_estimator_msgs/local/lib/python3.10/dist-packages/state_estimator_msgs/msg/__init__.py'...
Compiling '/home/go2/go2_ws/src/muse/muse_ros2/muse_ws/install/state_estimator_msgs/local/lib/python3.10/dist-packages/state_estimator_msgs/msg/_attitude.py'...
Compiling '/home/go2/go2_ws/src/muse/muse_ros2/muse_ws/install/state_estimator_msgs/local/lib/python3.10/dist-packages/state_estimator_msgs/msg/_contact_detection.py'...
Compiling '/home/go2/go2_ws/src/muse/muse_ros2/muse_ws/install/state_estimator_msgs/local/lib/python3.10/dist-packages/state_estimator_msgs/msg/_joint_state_with_acceleration.py'...
Compiling '/home/go2/go2_ws/src/muse/muse_ros2/muse_ws/install/state_estimator_msgs/local/lib/python3.10/dist-packages/state_estimator_msgs/msg/_leg_odometry.py'...
Compiling '/home/go2/go2_ws/src/muse/muse_ros2/muse_ws/install/state_estimator_msgs/local/lib/python3.10/dist-packages/state_estimator_msgs/msg/_sensor_fusion.py'...
Listing '/home/go2/go2_ws/src/muse/muse_ros2/muse_ws/install/state_estimator_msgs/local/lib/python3.10/dist-packages/state_estimator_msgs/srv'...
Compiling '/home/go2/go2_ws/src/muse/muse_ros2/muse_ws/install/state_estimator_msgs/local/lib/python3.10/dist-packages/state_estimator_msgs/srv/__init__.py'...
Compiling '/home/go2/go2_ws/src/muse/muse_ros2/muse_ws/install/state_estimator_msgs/local/lib/python3.10/dist-packages/state_estimator_msgs/srv/_get_active_estimators.py'...
Compiling '/home/go2/go2_ws/src/muse/muse_ros2/muse_ws/install/state_estimator_msgs/local/lib/python3.10/dist-packages/state_estimator_msgs/srv/_get_blacklist.py'...
Compiling '/home/go2/go2_ws/src/muse/muse_ros2/muse_ws/install/state_estimator_msgs/local/lib/python3.10/dist-packages/state_estimator_msgs/srv/_get_estimator_description.py'...
Compiling '/home/go2/go2_ws/src/muse/muse_ros2/muse_ws/install/state_estimator_msgs/local/lib/python3.10/dist-packages/state_estimator_msgs/srv/_get_whitelist.py'...
Compiling '/home/go2/go2_ws/src/muse/muse_ros2/muse_ws/install/state_estimator_msgs/local/lib/python3.10/dist-packages/state_estimator_msgs/srv/_list_all_estimators.py'...
Compiling '/home/go2/go2_ws/src/muse/muse_ros2/muse_ws/install/state_estimator_msgs/local/lib/python3.10/dist-packages/state_estimator_msgs/srv/_pause_estimator.py'...
Compiling '/home/go2/go2_ws/src/muse/muse_ros2/muse_ws/install/state_estimator_msgs/local/lib/python3.10/dist-packages/state_estimator_msgs/srv/_reset_estimator.py'...
Compiling '/home/go2/go2_ws/src/muse/muse_ros2/muse_ws/install/state_estimator_msgs/local/lib/python3.10/dist-packages/state_estimator_msgs/srv/_restart_estimator.py'...
Compiling '/home/go2/go2_ws/src/muse/muse_ros2/muse_ws/install/state_estimator_msgs/local/lib/python3.10/dist-packages/state_estimator_msgs/srv/_resume_estimator.py'...
Compiling '/home/go2/go2_ws/src/muse/muse_ros2/muse_ws/install/state_estimator_msgs/local/lib/python3.10/dist-packages/state_estimator_msgs/srv/_start_estimator.py'...
Compiling '/home/go2/go2_ws/src/muse/muse_ros2/muse_ws/install/state_estimator_msgs/local/lib/python3.10/dist-packages/state_estimator_msgs/srv/_stop_estimator.py'...
-- Installing: /home/go2/go2_ws/src/muse/muse_ros2/muse_ws/install/state_estimator_msgs/local/lib/python3.10/dist-packages/state_estimator_msgs/state_estimator_msgs_s__rosidl_typesupport_fastrtps_c.cpython-310-x86_64-linux-gnu.so
-- Set runtime path of "/home/go2/go2_ws/src/muse/muse_ros2/muse_ws/install/state_estimator_msgs/local/lib/python3.10/dist-packages/state_estimator_msgs/state_estimator_msgs_s__rosidl_typesupport_fastrtps_c.cpython-310-x86_64-linux-gnu.so" to ""
-- Installing: /home/go2/go2_ws/src/muse/muse_ros2/muse_ws/install/state_estimator_msgs/local/lib/python3.10/dist-packages/state_estimator_msgs/state_estimator_msgs_s__rosidl_typesupport_introspection_c.cpython-310-x86_64-linux-gnu.so
-- Set runtime path of "/home/go2/go2_ws/src/muse/muse_ros2/muse_ws/install/state_estimator_msgs/local/lib/python3.10/dist-packages/state_estimator_msgs/state_estimator_msgs_s__rosidl_typesupport_introspection_c.cpython-310-x86_64-linux-gnu.so" to ""
-- Installing: /home/go2/go2_ws/src/muse/muse_ros2/muse_ws/install/state_estimator_msgs/local/lib/python3.10/dist-packages/state_estimator_msgs/state_estimator_msgs_s__rosidl_typesupport_c.cpython-310-x86_64-linux-gnu.so
-- Set runtime path of "/home/go2/go2_ws/src/muse/muse_ros2/muse_ws/install/state_estimator_msgs/local/lib/python3.10/dist-packages/state_estimator_msgs/state_estimator_msgs_s__rosidl_typesupport_c.cpython-310-x86_64-linux-gnu.so" to ""
-- Installing: /home/go2/go2_ws/src/muse/muse_ros2/muse_ws/install/state_estimator_msgs/lib/libstate_estimator_msgs__rosidl_generator_py.so
-- Set runtime path of "/home/go2/go2_ws/src/muse/muse_ros2/muse_ws/install/state_estimator_msgs/lib/libstate_estimator_msgs__rosidl_generator_py.so" to ""
-- Installing: /home/go2/go2_ws/src/muse/muse_ros2/muse_ws/install/state_estimator_msgs/share/state_estimator_msgs/msg/Attitude.idl
-- Installing: /home/go2/go2_ws/src/muse/muse_ros2/muse_ws/install/state_estimator_msgs/share/state_estimator_msgs/msg/ContactDetection.idl
-- Installing: /home/go2/go2_ws/src/muse/muse_ros2/muse_ws/install/state_estimator_msgs/share/state_estimator_msgs/msg/LegOdometry.idl
-- Installing: /home/go2/go2_ws/src/muse/muse_ros2/muse_ws/install/state_estimator_msgs/share/state_estimator_msgs/msg/SensorFusion.idl
-- Installing: /home/go2/go2_ws/src/muse/muse_ros2/muse_ws/install/state_estimator_msgs/share/state_estimator_msgs/msg/JointStateWithAcceleration.idl
-- Installing: /home/go2/go2_ws/src/muse/muse_ros2/muse_ws/install/state_estimator_msgs/share/state_estimator_msgs/srv/GetActiveEstimators.idl
-- Installing: /home/go2/go2_ws/src/muse/muse_ros2/muse_ws/install/state_estimator_msgs/share/state_estimator_msgs/srv/GetBlacklist.idl
-- Installing: /home/go2/go2_ws/src/muse/muse_ros2/muse_ws/install/state_estimator_msgs/share/state_estimator_msgs/srv/GetEstimatorDescription.idl
-- Installing: /home/go2/go2_ws/src/muse/muse_ros2/muse_ws/install/state_estimator_msgs/share/state_estimator_msgs/srv/GetWhitelist.idl
-- Installing: /home/go2/go2_ws/src/muse/muse_ros2/muse_ws/install/state_estimator_msgs/share/state_estimator_msgs/srv/ListAllEstimators.idl
-- Installing: /home/go2/go2_ws/src/muse/muse_ros2/muse_ws/install/state_estimator_msgs/share/state_estimator_msgs/srv/PauseEstimator.idl
-- Installing: /home/go2/go2_ws/src/muse/muse_ros2/muse_ws/install/state_estimator_msgs/share/state_estimator_msgs/srv/ResetEstimator.idl
-- Installing: /home/go2/go2_ws/src/muse/muse_ros2/muse_ws/install/state_estimator_msgs/share/state_estimator_msgs/srv/RestartEstimator.idl
-- Installing: /home/go2/go2_ws/src/muse/muse_ros2/muse_ws/install/state_estimator_msgs/share/state_estimator_msgs/srv/ResumeEstimator.idl
-- Installing: /home/go2/go2_ws/src/muse/muse_ros2/muse_ws/install/state_estimator_msgs/share/state_estimator_msgs/srv/StartEstimator.idl
-- Installing: /home/go2/go2_ws/src/muse/muse_ros2/muse_ws/install/state_estimator_msgs/share/state_estimator_msgs/srv/StopEstimator.idl
-- Installing: /home/go2/go2_ws/src/muse/muse_ros2/muse_ws/install/state_estimator_msgs/share/state_estimator_msgs/msg/Attitude.msg
-- Installing: /home/go2/go2_ws/src/muse/muse_ros2/muse_ws/install/state_estimator_msgs/share/state_estimator_msgs/msg/ContactDetection.msg
-- Installing: /home/go2/go2_ws/src/muse/muse_ros2/muse_ws/install/state_estimator_msgs/share/state_estimator_msgs/msg/LegOdometry.msg
-- Installing: /home/go2/go2_ws/src/muse/muse_ros2/muse_ws/install/state_estimator_msgs/share/state_estimator_msgs/msg/SensorFusion.msg
-- Installing: /home/go2/go2_ws/src/muse/muse_ros2/muse_ws/install/state_estimator_msgs/share/state_estimator_msgs/msg/JointStateWithAcceleration.msg
-- Installing: /home/go2/go2_ws/src/muse/muse_ros2/muse_ws/install/state_estimator_msgs/share/state_estimator_msgs/srv/GetActiveEstimators.srv
-- Installing: /home/go2/go2_ws/src/muse/muse_ros2/muse_ws/install/state_estimator_msgs/share/state_estimator_msgs/srv/GetActiveEstimators_Request.msg
-- Installing: /home/go2/go2_ws/src/muse/muse_ros2/muse_ws/install/state_estimator_msgs/share/state_estimator_msgs/srv/GetActiveEstimators_Response.msg
-- Installing: /home/go2/go2_ws/src/muse/muse_ros2/muse_ws/install/state_estimator_msgs/share/state_estimator_msgs/srv/GetBlacklist.srv
-- Installing: /home/go2/go2_ws/src/muse/muse_ros2/muse_ws/install/state_estimator_msgs/share/state_estimator_msgs/srv/GetBlacklist_Request.msg
-- Installing: /home/go2/go2_ws/src/muse/muse_ros2/muse_ws/install/state_estimator_msgs/share/state_estimator_msgs/srv/GetBlacklist_Response.msg
-- Installing: /home/go2/go2_ws/src/muse/muse_ros2/muse_ws/install/state_estimator_msgs/share/state_estimator_msgs/srv/GetEstimatorDescription.srv
-- Installing: /home/go2/go2_ws/src/muse/muse_ros2/muse_ws/install/state_estimator_msgs/share/state_estimator_msgs/srv/GetEstimatorDescription_Request.msg
-- Installing: /home/go2/go2_ws/src/muse/muse_ros2/muse_ws/install/state_estimator_msgs/share/state_estimator_msgs/srv/GetEstimatorDescription_Response.msg
-- Installing: /home/go2/go2_ws/src/muse/muse_ros2/muse_ws/install/state_estimator_msgs/share/state_estimator_msgs/srv/GetWhitelist.srv
-- Installing: /home/go2/go2_ws/src/muse/muse_ros2/muse_ws/install/state_estimator_msgs/share/state_estimator_msgs/srv/GetWhitelist_Request.msg
-- Installing: /home/go2/go2_ws/src/muse/muse_ros2/muse_ws/install/state_estimator_msgs/share/state_estimator_msgs/srv/GetWhitelist_Response.msg
-- Installing: /home/go2/go2_ws/src/muse/muse_ros2/muse_ws/install/state_estimator_msgs/share/state_estimator_msgs/srv/ListAllEstimators.srv
-- Installing: /home/go2/go2_ws/src/muse/muse_ros2/muse_ws/install/state_estimator_msgs/share/state_estimator_msgs/srv/ListAllEstimators_Request.msg
-- Installing: /home/go2/go2_ws/src/muse/muse_ros2/muse_ws/install/state_estimator_msgs/share/state_estimator_msgs/srv/ListAllEstimators_Response.msg
-- Installing: /home/go2/go2_ws/src/muse/muse_ros2/muse_ws/install/state_estimator_msgs/share/state_estimator_msgs/srv/PauseEstimator.srv
-- Installing: /home/go2/go2_ws/src/muse/muse_ros2/muse_ws/install/state_estimator_msgs/share/state_estimator_msgs/srv/PauseEstimator_Request.msg
-- Installing: /home/go2/go2_ws/src/muse/muse_ros2/muse_ws/install/state_estimator_msgs/share/state_estimator_msgs/srv/PauseEstimator_Response.msg
-- Installing: /home/go2/go2_ws/src/muse/muse_ros2/muse_ws/install/state_estimator_msgs/share/state_estimator_msgs/srv/ResetEstimator.srv
-- Installing: /home/go2/go2_ws/src/muse/muse_ros2/muse_ws/install/state_estimator_msgs/share/state_estimator_msgs/srv/ResetEstimator_Request.msg
-- Installing: /home/go2/go2_ws/src/muse/muse_ros2/muse_ws/install/state_estimator_msgs/share/state_estimator_msgs/srv/ResetEstimator_Response.msg
-- Installing: /home/go2/go2_ws/src/muse/muse_ros2/muse_ws/install/state_estimator_msgs/share/state_estimator_msgs/srv/RestartEstimator.srv
-- Installing: /home/go2/go2_ws/src/muse/muse_ros2/muse_ws/install/state_estimator_msgs/share/state_estimator_msgs/srv/RestartEstimator_Request.msg
-- Installing: /home/go2/go2_ws/src/muse/muse_ros2/muse_ws/install/state_estimator_msgs/share/state_estimator_msgs/srv/RestartEstimator_Response.msg
-- Installing: /home/go2/go2_ws/src/muse/muse_ros2/muse_ws/install/state_estimator_msgs/share/state_estimator_msgs/srv/ResumeEstimator.srv
-- Installing: /home/go2/go2_ws/src/muse/muse_ros2/muse_ws/install/state_estimator_msgs/share/state_estimator_msgs/srv/ResumeEstimator_Request.msg
-- Installing: /home/go2/go2_ws/src/muse/muse_ros2/muse_ws/install/state_estimator_msgs/share/state_estimator_msgs/srv/ResumeEstimator_Response.msg
-- Installing: /home/go2/go2_ws/src/muse/muse_ros2/muse_ws/install/state_estimator_msgs/share/state_estimator_msgs/srv/StartEstimator.srv
-- Installing: /home/go2/go2_ws/src/muse/muse_ros2/muse_ws/install/state_estimator_msgs/share/state_estimator_msgs/srv/StartEstimator_Request.msg
-- Installing: /home/go2/go2_ws/src/muse/muse_ros2/muse_ws/install/state_estimator_msgs/share/state_estimator_msgs/srv/StartEstimator_Response.msg
-- Installing: /home/go2/go2_ws/src/muse/muse_ros2/muse_ws/install/state_estimator_msgs/share/state_estimator_msgs/srv/StopEstimator.srv
-- Installing: /home/go2/go2_ws/src/muse/muse_ros2/muse_ws/install/state_estimator_msgs/share/state_estimator_msgs/srv/StopEstimator_Request.msg
-- Installing: /home/go2/go2_ws/src/muse/muse_ros2/muse_ws/install/state_estimator_msgs/share/state_estimator_msgs/srv/StopEstimator_Response.msg
-- Installing: /home/go2/go2_ws/src/muse/muse_ros2/muse_ws/install/state_estimator_msgs/share/ament_index/resource_index/package_run_dependencies/state_estimator_msgs
-- Installing: /home/go2/go2_ws/src/muse/muse_ros2/muse_ws/install/state_estimator_msgs/share/ament_index/resource_index/parent_prefix_path/state_estimator_msgs
-- Installing: /home/go2/go2_ws/src/muse/muse_ros2/muse_ws/install/state_estimator_msgs/share/state_estimator_msgs/environment/ament_prefix_path.sh
-- Installing: /home/go2/go2_ws/src/muse/muse_ros2/muse_ws/install/state_estimator_msgs/share/state_estimator_msgs/environment/ament_prefix_path.dsv
-- Installing: /home/go2/go2_ws/src/muse/muse_ros2/muse_ws/install/state_estimator_msgs/share/state_estimator_msgs/environment/path.sh
-- Installing: /home/go2/go2_ws/src/muse/muse_ros2/muse_ws/install/state_estimator_msgs/share/state_estimator_msgs/environment/path.dsv
-- Installing: /home/go2/go2_ws/src/muse/muse_ros2/muse_ws/install/state_estimator_msgs/share/state_estimator_msgs/local_setup.bash
-- Installing: /home/go2/go2_ws/src/muse/muse_ros2/muse_ws/install/state_estimator_msgs/share/state_estimator_msgs/local_setup.sh
-- Installing: /home/go2/go2_ws/src/muse/muse_ros2/muse_ws/install/state_estimator_msgs/share/state_estimator_msgs/local_setup.zsh
-- Installing: /home/go2/go2_ws/src/muse/muse_ros2/muse_ws/install/state_estimator_msgs/share/state_estimator_msgs/local_setup.dsv
-- Installing: /home/go2/go2_ws/src/muse/muse_ros2/muse_ws/install/state_estimator_msgs/share/state_estimator_msgs/package.dsv
-- Installing: /home/go2/go2_ws/src/muse/muse_ros2/muse_ws/install/state_estimator_msgs/share/ament_index/resource_index/packages/state_estimator_msgs
-- Installing: /home/go2/go2_ws/src/muse/muse_ros2/muse_ws/install/state_estimator_msgs/share/state_estimator_msgs/cmake/export_state_estimator_msgs__rosidl_generator_cExport.cmake
-- Installing: /home/go2/go2_ws/src/muse/muse_ros2/muse_ws/install/state_estimator_msgs/share/state_estimator_msgs/cmake/export_state_estimator_msgs__rosidl_generator_cExport-noconfig.cmake
-- Installing: /home/go2/go2_ws/src/muse/muse_ros2/muse_ws/install/state_estimator_msgs/share/state_estimator_msgs/cmake/export_state_estimator_msgs__rosidl_typesupport_fastrtps_cExport.cmake
-- Installing: /home/go2/go2_ws/src/muse/muse_ros2/muse_ws/install/state_estimator_msgs/share/state_estimator_msgs/cmake/export_state_estimator_msgs__rosidl_typesupport_fastrtps_cExport-noconfig.cmake
-- Installing: /home/go2/go2_ws/src/muse/muse_ros2/muse_ws/install/state_estimator_msgs/share/state_estimator_msgs/cmake/export_state_estimator_msgs__rosidl_generator_cppExport.cmake
-- Installing: /home/go2/go2_ws/src/muse/muse_ros2/muse_ws/install/state_estimator_msgs/share/state_estimator_msgs/cmake/export_state_estimator_msgs__rosidl_typesupport_fastrtps_cppExport.cmake
-- Installing: /home/go2/go2_ws/src/muse/muse_ros2/muse_ws/install/state_estimator_msgs/share/state_estimator_msgs/cmake/export_state_estimator_msgs__rosidl_typesupport_fastrtps_cppExport-noconfig.cmake
-- Installing: /home/go2/go2_ws/src/muse/muse_ros2/muse_ws/install/state_estimator_msgs/share/state_estimator_msgs/cmake/state_estimator_msgs__rosidl_typesupport_introspection_cExport.cmake
-- Installing: /home/go2/go2_ws/src/muse/muse_ros2/muse_ws/install/state_estimator_msgs/share/state_estimator_msgs/cmake/state_estimator_msgs__rosidl_typesupport_introspection_cExport-noconfig.cmake
-- Installing: /home/go2/go2_ws/src/muse/muse_ros2/muse_ws/install/state_estimator_msgs/share/state_estimator_msgs/cmake/state_estimator_msgs__rosidl_typesupport_cExport.cmake
-- Installing: /home/go2/go2_ws/src/muse/muse_ros2/muse_ws/install/state_estimator_msgs/share/state_estimator_msgs/cmake/state_estimator_msgs__rosidl_typesupport_cExport-noconfig.cmake
-- Installing: /home/go2/go2_ws/src/muse/muse_ros2/muse_ws/install/state_estimator_msgs/share/state_estimator_msgs/cmake/state_estimator_msgs__rosidl_typesupport_introspection_cppExport.cmake
-- Installing: /home/go2/go2_ws/src/muse/muse_ros2/muse_ws/install/state_estimator_msgs/share/state_estimator_msgs/cmake/state_estimator_msgs__rosidl_typesupport_introspection_cppExport-noconfig.cmake
-- Installing: /home/go2/go2_ws/src/muse/muse_ros2/muse_ws/install/state_estimator_msgs/share/state_estimator_msgs/cmake/state_estimator_msgs__rosidl_typesupport_cppExport.cmake
-- Installing: /home/go2/go2_ws/src/muse/muse_ros2/muse_ws/install/state_estimator_msgs/share/state_estimator_msgs/cmake/state_estimator_msgs__rosidl_typesupport_cppExport-noconfig.cmake
-- Installing: /home/go2/go2_ws/src/muse/muse_ros2/muse_ws/install/state_estimator_msgs/share/state_estimator_msgs/cmake/export_state_estimator_msgs__rosidl_generator_pyExport.cmake
-- Installing: /home/go2/go2_ws/src/muse/muse_ros2/muse_ws/install/state_estimator_msgs/share/state_estimator_msgs/cmake/export_state_estimator_msgs__rosidl_generator_pyExport-noconfig.cmake
-- Installing: /home/go2/go2_ws/src/muse/muse_ros2/muse_ws/install/state_estimator_msgs/share/state_estimator_msgs/cmake/rosidl_cmake-extras.cmake
-- Installing: /home/go2/go2_ws/src/muse/muse_ros2/muse_ws/install/state_estimator_msgs/share/state_estimator_msgs/cmake/ament_cmake_export_dependencies-extras.cmake
-- Installing: /home/go2/go2_ws/src/muse/muse_ros2/muse_ws/install/state_estimator_msgs/share/state_estimator_msgs/cmake/ament_cmake_export_include_directories-extras.cmake
-- Installing: /home/go2/go2_ws/src/muse/muse_ros2/muse_ws/install/state_estimator_msgs/share/state_estimator_msgs/cmake/ament_cmake_export_libraries-extras.cmake
-- Installing: /home/go2/go2_ws/src/muse/muse_ros2/muse_ws/install/state_estimator_msgs/share/state_estimator_msgs/cmake/ament_cmake_export_targets-extras.cmake
-- Installing: /home/go2/go2_ws/src/muse/muse_ros2/muse_ws/install/state_estimator_msgs/share/state_estimator_msgs/cmake/rosidl_cmake_export_typesupport_targets-extras.cmake
-- Installing: /home/go2/go2_ws/src/muse/muse_ros2/muse_ws/install/state_estimator_msgs/share/state_estimator_msgs/cmake/rosidl_cmake_export_typesupport_libraries-extras.cmake
-- Installing: /home/go2/go2_ws/src/muse/muse_ros2/muse_ws/install/state_estimator_msgs/share/state_estimator_msgs/cmake/state_estimator_msgsConfig.cmake
-- Installing: /home/go2/go2_ws/src/muse/muse_ros2/muse_ws/install/state_estimator_msgs/share/state_estimator_msgs/cmake/state_estimator_msgsConfig-version.cmake
-- Installing: /home/go2/go2_ws/src/muse/muse_ros2/muse_ws/install/state_estimator_msgs/share/state_estimator_msgs/package.xml
