[0.031s] Invoking command in '/home/go2/go2_ws/src/muse/muse_ros2/muse_ws/build/state_estimator_msgs': CMAKE_PREFIX_PATH=${CMAKE_PREFIX_PATH}:/opt/ros/humble /usr/bin/cmake /home/go2/go2_ws/src/muse/muse_ros2/muse_ws/src/state_estimator_msgs -DCMAKE_INSTALL_PREFIX=/home/go2/go2_ws/src/muse/muse_ros2/muse_ws/install/state_estimator_msgs
[0.220s] -- The C compiler identification is GNU 11.4.0
[0.529s] -- The CXX compiler identification is GNU 11.4.0
[0.700s] -- Detecting C compiler ABI info
[0.832s] -- Detecting C compiler ABI info - done
[0.840s] -- Check for working C compiler: /usr/bin/cc - skipped
[0.840s] -- Detecting C compile features
[0.840s] -- Detecting C compile features - done
[0.845s] -- Detecting CXX compiler ABI info
[0.973s] -- Detecting CXX compiler ABI info - done
[0.981s] -- Check for working CXX compiler: /usr/bin/c++ - skipped
[0.981s] -- Detecting CXX compile features
[0.982s] -- Detecting CXX compile features - done
[0.987s] -- Found ament_cmake: 1.3.12 (/opt/ros/humble/share/ament_cmake/cmake)
[1.159s] -- Found Python3: /usr/bin/python3 (found version "3.10.12") found components: Interpreter 
[1.255s] -- Found geometry_msgs: 4.9.0 (/opt/ros/humble/share/geometry_msgs/cmake)
[1.379s] -- Found rosidl_generator_c: 3.1.7 (/opt/ros/humble/share/rosidl_generator_c/cmake)
[1.385s] -- Found rosidl_adapter: 3.1.7 (/opt/ros/humble/share/rosidl_adapter/cmake)
[1.393s] -- Found rosidl_generator_cpp: 3.1.7 (/opt/ros/humble/share/rosidl_generator_cpp/cmake)
[1.408s] -- Using all available rosidl_typesupport_c: rosidl_typesupport_fastrtps_c;rosidl_typesupport_introspection_c
[1.426s] -- Using all available rosidl_typesupport_cpp: rosidl_typesupport_fastrtps_cpp;rosidl_typesupport_introspection_cpp
[1.468s] -- Found sensor_msgs: 4.9.0 (/opt/ros/humble/share/sensor_msgs/cmake)
[1.486s] -- Found rosidl_default_generators: 1.2.0 (/opt/ros/humble/share/rosidl_default_generators/cmake)
[1.996s] -- Found ament_cmake_ros: 0.10.0 (/opt/ros/humble/share/ament_cmake_ros/cmake)
[2.690s] -- Using all available rosidl_typesupport_c: rosidl_typesupport_fastrtps_c;rosidl_typesupport_introspection_c
[2.925s] -- Using all available rosidl_typesupport_cpp: rosidl_typesupport_fastrtps_cpp;rosidl_typesupport_introspection_cpp
[3.039s] -- Found PythonInterp: /usr/bin/python3 (found suitable version "3.10.12", minimum required is "3.6") 
[3.042s] -- Found python_cmake_module: 0.10.0 (/opt/ros/humble/share/python_cmake_module/cmake)
[3.332s] -- Found PythonLibs: /usr/lib/x86_64-linux-gnu/libpython3.10.so (found suitable version "3.10.12", minimum required is "3.5") 
[3.332s] -- Using PYTHON_EXECUTABLE: /usr/bin/python3
[3.332s] -- Using PYTHON_INCLUDE_DIRS: /usr/include/python3.10
[3.332s] -- Using PYTHON_LIBRARIES: /usr/lib/x86_64-linux-gnu/libpython3.10.so
[3.354s] -- Found PythonExtra: .so  
[3.487s] -- Configuring done
[3.603s] -- Generating done
[3.626s] -- Build files have been written to: /home/go2/go2_ws/src/muse/muse_ros2/muse_ws/build/state_estimator_msgs
[3.638s] Invoked command in '/home/go2/go2_ws/src/muse/muse_ros2/muse_ws/build/state_estimator_msgs' returned '0': CMAKE_PREFIX_PATH=${CMAKE_PREFIX_PATH}:/opt/ros/humble /usr/bin/cmake /home/go2/go2_ws/src/muse/muse_ros2/muse_ws/src/state_estimator_msgs -DCMAKE_INSTALL_PREFIX=/home/go2/go2_ws/src/muse/muse_ros2/muse_ws/install/state_estimator_msgs
[3.641s] Invoking command in '/home/go2/go2_ws/src/muse/muse_ros2/muse_ws/build/state_estimator_msgs': CMAKE_PREFIX_PATH=${CMAKE_PREFIX_PATH}:/opt/ros/humble /usr/bin/cmake --build /home/go2/go2_ws/src/muse/muse_ros2/muse_ws/build/state_estimator_msgs -- -j12 -l12
[3.698s] [  0%] [34m[1mGenerating C code for ROS interfaces[0m
[3.716s] [  0%] [34m[1mGenerating C++ code for ROS interfaces[0m
[3.723s] [  0%] Built target ament_cmake_python_copy_state_estimator_msgs
[4.088s] running egg_info
[4.089s] creating state_estimator_msgs.egg-info
[4.089s] writing state_estimator_msgs.egg-info/PKG-INFO
[4.090s] writing dependency_links to state_estimator_msgs.egg-info/dependency_links.txt
[4.090s] writing top-level names to state_estimator_msgs.egg-info/top_level.txt
[4.090s] writing manifest file 'state_estimator_msgs.egg-info/SOURCES.txt'
[4.093s] reading manifest file 'state_estimator_msgs.egg-info/SOURCES.txt'
[4.095s] writing manifest file 'state_estimator_msgs.egg-info/SOURCES.txt'
[4.135s] [  0%] Built target ament_cmake_python_build_state_estimator_msgs_egg
[5.697s] [  1%] [32mBuilding C object CMakeFiles/state_estimator_msgs__rosidl_generator_c.dir/rosidl_generator_c/state_estimator_msgs/msg/detail/attitude__functions.c.o[0m
[5.702s] [  2%] [32mBuilding C object CMakeFiles/state_estimator_msgs__rosidl_generator_c.dir/rosidl_generator_c/state_estimator_msgs/msg/detail/contact_detection__functions.c.o[0m
[5.703s] [  2%] [32mBuilding C object CMakeFiles/state_estimator_msgs__rosidl_generator_c.dir/rosidl_generator_c/state_estimator_msgs/msg/detail/leg_odometry__functions.c.o[0m
[5.709s] [  3%] [32mBuilding C object CMakeFiles/state_estimator_msgs__rosidl_generator_c.dir/rosidl_generator_c/state_estimator_msgs/msg/detail/sensor_fusion__functions.c.o[0m
[5.713s] [  4%] [32mBuilding C object CMakeFiles/state_estimator_msgs__rosidl_generator_c.dir/rosidl_generator_c/state_estimator_msgs/msg/detail/joint_state_with_acceleration__functions.c.o[0m
[5.722s] [  5%] [32mBuilding C object CMakeFiles/state_estimator_msgs__rosidl_generator_c.dir/rosidl_generator_c/state_estimator_msgs/srv/detail/get_blacklist__functions.c.o[0m
[5.728s] [  5%] [32mBuilding C object CMakeFiles/state_estimator_msgs__rosidl_generator_c.dir/rosidl_generator_c/state_estimator_msgs/srv/detail/get_active_estimators__functions.c.o[0m
[5.730s] [  6%] [32mBuilding C object CMakeFiles/state_estimator_msgs__rosidl_generator_c.dir/rosidl_generator_c/state_estimator_msgs/srv/detail/get_estimator_description__functions.c.o[0m
[5.732s] [  6%] Built target state_estimator_msgs__cpp
[5.743s] [  6%] [32mBuilding C object CMakeFiles/state_estimator_msgs__rosidl_generator_c.dir/rosidl_generator_c/state_estimator_msgs/srv/detail/get_whitelist__functions.c.o[0m
[5.756s] [  7%] [34m[1mGenerating C++ type support dispatch for ROS interfaces[0m
[5.756s] [  8%] [32mBuilding C object CMakeFiles/state_estimator_msgs__rosidl_generator_c.dir/rosidl_generator_c/state_estimator_msgs/srv/detail/list_all_estimators__functions.c.o[0m
[5.762s] [  9%] [34m[1mGenerating C++ type support for eProsima Fast-RTPS[0m
[5.839s] [ 10%] [32mBuilding C object CMakeFiles/state_estimator_msgs__rosidl_generator_c.dir/rosidl_generator_c/state_estimator_msgs/srv/detail/pause_estimator__functions.c.o[0m
[5.849s] [ 10%] [32mBuilding C object CMakeFiles/state_estimator_msgs__rosidl_generator_c.dir/rosidl_generator_c/state_estimator_msgs/srv/detail/reset_estimator__functions.c.o[0m
[5.854s] [ 10%] [34m[1mGenerating C++ introspection for ROS interfaces[0m
[5.859s] [ 10%] [32mBuilding C object CMakeFiles/state_estimator_msgs__rosidl_generator_c.dir/rosidl_generator_c/state_estimator_msgs/srv/detail/start_estimator__functions.c.o[0m
[5.863s] [ 11%] [32mBuilding C object CMakeFiles/state_estimator_msgs__rosidl_generator_c.dir/rosidl_generator_c/state_estimator_msgs/srv/detail/restart_estimator__functions.c.o[0m
[5.866s] [ 12%] [32mBuilding C object CMakeFiles/state_estimator_msgs__rosidl_generator_c.dir/rosidl_generator_c/state_estimator_msgs/srv/detail/resume_estimator__functions.c.o[0m
[5.868s] [ 13%] [32mBuilding C object CMakeFiles/state_estimator_msgs__rosidl_generator_c.dir/rosidl_generator_c/state_estimator_msgs/srv/detail/stop_estimator__functions.c.o[0m
[6.002s] [ 14%] [32m[1mLinking C shared library libstate_estimator_msgs__rosidl_generator_c.so[0m
[6.145s] [ 14%] Built target state_estimator_msgs__rosidl_generator_c
[6.162s] [ 16%] [34m[1mGenerating C introspection for ROS interfaces[0m
[6.162s] [ 16%] [34m[1mGenerating C type support for eProsima Fast-RTPS[0m
[6.163s] [ 17%] [34m[1mGenerating C type support dispatch for ROS interfaces[0m
[7.052s] [ 18%] [32mBuilding CXX object CMakeFiles/state_estimator_msgs__rosidl_typesupport_cpp.dir/rosidl_typesupport_cpp/state_estimator_msgs/msg/attitude__type_support.cpp.o[0m
[7.052s] [ 18%] [32mBuilding CXX object CMakeFiles/state_estimator_msgs__rosidl_typesupport_cpp.dir/rosidl_typesupport_cpp/state_estimator_msgs/msg/contact_detection__type_support.cpp.o[0m
[7.056s] [ 19%] [32mBuilding CXX object CMakeFiles/state_estimator_msgs__rosidl_typesupport_cpp.dir/rosidl_typesupport_cpp/state_estimator_msgs/msg/leg_odometry__type_support.cpp.o[0m
[7.062s] [ 19%] [32mBuilding CXX object CMakeFiles/state_estimator_msgs__rosidl_typesupport_cpp.dir/rosidl_typesupport_cpp/state_estimator_msgs/msg/joint_state_with_acceleration__type_support.cpp.o[0m
[7.062s] [ 20%] [32mBuilding CXX object CMakeFiles/state_estimator_msgs__rosidl_typesupport_cpp.dir/rosidl_typesupport_cpp/state_estimator_msgs/msg/sensor_fusion__type_support.cpp.o[0m
[7.069s] [ 21%] [32mBuilding CXX object CMakeFiles/state_estimator_msgs__rosidl_typesupport_cpp.dir/rosidl_typesupport_cpp/state_estimator_msgs/srv/get_active_estimators__type_support.cpp.o[0m
[7.081s] [ 22%] [32mBuilding CXX object CMakeFiles/state_estimator_msgs__rosidl_typesupport_cpp.dir/rosidl_typesupport_cpp/state_estimator_msgs/srv/get_blacklist__type_support.cpp.o[0m
[7.774s] [ 23%] [32mBuilding CXX object CMakeFiles/state_estimator_msgs__rosidl_typesupport_cpp.dir/rosidl_typesupport_cpp/state_estimator_msgs/srv/get_whitelist__type_support.cpp.o[0m
[7.774s] [ 23%] [32mBuilding CXX object CMakeFiles/state_estimator_msgs__rosidl_typesupport_cpp.dir/rosidl_typesupport_cpp/state_estimator_msgs/srv/get_estimator_description__type_support.cpp.o[0m
[7.802s] [ 23%] [32mBuilding CXX object CMakeFiles/state_estimator_msgs__rosidl_typesupport_c.dir/rosidl_typesupport_c/state_estimator_msgs/msg/attitude__type_support.cpp.o[0m
[7.818s] [ 24%] [32mBuilding CXX object CMakeFiles/state_estimator_msgs__rosidl_typesupport_c.dir/rosidl_typesupport_c/state_estimator_msgs/msg/contact_detection__type_support.cpp.o[0m
[7.892s] [ 25%] [32mBuilding CXX object CMakeFiles/state_estimator_msgs__rosidl_typesupport_cpp.dir/rosidl_typesupport_cpp/state_estimator_msgs/srv/list_all_estimators__type_support.cpp.o[0m
[7.903s] [ 26%] [32mBuilding CXX object CMakeFiles/state_estimator_msgs__rosidl_typesupport_c.dir/rosidl_typesupport_c/state_estimator_msgs/msg/leg_odometry__type_support.cpp.o[0m
[7.944s] [ 26%] [32mBuilding CXX object CMakeFiles/state_estimator_msgs__rosidl_typesupport_c.dir/rosidl_typesupport_c/state_estimator_msgs/msg/sensor_fusion__type_support.cpp.o[0m
[7.944s] [ 27%] [32mBuilding CXX object CMakeFiles/state_estimator_msgs__rosidl_typesupport_c.dir/rosidl_typesupport_c/state_estimator_msgs/msg/joint_state_with_acceleration__type_support.cpp.o[0m
[7.955s] [ 27%] [32mBuilding CXX object CMakeFiles/state_estimator_msgs__rosidl_typesupport_cpp.dir/rosidl_typesupport_cpp/state_estimator_msgs/srv/pause_estimator__type_support.cpp.o[0m
[7.973s] [ 28%] [32mBuilding CXX object CMakeFiles/state_estimator_msgs__rosidl_typesupport_cpp.dir/rosidl_typesupport_cpp/state_estimator_msgs/srv/reset_estimator__type_support.cpp.o[0m
[8.034s] [ 29%] [32mBuilding CXX object CMakeFiles/state_estimator_msgs__rosidl_typesupport_cpp.dir/rosidl_typesupport_cpp/state_estimator_msgs/srv/restart_estimator__type_support.cpp.o[0m
[8.079s] [ 30%] [32mBuilding CXX object CMakeFiles/state_estimator_msgs__rosidl_typesupport_c.dir/rosidl_typesupport_c/state_estimator_msgs/srv/get_active_estimators__type_support.cpp.o[0m
[8.096s] [ 30%] [32mBuilding CXX object CMakeFiles/state_estimator_msgs__rosidl_typesupport_cpp.dir/rosidl_typesupport_cpp/state_estimator_msgs/srv/resume_estimator__type_support.cpp.o[0m
[8.209s] [ 30%] [32mBuilding CXX object CMakeFiles/state_estimator_msgs__rosidl_typesupport_c.dir/rosidl_typesupport_c/state_estimator_msgs/srv/get_blacklist__type_support.cpp.o[0m
[8.328s] [ 31%] [32mBuilding CXX object CMakeFiles/state_estimator_msgs__rosidl_typesupport_c.dir/rosidl_typesupport_c/state_estimator_msgs/srv/get_estimator_description__type_support.cpp.o[0m
[8.378s] [ 32%] [32mBuilding CXX object CMakeFiles/state_estimator_msgs__rosidl_typesupport_c.dir/rosidl_typesupport_c/state_estimator_msgs/srv/get_whitelist__type_support.cpp.o[0m
[8.441s] [ 32%] [32mBuilding CXX object CMakeFiles/state_estimator_msgs__rosidl_typesupport_c.dir/rosidl_typesupport_c/state_estimator_msgs/srv/list_all_estimators__type_support.cpp.o[0m
[8.450s] [ 33%] [32mBuilding CXX object CMakeFiles/state_estimator_msgs__rosidl_typesupport_c.dir/rosidl_typesupport_c/state_estimator_msgs/srv/pause_estimator__type_support.cpp.o[0m
[8.472s] [ 34%] [32mBuilding CXX object CMakeFiles/state_estimator_msgs__rosidl_typesupport_cpp.dir/rosidl_typesupport_cpp/state_estimator_msgs/srv/start_estimator__type_support.cpp.o[0m
[8.523s] [ 35%] [32mBuilding CXX object CMakeFiles/state_estimator_msgs__rosidl_typesupport_cpp.dir/rosidl_typesupport_cpp/state_estimator_msgs/srv/stop_estimator__type_support.cpp.o[0m
[8.543s] [ 36%] [32mBuilding CXX object CMakeFiles/state_estimator_msgs__rosidl_typesupport_introspection_cpp.dir/rosidl_typesupport_introspection_cpp/state_estimator_msgs/msg/detail/attitude__type_support.cpp.o[0m
[8.548s] [ 37%] [32mBuilding CXX object CMakeFiles/state_estimator_msgs__rosidl_typesupport_c.dir/rosidl_typesupport_c/state_estimator_msgs/srv/reset_estimator__type_support.cpp.o[0m
[8.609s] [ 37%] [32mBuilding CXX object CMakeFiles/state_estimator_msgs__rosidl_typesupport_c.dir/rosidl_typesupport_c/state_estimator_msgs/srv/restart_estimator__type_support.cpp.o[0m
[8.663s] [ 38%] [32mBuilding CXX object CMakeFiles/state_estimator_msgs__rosidl_typesupport_introspection_cpp.dir/rosidl_typesupport_introspection_cpp/state_estimator_msgs/msg/detail/contact_detection__type_support.cpp.o[0m
[8.703s] [ 39%] [32mBuilding CXX object CMakeFiles/state_estimator_msgs__rosidl_typesupport_c.dir/rosidl_typesupport_c/state_estimator_msgs/srv/resume_estimator__type_support.cpp.o[0m
[8.736s] [ 40%] [32mBuilding CXX object CMakeFiles/state_estimator_msgs__rosidl_typesupport_fastrtps_cpp.dir/rosidl_typesupport_fastrtps_cpp/state_estimator_msgs/msg/detail/dds_fastrtps/attitude__type_support.cpp.o[0m
[8.738s] [ 40%] [32mBuilding CXX object CMakeFiles/state_estimator_msgs__rosidl_typesupport_introspection_cpp.dir/rosidl_typesupport_introspection_cpp/state_estimator_msgs/msg/detail/leg_odometry__type_support.cpp.o[0m
[8.762s] [ 41%] [32mBuilding CXX object CMakeFiles/state_estimator_msgs__rosidl_typesupport_introspection_cpp.dir/rosidl_typesupport_introspection_cpp/state_estimator_msgs/msg/detail/sensor_fusion__type_support.cpp.o[0m
[8.771s] [ 42%] [32mBuilding CXX object CMakeFiles/state_estimator_msgs__rosidl_typesupport_c.dir/rosidl_typesupport_c/state_estimator_msgs/srv/start_estimator__type_support.cpp.o[0m
[8.828s] [ 43%] [32mBuilding CXX object CMakeFiles/state_estimator_msgs__rosidl_typesupport_introspection_cpp.dir/rosidl_typesupport_introspection_cpp/state_estimator_msgs/msg/detail/joint_state_with_acceleration__type_support.cpp.o[0m
[8.834s] [ 43%] [32mBuilding CXX object CMakeFiles/state_estimator_msgs__rosidl_typesupport_fastrtps_cpp.dir/rosidl_typesupport_fastrtps_cpp/state_estimator_msgs/msg/detail/dds_fastrtps/contact_detection__type_support.cpp.o[0m
[8.912s] [ 44%] [32mBuilding C object CMakeFiles/state_estimator_msgs__rosidl_typesupport_introspection_c.dir/rosidl_typesupport_introspection_c/state_estimator_msgs/msg/detail/attitude__type_support.c.o[0m
[8.931s] [ 44%] [32mBuilding CXX object CMakeFiles/state_estimator_msgs__rosidl_typesupport_c.dir/rosidl_typesupport_c/state_estimator_msgs/srv/stop_estimator__type_support.cpp.o[0m
[9.017s] [ 44%] [32mBuilding CXX object CMakeFiles/state_estimator_msgs__rosidl_typesupport_fastrtps_c.dir/rosidl_typesupport_fastrtps_c/state_estimator_msgs/msg/detail/attitude__type_support_c.cpp.o[0m
[9.063s] [ 44%] [32mBuilding C object CMakeFiles/state_estimator_msgs__rosidl_typesupport_introspection_c.dir/rosidl_typesupport_introspection_c/state_estimator_msgs/msg/detail/contact_detection__type_support.c.o[0m
[9.070s] [ 45%] [32m[1mLinking CXX shared library libstate_estimator_msgs__rosidl_typesupport_c.so[0m
[9.140s] [ 46%] [32mBuilding C object CMakeFiles/state_estimator_msgs__rosidl_typesupport_introspection_c.dir/rosidl_typesupport_introspection_c/state_estimator_msgs/msg/detail/leg_odometry__type_support.c.o[0m
[9.159s] [ 46%] [32mBuilding CXX object CMakeFiles/state_estimator_msgs__rosidl_typesupport_introspection_cpp.dir/rosidl_typesupport_introspection_cpp/state_estimator_msgs/srv/detail/get_active_estimators__type_support.cpp.o[0m
[9.233s] [ 46%] [32m[1mLinking CXX shared library libstate_estimator_msgs__rosidl_typesupport_cpp.so[0m
[9.296s] [ 47%] [32mBuilding C object CMakeFiles/state_estimator_msgs__rosidl_typesupport_introspection_c.dir/rosidl_typesupport_introspection_c/state_estimator_msgs/msg/detail/sensor_fusion__type_support.c.o[0m
[9.404s] [ 47%] [32mBuilding C object CMakeFiles/state_estimator_msgs__rosidl_typesupport_introspection_c.dir/rosidl_typesupport_introspection_c/state_estimator_msgs/msg/detail/joint_state_with_acceleration__type_support.c.o[0m
[9.596s] [ 48%] [32mBuilding C object CMakeFiles/state_estimator_msgs__rosidl_typesupport_introspection_c.dir/rosidl_typesupport_introspection_c/state_estimator_msgs/srv/detail/get_active_estimators__type_support.c.o[0m
[9.624s] [ 49%] [32mBuilding CXX object CMakeFiles/state_estimator_msgs__rosidl_typesupport_fastrtps_c.dir/rosidl_typesupport_fastrtps_c/state_estimator_msgs/msg/detail/contact_detection__type_support_c.cpp.o[0m
[9.625s] [ 49%] Built target state_estimator_msgs__rosidl_typesupport_cpp
[9.650s] [ 50%] [32mBuilding C object CMakeFiles/state_estimator_msgs__rosidl_typesupport_introspection_c.dir/rosidl_typesupport_introspection_c/state_estimator_msgs/srv/detail/get_blacklist__type_support.c.o[0m
[9.672s] [ 50%] [32mBuilding C object CMakeFiles/state_estimator_msgs__rosidl_typesupport_introspection_c.dir/rosidl_typesupport_introspection_c/state_estimator_msgs/srv/detail/get_estimator_description__type_support.c.o[0m
[9.711s] [ 51%] [32mBuilding CXX object CMakeFiles/state_estimator_msgs__rosidl_typesupport_fastrtps_cpp.dir/rosidl_typesupport_fastrtps_cpp/state_estimator_msgs/msg/detail/dds_fastrtps/leg_odometry__type_support.cpp.o[0m
[9.712s] [ 52%] [32mBuilding CXX object CMakeFiles/state_estimator_msgs__rosidl_typesupport_introspection_cpp.dir/rosidl_typesupport_introspection_cpp/state_estimator_msgs/srv/detail/get_blacklist__type_support.cpp.o[0m
[9.757s] [ 53%] [32mBuilding CXX object CMakeFiles/state_estimator_msgs__rosidl_typesupport_fastrtps_cpp.dir/rosidl_typesupport_fastrtps_cpp/state_estimator_msgs/msg/detail/dds_fastrtps/sensor_fusion__type_support.cpp.o[0m
[9.765s] [ 53%] Built target state_estimator_msgs__rosidl_typesupport_c
[9.796s] [ 54%] [32mBuilding C object CMakeFiles/state_estimator_msgs__rosidl_typesupport_introspection_c.dir/rosidl_typesupport_introspection_c/state_estimator_msgs/srv/detail/get_whitelist__type_support.c.o[0m
[9.797s] [ 55%] [32mBuilding CXX object CMakeFiles/state_estimator_msgs__rosidl_typesupport_introspection_cpp.dir/rosidl_typesupport_introspection_cpp/state_estimator_msgs/srv/detail/get_estimator_description__type_support.cpp.o[0m
[9.801s] [ 56%] [32mBuilding CXX object CMakeFiles/state_estimator_msgs__rosidl_typesupport_fastrtps_c.dir/rosidl_typesupport_fastrtps_c/state_estimator_msgs/msg/detail/leg_odometry__type_support_c.cpp.o[0m
[9.826s] [ 56%] [32mBuilding CXX object CMakeFiles/state_estimator_msgs__rosidl_typesupport_introspection_cpp.dir/rosidl_typesupport_introspection_cpp/state_estimator_msgs/srv/detail/get_whitelist__type_support.cpp.o[0m
[9.876s] [ 57%] [32mBuilding CXX object CMakeFiles/state_estimator_msgs__rosidl_typesupport_introspection_cpp.dir/rosidl_typesupport_introspection_cpp/state_estimator_msgs/srv/detail/list_all_estimators__type_support.cpp.o[0m
[9.895s] [ 57%] [32mBuilding CXX object CMakeFiles/state_estimator_msgs__rosidl_typesupport_fastrtps_cpp.dir/rosidl_typesupport_fastrtps_cpp/state_estimator_msgs/msg/detail/dds_fastrtps/joint_state_with_acceleration__type_support.cpp.o[0m
[9.981s] [ 58%] [32mBuilding C object CMakeFiles/state_estimator_msgs__rosidl_typesupport_introspection_c.dir/rosidl_typesupport_introspection_c/state_estimator_msgs/srv/detail/list_all_estimators__type_support.c.o[0m
[10.119s] [ 59%] [32mBuilding CXX object CMakeFiles/state_estimator_msgs__rosidl_typesupport_fastrtps_cpp.dir/rosidl_typesupport_fastrtps_cpp/state_estimator_msgs/srv/detail/dds_fastrtps/get_active_estimators__type_support.cpp.o[0m
[10.133s] [ 59%] [32mBuilding C object CMakeFiles/state_estimator_msgs__rosidl_typesupport_introspection_c.dir/rosidl_typesupport_introspection_c/state_estimator_msgs/srv/detail/pause_estimator__type_support.c.o[0m
[10.156s] [ 60%] [32mBuilding CXX object CMakeFiles/state_estimator_msgs__rosidl_typesupport_fastrtps_cpp.dir/rosidl_typesupport_fastrtps_cpp/state_estimator_msgs/srv/detail/dds_fastrtps/get_blacklist__type_support.cpp.o[0m
[10.302s] [ 61%] [32mBuilding C object CMakeFiles/state_estimator_msgs__rosidl_typesupport_introspection_c.dir/rosidl_typesupport_introspection_c/state_estimator_msgs/srv/detail/reset_estimator__type_support.c.o[0m
[10.476s] [ 62%] [32mBuilding C object CMakeFiles/state_estimator_msgs__rosidl_typesupport_introspection_c.dir/rosidl_typesupport_introspection_c/state_estimator_msgs/srv/detail/restart_estimator__type_support.c.o[0m
[10.513s] [ 63%] [32mBuilding CXX object CMakeFiles/state_estimator_msgs__rosidl_typesupport_introspection_cpp.dir/rosidl_typesupport_introspection_cpp/state_estimator_msgs/srv/detail/pause_estimator__type_support.cpp.o[0m
[10.622s] [ 63%] [32mBuilding CXX object CMakeFiles/state_estimator_msgs__rosidl_typesupport_introspection_cpp.dir/rosidl_typesupport_introspection_cpp/state_estimator_msgs/srv/detail/reset_estimator__type_support.cpp.o[0m
[10.639s] [ 63%] [32mBuilding C object CMakeFiles/state_estimator_msgs__rosidl_typesupport_introspection_c.dir/rosidl_typesupport_introspection_c/state_estimator_msgs/srv/detail/resume_estimator__type_support.c.o[0m
[10.641s] [ 63%] [32mBuilding CXX object CMakeFiles/state_estimator_msgs__rosidl_typesupport_fastrtps_c.dir/rosidl_typesupport_fastrtps_c/state_estimator_msgs/msg/detail/sensor_fusion__type_support_c.cpp.o[0m
[10.748s] [ 64%] [32mBuilding C object CMakeFiles/state_estimator_msgs__rosidl_typesupport_introspection_c.dir/rosidl_typesupport_introspection_c/state_estimator_msgs/srv/detail/start_estimator__type_support.c.o[0m
[10.787s] [ 64%] [32mBuilding CXX object CMakeFiles/state_estimator_msgs__rosidl_typesupport_fastrtps_cpp.dir/rosidl_typesupport_fastrtps_cpp/state_estimator_msgs/srv/detail/dds_fastrtps/get_estimator_description__type_support.cpp.o[0m
[10.821s] [ 65%] [32mBuilding CXX object CMakeFiles/state_estimator_msgs__rosidl_typesupport_introspection_cpp.dir/rosidl_typesupport_introspection_cpp/state_estimator_msgs/srv/detail/restart_estimator__type_support.cpp.o[0m
[10.908s] [ 66%] [32mBuilding C object CMakeFiles/state_estimator_msgs__rosidl_typesupport_introspection_c.dir/rosidl_typesupport_introspection_c/state_estimator_msgs/srv/detail/stop_estimator__type_support.c.o[0m
[10.933s] [ 67%] [32mBuilding CXX object CMakeFiles/state_estimator_msgs__rosidl_typesupport_fastrtps_c.dir/rosidl_typesupport_fastrtps_c/state_estimator_msgs/msg/detail/joint_state_with_acceleration__type_support_c.cpp.o[0m
[11.067s] [ 68%] [32mBuilding CXX object CMakeFiles/state_estimator_msgs__rosidl_typesupport_introspection_cpp.dir/rosidl_typesupport_introspection_cpp/state_estimator_msgs/srv/detail/resume_estimator__type_support.cpp.o[0m
[11.077s] [ 68%] [32m[1mLinking C shared library libstate_estimator_msgs__rosidl_typesupport_introspection_c.so[0m
[11.102s] [ 69%] [32mBuilding CXX object CMakeFiles/state_estimator_msgs__rosidl_typesupport_fastrtps_cpp.dir/rosidl_typesupport_fastrtps_cpp/state_estimator_msgs/srv/detail/dds_fastrtps/get_whitelist__type_support.cpp.o[0m
[11.164s] [ 70%] [32mBuilding CXX object CMakeFiles/state_estimator_msgs__rosidl_typesupport_fastrtps_cpp.dir/rosidl_typesupport_fastrtps_cpp/state_estimator_msgs/srv/detail/dds_fastrtps/list_all_estimators__type_support.cpp.o[0m
[11.437s] [ 71%] [32mBuilding CXX object CMakeFiles/state_estimator_msgs__rosidl_typesupport_fastrtps_c.dir/rosidl_typesupport_fastrtps_c/state_estimator_msgs/srv/detail/get_active_estimators__type_support_c.cpp.o[0m
[11.438s] [ 71%] [32mBuilding CXX object CMakeFiles/state_estimator_msgs__rosidl_typesupport_fastrtps_cpp.dir/rosidl_typesupport_fastrtps_cpp/state_estimator_msgs/srv/detail/dds_fastrtps/pause_estimator__type_support.cpp.o[0m
[11.504s] [ 71%] [32mBuilding CXX object CMakeFiles/state_estimator_msgs__rosidl_typesupport_introspection_cpp.dir/rosidl_typesupport_introspection_cpp/state_estimator_msgs/srv/detail/start_estimator__type_support.cpp.o[0m
[11.545s] [ 72%] [32mBuilding CXX object CMakeFiles/state_estimator_msgs__rosidl_typesupport_fastrtps_cpp.dir/rosidl_typesupport_fastrtps_cpp/state_estimator_msgs/srv/detail/dds_fastrtps/reset_estimator__type_support.cpp.o[0m
[11.871s] [ 72%] [32mBuilding CXX object CMakeFiles/state_estimator_msgs__rosidl_typesupport_fastrtps_c.dir/rosidl_typesupport_fastrtps_c/state_estimator_msgs/srv/detail/get_blacklist__type_support_c.cpp.o[0m
[11.944s] [ 73%] [32mBuilding CXX object CMakeFiles/state_estimator_msgs__rosidl_typesupport_fastrtps_cpp.dir/rosidl_typesupport_fastrtps_cpp/state_estimator_msgs/srv/detail/dds_fastrtps/restart_estimator__type_support.cpp.o[0m
[11.996s] [ 74%] [32mBuilding CXX object CMakeFiles/state_estimator_msgs__rosidl_typesupport_fastrtps_c.dir/rosidl_typesupport_fastrtps_c/state_estimator_msgs/srv/detail/get_estimator_description__type_support_c.cpp.o[0m
[11.996s] [ 75%] [32mBuilding CXX object CMakeFiles/state_estimator_msgs__rosidl_typesupport_introspection_cpp.dir/rosidl_typesupport_introspection_cpp/state_estimator_msgs/srv/detail/stop_estimator__type_support.cpp.o[0m
[12.007s] [ 75%] Built target state_estimator_msgs__rosidl_typesupport_introspection_c
[12.048s] [ 76%] [32mBuilding CXX object CMakeFiles/state_estimator_msgs__rosidl_typesupport_fastrtps_c.dir/rosidl_typesupport_fastrtps_c/state_estimator_msgs/srv/detail/get_whitelist__type_support_c.cpp.o[0m
[12.088s] [ 76%] [32mBuilding CXX object CMakeFiles/state_estimator_msgs__rosidl_typesupport_fastrtps_cpp.dir/rosidl_typesupport_fastrtps_cpp/state_estimator_msgs/srv/detail/dds_fastrtps/resume_estimator__type_support.cpp.o[0m
[12.176s] [ 77%] [32mBuilding CXX object CMakeFiles/state_estimator_msgs__rosidl_typesupport_fastrtps_cpp.dir/rosidl_typesupport_fastrtps_cpp/state_estimator_msgs/srv/detail/dds_fastrtps/start_estimator__type_support.cpp.o[0m
[12.225s] [ 77%] [32mBuilding CXX object CMakeFiles/state_estimator_msgs__rosidl_typesupport_fastrtps_c.dir/rosidl_typesupport_fastrtps_c/state_estimator_msgs/srv/detail/list_all_estimators__type_support_c.cpp.o[0m
[12.453s] [ 78%] [32mBuilding CXX object CMakeFiles/state_estimator_msgs__rosidl_typesupport_fastrtps_cpp.dir/rosidl_typesupport_fastrtps_cpp/state_estimator_msgs/srv/detail/dds_fastrtps/stop_estimator__type_support.cpp.o[0m
[12.526s] [ 79%] [32mBuilding CXX object CMakeFiles/state_estimator_msgs__rosidl_typesupport_fastrtps_c.dir/rosidl_typesupport_fastrtps_c/state_estimator_msgs/srv/detail/pause_estimator__type_support_c.cpp.o[0m
[12.610s] [ 80%] [32mBuilding CXX object CMakeFiles/state_estimator_msgs__rosidl_typesupport_fastrtps_c.dir/rosidl_typesupport_fastrtps_c/state_estimator_msgs/srv/detail/reset_estimator__type_support_c.cpp.o[0m
[12.825s] [ 80%] [32mBuilding CXX object CMakeFiles/state_estimator_msgs__rosidl_typesupport_fastrtps_c.dir/rosidl_typesupport_fastrtps_c/state_estimator_msgs/srv/detail/restart_estimator__type_support_c.cpp.o[0m
[12.869s] [ 81%] [32mBuilding CXX object CMakeFiles/state_estimator_msgs__rosidl_typesupport_fastrtps_c.dir/rosidl_typesupport_fastrtps_c/state_estimator_msgs/srv/detail/resume_estimator__type_support_c.cpp.o[0m
[12.993s] [ 83%] [32m[1mLinking CXX shared library libstate_estimator_msgs__rosidl_typesupport_introspection_cpp.so[0m
[12.997s] [ 83%] [32mBuilding CXX object CMakeFiles/state_estimator_msgs__rosidl_typesupport_fastrtps_c.dir/rosidl_typesupport_fastrtps_c/state_estimator_msgs/srv/detail/start_estimator__type_support_c.cpp.o[0m
[13.015s] [ 83%] [32mBuilding CXX object CMakeFiles/state_estimator_msgs__rosidl_typesupport_fastrtps_c.dir/rosidl_typesupport_fastrtps_c/state_estimator_msgs/srv/detail/stop_estimator__type_support_c.cpp.o[0m
[13.398s] [ 83%] Built target state_estimator_msgs__rosidl_typesupport_introspection_cpp
[13.490s] [ 83%] [32m[1mLinking CXX shared library libstate_estimator_msgs__rosidl_typesupport_fastrtps_cpp.so[0m
[13.712s] [ 83%] Built target state_estimator_msgs__rosidl_typesupport_fastrtps_cpp
[13.765s] [ 84%] [32m[1mLinking CXX shared library libstate_estimator_msgs__rosidl_typesupport_fastrtps_c.so[0m
[13.970s] [ 84%] Built target state_estimator_msgs__rosidl_typesupport_fastrtps_c
[14.002s] [ 84%] Built target state_estimator_msgs
[14.033s] [ 85%] [34m[1mGenerating Python code for ROS interfaces[0m
[16.858s] [ 85%] Built target state_estimator_msgs__py
[16.893s] [ 86%] [32mBuilding C object CMakeFiles/state_estimator_msgs__rosidl_generator_py.dir/rosidl_generator_py/state_estimator_msgs/msg/_joint_state_with_acceleration_s.c.o[0m
[16.893s] [ 87%] [32mBuilding C object CMakeFiles/state_estimator_msgs__rosidl_generator_py.dir/rosidl_generator_py/state_estimator_msgs/srv/_get_active_estimators_s.c.o[0m
[16.894s] [ 87%] [32mBuilding C object CMakeFiles/state_estimator_msgs__rosidl_generator_py.dir/rosidl_generator_py/state_estimator_msgs/msg/_attitude_s.c.o[0m
[16.894s] [ 88%] [32mBuilding C object CMakeFiles/state_estimator_msgs__rosidl_generator_py.dir/rosidl_generator_py/state_estimator_msgs/srv/_get_estimator_description_s.c.o[0m
[16.894s] [ 88%] [32mBuilding C object CMakeFiles/state_estimator_msgs__rosidl_generator_py.dir/rosidl_generator_py/state_estimator_msgs/srv/_get_blacklist_s.c.o[0m
[16.895s] [ 90%] [32mBuilding C object CMakeFiles/state_estimator_msgs__rosidl_generator_py.dir/rosidl_generator_py/state_estimator_msgs/srv/_get_whitelist_s.c.o[0m
[16.895s] [ 90%] [32mBuilding C object CMakeFiles/state_estimator_msgs__rosidl_generator_py.dir/rosidl_generator_py/state_estimator_msgs/msg/_leg_odometry_s.c.o[0m
[16.897s] [ 90%] [32mBuilding C object CMakeFiles/state_estimator_msgs__rosidl_generator_py.dir/rosidl_generator_py/state_estimator_msgs/msg/_sensor_fusion_s.c.o[0m
[16.901s] [ 91%] [32mBuilding C object CMakeFiles/state_estimator_msgs__rosidl_generator_py.dir/rosidl_generator_py/state_estimator_msgs/msg/_contact_detection_s.c.o[0m
[16.910s] [ 91%] [32mBuilding C object CMakeFiles/state_estimator_msgs__rosidl_generator_py.dir/rosidl_generator_py/state_estimator_msgs/srv/_list_all_estimators_s.c.o[0m
[16.911s] [ 92%] [32mBuilding C object CMakeFiles/state_estimator_msgs__rosidl_generator_py.dir/rosidl_generator_py/state_estimator_msgs/srv/_reset_estimator_s.c.o[0m
[16.911s] [ 93%] [32mBuilding C object CMakeFiles/state_estimator_msgs__rosidl_generator_py.dir/rosidl_generator_py/state_estimator_msgs/srv/_pause_estimator_s.c.o[0m
[17.220s] [ 93%] [32mBuilding C object CMakeFiles/state_estimator_msgs__rosidl_generator_py.dir/rosidl_generator_py/state_estimator_msgs/srv/_restart_estimator_s.c.o[0m
[17.228s] [ 94%] [32mBuilding C object CMakeFiles/state_estimator_msgs__rosidl_generator_py.dir/rosidl_generator_py/state_estimator_msgs/srv/_resume_estimator_s.c.o[0m
[17.247s] [ 95%] [32mBuilding C object CMakeFiles/state_estimator_msgs__rosidl_generator_py.dir/rosidl_generator_py/state_estimator_msgs/srv/_start_estimator_s.c.o[0m
[17.251s] [ 95%] [32mBuilding C object CMakeFiles/state_estimator_msgs__rosidl_generator_py.dir/rosidl_generator_py/state_estimator_msgs/srv/_stop_estimator_s.c.o[0m
[17.416s] [ 96%] [32m[1mLinking C shared library rosidl_generator_py/state_estimator_msgs/libstate_estimator_msgs__rosidl_generator_py.so[0m
[17.541s] [ 96%] Built target state_estimator_msgs__rosidl_generator_py
[17.569s] [ 97%] [32mBuilding C object CMakeFiles/state_estimator_msgs__rosidl_typesupport_fastrtps_c__pyext.dir/rosidl_generator_py/state_estimator_msgs/_state_estimator_msgs_s.ep.rosidl_typesupport_fastrtps_c.c.o[0m
[17.572s] [ 98%] [32mBuilding C object CMakeFiles/state_estimator_msgs__rosidl_typesupport_introspection_c__pyext.dir/rosidl_generator_py/state_estimator_msgs/_state_estimator_msgs_s.ep.rosidl_typesupport_introspection_c.c.o[0m
[17.572s] [ 99%] [32mBuilding C object CMakeFiles/state_estimator_msgs__rosidl_typesupport_c__pyext.dir/rosidl_generator_py/state_estimator_msgs/_state_estimator_msgs_s.ep.rosidl_typesupport_c.c.o[0m
[17.861s] [ 99%] [32m[1mLinking C shared library rosidl_generator_py/state_estimator_msgs/state_estimator_msgs_s__rosidl_typesupport_fastrtps_c.cpython-310-x86_64-linux-gnu.so[0m
[17.873s] [ 99%] [32m[1mLinking C shared library rosidl_generator_py/state_estimator_msgs/state_estimator_msgs_s__rosidl_typesupport_c.cpython-310-x86_64-linux-gnu.so[0m
[17.876s] [100%] [32m[1mLinking C shared library rosidl_generator_py/state_estimator_msgs/state_estimator_msgs_s__rosidl_typesupport_introspection_c.cpython-310-x86_64-linux-gnu.so[0m
[18.043s] [100%] Built target state_estimator_msgs__rosidl_typesupport_fastrtps_c__pyext
[18.044s] [100%] Built target state_estimator_msgs__rosidl_typesupport_c__pyext
[18.147s] [100%] Built target state_estimator_msgs__rosidl_typesupport_introspection_c__pyext
[18.172s] Invoked command in '/home/go2/go2_ws/src/muse/muse_ros2/muse_ws/build/state_estimator_msgs' returned '0': CMAKE_PREFIX_PATH=${CMAKE_PREFIX_PATH}:/opt/ros/humble /usr/bin/cmake --build /home/go2/go2_ws/src/muse/muse_ros2/muse_ws/build/state_estimator_msgs -- -j12 -l12
[18.199s] Invoking command in '/home/go2/go2_ws/src/muse/muse_ros2/muse_ws/build/state_estimator_msgs': CMAKE_PREFIX_PATH=${CMAKE_PREFIX_PATH}:/opt/ros/humble /usr/bin/cmake --install /home/go2/go2_ws/src/muse/muse_ros2/muse_ws/build/state_estimator_msgs
[18.213s] -- Install configuration: ""
[18.219s] -- Installing: /home/go2/go2_ws/src/muse/muse_ros2/muse_ws/install/state_estimator_msgs/share/ament_index/resource_index/rosidl_interfaces/state_estimator_msgs
[18.220s] -- Installing: /home/go2/go2_ws/src/muse/muse_ros2/muse_ws/install/state_estimator_msgs/include/state_estimator_msgs/state_estimator_msgs
[18.224s] -- Installing: /home/go2/go2_ws/src/muse/muse_ros2/muse_ws/install/state_estimator_msgs/include/state_estimator_msgs/state_estimator_msgs/srv
[18.225s] -- Installing: /home/go2/go2_ws/src/muse/muse_ros2/muse_ws/install/state_estimator_msgs/include/state_estimator_msgs/state_estimator_msgs/srv/pause_estimator.h
[18.225s] -- Installing: /home/go2/go2_ws/src/muse/muse_ros2/muse_ws/install/state_estimator_msgs/include/state_estimator_msgs/state_estimator_msgs/srv/get_estimator_description.h
[18.225s] -- Installing: /home/go2/go2_ws/src/muse/muse_ros2/muse_ws/install/state_estimator_msgs/include/state_estimator_msgs/state_estimator_msgs/srv/get_whitelist.h
[18.226s] -- Installing: /home/go2/go2_ws/src/muse/muse_ros2/muse_ws/install/state_estimator_msgs/include/state_estimator_msgs/state_estimator_msgs/srv/stop_estimator.h
[18.228s] -- Installing: /home/go2/go2_ws/src/muse/muse_ros2/muse_ws/install/state_estimator_msgs/include/state_estimator_msgs/state_estimator_msgs/srv/restart_estimator.h
[18.228s] -- Installing: /home/go2/go2_ws/src/muse/muse_ros2/muse_ws/install/state_estimator_msgs/include/state_estimator_msgs/state_estimator_msgs/srv/resume_estimator.h
[18.229s] -- Installing: /home/go2/go2_ws/src/muse/muse_ros2/muse_ws/install/state_estimator_msgs/include/state_estimator_msgs/state_estimator_msgs/srv/get_active_estimators.h
[18.229s] -- Installing: /home/go2/go2_ws/src/muse/muse_ros2/muse_ws/install/state_estimator_msgs/include/state_estimator_msgs/state_estimator_msgs/srv/start_estimator.h
[18.229s] -- Installing: /home/go2/go2_ws/src/muse/muse_ros2/muse_ws/install/state_estimator_msgs/include/state_estimator_msgs/state_estimator_msgs/srv/list_all_estimators.h
[18.229s] -- Installing: /home/go2/go2_ws/src/muse/muse_ros2/muse_ws/install/state_estimator_msgs/include/state_estimator_msgs/state_estimator_msgs/srv/detail
[18.229s] -- Installing: /home/go2/go2_ws/src/muse/muse_ros2/muse_ws/install/state_estimator_msgs/include/state_estimator_msgs/state_estimator_msgs/srv/detail/get_whitelist__type_support.h
[18.229s] -- Installing: /home/go2/go2_ws/src/muse/muse_ros2/muse_ws/install/state_estimator_msgs/include/state_estimator_msgs/state_estimator_msgs/srv/detail/start_estimator__struct.h
[18.230s] -- Installing: /home/go2/go2_ws/src/muse/muse_ros2/muse_ws/install/state_estimator_msgs/include/state_estimator_msgs/state_estimator_msgs/srv/detail/restart_estimator__functions.c
[18.230s] -- Installing: /home/go2/go2_ws/src/muse/muse_ros2/muse_ws/install/state_estimator_msgs/include/state_estimator_msgs/state_estimator_msgs/srv/detail/resume_estimator__type_support.h
[18.230s] -- Installing: /home/go2/go2_ws/src/muse/muse_ros2/muse_ws/install/state_estimator_msgs/include/state_estimator_msgs/state_estimator_msgs/srv/detail/get_estimator_description__functions.h
[18.230s] -- Installing: /home/go2/go2_ws/src/muse/muse_ros2/muse_ws/install/state_estimator_msgs/include/state_estimator_msgs/state_estimator_msgs/srv/detail/stop_estimator__functions.c
[18.230s] -- Installing: /home/go2/go2_ws/src/muse/muse_ros2/muse_ws/install/state_estimator_msgs/include/state_estimator_msgs/state_estimator_msgs/srv/detail/resume_estimator__functions.h
[18.230s] -- Installing: /home/go2/go2_ws/src/muse/muse_ros2/muse_ws/install/state_estimator_msgs/include/state_estimator_msgs/state_estimator_msgs/srv/detail/list_all_estimators__type_support.h
[18.234s] -- Installing: /home/go2/go2_ws/src/muse/muse_ros2/muse_ws/install/state_estimator_msgs/include/state_estimator_msgs/state_estimator_msgs/srv/detail/get_estimator_description__struct.h
[18.234s] -- Installing: /home/go2/go2_ws/src/muse/muse_ros2/muse_ws/install/state_estimator_msgs/include/state_estimator_msgs/state_estimator_msgs/srv/detail/resume_estimator__functions.c
[18.235s] -- Installing: /home/go2/go2_ws/src/muse/muse_ros2/muse_ws/install/state_estimator_msgs/include/state_estimator_msgs/state_estimator_msgs/srv/detail/list_all_estimators__struct.h
[18.235s] -- Installing: /home/go2/go2_ws/src/muse/muse_ros2/muse_ws/install/state_estimator_msgs/include/state_estimator_msgs/state_estimator_msgs/srv/detail/restart_estimator__type_support.h
[18.235s] -- Installing: /home/go2/go2_ws/src/muse/muse_ros2/muse_ws/install/state_estimator_msgs/include/state_estimator_msgs/state_estimator_msgs/srv/detail/reset_estimator__functions.h
[18.235s] -- Installing: /home/go2/go2_ws/src/muse/muse_ros2/muse_ws/install/state_estimator_msgs/include/state_estimator_msgs/state_estimator_msgs/srv/detail/get_blacklist__functions.h
[18.235s] -- Installing: /home/go2/go2_ws/src/muse/muse_ros2/muse_ws/install/state_estimator_msgs/include/state_estimator_msgs/state_estimator_msgs/srv/detail/start_estimator__type_support.h
[18.235s] -- Installing: /home/go2/go2_ws/src/muse/muse_ros2/muse_ws/install/state_estimator_msgs/include/state_estimator_msgs/state_estimator_msgs/srv/detail/get_active_estimators__struct.h
[18.235s] -- Installing: /home/go2/go2_ws/src/muse/muse_ros2/muse_ws/install/state_estimator_msgs/include/state_estimator_msgs/state_estimator_msgs/srv/detail/list_all_estimators__functions.c
[18.236s] -- Installing: /home/go2/go2_ws/src/muse/muse_ros2/muse_ws/install/state_estimator_msgs/include/state_estimator_msgs/state_estimator_msgs/srv/detail/reset_estimator__type_support.h
[18.236s] -- Installing: /home/go2/go2_ws/src/muse/muse_ros2/muse_ws/install/state_estimator_msgs/include/state_estimator_msgs/state_estimator_msgs/srv/detail/start_estimator__functions.h
[18.236s] -- Installing: /home/go2/go2_ws/src/muse/muse_ros2/muse_ws/install/state_estimator_msgs/include/state_estimator_msgs/state_estimator_msgs/srv/detail/list_all_estimators__functions.h
[18.236s] -- Installing: /home/go2/go2_ws/src/muse/muse_ros2/muse_ws/install/state_estimator_msgs/include/state_estimator_msgs/state_estimator_msgs/srv/detail/reset_estimator__functions.c
[18.236s] -- Installing: /home/go2/go2_ws/src/muse/muse_ros2/muse_ws/install/state_estimator_msgs/include/state_estimator_msgs/state_estimator_msgs/srv/detail/get_blacklist__functions.c
[18.236s] -- Installing: /home/go2/go2_ws/src/muse/muse_ros2/muse_ws/install/state_estimator_msgs/include/state_estimator_msgs/state_estimator_msgs/srv/detail/get_active_estimators__functions.h
[18.236s] -- Installing: /home/go2/go2_ws/src/muse/muse_ros2/muse_ws/install/state_estimator_msgs/include/state_estimator_msgs/state_estimator_msgs/srv/detail/get_estimator_description__type_support.h
[18.237s] -- Installing: /home/go2/go2_ws/src/muse/muse_ros2/muse_ws/install/state_estimator_msgs/include/state_estimator_msgs/state_estimator_msgs/srv/detail/get_blacklist__struct.h
[18.237s] -- Installing: /home/go2/go2_ws/src/muse/muse_ros2/muse_ws/install/state_estimator_msgs/include/state_estimator_msgs/state_estimator_msgs/srv/detail/get_blacklist__type_support.h
[18.237s] -- Installing: /home/go2/go2_ws/src/muse/muse_ros2/muse_ws/install/state_estimator_msgs/include/state_estimator_msgs/state_estimator_msgs/srv/detail/restart_estimator__struct.h
[18.237s] -- Installing: /home/go2/go2_ws/src/muse/muse_ros2/muse_ws/install/state_estimator_msgs/include/state_estimator_msgs/state_estimator_msgs/srv/detail/stop_estimator__type_support.h
[18.237s] -- Installing: /home/go2/go2_ws/src/muse/muse_ros2/muse_ws/install/state_estimator_msgs/include/state_estimator_msgs/state_estimator_msgs/srv/detail/pause_estimator__functions.h
[18.238s] -- Installing: /home/go2/go2_ws/src/muse/muse_ros2/muse_ws/install/state_estimator_msgs/include/state_estimator_msgs/state_estimator_msgs/srv/detail/get_whitelist__functions.h
[18.238s] -- Installing: /home/go2/go2_ws/src/muse/muse_ros2/muse_ws/install/state_estimator_msgs/include/state_estimator_msgs/state_estimator_msgs/srv/detail/get_whitelist__functions.c
[18.238s] -- Installing: /home/go2/go2_ws/src/muse/muse_ros2/muse_ws/install/state_estimator_msgs/include/state_estimator_msgs/state_estimator_msgs/srv/detail/get_active_estimators__type_support.h
[18.239s] -- Installing: /home/go2/go2_ws/src/muse/muse_ros2/muse_ws/install/state_estimator_msgs/include/state_estimator_msgs/state_estimator_msgs/srv/detail/stop_estimator__functions.h
[18.239s] -- Installing: /home/go2/go2_ws/src/muse/muse_ros2/muse_ws/install/state_estimator_msgs/include/state_estimator_msgs/state_estimator_msgs/srv/detail/get_active_estimators__functions.c
[18.239s] -- Installing: /home/go2/go2_ws/src/muse/muse_ros2/muse_ws/install/state_estimator_msgs/include/state_estimator_msgs/state_estimator_msgs/srv/detail/pause_estimator__type_support.h
[18.239s] -- Installing: /home/go2/go2_ws/src/muse/muse_ros2/muse_ws/install/state_estimator_msgs/include/state_estimator_msgs/state_estimator_msgs/srv/detail/pause_estimator__functions.c
[18.240s] -- Installing: /home/go2/go2_ws/src/muse/muse_ros2/muse_ws/install/state_estimator_msgs/include/state_estimator_msgs/state_estimator_msgs/srv/detail/start_estimator__functions.c
[18.240s] -- Installing: /home/go2/go2_ws/src/muse/muse_ros2/muse_ws/install/state_estimator_msgs/include/state_estimator_msgs/state_estimator_msgs/srv/detail/resume_estimator__struct.h
[18.240s] -- Installing: /home/go2/go2_ws/src/muse/muse_ros2/muse_ws/install/state_estimator_msgs/include/state_estimator_msgs/state_estimator_msgs/srv/detail/get_estimator_description__functions.c
[18.241s] -- Installing: /home/go2/go2_ws/src/muse/muse_ros2/muse_ws/install/state_estimator_msgs/include/state_estimator_msgs/state_estimator_msgs/srv/detail/reset_estimator__struct.h
[18.241s] -- Installing: /home/go2/go2_ws/src/muse/muse_ros2/muse_ws/install/state_estimator_msgs/include/state_estimator_msgs/state_estimator_msgs/srv/detail/get_whitelist__struct.h
[18.241s] -- Installing: /home/go2/go2_ws/src/muse/muse_ros2/muse_ws/install/state_estimator_msgs/include/state_estimator_msgs/state_estimator_msgs/srv/detail/pause_estimator__struct.h
[18.242s] -- Installing: /home/go2/go2_ws/src/muse/muse_ros2/muse_ws/install/state_estimator_msgs/include/state_estimator_msgs/state_estimator_msgs/srv/detail/stop_estimator__struct.h
[18.242s] -- Installing: /home/go2/go2_ws/src/muse/muse_ros2/muse_ws/install/state_estimator_msgs/include/state_estimator_msgs/state_estimator_msgs/srv/detail/restart_estimator__functions.h
[18.242s] -- Installing: /home/go2/go2_ws/src/muse/muse_ros2/muse_ws/install/state_estimator_msgs/include/state_estimator_msgs/state_estimator_msgs/srv/reset_estimator.h
[18.243s] -- Installing: /home/go2/go2_ws/src/muse/muse_ros2/muse_ws/install/state_estimator_msgs/include/state_estimator_msgs/state_estimator_msgs/srv/get_blacklist.h
[18.243s] -- Installing: /home/go2/go2_ws/src/muse/muse_ros2/muse_ws/install/state_estimator_msgs/include/state_estimator_msgs/state_estimator_msgs/msg
[18.244s] -- Installing: /home/go2/go2_ws/src/muse/muse_ros2/muse_ws/install/state_estimator_msgs/include/state_estimator_msgs/state_estimator_msgs/msg/attitude.h
[18.244s] -- Installing: /home/go2/go2_ws/src/muse/muse_ros2/muse_ws/install/state_estimator_msgs/include/state_estimator_msgs/state_estimator_msgs/msg/rosidl_generator_c__visibility_control.h
[18.244s] -- Installing: /home/go2/go2_ws/src/muse/muse_ros2/muse_ws/install/state_estimator_msgs/include/state_estimator_msgs/state_estimator_msgs/msg/contact_detection.h
[18.245s] -- Installing: /home/go2/go2_ws/src/muse/muse_ros2/muse_ws/install/state_estimator_msgs/include/state_estimator_msgs/state_estimator_msgs/msg/joint_state_with_acceleration.h
[18.245s] -- Installing: /home/go2/go2_ws/src/muse/muse_ros2/muse_ws/install/state_estimator_msgs/include/state_estimator_msgs/state_estimator_msgs/msg/sensor_fusion.h
[18.245s] -- Installing: /home/go2/go2_ws/src/muse/muse_ros2/muse_ws/install/state_estimator_msgs/include/state_estimator_msgs/state_estimator_msgs/msg/detail
[18.246s] -- Installing: /home/go2/go2_ws/src/muse/muse_ros2/muse_ws/install/state_estimator_msgs/include/state_estimator_msgs/state_estimator_msgs/msg/detail/leg_odometry__functions.h
[18.246s] -- Installing: /home/go2/go2_ws/src/muse/muse_ros2/muse_ws/install/state_estimator_msgs/include/state_estimator_msgs/state_estimator_msgs/msg/detail/leg_odometry__functions.c
[18.246s] -- Installing: /home/go2/go2_ws/src/muse/muse_ros2/muse_ws/install/state_estimator_msgs/include/state_estimator_msgs/state_estimator_msgs/msg/detail/joint_state_with_acceleration__functions.h
[18.247s] -- Installing: /home/go2/go2_ws/src/muse/muse_ros2/muse_ws/install/state_estimator_msgs/include/state_estimator_msgs/state_estimator_msgs/msg/detail/sensor_fusion__functions.c
[18.247s] -- Installing: /home/go2/go2_ws/src/muse/muse_ros2/muse_ws/install/state_estimator_msgs/include/state_estimator_msgs/state_estimator_msgs/msg/detail/leg_odometry__struct.h
[18.247s] -- Installing: /home/go2/go2_ws/src/muse/muse_ros2/muse_ws/install/state_estimator_msgs/include/state_estimator_msgs/state_estimator_msgs/msg/detail/contact_detection__type_support.h
[18.247s] -- Installing: /home/go2/go2_ws/src/muse/muse_ros2/muse_ws/install/state_estimator_msgs/include/state_estimator_msgs/state_estimator_msgs/msg/detail/contact_detection__functions.c
[18.248s] -- Installing: /home/go2/go2_ws/src/muse/muse_ros2/muse_ws/install/state_estimator_msgs/include/state_estimator_msgs/state_estimator_msgs/msg/detail/joint_state_with_acceleration__struct.h
[18.248s] -- Installing: /home/go2/go2_ws/src/muse/muse_ros2/muse_ws/install/state_estimator_msgs/include/state_estimator_msgs/state_estimator_msgs/msg/detail/sensor_fusion__functions.h
[18.249s] -- Installing: /home/go2/go2_ws/src/muse/muse_ros2/muse_ws/install/state_estimator_msgs/include/state_estimator_msgs/state_estimator_msgs/msg/detail/leg_odometry__type_support.h
[18.249s] -- Installing: /home/go2/go2_ws/src/muse/muse_ros2/muse_ws/install/state_estimator_msgs/include/state_estimator_msgs/state_estimator_msgs/msg/detail/sensor_fusion__struct.h
[18.249s] -- Installing: /home/go2/go2_ws/src/muse/muse_ros2/muse_ws/install/state_estimator_msgs/include/state_estimator_msgs/state_estimator_msgs/msg/detail/contact_detection__functions.h
[18.250s] -- Installing: /home/go2/go2_ws/src/muse/muse_ros2/muse_ws/install/state_estimator_msgs/include/state_estimator_msgs/state_estimator_msgs/msg/detail/sensor_fusion__type_support.h
[18.250s] -- Installing: /home/go2/go2_ws/src/muse/muse_ros2/muse_ws/install/state_estimator_msgs/include/state_estimator_msgs/state_estimator_msgs/msg/detail/attitude__functions.c
[18.250s] -- Installing: /home/go2/go2_ws/src/muse/muse_ros2/muse_ws/install/state_estimator_msgs/include/state_estimator_msgs/state_estimator_msgs/msg/detail/joint_state_with_acceleration__type_support.h
[18.250s] -- Installing: /home/go2/go2_ws/src/muse/muse_ros2/muse_ws/install/state_estimator_msgs/include/state_estimator_msgs/state_estimator_msgs/msg/detail/contact_detection__struct.h
[18.250s] -- Installing: /home/go2/go2_ws/src/muse/muse_ros2/muse_ws/install/state_estimator_msgs/include/state_estimator_msgs/state_estimator_msgs/msg/detail/attitude__functions.h
[18.250s] -- Installing: /home/go2/go2_ws/src/muse/muse_ros2/muse_ws/install/state_estimator_msgs/include/state_estimator_msgs/state_estimator_msgs/msg/detail/attitude__type_support.h
[18.250s] -- Installing: /home/go2/go2_ws/src/muse/muse_ros2/muse_ws/install/state_estimator_msgs/include/state_estimator_msgs/state_estimator_msgs/msg/detail/attitude__struct.h
[18.251s] -- Installing: /home/go2/go2_ws/src/muse/muse_ros2/muse_ws/install/state_estimator_msgs/include/state_estimator_msgs/state_estimator_msgs/msg/detail/joint_state_with_acceleration__functions.c
[18.251s] -- Installing: /home/go2/go2_ws/src/muse/muse_ros2/muse_ws/install/state_estimator_msgs/include/state_estimator_msgs/state_estimator_msgs/msg/leg_odometry.h
[18.254s] -- Installing: /home/go2/go2_ws/src/muse/muse_ros2/muse_ws/install/state_estimator_msgs/share/state_estimator_msgs/environment/library_path.sh
[18.254s] -- Installing: /home/go2/go2_ws/src/muse/muse_ros2/muse_ws/install/state_estimator_msgs/share/state_estimator_msgs/environment/library_path.dsv
[18.255s] -- Installing: /home/go2/go2_ws/src/muse/muse_ros2/muse_ws/install/state_estimator_msgs/lib/libstate_estimator_msgs__rosidl_generator_c.so
[18.256s] -- Set runtime path of "/home/go2/go2_ws/src/muse/muse_ros2/muse_ws/install/state_estimator_msgs/lib/libstate_estimator_msgs__rosidl_generator_c.so" to ""
[18.256s] -- Up-to-date: /home/go2/go2_ws/src/muse/muse_ros2/muse_ws/install/state_estimator_msgs/include/state_estimator_msgs/state_estimator_msgs
[18.256s] -- Up-to-date: /home/go2/go2_ws/src/muse/muse_ros2/muse_ws/install/state_estimator_msgs/include/state_estimator_msgs/state_estimator_msgs/srv
[18.256s] -- Up-to-date: /home/go2/go2_ws/src/muse/muse_ros2/muse_ws/install/state_estimator_msgs/include/state_estimator_msgs/state_estimator_msgs/srv/detail
[18.256s] -- Installing: /home/go2/go2_ws/src/muse/muse_ros2/muse_ws/install/state_estimator_msgs/include/state_estimator_msgs/state_estimator_msgs/srv/detail/start_estimator__rosidl_typesupport_fastrtps_c.h
[18.257s] -- Installing: /home/go2/go2_ws/src/muse/muse_ros2/muse_ws/install/state_estimator_msgs/include/state_estimator_msgs/state_estimator_msgs/srv/detail/get_estimator_description__rosidl_typesupport_fastrtps_c.h
[18.257s] -- Installing: /home/go2/go2_ws/src/muse/muse_ros2/muse_ws/install/state_estimator_msgs/include/state_estimator_msgs/state_estimator_msgs/srv/detail/stop_estimator__rosidl_typesupport_fastrtps_c.h
[18.257s] -- Installing: /home/go2/go2_ws/src/muse/muse_ros2/muse_ws/install/state_estimator_msgs/include/state_estimator_msgs/state_estimator_msgs/srv/detail/get_active_estimators__rosidl_typesupport_fastrtps_c.h
[18.257s] -- Installing: /home/go2/go2_ws/src/muse/muse_ros2/muse_ws/install/state_estimator_msgs/include/state_estimator_msgs/state_estimator_msgs/srv/detail/get_blacklist__rosidl_typesupport_fastrtps_c.h
[18.257s] -- Installing: /home/go2/go2_ws/src/muse/muse_ros2/muse_ws/install/state_estimator_msgs/include/state_estimator_msgs/state_estimator_msgs/srv/detail/list_all_estimators__rosidl_typesupport_fastrtps_c.h
[18.257s] -- Installing: /home/go2/go2_ws/src/muse/muse_ros2/muse_ws/install/state_estimator_msgs/include/state_estimator_msgs/state_estimator_msgs/srv/detail/resume_estimator__rosidl_typesupport_fastrtps_c.h
[18.258s] -- Installing: /home/go2/go2_ws/src/muse/muse_ros2/muse_ws/install/state_estimator_msgs/include/state_estimator_msgs/state_estimator_msgs/srv/detail/pause_estimator__rosidl_typesupport_fastrtps_c.h
[18.258s] -- Installing: /home/go2/go2_ws/src/muse/muse_ros2/muse_ws/install/state_estimator_msgs/include/state_estimator_msgs/state_estimator_msgs/srv/detail/get_whitelist__rosidl_typesupport_fastrtps_c.h
[18.258s] -- Installing: /home/go2/go2_ws/src/muse/muse_ros2/muse_ws/install/state_estimator_msgs/include/state_estimator_msgs/state_estimator_msgs/srv/detail/restart_estimator__rosidl_typesupport_fastrtps_c.h
[18.258s] -- Installing: /home/go2/go2_ws/src/muse/muse_ros2/muse_ws/install/state_estimator_msgs/include/state_estimator_msgs/state_estimator_msgs/srv/detail/reset_estimator__rosidl_typesupport_fastrtps_c.h
[18.258s] -- Up-to-date: /home/go2/go2_ws/src/muse/muse_ros2/muse_ws/install/state_estimator_msgs/include/state_estimator_msgs/state_estimator_msgs/msg
[18.259s] -- Installing: /home/go2/go2_ws/src/muse/muse_ros2/muse_ws/install/state_estimator_msgs/include/state_estimator_msgs/state_estimator_msgs/msg/rosidl_typesupport_fastrtps_c__visibility_control.h
[18.259s] -- Up-to-date: /home/go2/go2_ws/src/muse/muse_ros2/muse_ws/install/state_estimator_msgs/include/state_estimator_msgs/state_estimator_msgs/msg/detail
[18.259s] -- Installing: /home/go2/go2_ws/src/muse/muse_ros2/muse_ws/install/state_estimator_msgs/include/state_estimator_msgs/state_estimator_msgs/msg/detail/attitude__rosidl_typesupport_fastrtps_c.h
[18.259s] -- Installing: /home/go2/go2_ws/src/muse/muse_ros2/muse_ws/install/state_estimator_msgs/include/state_estimator_msgs/state_estimator_msgs/msg/detail/leg_odometry__rosidl_typesupport_fastrtps_c.h
[18.259s] -- Installing: /home/go2/go2_ws/src/muse/muse_ros2/muse_ws/install/state_estimator_msgs/include/state_estimator_msgs/state_estimator_msgs/msg/detail/joint_state_with_acceleration__rosidl_typesupport_fastrtps_c.h
[18.259s] -- Installing: /home/go2/go2_ws/src/muse/muse_ros2/muse_ws/install/state_estimator_msgs/include/state_estimator_msgs/state_estimator_msgs/msg/detail/contact_detection__rosidl_typesupport_fastrtps_c.h
[18.260s] -- Installing: /home/go2/go2_ws/src/muse/muse_ros2/muse_ws/install/state_estimator_msgs/include/state_estimator_msgs/state_estimator_msgs/msg/detail/sensor_fusion__rosidl_typesupport_fastrtps_c.h
[18.263s] -- Installing: /home/go2/go2_ws/src/muse/muse_ros2/muse_ws/install/state_estimator_msgs/lib/libstate_estimator_msgs__rosidl_typesupport_fastrtps_c.so
[18.263s] -- Set runtime path of "/home/go2/go2_ws/src/muse/muse_ros2/muse_ws/install/state_estimator_msgs/lib/libstate_estimator_msgs__rosidl_typesupport_fastrtps_c.so" to ""
[18.264s] -- Up-to-date: /home/go2/go2_ws/src/muse/muse_ros2/muse_ws/install/state_estimator_msgs/include/state_estimator_msgs/state_estimator_msgs
[18.264s] -- Up-to-date: /home/go2/go2_ws/src/muse/muse_ros2/muse_ws/install/state_estimator_msgs/include/state_estimator_msgs/state_estimator_msgs/srv
[18.264s] -- Installing: /home/go2/go2_ws/src/muse/muse_ros2/muse_ws/install/state_estimator_msgs/include/state_estimator_msgs/state_estimator_msgs/srv/restart_estimator.hpp
[18.265s] -- Installing: /home/go2/go2_ws/src/muse/muse_ros2/muse_ws/install/state_estimator_msgs/include/state_estimator_msgs/state_estimator_msgs/srv/resume_estimator.hpp
[18.265s] -- Installing: /home/go2/go2_ws/src/muse/muse_ros2/muse_ws/install/state_estimator_msgs/include/state_estimator_msgs/state_estimator_msgs/srv/start_estimator.hpp
[18.265s] -- Installing: /home/go2/go2_ws/src/muse/muse_ros2/muse_ws/install/state_estimator_msgs/include/state_estimator_msgs/state_estimator_msgs/srv/get_blacklist.hpp
[18.265s] -- Installing: /home/go2/go2_ws/src/muse/muse_ros2/muse_ws/install/state_estimator_msgs/include/state_estimator_msgs/state_estimator_msgs/srv/get_active_estimators.hpp
[18.265s] -- Installing: /home/go2/go2_ws/src/muse/muse_ros2/muse_ws/install/state_estimator_msgs/include/state_estimator_msgs/state_estimator_msgs/srv/get_whitelist.hpp
[18.265s] -- Up-to-date: /home/go2/go2_ws/src/muse/muse_ros2/muse_ws/install/state_estimator_msgs/include/state_estimator_msgs/state_estimator_msgs/srv/detail
[18.265s] -- Installing: /home/go2/go2_ws/src/muse/muse_ros2/muse_ws/install/state_estimator_msgs/include/state_estimator_msgs/state_estimator_msgs/srv/detail/list_all_estimators__struct.hpp
[18.265s] -- Installing: /home/go2/go2_ws/src/muse/muse_ros2/muse_ws/install/state_estimator_msgs/include/state_estimator_msgs/state_estimator_msgs/srv/detail/get_estimator_description__traits.hpp
[18.265s] -- Installing: /home/go2/go2_ws/src/muse/muse_ros2/muse_ws/install/state_estimator_msgs/include/state_estimator_msgs/state_estimator_msgs/srv/detail/stop_estimator__builder.hpp
[18.267s] -- Installing: /home/go2/go2_ws/src/muse/muse_ros2/muse_ws/install/state_estimator_msgs/include/state_estimator_msgs/state_estimator_msgs/srv/detail/reset_estimator__traits.hpp
[18.267s] -- Installing: /home/go2/go2_ws/src/muse/muse_ros2/muse_ws/install/state_estimator_msgs/include/state_estimator_msgs/state_estimator_msgs/srv/detail/resume_estimator__builder.hpp
[18.267s] -- Installing: /home/go2/go2_ws/src/muse/muse_ros2/muse_ws/install/state_estimator_msgs/include/state_estimator_msgs/state_estimator_msgs/srv/detail/start_estimator__struct.hpp
[18.267s] -- Installing: /home/go2/go2_ws/src/muse/muse_ros2/muse_ws/install/state_estimator_msgs/include/state_estimator_msgs/state_estimator_msgs/srv/detail/start_estimator__traits.hpp
[18.267s] -- Installing: /home/go2/go2_ws/src/muse/muse_ros2/muse_ws/install/state_estimator_msgs/include/state_estimator_msgs/state_estimator_msgs/srv/detail/resume_estimator__struct.hpp
[18.267s] -- Installing: /home/go2/go2_ws/src/muse/muse_ros2/muse_ws/install/state_estimator_msgs/include/state_estimator_msgs/state_estimator_msgs/srv/detail/get_blacklist__struct.hpp
[18.268s] -- Installing: /home/go2/go2_ws/src/muse/muse_ros2/muse_ws/install/state_estimator_msgs/include/state_estimator_msgs/state_estimator_msgs/srv/detail/get_whitelist__traits.hpp
[18.268s] -- Installing: /home/go2/go2_ws/src/muse/muse_ros2/muse_ws/install/state_estimator_msgs/include/state_estimator_msgs/state_estimator_msgs/srv/detail/get_blacklist__traits.hpp
[18.268s] -- Installing: /home/go2/go2_ws/src/muse/muse_ros2/muse_ws/install/state_estimator_msgs/include/state_estimator_msgs/state_estimator_msgs/srv/detail/restart_estimator__builder.hpp
[18.268s] -- Installing: /home/go2/go2_ws/src/muse/muse_ros2/muse_ws/install/state_estimator_msgs/include/state_estimator_msgs/state_estimator_msgs/srv/detail/stop_estimator__traits.hpp
[18.268s] -- Installing: /home/go2/go2_ws/src/muse/muse_ros2/muse_ws/install/state_estimator_msgs/include/state_estimator_msgs/state_estimator_msgs/srv/detail/list_all_estimators__type_support.hpp
[18.268s] -- Installing: /home/go2/go2_ws/src/muse/muse_ros2/muse_ws/install/state_estimator_msgs/include/state_estimator_msgs/state_estimator_msgs/srv/detail/stop_estimator__struct.hpp
[18.269s] -- Installing: /home/go2/go2_ws/src/muse/muse_ros2/muse_ws/install/state_estimator_msgs/include/state_estimator_msgs/state_estimator_msgs/srv/detail/get_estimator_description__builder.hpp
[18.269s] -- Installing: /home/go2/go2_ws/src/muse/muse_ros2/muse_ws/install/state_estimator_msgs/include/state_estimator_msgs/state_estimator_msgs/srv/detail/pause_estimator__builder.hpp
[18.269s] -- Installing: /home/go2/go2_ws/src/muse/muse_ros2/muse_ws/install/state_estimator_msgs/include/state_estimator_msgs/state_estimator_msgs/srv/detail/start_estimator__type_support.hpp
[18.269s] -- Installing: /home/go2/go2_ws/src/muse/muse_ros2/muse_ws/install/state_estimator_msgs/include/state_estimator_msgs/state_estimator_msgs/srv/detail/get_active_estimators__type_support.hpp
[18.269s] -- Installing: /home/go2/go2_ws/src/muse/muse_ros2/muse_ws/install/state_estimator_msgs/include/state_estimator_msgs/state_estimator_msgs/srv/detail/get_estimator_description__type_support.hpp
[18.269s] -- Installing: /home/go2/go2_ws/src/muse/muse_ros2/muse_ws/install/state_estimator_msgs/include/state_estimator_msgs/state_estimator_msgs/srv/detail/restart_estimator__traits.hpp
[18.270s] -- Installing: /home/go2/go2_ws/src/muse/muse_ros2/muse_ws/install/state_estimator_msgs/include/state_estimator_msgs/state_estimator_msgs/srv/detail/reset_estimator__type_support.hpp
[18.270s] -- Installing: /home/go2/go2_ws/src/muse/muse_ros2/muse_ws/install/state_estimator_msgs/include/state_estimator_msgs/state_estimator_msgs/srv/detail/get_blacklist__type_support.hpp
[18.270s] -- Installing: /home/go2/go2_ws/src/muse/muse_ros2/muse_ws/install/state_estimator_msgs/include/state_estimator_msgs/state_estimator_msgs/srv/detail/get_whitelist__struct.hpp
[18.270s] -- Installing: /home/go2/go2_ws/src/muse/muse_ros2/muse_ws/install/state_estimator_msgs/include/state_estimator_msgs/state_estimator_msgs/srv/detail/get_whitelist__type_support.hpp
[18.270s] -- Installing: /home/go2/go2_ws/src/muse/muse_ros2/muse_ws/install/state_estimator_msgs/include/state_estimator_msgs/state_estimator_msgs/srv/detail/pause_estimator__type_support.hpp
[18.271s] -- Installing: /home/go2/go2_ws/src/muse/muse_ros2/muse_ws/install/state_estimator_msgs/include/state_estimator_msgs/state_estimator_msgs/srv/detail/resume_estimator__type_support.hpp
[18.271s] -- Installing: /home/go2/go2_ws/src/muse/muse_ros2/muse_ws/install/state_estimator_msgs/include/state_estimator_msgs/state_estimator_msgs/srv/detail/restart_estimator__type_support.hpp
[18.271s] -- Installing: /home/go2/go2_ws/src/muse/muse_ros2/muse_ws/install/state_estimator_msgs/include/state_estimator_msgs/state_estimator_msgs/srv/detail/reset_estimator__builder.hpp
[18.271s] -- Installing: /home/go2/go2_ws/src/muse/muse_ros2/muse_ws/install/state_estimator_msgs/include/state_estimator_msgs/state_estimator_msgs/srv/detail/get_active_estimators__traits.hpp
[18.271s] -- Installing: /home/go2/go2_ws/src/muse/muse_ros2/muse_ws/install/state_estimator_msgs/include/state_estimator_msgs/state_estimator_msgs/srv/detail/start_estimator__builder.hpp
[18.271s] -- Installing: /home/go2/go2_ws/src/muse/muse_ros2/muse_ws/install/state_estimator_msgs/include/state_estimator_msgs/state_estimator_msgs/srv/detail/reset_estimator__struct.hpp
[18.275s] -- Installing: /home/go2/go2_ws/src/muse/muse_ros2/muse_ws/install/state_estimator_msgs/include/state_estimator_msgs/state_estimator_msgs/srv/detail/pause_estimator__traits.hpp
[18.275s] -- Installing: /home/go2/go2_ws/src/muse/muse_ros2/muse_ws/install/state_estimator_msgs/include/state_estimator_msgs/state_estimator_msgs/srv/detail/get_active_estimators__builder.hpp
[18.275s] -- Installing: /home/go2/go2_ws/src/muse/muse_ros2/muse_ws/install/state_estimator_msgs/include/state_estimator_msgs/state_estimator_msgs/srv/detail/get_blacklist__builder.hpp
[18.275s] -- Installing: /home/go2/go2_ws/src/muse/muse_ros2/muse_ws/install/state_estimator_msgs/include/state_estimator_msgs/state_estimator_msgs/srv/detail/pause_estimator__struct.hpp
[18.276s] -- Installing: /home/go2/go2_ws/src/muse/muse_ros2/muse_ws/install/state_estimator_msgs/include/state_estimator_msgs/state_estimator_msgs/srv/detail/get_active_estimators__struct.hpp
[18.278s] -- Installing: /home/go2/go2_ws/src/muse/muse_ros2/muse_ws/install/state_estimator_msgs/include/state_estimator_msgs/state_estimator_msgs/srv/detail/stop_estimator__type_support.hpp
[18.279s] -- Installing: /home/go2/go2_ws/src/muse/muse_ros2/muse_ws/install/state_estimator_msgs/include/state_estimator_msgs/state_estimator_msgs/srv/detail/restart_estimator__struct.hpp
[18.279s] -- Installing: /home/go2/go2_ws/src/muse/muse_ros2/muse_ws/install/state_estimator_msgs/include/state_estimator_msgs/state_estimator_msgs/srv/detail/get_whitelist__builder.hpp
[18.279s] -- Installing: /home/go2/go2_ws/src/muse/muse_ros2/muse_ws/install/state_estimator_msgs/include/state_estimator_msgs/state_estimator_msgs/srv/detail/list_all_estimators__traits.hpp
[18.279s] -- Installing: /home/go2/go2_ws/src/muse/muse_ros2/muse_ws/install/state_estimator_msgs/include/state_estimator_msgs/state_estimator_msgs/srv/detail/get_estimator_description__struct.hpp
[18.279s] -- Installing: /home/go2/go2_ws/src/muse/muse_ros2/muse_ws/install/state_estimator_msgs/include/state_estimator_msgs/state_estimator_msgs/srv/detail/list_all_estimators__builder.hpp
[18.279s] -- Installing: /home/go2/go2_ws/src/muse/muse_ros2/muse_ws/install/state_estimator_msgs/include/state_estimator_msgs/state_estimator_msgs/srv/detail/resume_estimator__traits.hpp
[18.279s] -- Installing: /home/go2/go2_ws/src/muse/muse_ros2/muse_ws/install/state_estimator_msgs/include/state_estimator_msgs/state_estimator_msgs/srv/pause_estimator.hpp
[18.279s] -- Installing: /home/go2/go2_ws/src/muse/muse_ros2/muse_ws/install/state_estimator_msgs/include/state_estimator_msgs/state_estimator_msgs/srv/stop_estimator.hpp
[18.280s] -- Installing: /home/go2/go2_ws/src/muse/muse_ros2/muse_ws/install/state_estimator_msgs/include/state_estimator_msgs/state_estimator_msgs/srv/reset_estimator.hpp
[18.280s] -- Installing: /home/go2/go2_ws/src/muse/muse_ros2/muse_ws/install/state_estimator_msgs/include/state_estimator_msgs/state_estimator_msgs/srv/get_estimator_description.hpp
[18.280s] -- Installing: /home/go2/go2_ws/src/muse/muse_ros2/muse_ws/install/state_estimator_msgs/include/state_estimator_msgs/state_estimator_msgs/srv/list_all_estimators.hpp
[18.280s] -- Up-to-date: /home/go2/go2_ws/src/muse/muse_ros2/muse_ws/install/state_estimator_msgs/include/state_estimator_msgs/state_estimator_msgs/msg
[18.280s] -- Installing: /home/go2/go2_ws/src/muse/muse_ros2/muse_ws/install/state_estimator_msgs/include/state_estimator_msgs/state_estimator_msgs/msg/joint_state_with_acceleration.hpp
[18.281s] -- Installing: /home/go2/go2_ws/src/muse/muse_ros2/muse_ws/install/state_estimator_msgs/include/state_estimator_msgs/state_estimator_msgs/msg/leg_odometry.hpp
[18.281s] -- Installing: /home/go2/go2_ws/src/muse/muse_ros2/muse_ws/install/state_estimator_msgs/include/state_estimator_msgs/state_estimator_msgs/msg/rosidl_generator_cpp__visibility_control.hpp
[18.281s] -- Installing: /home/go2/go2_ws/src/muse/muse_ros2/muse_ws/install/state_estimator_msgs/include/state_estimator_msgs/state_estimator_msgs/msg/attitude.hpp
[18.281s] -- Installing: /home/go2/go2_ws/src/muse/muse_ros2/muse_ws/install/state_estimator_msgs/include/state_estimator_msgs/state_estimator_msgs/msg/sensor_fusion.hpp
[18.281s] -- Up-to-date: /home/go2/go2_ws/src/muse/muse_ros2/muse_ws/install/state_estimator_msgs/include/state_estimator_msgs/state_estimator_msgs/msg/detail
[18.281s] -- Installing: /home/go2/go2_ws/src/muse/muse_ros2/muse_ws/install/state_estimator_msgs/include/state_estimator_msgs/state_estimator_msgs/msg/detail/contact_detection__struct.hpp
[18.281s] -- Installing: /home/go2/go2_ws/src/muse/muse_ros2/muse_ws/install/state_estimator_msgs/include/state_estimator_msgs/state_estimator_msgs/msg/detail/attitude__traits.hpp
[18.282s] -- Installing: /home/go2/go2_ws/src/muse/muse_ros2/muse_ws/install/state_estimator_msgs/include/state_estimator_msgs/state_estimator_msgs/msg/detail/sensor_fusion__struct.hpp
[18.282s] -- Installing: /home/go2/go2_ws/src/muse/muse_ros2/muse_ws/install/state_estimator_msgs/include/state_estimator_msgs/state_estimator_msgs/msg/detail/contact_detection__traits.hpp
[18.282s] -- Installing: /home/go2/go2_ws/src/muse/muse_ros2/muse_ws/install/state_estimator_msgs/include/state_estimator_msgs/state_estimator_msgs/msg/detail/leg_odometry__builder.hpp
[18.282s] -- Installing: /home/go2/go2_ws/src/muse/muse_ros2/muse_ws/install/state_estimator_msgs/include/state_estimator_msgs/state_estimator_msgs/msg/detail/leg_odometry__traits.hpp
[18.282s] -- Installing: /home/go2/go2_ws/src/muse/muse_ros2/muse_ws/install/state_estimator_msgs/include/state_estimator_msgs/state_estimator_msgs/msg/detail/leg_odometry__type_support.hpp
[18.282s] -- Installing: /home/go2/go2_ws/src/muse/muse_ros2/muse_ws/install/state_estimator_msgs/include/state_estimator_msgs/state_estimator_msgs/msg/detail/joint_state_with_acceleration__builder.hpp
[18.282s] -- Installing: /home/go2/go2_ws/src/muse/muse_ros2/muse_ws/install/state_estimator_msgs/include/state_estimator_msgs/state_estimator_msgs/msg/detail/joint_state_with_acceleration__traits.hpp
[18.282s] -- Installing: /home/go2/go2_ws/src/muse/muse_ros2/muse_ws/install/state_estimator_msgs/include/state_estimator_msgs/state_estimator_msgs/msg/detail/leg_odometry__struct.hpp
[18.282s] -- Installing: /home/go2/go2_ws/src/muse/muse_ros2/muse_ws/install/state_estimator_msgs/include/state_estimator_msgs/state_estimator_msgs/msg/detail/sensor_fusion__type_support.hpp
[18.283s] -- Installing: /home/go2/go2_ws/src/muse/muse_ros2/muse_ws/install/state_estimator_msgs/include/state_estimator_msgs/state_estimator_msgs/msg/detail/contact_detection__builder.hpp
[18.283s] -- Installing: /home/go2/go2_ws/src/muse/muse_ros2/muse_ws/install/state_estimator_msgs/include/state_estimator_msgs/state_estimator_msgs/msg/detail/joint_state_with_acceleration__type_support.hpp
[18.283s] -- Installing: /home/go2/go2_ws/src/muse/muse_ros2/muse_ws/install/state_estimator_msgs/include/state_estimator_msgs/state_estimator_msgs/msg/detail/attitude__builder.hpp
[18.283s] -- Installing: /home/go2/go2_ws/src/muse/muse_ros2/muse_ws/install/state_estimator_msgs/include/state_estimator_msgs/state_estimator_msgs/msg/detail/joint_state_with_acceleration__struct.hpp
[18.283s] -- Installing: /home/go2/go2_ws/src/muse/muse_ros2/muse_ws/install/state_estimator_msgs/include/state_estimator_msgs/state_estimator_msgs/msg/detail/contact_detection__type_support.hpp
[18.283s] -- Installing: /home/go2/go2_ws/src/muse/muse_ros2/muse_ws/install/state_estimator_msgs/include/state_estimator_msgs/state_estimator_msgs/msg/detail/attitude__type_support.hpp
[18.283s] -- Installing: /home/go2/go2_ws/src/muse/muse_ros2/muse_ws/install/state_estimator_msgs/include/state_estimator_msgs/state_estimator_msgs/msg/detail/attitude__struct.hpp
[18.283s] -- Installing: /home/go2/go2_ws/src/muse/muse_ros2/muse_ws/install/state_estimator_msgs/include/state_estimator_msgs/state_estimator_msgs/msg/detail/sensor_fusion__traits.hpp
[18.284s] -- Installing: /home/go2/go2_ws/src/muse/muse_ros2/muse_ws/install/state_estimator_msgs/include/state_estimator_msgs/state_estimator_msgs/msg/detail/sensor_fusion__builder.hpp
[18.284s] -- Installing: /home/go2/go2_ws/src/muse/muse_ros2/muse_ws/install/state_estimator_msgs/include/state_estimator_msgs/state_estimator_msgs/msg/contact_detection.hpp
[18.285s] -- Up-to-date: /home/go2/go2_ws/src/muse/muse_ros2/muse_ws/install/state_estimator_msgs/include/state_estimator_msgs/state_estimator_msgs
[18.285s] -- Up-to-date: /home/go2/go2_ws/src/muse/muse_ros2/muse_ws/install/state_estimator_msgs/include/state_estimator_msgs/state_estimator_msgs/srv
[18.285s] -- Up-to-date: /home/go2/go2_ws/src/muse/muse_ros2/muse_ws/install/state_estimator_msgs/include/state_estimator_msgs/state_estimator_msgs/srv/detail
[18.286s] -- Installing: /home/go2/go2_ws/src/muse/muse_ros2/muse_ws/install/state_estimator_msgs/include/state_estimator_msgs/state_estimator_msgs/srv/detail/get_estimator_description__rosidl_typesupport_fastrtps_cpp.hpp
[18.286s] -- Installing: /home/go2/go2_ws/src/muse/muse_ros2/muse_ws/install/state_estimator_msgs/include/state_estimator_msgs/state_estimator_msgs/srv/detail/pause_estimator__rosidl_typesupport_fastrtps_cpp.hpp
[18.286s] -- Installing: /home/go2/go2_ws/src/muse/muse_ros2/muse_ws/install/state_estimator_msgs/include/state_estimator_msgs/state_estimator_msgs/srv/detail/restart_estimator__rosidl_typesupport_fastrtps_cpp.hpp
[18.287s] -- Installing: /home/go2/go2_ws/src/muse/muse_ros2/muse_ws/install/state_estimator_msgs/include/state_estimator_msgs/state_estimator_msgs/srv/detail/list_all_estimators__rosidl_typesupport_fastrtps_cpp.hpp
[18.287s] -- Installing: /home/go2/go2_ws/src/muse/muse_ros2/muse_ws/install/state_estimator_msgs/include/state_estimator_msgs/state_estimator_msgs/srv/detail/get_active_estimators__rosidl_typesupport_fastrtps_cpp.hpp
[18.287s] -- Installing: /home/go2/go2_ws/src/muse/muse_ros2/muse_ws/install/state_estimator_msgs/include/state_estimator_msgs/state_estimator_msgs/srv/detail/resume_estimator__rosidl_typesupport_fastrtps_cpp.hpp
[18.288s] -- Installing: /home/go2/go2_ws/src/muse/muse_ros2/muse_ws/install/state_estimator_msgs/include/state_estimator_msgs/state_estimator_msgs/srv/detail/dds_fastrtps
[18.289s] -- Installing: /home/go2/go2_ws/src/muse/muse_ros2/muse_ws/install/state_estimator_msgs/include/state_estimator_msgs/state_estimator_msgs/srv/detail/stop_estimator__rosidl_typesupport_fastrtps_cpp.hpp
[18.289s] -- Installing: /home/go2/go2_ws/src/muse/muse_ros2/muse_ws/install/state_estimator_msgs/include/state_estimator_msgs/state_estimator_msgs/srv/detail/start_estimator__rosidl_typesupport_fastrtps_cpp.hpp
[18.290s] -- Installing: /home/go2/go2_ws/src/muse/muse_ros2/muse_ws/install/state_estimator_msgs/include/state_estimator_msgs/state_estimator_msgs/srv/detail/get_whitelist__rosidl_typesupport_fastrtps_cpp.hpp
[18.290s] -- Installing: /home/go2/go2_ws/src/muse/muse_ros2/muse_ws/install/state_estimator_msgs/include/state_estimator_msgs/state_estimator_msgs/srv/detail/reset_estimator__rosidl_typesupport_fastrtps_cpp.hpp
[18.291s] -- Installing: /home/go2/go2_ws/src/muse/muse_ros2/muse_ws/install/state_estimator_msgs/include/state_estimator_msgs/state_estimator_msgs/srv/detail/get_blacklist__rosidl_typesupport_fastrtps_cpp.hpp
[18.291s] -- Up-to-date: /home/go2/go2_ws/src/muse/muse_ros2/muse_ws/install/state_estimator_msgs/include/state_estimator_msgs/state_estimator_msgs/msg
[18.291s] -- Installing: /home/go2/go2_ws/src/muse/muse_ros2/muse_ws/install/state_estimator_msgs/include/state_estimator_msgs/state_estimator_msgs/msg/rosidl_typesupport_fastrtps_cpp__visibility_control.h
[18.291s] -- Up-to-date: /home/go2/go2_ws/src/muse/muse_ros2/muse_ws/install/state_estimator_msgs/include/state_estimator_msgs/state_estimator_msgs/msg/detail
[18.292s] -- Installing: /home/go2/go2_ws/src/muse/muse_ros2/muse_ws/install/state_estimator_msgs/include/state_estimator_msgs/state_estimator_msgs/msg/detail/leg_odometry__rosidl_typesupport_fastrtps_cpp.hpp
[18.292s] -- Installing: /home/go2/go2_ws/src/muse/muse_ros2/muse_ws/install/state_estimator_msgs/include/state_estimator_msgs/state_estimator_msgs/msg/detail/dds_fastrtps
[18.293s] -- Installing: /home/go2/go2_ws/src/muse/muse_ros2/muse_ws/install/state_estimator_msgs/include/state_estimator_msgs/state_estimator_msgs/msg/detail/sensor_fusion__rosidl_typesupport_fastrtps_cpp.hpp
[18.293s] -- Installing: /home/go2/go2_ws/src/muse/muse_ros2/muse_ws/install/state_estimator_msgs/include/state_estimator_msgs/state_estimator_msgs/msg/detail/attitude__rosidl_typesupport_fastrtps_cpp.hpp
[18.293s] -- Installing: /home/go2/go2_ws/src/muse/muse_ros2/muse_ws/install/state_estimator_msgs/include/state_estimator_msgs/state_estimator_msgs/msg/detail/contact_detection__rosidl_typesupport_fastrtps_cpp.hpp
[18.293s] -- Installing: /home/go2/go2_ws/src/muse/muse_ros2/muse_ws/install/state_estimator_msgs/include/state_estimator_msgs/state_estimator_msgs/msg/detail/joint_state_with_acceleration__rosidl_typesupport_fastrtps_cpp.hpp
[18.293s] -- Installing: /home/go2/go2_ws/src/muse/muse_ros2/muse_ws/install/state_estimator_msgs/lib/libstate_estimator_msgs__rosidl_typesupport_fastrtps_cpp.so
[18.296s] -- Set runtime path of "/home/go2/go2_ws/src/muse/muse_ros2/muse_ws/install/state_estimator_msgs/lib/libstate_estimator_msgs__rosidl_typesupport_fastrtps_cpp.so" to ""
[18.296s] -- Up-to-date: /home/go2/go2_ws/src/muse/muse_ros2/muse_ws/install/state_estimator_msgs/include/state_estimator_msgs/state_estimator_msgs
[18.296s] -- Up-to-date: /home/go2/go2_ws/src/muse/muse_ros2/muse_ws/install/state_estimator_msgs/include/state_estimator_msgs/state_estimator_msgs/srv
[18.296s] -- Up-to-date: /home/go2/go2_ws/src/muse/muse_ros2/muse_ws/install/state_estimator_msgs/include/state_estimator_msgs/state_estimator_msgs/srv/detail
[18.297s] -- Installing: /home/go2/go2_ws/src/muse/muse_ros2/muse_ws/install/state_estimator_msgs/include/state_estimator_msgs/state_estimator_msgs/srv/detail/restart_estimator__rosidl_typesupport_introspection_c.h
[18.301s] -- Installing: /home/go2/go2_ws/src/muse/muse_ros2/muse_ws/install/state_estimator_msgs/include/state_estimator_msgs/state_estimator_msgs/srv/detail/resume_estimator__rosidl_typesupport_introspection_c.h
[18.301s] -- Installing: /home/go2/go2_ws/src/muse/muse_ros2/muse_ws/install/state_estimator_msgs/include/state_estimator_msgs/state_estimator_msgs/srv/detail/get_whitelist__rosidl_typesupport_introspection_c.h
[18.302s] -- Installing: /home/go2/go2_ws/src/muse/muse_ros2/muse_ws/install/state_estimator_msgs/include/state_estimator_msgs/state_estimator_msgs/srv/detail/get_active_estimators__rosidl_typesupport_introspection_c.h
[18.302s] -- Installing: /home/go2/go2_ws/src/muse/muse_ros2/muse_ws/install/state_estimator_msgs/include/state_estimator_msgs/state_estimator_msgs/srv/detail/reset_estimator__type_support.c
[18.302s] -- Installing: /home/go2/go2_ws/src/muse/muse_ros2/muse_ws/install/state_estimator_msgs/include/state_estimator_msgs/state_estimator_msgs/srv/detail/reset_estimator__rosidl_typesupport_introspection_c.h
[18.303s] -- Installing: /home/go2/go2_ws/src/muse/muse_ros2/muse_ws/install/state_estimator_msgs/include/state_estimator_msgs/state_estimator_msgs/srv/detail/restart_estimator__type_support.c
[18.303s] -- Installing: /home/go2/go2_ws/src/muse/muse_ros2/muse_ws/install/state_estimator_msgs/include/state_estimator_msgs/state_estimator_msgs/srv/detail/pause_estimator__type_support.c
[18.303s] -- Installing: /home/go2/go2_ws/src/muse/muse_ros2/muse_ws/install/state_estimator_msgs/include/state_estimator_msgs/state_estimator_msgs/srv/detail/get_blacklist__rosidl_typesupport_introspection_c.h
[18.303s] -- Installing: /home/go2/go2_ws/src/muse/muse_ros2/muse_ws/install/state_estimator_msgs/include/state_estimator_msgs/state_estimator_msgs/srv/detail/stop_estimator__type_support.c
[18.303s] -- Installing: /home/go2/go2_ws/src/muse/muse_ros2/muse_ws/install/state_estimator_msgs/include/state_estimator_msgs/state_estimator_msgs/srv/detail/get_active_estimators__type_support.c
[18.304s] -- Installing: /home/go2/go2_ws/src/muse/muse_ros2/muse_ws/install/state_estimator_msgs/include/state_estimator_msgs/state_estimator_msgs/srv/detail/get_blacklist__type_support.c
[18.305s] -- Installing: /home/go2/go2_ws/src/muse/muse_ros2/muse_ws/install/state_estimator_msgs/include/state_estimator_msgs/state_estimator_msgs/srv/detail/stop_estimator__rosidl_typesupport_introspection_c.h
[18.305s] -- Installing: /home/go2/go2_ws/src/muse/muse_ros2/muse_ws/install/state_estimator_msgs/include/state_estimator_msgs/state_estimator_msgs/srv/detail/start_estimator__type_support.c
[18.305s] -- Installing: /home/go2/go2_ws/src/muse/muse_ros2/muse_ws/install/state_estimator_msgs/include/state_estimator_msgs/state_estimator_msgs/srv/detail/get_estimator_description__rosidl_typesupport_introspection_c.h
[18.305s] -- Installing: /home/go2/go2_ws/src/muse/muse_ros2/muse_ws/install/state_estimator_msgs/include/state_estimator_msgs/state_estimator_msgs/srv/detail/list_all_estimators__rosidl_typesupport_introspection_c.h
[18.306s] -- Installing: /home/go2/go2_ws/src/muse/muse_ros2/muse_ws/install/state_estimator_msgs/include/state_estimator_msgs/state_estimator_msgs/srv/detail/start_estimator__rosidl_typesupport_introspection_c.h
[18.306s] -- Installing: /home/go2/go2_ws/src/muse/muse_ros2/muse_ws/install/state_estimator_msgs/include/state_estimator_msgs/state_estimator_msgs/srv/detail/list_all_estimators__type_support.c
[18.307s] -- Installing: /home/go2/go2_ws/src/muse/muse_ros2/muse_ws/install/state_estimator_msgs/include/state_estimator_msgs/state_estimator_msgs/srv/detail/pause_estimator__rosidl_typesupport_introspection_c.h
[18.307s] -- Installing: /home/go2/go2_ws/src/muse/muse_ros2/muse_ws/install/state_estimator_msgs/include/state_estimator_msgs/state_estimator_msgs/srv/detail/get_whitelist__type_support.c
[18.307s] -- Installing: /home/go2/go2_ws/src/muse/muse_ros2/muse_ws/install/state_estimator_msgs/include/state_estimator_msgs/state_estimator_msgs/srv/detail/resume_estimator__type_support.c
[18.308s] -- Installing: /home/go2/go2_ws/src/muse/muse_ros2/muse_ws/install/state_estimator_msgs/include/state_estimator_msgs/state_estimator_msgs/srv/detail/get_estimator_description__type_support.c
[18.309s] -- Up-to-date: /home/go2/go2_ws/src/muse/muse_ros2/muse_ws/install/state_estimator_msgs/include/state_estimator_msgs/state_estimator_msgs/msg
[18.310s] -- Installing: /home/go2/go2_ws/src/muse/muse_ros2/muse_ws/install/state_estimator_msgs/include/state_estimator_msgs/state_estimator_msgs/msg/rosidl_typesupport_introspection_c__visibility_control.h
[18.310s] -- Up-to-date: /home/go2/go2_ws/src/muse/muse_ros2/muse_ws/install/state_estimator_msgs/include/state_estimator_msgs/state_estimator_msgs/msg/detail
[18.310s] -- Installing: /home/go2/go2_ws/src/muse/muse_ros2/muse_ws/install/state_estimator_msgs/include/state_estimator_msgs/state_estimator_msgs/msg/detail/contact_detection__rosidl_typesupport_introspection_c.h
[18.311s] -- Installing: /home/go2/go2_ws/src/muse/muse_ros2/muse_ws/install/state_estimator_msgs/include/state_estimator_msgs/state_estimator_msgs/msg/detail/attitude__type_support.c
[18.311s] -- Installing: /home/go2/go2_ws/src/muse/muse_ros2/muse_ws/install/state_estimator_msgs/include/state_estimator_msgs/state_estimator_msgs/msg/detail/joint_state_with_acceleration__type_support.c
[18.311s] -- Installing: /home/go2/go2_ws/src/muse/muse_ros2/muse_ws/install/state_estimator_msgs/include/state_estimator_msgs/state_estimator_msgs/msg/detail/sensor_fusion__rosidl_typesupport_introspection_c.h
[18.311s] -- Installing: /home/go2/go2_ws/src/muse/muse_ros2/muse_ws/install/state_estimator_msgs/include/state_estimator_msgs/state_estimator_msgs/msg/detail/sensor_fusion__type_support.c
[18.311s] -- Installing: /home/go2/go2_ws/src/muse/muse_ros2/muse_ws/install/state_estimator_msgs/include/state_estimator_msgs/state_estimator_msgs/msg/detail/joint_state_with_acceleration__rosidl_typesupport_introspection_c.h
[18.311s] -- Installing: /home/go2/go2_ws/src/muse/muse_ros2/muse_ws/install/state_estimator_msgs/include/state_estimator_msgs/state_estimator_msgs/msg/detail/leg_odometry__type_support.c
[18.311s] -- Installing: /home/go2/go2_ws/src/muse/muse_ros2/muse_ws/install/state_estimator_msgs/include/state_estimator_msgs/state_estimator_msgs/msg/detail/attitude__rosidl_typesupport_introspection_c.h
[18.311s] -- Installing: /home/go2/go2_ws/src/muse/muse_ros2/muse_ws/install/state_estimator_msgs/include/state_estimator_msgs/state_estimator_msgs/msg/detail/contact_detection__type_support.c
[18.312s] -- Installing: /home/go2/go2_ws/src/muse/muse_ros2/muse_ws/install/state_estimator_msgs/include/state_estimator_msgs/state_estimator_msgs/msg/detail/leg_odometry__rosidl_typesupport_introspection_c.h
[18.312s] -- Installing: /home/go2/go2_ws/src/muse/muse_ros2/muse_ws/install/state_estimator_msgs/lib/libstate_estimator_msgs__rosidl_typesupport_introspection_c.so
[18.312s] -- Set runtime path of "/home/go2/go2_ws/src/muse/muse_ros2/muse_ws/install/state_estimator_msgs/lib/libstate_estimator_msgs__rosidl_typesupport_introspection_c.so" to ""
[18.312s] -- Installing: /home/go2/go2_ws/src/muse/muse_ros2/muse_ws/install/state_estimator_msgs/lib/libstate_estimator_msgs__rosidl_typesupport_c.so
[18.312s] -- Set runtime path of "/home/go2/go2_ws/src/muse/muse_ros2/muse_ws/install/state_estimator_msgs/lib/libstate_estimator_msgs__rosidl_typesupport_c.so" to ""
[18.312s] -- Up-to-date: /home/go2/go2_ws/src/muse/muse_ros2/muse_ws/install/state_estimator_msgs/include/state_estimator_msgs/state_estimator_msgs
[18.312s] -- Up-to-date: /home/go2/go2_ws/src/muse/muse_ros2/muse_ws/install/state_estimator_msgs/include/state_estimator_msgs/state_estimator_msgs/srv
[18.312s] -- Up-to-date: /home/go2/go2_ws/src/muse/muse_ros2/muse_ws/install/state_estimator_msgs/include/state_estimator_msgs/state_estimator_msgs/srv/detail
[18.312s] -- Installing: /home/go2/go2_ws/src/muse/muse_ros2/muse_ws/install/state_estimator_msgs/include/state_estimator_msgs/state_estimator_msgs/srv/detail/get_active_estimators__type_support.cpp
[18.313s] -- Installing: /home/go2/go2_ws/src/muse/muse_ros2/muse_ws/install/state_estimator_msgs/include/state_estimator_msgs/state_estimator_msgs/srv/detail/restart_estimator__rosidl_typesupport_introspection_cpp.hpp
[18.313s] -- Installing: /home/go2/go2_ws/src/muse/muse_ros2/muse_ws/install/state_estimator_msgs/include/state_estimator_msgs/state_estimator_msgs/srv/detail/stop_estimator__type_support.cpp
[18.313s] -- Installing: /home/go2/go2_ws/src/muse/muse_ros2/muse_ws/install/state_estimator_msgs/include/state_estimator_msgs/state_estimator_msgs/srv/detail/get_estimator_description__rosidl_typesupport_introspection_cpp.hpp
[18.313s] -- Installing: /home/go2/go2_ws/src/muse/muse_ros2/muse_ws/install/state_estimator_msgs/include/state_estimator_msgs/state_estimator_msgs/srv/detail/get_estimator_description__type_support.cpp
[18.313s] -- Installing: /home/go2/go2_ws/src/muse/muse_ros2/muse_ws/install/state_estimator_msgs/include/state_estimator_msgs/state_estimator_msgs/srv/detail/list_all_estimators__type_support.cpp
[18.313s] -- Installing: /home/go2/go2_ws/src/muse/muse_ros2/muse_ws/install/state_estimator_msgs/include/state_estimator_msgs/state_estimator_msgs/srv/detail/get_active_estimators__rosidl_typesupport_introspection_cpp.hpp
[18.313s] -- Installing: /home/go2/go2_ws/src/muse/muse_ros2/muse_ws/install/state_estimator_msgs/include/state_estimator_msgs/state_estimator_msgs/srv/detail/pause_estimator__rosidl_typesupport_introspection_cpp.hpp
[18.314s] -- Installing: /home/go2/go2_ws/src/muse/muse_ros2/muse_ws/install/state_estimator_msgs/include/state_estimator_msgs/state_estimator_msgs/srv/detail/start_estimator__type_support.cpp
[18.314s] -- Installing: /home/go2/go2_ws/src/muse/muse_ros2/muse_ws/install/state_estimator_msgs/include/state_estimator_msgs/state_estimator_msgs/srv/detail/get_blacklist__rosidl_typesupport_introspection_cpp.hpp
[18.314s] -- Installing: /home/go2/go2_ws/src/muse/muse_ros2/muse_ws/install/state_estimator_msgs/include/state_estimator_msgs/state_estimator_msgs/srv/detail/reset_estimator__type_support.cpp
[18.314s] -- Installing: /home/go2/go2_ws/src/muse/muse_ros2/muse_ws/install/state_estimator_msgs/include/state_estimator_msgs/state_estimator_msgs/srv/detail/list_all_estimators__rosidl_typesupport_introspection_cpp.hpp
[18.314s] -- Installing: /home/go2/go2_ws/src/muse/muse_ros2/muse_ws/install/state_estimator_msgs/include/state_estimator_msgs/state_estimator_msgs/srv/detail/resume_estimator__type_support.cpp
[18.314s] -- Installing: /home/go2/go2_ws/src/muse/muse_ros2/muse_ws/install/state_estimator_msgs/include/state_estimator_msgs/state_estimator_msgs/srv/detail/get_blacklist__type_support.cpp
[18.315s] -- Installing: /home/go2/go2_ws/src/muse/muse_ros2/muse_ws/install/state_estimator_msgs/include/state_estimator_msgs/state_estimator_msgs/srv/detail/resume_estimator__rosidl_typesupport_introspection_cpp.hpp
[18.315s] -- Installing: /home/go2/go2_ws/src/muse/muse_ros2/muse_ws/install/state_estimator_msgs/include/state_estimator_msgs/state_estimator_msgs/srv/detail/stop_estimator__rosidl_typesupport_introspection_cpp.hpp
[18.315s] -- Installing: /home/go2/go2_ws/src/muse/muse_ros2/muse_ws/install/state_estimator_msgs/include/state_estimator_msgs/state_estimator_msgs/srv/detail/restart_estimator__type_support.cpp
[18.315s] -- Installing: /home/go2/go2_ws/src/muse/muse_ros2/muse_ws/install/state_estimator_msgs/include/state_estimator_msgs/state_estimator_msgs/srv/detail/start_estimator__rosidl_typesupport_introspection_cpp.hpp
[18.315s] -- Installing: /home/go2/go2_ws/src/muse/muse_ros2/muse_ws/install/state_estimator_msgs/include/state_estimator_msgs/state_estimator_msgs/srv/detail/reset_estimator__rosidl_typesupport_introspection_cpp.hpp
[18.315s] -- Installing: /home/go2/go2_ws/src/muse/muse_ros2/muse_ws/install/state_estimator_msgs/include/state_estimator_msgs/state_estimator_msgs/srv/detail/get_whitelist__type_support.cpp
[18.315s] -- Installing: /home/go2/go2_ws/src/muse/muse_ros2/muse_ws/install/state_estimator_msgs/include/state_estimator_msgs/state_estimator_msgs/srv/detail/get_whitelist__rosidl_typesupport_introspection_cpp.hpp
[18.315s] -- Installing: /home/go2/go2_ws/src/muse/muse_ros2/muse_ws/install/state_estimator_msgs/include/state_estimator_msgs/state_estimator_msgs/srv/detail/pause_estimator__type_support.cpp
[18.316s] -- Up-to-date: /home/go2/go2_ws/src/muse/muse_ros2/muse_ws/install/state_estimator_msgs/include/state_estimator_msgs/state_estimator_msgs/msg
[18.316s] -- Up-to-date: /home/go2/go2_ws/src/muse/muse_ros2/muse_ws/install/state_estimator_msgs/include/state_estimator_msgs/state_estimator_msgs/msg/detail
[18.316s] -- Installing: /home/go2/go2_ws/src/muse/muse_ros2/muse_ws/install/state_estimator_msgs/include/state_estimator_msgs/state_estimator_msgs/msg/detail/attitude__rosidl_typesupport_introspection_cpp.hpp
[18.316s] -- Installing: /home/go2/go2_ws/src/muse/muse_ros2/muse_ws/install/state_estimator_msgs/include/state_estimator_msgs/state_estimator_msgs/msg/detail/contact_detection__type_support.cpp
[18.316s] -- Installing: /home/go2/go2_ws/src/muse/muse_ros2/muse_ws/install/state_estimator_msgs/include/state_estimator_msgs/state_estimator_msgs/msg/detail/joint_state_with_acceleration__rosidl_typesupport_introspection_cpp.hpp
[18.317s] -- Installing: /home/go2/go2_ws/src/muse/muse_ros2/muse_ws/install/state_estimator_msgs/include/state_estimator_msgs/state_estimator_msgs/msg/detail/leg_odometry__type_support.cpp
[18.317s] -- Installing: /home/go2/go2_ws/src/muse/muse_ros2/muse_ws/install/state_estimator_msgs/include/state_estimator_msgs/state_estimator_msgs/msg/detail/contact_detection__rosidl_typesupport_introspection_cpp.hpp
[18.317s] -- Installing: /home/go2/go2_ws/src/muse/muse_ros2/muse_ws/install/state_estimator_msgs/include/state_estimator_msgs/state_estimator_msgs/msg/detail/sensor_fusion__rosidl_typesupport_introspection_cpp.hpp
[18.318s] -- Installing: /home/go2/go2_ws/src/muse/muse_ros2/muse_ws/install/state_estimator_msgs/include/state_estimator_msgs/state_estimator_msgs/msg/detail/sensor_fusion__type_support.cpp
[18.318s] -- Installing: /home/go2/go2_ws/src/muse/muse_ros2/muse_ws/install/state_estimator_msgs/include/state_estimator_msgs/state_estimator_msgs/msg/detail/leg_odometry__rosidl_typesupport_introspection_cpp.hpp
[18.321s] -- Installing: /home/go2/go2_ws/src/muse/muse_ros2/muse_ws/install/state_estimator_msgs/include/state_estimator_msgs/state_estimator_msgs/msg/detail/joint_state_with_acceleration__type_support.cpp
[18.321s] -- Installing: /home/go2/go2_ws/src/muse/muse_ros2/muse_ws/install/state_estimator_msgs/include/state_estimator_msgs/state_estimator_msgs/msg/detail/attitude__type_support.cpp
[18.321s] -- Installing: /home/go2/go2_ws/src/muse/muse_ros2/muse_ws/install/state_estimator_msgs/lib/libstate_estimator_msgs__rosidl_typesupport_introspection_cpp.so
[18.321s] -- Set runtime path of "/home/go2/go2_ws/src/muse/muse_ros2/muse_ws/install/state_estimator_msgs/lib/libstate_estimator_msgs__rosidl_typesupport_introspection_cpp.so" to ""
[18.322s] -- Installing: /home/go2/go2_ws/src/muse/muse_ros2/muse_ws/install/state_estimator_msgs/lib/libstate_estimator_msgs__rosidl_typesupport_cpp.so
[18.325s] -- Set runtime path of "/home/go2/go2_ws/src/muse/muse_ros2/muse_ws/install/state_estimator_msgs/lib/libstate_estimator_msgs__rosidl_typesupport_cpp.so" to ""
[18.325s] -- Installing: /home/go2/go2_ws/src/muse/muse_ros2/muse_ws/install/state_estimator_msgs/share/state_estimator_msgs/environment/pythonpath.sh
[18.326s] -- Installing: /home/go2/go2_ws/src/muse/muse_ros2/muse_ws/install/state_estimator_msgs/share/state_estimator_msgs/environment/pythonpath.dsv
[18.327s] -- Installing: /home/go2/go2_ws/src/muse/muse_ros2/muse_ws/install/state_estimator_msgs/local/lib/python3.10/dist-packages/state_estimator_msgs-0.0.1-py3.10.egg-info
[18.332s] -- Installing: /home/go2/go2_ws/src/muse/muse_ros2/muse_ws/install/state_estimator_msgs/local/lib/python3.10/dist-packages/state_estimator_msgs-0.0.1-py3.10.egg-info/top_level.txt
[18.333s] -- Installing: /home/go2/go2_ws/src/muse/muse_ros2/muse_ws/install/state_estimator_msgs/local/lib/python3.10/dist-packages/state_estimator_msgs-0.0.1-py3.10.egg-info/SOURCES.txt
[18.333s] -- Installing: /home/go2/go2_ws/src/muse/muse_ros2/muse_ws/install/state_estimator_msgs/local/lib/python3.10/dist-packages/state_estimator_msgs-0.0.1-py3.10.egg-info/PKG-INFO
[18.333s] -- Installing: /home/go2/go2_ws/src/muse/muse_ros2/muse_ws/install/state_estimator_msgs/local/lib/python3.10/dist-packages/state_estimator_msgs-0.0.1-py3.10.egg-info/dependency_links.txt
[18.334s] -- Installing: /home/go2/go2_ws/src/muse/muse_ros2/muse_ws/install/state_estimator_msgs/local/lib/python3.10/dist-packages/state_estimator_msgs
[18.337s] -- Installing: /home/go2/go2_ws/src/muse/muse_ros2/muse_ws/install/state_estimator_msgs/local/lib/python3.10/dist-packages/state_estimator_msgs/_state_estimator_msgs_s.ep.rosidl_typesupport_c.c
[18.337s] -- Installing: /home/go2/go2_ws/src/muse/muse_ros2/muse_ws/install/state_estimator_msgs/local/lib/python3.10/dist-packages/state_estimator_msgs/state_estimator_msgs_s__rosidl_typesupport_introspection_c.cpython-310-x86_64-linux-gnu.so
[18.337s] -- Installing: /home/go2/go2_ws/src/muse/muse_ros2/muse_ws/install/state_estimator_msgs/local/lib/python3.10/dist-packages/state_estimator_msgs/_state_estimator_msgs_s.ep.rosidl_typesupport_introspection_c.c
[18.337s] -- Installing: /home/go2/go2_ws/src/muse/muse_ros2/muse_ws/install/state_estimator_msgs/local/lib/python3.10/dist-packages/state_estimator_msgs/_state_estimator_msgs_s.ep.rosidl_typesupport_fastrtps_c.c
[18.337s] -- Installing: /home/go2/go2_ws/src/muse/muse_ros2/muse_ws/install/state_estimator_msgs/local/lib/python3.10/dist-packages/state_estimator_msgs/libstate_estimator_msgs__rosidl_generator_py.so
[18.337s] -- Installing: /home/go2/go2_ws/src/muse/muse_ros2/muse_ws/install/state_estimator_msgs/local/lib/python3.10/dist-packages/state_estimator_msgs/srv
[18.338s] -- Installing: /home/go2/go2_ws/src/muse/muse_ros2/muse_ws/install/state_estimator_msgs/local/lib/python3.10/dist-packages/state_estimator_msgs/srv/_resume_estimator.py
[18.340s] -- Installing: /home/go2/go2_ws/src/muse/muse_ros2/muse_ws/install/state_estimator_msgs/local/lib/python3.10/dist-packages/state_estimator_msgs/srv/_get_whitelist.py
[18.340s] -- Installing: /home/go2/go2_ws/src/muse/muse_ros2/muse_ws/install/state_estimator_msgs/local/lib/python3.10/dist-packages/state_estimator_msgs/srv/_start_estimator.py
[18.340s] -- Installing: /home/go2/go2_ws/src/muse/muse_ros2/muse_ws/install/state_estimator_msgs/local/lib/python3.10/dist-packages/state_estimator_msgs/srv/_stop_estimator_s.c
[18.341s] -- Installing: /home/go2/go2_ws/src/muse/muse_ros2/muse_ws/install/state_estimator_msgs/local/lib/python3.10/dist-packages/state_estimator_msgs/srv/_list_all_estimators.py
[18.341s] -- Installing: /home/go2/go2_ws/src/muse/muse_ros2/muse_ws/install/state_estimator_msgs/local/lib/python3.10/dist-packages/state_estimator_msgs/srv/_get_active_estimators.py
[18.344s] -- Installing: /home/go2/go2_ws/src/muse/muse_ros2/muse_ws/install/state_estimator_msgs/local/lib/python3.10/dist-packages/state_estimator_msgs/srv/_list_all_estimators_s.c
[18.345s] -- Installing: /home/go2/go2_ws/src/muse/muse_ros2/muse_ws/install/state_estimator_msgs/local/lib/python3.10/dist-packages/state_estimator_msgs/srv/_start_estimator_s.c
[18.345s] -- Installing: /home/go2/go2_ws/src/muse/muse_ros2/muse_ws/install/state_estimator_msgs/local/lib/python3.10/dist-packages/state_estimator_msgs/srv/_resume_estimator_s.c
[18.345s] -- Installing: /home/go2/go2_ws/src/muse/muse_ros2/muse_ws/install/state_estimator_msgs/local/lib/python3.10/dist-packages/state_estimator_msgs/srv/_get_blacklist_s.c
[18.345s] -- Installing: /home/go2/go2_ws/src/muse/muse_ros2/muse_ws/install/state_estimator_msgs/local/lib/python3.10/dist-packages/state_estimator_msgs/srv/_get_estimator_description.py
[18.345s] -- Installing: /home/go2/go2_ws/src/muse/muse_ros2/muse_ws/install/state_estimator_msgs/local/lib/python3.10/dist-packages/state_estimator_msgs/srv/_get_active_estimators_s.c
[18.345s] -- Installing: /home/go2/go2_ws/src/muse/muse_ros2/muse_ws/install/state_estimator_msgs/local/lib/python3.10/dist-packages/state_estimator_msgs/srv/_stop_estimator.py
[18.345s] -- Installing: /home/go2/go2_ws/src/muse/muse_ros2/muse_ws/install/state_estimator_msgs/local/lib/python3.10/dist-packages/state_estimator_msgs/srv/_restart_estimator.py
[18.346s] -- Installing: /home/go2/go2_ws/src/muse/muse_ros2/muse_ws/install/state_estimator_msgs/local/lib/python3.10/dist-packages/state_estimator_msgs/srv/_pause_estimator.py
[18.347s] -- Installing: /home/go2/go2_ws/src/muse/muse_ros2/muse_ws/install/state_estimator_msgs/local/lib/python3.10/dist-packages/state_estimator_msgs/srv/__init__.py
[18.348s] -- Installing: /home/go2/go2_ws/src/muse/muse_ros2/muse_ws/install/state_estimator_msgs/local/lib/python3.10/dist-packages/state_estimator_msgs/srv/_reset_estimator_s.c
[18.348s] -- Installing: /home/go2/go2_ws/src/muse/muse_ros2/muse_ws/install/state_estimator_msgs/local/lib/python3.10/dist-packages/state_estimator_msgs/srv/_get_blacklist.py
[18.348s] -- Installing: /home/go2/go2_ws/src/muse/muse_ros2/muse_ws/install/state_estimator_msgs/local/lib/python3.10/dist-packages/state_estimator_msgs/srv/_reset_estimator.py
[18.349s] -- Installing: /home/go2/go2_ws/src/muse/muse_ros2/muse_ws/install/state_estimator_msgs/local/lib/python3.10/dist-packages/state_estimator_msgs/srv/_restart_estimator_s.c
[18.349s] -- Installing: /home/go2/go2_ws/src/muse/muse_ros2/muse_ws/install/state_estimator_msgs/local/lib/python3.10/dist-packages/state_estimator_msgs/srv/_pause_estimator_s.c
[18.349s] -- Installing: /home/go2/go2_ws/src/muse/muse_ros2/muse_ws/install/state_estimator_msgs/local/lib/python3.10/dist-packages/state_estimator_msgs/srv/_get_estimator_description_s.c
[18.351s] -- Installing: /home/go2/go2_ws/src/muse/muse_ros2/muse_ws/install/state_estimator_msgs/local/lib/python3.10/dist-packages/state_estimator_msgs/srv/_get_whitelist_s.c
[18.352s] -- Installing: /home/go2/go2_ws/src/muse/muse_ros2/muse_ws/install/state_estimator_msgs/local/lib/python3.10/dist-packages/state_estimator_msgs/__init__.py
[18.352s] -- Installing: /home/go2/go2_ws/src/muse/muse_ros2/muse_ws/install/state_estimator_msgs/local/lib/python3.10/dist-packages/state_estimator_msgs/state_estimator_msgs_s__rosidl_typesupport_fastrtps_c.cpython-310-x86_64-linux-gnu.so
[18.352s] -- Installing: /home/go2/go2_ws/src/muse/muse_ros2/muse_ws/install/state_estimator_msgs/local/lib/python3.10/dist-packages/state_estimator_msgs/msg
[18.352s] -- Installing: /home/go2/go2_ws/src/muse/muse_ros2/muse_ws/install/state_estimator_msgs/local/lib/python3.10/dist-packages/state_estimator_msgs/msg/_attitude.py
[18.352s] -- Installing: /home/go2/go2_ws/src/muse/muse_ros2/muse_ws/install/state_estimator_msgs/local/lib/python3.10/dist-packages/state_estimator_msgs/msg/_sensor_fusion.py
[18.353s] -- Installing: /home/go2/go2_ws/src/muse/muse_ros2/muse_ws/install/state_estimator_msgs/local/lib/python3.10/dist-packages/state_estimator_msgs/msg/_contact_detection.py
[18.353s] -- Installing: /home/go2/go2_ws/src/muse/muse_ros2/muse_ws/install/state_estimator_msgs/local/lib/python3.10/dist-packages/state_estimator_msgs/msg/_joint_state_with_acceleration_s.c
[18.354s] -- Installing: /home/go2/go2_ws/src/muse/muse_ros2/muse_ws/install/state_estimator_msgs/local/lib/python3.10/dist-packages/state_estimator_msgs/msg/_leg_odometry_s.c
[18.354s] -- Installing: /home/go2/go2_ws/src/muse/muse_ros2/muse_ws/install/state_estimator_msgs/local/lib/python3.10/dist-packages/state_estimator_msgs/msg/_leg_odometry.py
[18.354s] -- Installing: /home/go2/go2_ws/src/muse/muse_ros2/muse_ws/install/state_estimator_msgs/local/lib/python3.10/dist-packages/state_estimator_msgs/msg/_joint_state_with_acceleration.py
[18.355s] -- Installing: /home/go2/go2_ws/src/muse/muse_ros2/muse_ws/install/state_estimator_msgs/local/lib/python3.10/dist-packages/state_estimator_msgs/msg/__init__.py
[18.356s] -- Installing: /home/go2/go2_ws/src/muse/muse_ros2/muse_ws/install/state_estimator_msgs/local/lib/python3.10/dist-packages/state_estimator_msgs/msg/_contact_detection_s.c
[18.356s] -- Installing: /home/go2/go2_ws/src/muse/muse_ros2/muse_ws/install/state_estimator_msgs/local/lib/python3.10/dist-packages/state_estimator_msgs/msg/_attitude_s.c
[18.356s] -- Installing: /home/go2/go2_ws/src/muse/muse_ros2/muse_ws/install/state_estimator_msgs/local/lib/python3.10/dist-packages/state_estimator_msgs/msg/_sensor_fusion_s.c
[18.356s] -- Installing: /home/go2/go2_ws/src/muse/muse_ros2/muse_ws/install/state_estimator_msgs/local/lib/python3.10/dist-packages/state_estimator_msgs/state_estimator_msgs_s__rosidl_typesupport_c.cpython-310-x86_64-linux-gnu.so
[18.489s] Listing '/home/go2/go2_ws/src/muse/muse_ros2/muse_ws/install/state_estimator_msgs/local/lib/python3.10/dist-packages/state_estimator_msgs'...
[18.489s] Compiling '/home/go2/go2_ws/src/muse/muse_ros2/muse_ws/install/state_estimator_msgs/local/lib/python3.10/dist-packages/state_estimator_msgs/__init__.py'...
[18.489s] Listing '/home/go2/go2_ws/src/muse/muse_ros2/muse_ws/install/state_estimator_msgs/local/lib/python3.10/dist-packages/state_estimator_msgs/msg'...
[18.489s] Compiling '/home/go2/go2_ws/src/muse/muse_ros2/muse_ws/install/state_estimator_msgs/local/lib/python3.10/dist-packages/state_estimator_msgs/msg/__init__.py'...
[18.489s] Compiling '/home/go2/go2_ws/src/muse/muse_ros2/muse_ws/install/state_estimator_msgs/local/lib/python3.10/dist-packages/state_estimator_msgs/msg/_attitude.py'...
[18.489s] Compiling '/home/go2/go2_ws/src/muse/muse_ros2/muse_ws/install/state_estimator_msgs/local/lib/python3.10/dist-packages/state_estimator_msgs/msg/_contact_detection.py'...
[18.489s] Compiling '/home/go2/go2_ws/src/muse/muse_ros2/muse_ws/install/state_estimator_msgs/local/lib/python3.10/dist-packages/state_estimator_msgs/msg/_joint_state_with_acceleration.py'...
[18.490s] Compiling '/home/go2/go2_ws/src/muse/muse_ros2/muse_ws/install/state_estimator_msgs/local/lib/python3.10/dist-packages/state_estimator_msgs/msg/_leg_odometry.py'...
[18.490s] Compiling '/home/go2/go2_ws/src/muse/muse_ros2/muse_ws/install/state_estimator_msgs/local/lib/python3.10/dist-packages/state_estimator_msgs/msg/_sensor_fusion.py'...
[18.490s] Listing '/home/go2/go2_ws/src/muse/muse_ros2/muse_ws/install/state_estimator_msgs/local/lib/python3.10/dist-packages/state_estimator_msgs/srv'...
[18.490s] Compiling '/home/go2/go2_ws/src/muse/muse_ros2/muse_ws/install/state_estimator_msgs/local/lib/python3.10/dist-packages/state_estimator_msgs/srv/__init__.py'...
[18.490s] Compiling '/home/go2/go2_ws/src/muse/muse_ros2/muse_ws/install/state_estimator_msgs/local/lib/python3.10/dist-packages/state_estimator_msgs/srv/_get_active_estimators.py'...
[18.490s] Compiling '/home/go2/go2_ws/src/muse/muse_ros2/muse_ws/install/state_estimator_msgs/local/lib/python3.10/dist-packages/state_estimator_msgs/srv/_get_blacklist.py'...
[18.490s] Compiling '/home/go2/go2_ws/src/muse/muse_ros2/muse_ws/install/state_estimator_msgs/local/lib/python3.10/dist-packages/state_estimator_msgs/srv/_get_estimator_description.py'...
[18.491s] Compiling '/home/go2/go2_ws/src/muse/muse_ros2/muse_ws/install/state_estimator_msgs/local/lib/python3.10/dist-packages/state_estimator_msgs/srv/_get_whitelist.py'...
[18.491s] Compiling '/home/go2/go2_ws/src/muse/muse_ros2/muse_ws/install/state_estimator_msgs/local/lib/python3.10/dist-packages/state_estimator_msgs/srv/_list_all_estimators.py'...
[18.491s] Compiling '/home/go2/go2_ws/src/muse/muse_ros2/muse_ws/install/state_estimator_msgs/local/lib/python3.10/dist-packages/state_estimator_msgs/srv/_pause_estimator.py'...
[18.491s] Compiling '/home/go2/go2_ws/src/muse/muse_ros2/muse_ws/install/state_estimator_msgs/local/lib/python3.10/dist-packages/state_estimator_msgs/srv/_reset_estimator.py'...
[18.491s] Compiling '/home/go2/go2_ws/src/muse/muse_ros2/muse_ws/install/state_estimator_msgs/local/lib/python3.10/dist-packages/state_estimator_msgs/srv/_restart_estimator.py'...
[18.491s] Compiling '/home/go2/go2_ws/src/muse/muse_ros2/muse_ws/install/state_estimator_msgs/local/lib/python3.10/dist-packages/state_estimator_msgs/srv/_resume_estimator.py'...
[18.491s] Compiling '/home/go2/go2_ws/src/muse/muse_ros2/muse_ws/install/state_estimator_msgs/local/lib/python3.10/dist-packages/state_estimator_msgs/srv/_start_estimator.py'...
[18.491s] Compiling '/home/go2/go2_ws/src/muse/muse_ros2/muse_ws/install/state_estimator_msgs/local/lib/python3.10/dist-packages/state_estimator_msgs/srv/_stop_estimator.py'...
[18.495s] -- Installing: /home/go2/go2_ws/src/muse/muse_ros2/muse_ws/install/state_estimator_msgs/local/lib/python3.10/dist-packages/state_estimator_msgs/state_estimator_msgs_s__rosidl_typesupport_fastrtps_c.cpython-310-x86_64-linux-gnu.so
[18.495s] -- Set runtime path of "/home/go2/go2_ws/src/muse/muse_ros2/muse_ws/install/state_estimator_msgs/local/lib/python3.10/dist-packages/state_estimator_msgs/state_estimator_msgs_s__rosidl_typesupport_fastrtps_c.cpython-310-x86_64-linux-gnu.so" to ""
[18.495s] -- Installing: /home/go2/go2_ws/src/muse/muse_ros2/muse_ws/install/state_estimator_msgs/local/lib/python3.10/dist-packages/state_estimator_msgs/state_estimator_msgs_s__rosidl_typesupport_introspection_c.cpython-310-x86_64-linux-gnu.so
[18.495s] -- Set runtime path of "/home/go2/go2_ws/src/muse/muse_ros2/muse_ws/install/state_estimator_msgs/local/lib/python3.10/dist-packages/state_estimator_msgs/state_estimator_msgs_s__rosidl_typesupport_introspection_c.cpython-310-x86_64-linux-gnu.so" to ""
[18.495s] -- Installing: /home/go2/go2_ws/src/muse/muse_ros2/muse_ws/install/state_estimator_msgs/local/lib/python3.10/dist-packages/state_estimator_msgs/state_estimator_msgs_s__rosidl_typesupport_c.cpython-310-x86_64-linux-gnu.so
[18.496s] -- Set runtime path of "/home/go2/go2_ws/src/muse/muse_ros2/muse_ws/install/state_estimator_msgs/local/lib/python3.10/dist-packages/state_estimator_msgs/state_estimator_msgs_s__rosidl_typesupport_c.cpython-310-x86_64-linux-gnu.so" to ""
[18.496s] -- Installing: /home/go2/go2_ws/src/muse/muse_ros2/muse_ws/install/state_estimator_msgs/lib/libstate_estimator_msgs__rosidl_generator_py.so
[18.501s] -- Set runtime path of "/home/go2/go2_ws/src/muse/muse_ros2/muse_ws/install/state_estimator_msgs/lib/libstate_estimator_msgs__rosidl_generator_py.so" to ""
[18.502s] -- Installing: /home/go2/go2_ws/src/muse/muse_ros2/muse_ws/install/state_estimator_msgs/share/state_estimator_msgs/msg/Attitude.idl
[18.502s] -- Installing: /home/go2/go2_ws/src/muse/muse_ros2/muse_ws/install/state_estimator_msgs/share/state_estimator_msgs/msg/ContactDetection.idl
[18.502s] -- Installing: /home/go2/go2_ws/src/muse/muse_ros2/muse_ws/install/state_estimator_msgs/share/state_estimator_msgs/msg/LegOdometry.idl
[18.502s] -- Installing: /home/go2/go2_ws/src/muse/muse_ros2/muse_ws/install/state_estimator_msgs/share/state_estimator_msgs/msg/SensorFusion.idl
[18.502s] -- Installing: /home/go2/go2_ws/src/muse/muse_ros2/muse_ws/install/state_estimator_msgs/share/state_estimator_msgs/msg/JointStateWithAcceleration.idl
[18.503s] -- Installing: /home/go2/go2_ws/src/muse/muse_ros2/muse_ws/install/state_estimator_msgs/share/state_estimator_msgs/srv/GetActiveEstimators.idl
[18.503s] -- Installing: /home/go2/go2_ws/src/muse/muse_ros2/muse_ws/install/state_estimator_msgs/share/state_estimator_msgs/srv/GetBlacklist.idl
[18.503s] -- Installing: /home/go2/go2_ws/src/muse/muse_ros2/muse_ws/install/state_estimator_msgs/share/state_estimator_msgs/srv/GetEstimatorDescription.idl
[18.503s] -- Installing: /home/go2/go2_ws/src/muse/muse_ros2/muse_ws/install/state_estimator_msgs/share/state_estimator_msgs/srv/GetWhitelist.idl
[18.503s] -- Installing: /home/go2/go2_ws/src/muse/muse_ros2/muse_ws/install/state_estimator_msgs/share/state_estimator_msgs/srv/ListAllEstimators.idl
[18.503s] -- Installing: /home/go2/go2_ws/src/muse/muse_ros2/muse_ws/install/state_estimator_msgs/share/state_estimator_msgs/srv/PauseEstimator.idl
[18.504s] -- Installing: /home/go2/go2_ws/src/muse/muse_ros2/muse_ws/install/state_estimator_msgs/share/state_estimator_msgs/srv/ResetEstimator.idl
[18.504s] -- Installing: /home/go2/go2_ws/src/muse/muse_ros2/muse_ws/install/state_estimator_msgs/share/state_estimator_msgs/srv/RestartEstimator.idl
[18.506s] -- Installing: /home/go2/go2_ws/src/muse/muse_ros2/muse_ws/install/state_estimator_msgs/share/state_estimator_msgs/srv/ResumeEstimator.idl
[18.506s] -- Installing: /home/go2/go2_ws/src/muse/muse_ros2/muse_ws/install/state_estimator_msgs/share/state_estimator_msgs/srv/StartEstimator.idl
[18.506s] -- Installing: /home/go2/go2_ws/src/muse/muse_ros2/muse_ws/install/state_estimator_msgs/share/state_estimator_msgs/srv/StopEstimator.idl
[18.507s] -- Installing: /home/go2/go2_ws/src/muse/muse_ros2/muse_ws/install/state_estimator_msgs/share/state_estimator_msgs/msg/Attitude.msg
[18.507s] -- Installing: /home/go2/go2_ws/src/muse/muse_ros2/muse_ws/install/state_estimator_msgs/share/state_estimator_msgs/msg/ContactDetection.msg
[18.507s] -- Installing: /home/go2/go2_ws/src/muse/muse_ros2/muse_ws/install/state_estimator_msgs/share/state_estimator_msgs/msg/LegOdometry.msg
[18.507s] -- Installing: /home/go2/go2_ws/src/muse/muse_ros2/muse_ws/install/state_estimator_msgs/share/state_estimator_msgs/msg/SensorFusion.msg
[18.507s] -- Installing: /home/go2/go2_ws/src/muse/muse_ros2/muse_ws/install/state_estimator_msgs/share/state_estimator_msgs/msg/JointStateWithAcceleration.msg
[18.507s] -- Installing: /home/go2/go2_ws/src/muse/muse_ros2/muse_ws/install/state_estimator_msgs/share/state_estimator_msgs/srv/GetActiveEstimators.srv
[18.513s] -- Installing: /home/go2/go2_ws/src/muse/muse_ros2/muse_ws/install/state_estimator_msgs/share/state_estimator_msgs/srv/GetActiveEstimators_Request.msg
[18.513s] -- Installing: /home/go2/go2_ws/src/muse/muse_ros2/muse_ws/install/state_estimator_msgs/share/state_estimator_msgs/srv/GetActiveEstimators_Response.msg
[18.513s] -- Installing: /home/go2/go2_ws/src/muse/muse_ros2/muse_ws/install/state_estimator_msgs/share/state_estimator_msgs/srv/GetBlacklist.srv
[18.513s] -- Installing: /home/go2/go2_ws/src/muse/muse_ros2/muse_ws/install/state_estimator_msgs/share/state_estimator_msgs/srv/GetBlacklist_Request.msg
[18.513s] -- Installing: /home/go2/go2_ws/src/muse/muse_ros2/muse_ws/install/state_estimator_msgs/share/state_estimator_msgs/srv/GetBlacklist_Response.msg
[18.513s] -- Installing: /home/go2/go2_ws/src/muse/muse_ros2/muse_ws/install/state_estimator_msgs/share/state_estimator_msgs/srv/GetEstimatorDescription.srv
[18.514s] -- Installing: /home/go2/go2_ws/src/muse/muse_ros2/muse_ws/install/state_estimator_msgs/share/state_estimator_msgs/srv/GetEstimatorDescription_Request.msg
[18.514s] -- Installing: /home/go2/go2_ws/src/muse/muse_ros2/muse_ws/install/state_estimator_msgs/share/state_estimator_msgs/srv/GetEstimatorDescription_Response.msg
[18.514s] -- Installing: /home/go2/go2_ws/src/muse/muse_ros2/muse_ws/install/state_estimator_msgs/share/state_estimator_msgs/srv/GetWhitelist.srv
[18.514s] -- Installing: /home/go2/go2_ws/src/muse/muse_ros2/muse_ws/install/state_estimator_msgs/share/state_estimator_msgs/srv/GetWhitelist_Request.msg
[18.514s] -- Installing: /home/go2/go2_ws/src/muse/muse_ros2/muse_ws/install/state_estimator_msgs/share/state_estimator_msgs/srv/GetWhitelist_Response.msg
[18.514s] -- Installing: /home/go2/go2_ws/src/muse/muse_ros2/muse_ws/install/state_estimator_msgs/share/state_estimator_msgs/srv/ListAllEstimators.srv
[18.514s] -- Installing: /home/go2/go2_ws/src/muse/muse_ros2/muse_ws/install/state_estimator_msgs/share/state_estimator_msgs/srv/ListAllEstimators_Request.msg
[18.514s] -- Installing: /home/go2/go2_ws/src/muse/muse_ros2/muse_ws/install/state_estimator_msgs/share/state_estimator_msgs/srv/ListAllEstimators_Response.msg
[18.515s] -- Installing: /home/go2/go2_ws/src/muse/muse_ros2/muse_ws/install/state_estimator_msgs/share/state_estimator_msgs/srv/PauseEstimator.srv
[18.519s] -- Installing: /home/go2/go2_ws/src/muse/muse_ros2/muse_ws/install/state_estimator_msgs/share/state_estimator_msgs/srv/PauseEstimator_Request.msg
[18.519s] -- Installing: /home/go2/go2_ws/src/muse/muse_ros2/muse_ws/install/state_estimator_msgs/share/state_estimator_msgs/srv/PauseEstimator_Response.msg
[18.519s] -- Installing: /home/go2/go2_ws/src/muse/muse_ros2/muse_ws/install/state_estimator_msgs/share/state_estimator_msgs/srv/ResetEstimator.srv
[18.519s] -- Installing: /home/go2/go2_ws/src/muse/muse_ros2/muse_ws/install/state_estimator_msgs/share/state_estimator_msgs/srv/ResetEstimator_Request.msg
[18.520s] -- Installing: /home/go2/go2_ws/src/muse/muse_ros2/muse_ws/install/state_estimator_msgs/share/state_estimator_msgs/srv/ResetEstimator_Response.msg
[18.520s] -- Installing: /home/go2/go2_ws/src/muse/muse_ros2/muse_ws/install/state_estimator_msgs/share/state_estimator_msgs/srv/RestartEstimator.srv
[18.520s] -- Installing: /home/go2/go2_ws/src/muse/muse_ros2/muse_ws/install/state_estimator_msgs/share/state_estimator_msgs/srv/RestartEstimator_Request.msg
[18.520s] -- Installing: /home/go2/go2_ws/src/muse/muse_ros2/muse_ws/install/state_estimator_msgs/share/state_estimator_msgs/srv/RestartEstimator_Response.msg
[18.520s] -- Installing: /home/go2/go2_ws/src/muse/muse_ros2/muse_ws/install/state_estimator_msgs/share/state_estimator_msgs/srv/ResumeEstimator.srv
[18.521s] -- Installing: /home/go2/go2_ws/src/muse/muse_ros2/muse_ws/install/state_estimator_msgs/share/state_estimator_msgs/srv/ResumeEstimator_Request.msg
[18.521s] -- Installing: /home/go2/go2_ws/src/muse/muse_ros2/muse_ws/install/state_estimator_msgs/share/state_estimator_msgs/srv/ResumeEstimator_Response.msg
[18.521s] -- Installing: /home/go2/go2_ws/src/muse/muse_ros2/muse_ws/install/state_estimator_msgs/share/state_estimator_msgs/srv/StartEstimator.srv
[18.521s] -- Installing: /home/go2/go2_ws/src/muse/muse_ros2/muse_ws/install/state_estimator_msgs/share/state_estimator_msgs/srv/StartEstimator_Request.msg
[18.522s] -- Installing: /home/go2/go2_ws/src/muse/muse_ros2/muse_ws/install/state_estimator_msgs/share/state_estimator_msgs/srv/StartEstimator_Response.msg
[18.522s] -- Installing: /home/go2/go2_ws/src/muse/muse_ros2/muse_ws/install/state_estimator_msgs/share/state_estimator_msgs/srv/StopEstimator.srv
[18.522s] -- Installing: /home/go2/go2_ws/src/muse/muse_ros2/muse_ws/install/state_estimator_msgs/share/state_estimator_msgs/srv/StopEstimator_Request.msg
[18.523s] -- Installing: /home/go2/go2_ws/src/muse/muse_ros2/muse_ws/install/state_estimator_msgs/share/state_estimator_msgs/srv/StopEstimator_Response.msg
[18.528s] -- Installing: /home/go2/go2_ws/src/muse/muse_ros2/muse_ws/install/state_estimator_msgs/share/ament_index/resource_index/package_run_dependencies/state_estimator_msgs
[18.529s] -- Installing: /home/go2/go2_ws/src/muse/muse_ros2/muse_ws/install/state_estimator_msgs/share/ament_index/resource_index/parent_prefix_path/state_estimator_msgs
[18.530s] -- Installing: /home/go2/go2_ws/src/muse/muse_ros2/muse_ws/install/state_estimator_msgs/share/state_estimator_msgs/environment/ament_prefix_path.sh
[18.530s] -- Installing: /home/go2/go2_ws/src/muse/muse_ros2/muse_ws/install/state_estimator_msgs/share/state_estimator_msgs/environment/ament_prefix_path.dsv
[18.531s] -- Installing: /home/go2/go2_ws/src/muse/muse_ros2/muse_ws/install/state_estimator_msgs/share/state_estimator_msgs/environment/path.sh
[18.531s] -- Installing: /home/go2/go2_ws/src/muse/muse_ros2/muse_ws/install/state_estimator_msgs/share/state_estimator_msgs/environment/path.dsv
[18.531s] -- Installing: /home/go2/go2_ws/src/muse/muse_ros2/muse_ws/install/state_estimator_msgs/share/state_estimator_msgs/local_setup.bash
[18.532s] -- Installing: /home/go2/go2_ws/src/muse/muse_ros2/muse_ws/install/state_estimator_msgs/share/state_estimator_msgs/local_setup.sh
[18.532s] -- Installing: /home/go2/go2_ws/src/muse/muse_ros2/muse_ws/install/state_estimator_msgs/share/state_estimator_msgs/local_setup.zsh
[18.533s] -- Installing: /home/go2/go2_ws/src/muse/muse_ros2/muse_ws/install/state_estimator_msgs/share/state_estimator_msgs/local_setup.dsv
[18.533s] -- Installing: /home/go2/go2_ws/src/muse/muse_ros2/muse_ws/install/state_estimator_msgs/share/state_estimator_msgs/package.dsv
[18.535s] -- Installing: /home/go2/go2_ws/src/muse/muse_ros2/muse_ws/install/state_estimator_msgs/share/ament_index/resource_index/packages/state_estimator_msgs
[18.541s] -- Installing: /home/go2/go2_ws/src/muse/muse_ros2/muse_ws/install/state_estimator_msgs/share/state_estimator_msgs/cmake/export_state_estimator_msgs__rosidl_generator_cExport.cmake
[18.541s] -- Installing: /home/go2/go2_ws/src/muse/muse_ros2/muse_ws/install/state_estimator_msgs/share/state_estimator_msgs/cmake/export_state_estimator_msgs__rosidl_generator_cExport-noconfig.cmake
[18.541s] -- Installing: /home/go2/go2_ws/src/muse/muse_ros2/muse_ws/install/state_estimator_msgs/share/state_estimator_msgs/cmake/export_state_estimator_msgs__rosidl_typesupport_fastrtps_cExport.cmake
[18.541s] -- Installing: /home/go2/go2_ws/src/muse/muse_ros2/muse_ws/install/state_estimator_msgs/share/state_estimator_msgs/cmake/export_state_estimator_msgs__rosidl_typesupport_fastrtps_cExport-noconfig.cmake
[18.541s] -- Installing: /home/go2/go2_ws/src/muse/muse_ros2/muse_ws/install/state_estimator_msgs/share/state_estimator_msgs/cmake/export_state_estimator_msgs__rosidl_generator_cppExport.cmake
[18.542s] -- Installing: /home/go2/go2_ws/src/muse/muse_ros2/muse_ws/install/state_estimator_msgs/share/state_estimator_msgs/cmake/export_state_estimator_msgs__rosidl_typesupport_fastrtps_cppExport.cmake
[18.542s] -- Installing: /home/go2/go2_ws/src/muse/muse_ros2/muse_ws/install/state_estimator_msgs/share/state_estimator_msgs/cmake/export_state_estimator_msgs__rosidl_typesupport_fastrtps_cppExport-noconfig.cmake
[18.542s] -- Installing: /home/go2/go2_ws/src/muse/muse_ros2/muse_ws/install/state_estimator_msgs/share/state_estimator_msgs/cmake/state_estimator_msgs__rosidl_typesupport_introspection_cExport.cmake
[18.542s] -- Installing: /home/go2/go2_ws/src/muse/muse_ros2/muse_ws/install/state_estimator_msgs/share/state_estimator_msgs/cmake/state_estimator_msgs__rosidl_typesupport_introspection_cExport-noconfig.cmake
[18.542s] -- Installing: /home/go2/go2_ws/src/muse/muse_ros2/muse_ws/install/state_estimator_msgs/share/state_estimator_msgs/cmake/state_estimator_msgs__rosidl_typesupport_cExport.cmake
[18.542s] -- Installing: /home/go2/go2_ws/src/muse/muse_ros2/muse_ws/install/state_estimator_msgs/share/state_estimator_msgs/cmake/state_estimator_msgs__rosidl_typesupport_cExport-noconfig.cmake
[18.542s] -- Installing: /home/go2/go2_ws/src/muse/muse_ros2/muse_ws/install/state_estimator_msgs/share/state_estimator_msgs/cmake/state_estimator_msgs__rosidl_typesupport_introspection_cppExport.cmake
[18.543s] -- Installing: /home/go2/go2_ws/src/muse/muse_ros2/muse_ws/install/state_estimator_msgs/share/state_estimator_msgs/cmake/state_estimator_msgs__rosidl_typesupport_introspection_cppExport-noconfig.cmake
[18.543s] -- Installing: /home/go2/go2_ws/src/muse/muse_ros2/muse_ws/install/state_estimator_msgs/share/state_estimator_msgs/cmake/state_estimator_msgs__rosidl_typesupport_cppExport.cmake
[18.543s] -- Installing: /home/go2/go2_ws/src/muse/muse_ros2/muse_ws/install/state_estimator_msgs/share/state_estimator_msgs/cmake/state_estimator_msgs__rosidl_typesupport_cppExport-noconfig.cmake
[18.543s] -- Installing: /home/go2/go2_ws/src/muse/muse_ros2/muse_ws/install/state_estimator_msgs/share/state_estimator_msgs/cmake/export_state_estimator_msgs__rosidl_generator_pyExport.cmake
[18.543s] -- Installing: /home/go2/go2_ws/src/muse/muse_ros2/muse_ws/install/state_estimator_msgs/share/state_estimator_msgs/cmake/export_state_estimator_msgs__rosidl_generator_pyExport-noconfig.cmake
[18.544s] -- Installing: /home/go2/go2_ws/src/muse/muse_ros2/muse_ws/install/state_estimator_msgs/share/state_estimator_msgs/cmake/rosidl_cmake-extras.cmake
[18.544s] -- Installing: /home/go2/go2_ws/src/muse/muse_ros2/muse_ws/install/state_estimator_msgs/share/state_estimator_msgs/cmake/ament_cmake_export_dependencies-extras.cmake
[18.545s] -- Installing: /home/go2/go2_ws/src/muse/muse_ros2/muse_ws/install/state_estimator_msgs/share/state_estimator_msgs/cmake/ament_cmake_export_include_directories-extras.cmake
[18.546s] -- Installing: /home/go2/go2_ws/src/muse/muse_ros2/muse_ws/install/state_estimator_msgs/share/state_estimator_msgs/cmake/ament_cmake_export_libraries-extras.cmake
[18.547s] -- Installing: /home/go2/go2_ws/src/muse/muse_ros2/muse_ws/install/state_estimator_msgs/share/state_estimator_msgs/cmake/ament_cmake_export_targets-extras.cmake
[18.547s] -- Installing: /home/go2/go2_ws/src/muse/muse_ros2/muse_ws/install/state_estimator_msgs/share/state_estimator_msgs/cmake/rosidl_cmake_export_typesupport_targets-extras.cmake
[18.547s] -- Installing: /home/go2/go2_ws/src/muse/muse_ros2/muse_ws/install/state_estimator_msgs/share/state_estimator_msgs/cmake/rosidl_cmake_export_typesupport_libraries-extras.cmake
[18.548s] -- Installing: /home/go2/go2_ws/src/muse/muse_ros2/muse_ws/install/state_estimator_msgs/share/state_estimator_msgs/cmake/state_estimator_msgsConfig.cmake
[18.548s] -- Installing: /home/go2/go2_ws/src/muse/muse_ros2/muse_ws/install/state_estimator_msgs/share/state_estimator_msgs/cmake/state_estimator_msgsConfig-version.cmake
[18.548s] -- Installing: /home/go2/go2_ws/src/muse/muse_ros2/muse_ws/install/state_estimator_msgs/share/state_estimator_msgs/package.xml
[18.553s] Invoked command in '/home/go2/go2_ws/src/muse/muse_ros2/muse_ws/build/state_estimator_msgs' returned '0': CMAKE_PREFIX_PATH=${CMAKE_PREFIX_PATH}:/opt/ros/humble /usr/bin/cmake --install /home/go2/go2_ws/src/muse/muse_ros2/muse_ws/build/state_estimator_msgs
