[0.000000] (-) TimerEvent: {}
[0.001399] (iit_commons) JobQueued: {'identifier': 'iit_commons', 'dependencies': OrderedDict()}
[0.006130] (state_estimator_msgs) JobQueued: {'identifier': 'state_estimator_msgs', 'dependencies': OrderedDict()}
[0.006318] (state_estimator) JobQueued: {'identifier': 'state_estimator', 'dependencies': OrderedDict([('state_estimator_msgs', '/root/muse_ws/muse_ros2/muse_ws/install/state_estimator_msgs')])}
[0.006407] (state_estimator_msgs) JobStarted: {'identifier': 'state_estimator_msgs'}
[0.019069] (iit_commons) JobStarted: {'identifier': 'iit_commons'}
[0.028475] (state_estimator_msgs) JobProgress: {'identifier': 'state_estimator_msgs', 'progress': 'cmake'}
[0.029375] (state_estimator_msgs) JobProgress: {'identifier': 'state_estimator_msgs', 'progress': 'build'}
[0.030148] (state_estimator_msgs) Command: {'cmd': ['/usr/bin/cmake', '--build', '/root/muse_ws/muse_ros2/muse_ws/build/state_estimator_msgs', '--', '-j12', '-l12'], 'cwd': '/root/muse_ws/muse_ros2/muse_ws/build/state_estimator_msgs', 'env': OrderedDict([('LESSOPEN', '| /usr/bin/lesspipe %s'), ('HOSTNAME', '0fa4e54b97e2'), ('SHLVL', '1'), ('LIBGL_ALWAYS_SOFTWARE', '1'), ('LD_LIBRARY_PATH', '/home/dev_ws/colcon_ws/install/kiss_icp/lib:/opt/ros/humble/opt/rviz_ogre_vendor/lib:/opt/ros/humble/lib/x86_64-linux-gnu:/opt/ros/humble/lib'), ('HOME', '/root'), ('OLDPWD', '/root/muse_ws/muse_ros2'), ('ROS_PYTHON_VERSION', '3'), ('COLCON_PREFIX_PATH', '/home/dev_ws/colcon_ws/install'), ('ROS_DISTRO', 'humble'), ('_', '/usr/bin/colcon'), ('ROS_VERSION', '2'), ('TERM', 'xterm'), ('ROS_LOCALHOST_ONLY', '0'), ('PATH', '/opt/ros/humble/bin:/usr/local/sbin:/usr/local/bin:/usr/sbin:/usr/bin:/sbin:/bin'), ('XDG_RUNTIME_DIR', '/tmp/runtime-root'), ('LANG', 'C.UTF-8'), ('LS_COLORS', 'rs=0:di=01;34:ln=01;36:mh=00:pi=40;33:so=01;35:do=01;35:bd=40;33;01:cd=40;33;01:or=40;31;01:mi=00:su=37;41:sg=30;43:ca=30;41:tw=30;42:ow=34;42:st=37;44:ex=01;32:*.tar=01;31:*.tgz=01;31:*.arc=01;31:*.arj=01;31:*.taz=01;31:*.lha=01;31:*.lz4=01;31:*.lzh=01;31:*.lzma=01;31:*.tlz=01;31:*.txz=01;31:*.tzo=01;31:*.t7z=01;31:*.zip=01;31:*.z=01;31:*.dz=01;31:*.gz=01;31:*.lrz=01;31:*.lz=01;31:*.lzo=01;31:*.xz=01;31:*.zst=01;31:*.tzst=01;31:*.bz2=01;31:*.bz=01;31:*.tbz=01;31:*.tbz2=01;31:*.tz=01;31:*.deb=01;31:*.rpm=01;31:*.jar=01;31:*.war=01;31:*.ear=01;31:*.sar=01;31:*.rar=01;31:*.alz=01;31:*.ace=01;31:*.zoo=01;31:*.cpio=01;31:*.7z=01;31:*.rz=01;31:*.cab=01;31:*.wim=01;31:*.swm=01;31:*.dwm=01;31:*.esd=01;31:*.jpg=01;35:*.jpeg=01;35:*.mjpg=01;35:*.mjpeg=01;35:*.gif=01;35:*.bmp=01;35:*.pbm=01;35:*.pgm=01;35:*.ppm=01;35:*.tga=01;35:*.xbm=01;35:*.xpm=01;35:*.tif=01;35:*.tiff=01;35:*.png=01;35:*.svg=01;35:*.svgz=01;35:*.mng=01;35:*.pcx=01;35:*.mov=01;35:*.mpg=01;35:*.mpeg=01;35:*.m2v=01;35:*.mkv=01;35:*.webm=01;35:*.webp=01;35:*.ogm=01;35:*.mp4=01;35:*.m4v=01;35:*.mp4v=01;35:*.vob=01;35:*.qt=01;35:*.nuv=01;35:*.wmv=01;35:*.asf=01;35:*.rm=01;35:*.rmvb=01;35:*.flc=01;35:*.avi=01;35:*.fli=01;35:*.flv=01;35:*.gl=01;35:*.dl=01;35:*.xcf=01;35:*.xwd=01;35:*.yuv=01;35:*.cgm=01;35:*.emf=01;35:*.ogv=01;35:*.ogx=01;35:*.aac=00;36:*.au=00;36:*.flac=00;36:*.m4a=00;36:*.mid=00;36:*.midi=00;36:*.mka=00;36:*.mp3=00;36:*.mpc=00;36:*.ogg=00;36:*.ra=00;36:*.wav=00;36:*.oga=00;36:*.opus=00;36:*.spx=00;36:*.xspf=00;36:'), ('AMENT_PREFIX_PATH', '/home/dev_ws/colcon_ws/install/kiss_icp:/opt/ros/humble'), ('DEBIAN_FRONTEND', 'noninteractive'), ('LESSCLOSE', '/usr/bin/lesspipe %s %s'), ('PWD', '/root/muse_ws/muse_ros2/muse_ws/build/state_estimator_msgs'), ('LC_ALL', 'C.UTF-8'), ('PYTHONPATH', '/opt/ros/humble/lib/python3.10/site-packages:/opt/ros/humble/local/lib/python3.10/dist-packages'), ('COLCON', '1'), ('CMAKE_PREFIX_PATH', '/home/dev_ws/colcon_ws/install/kiss_icp:/opt/ros/humble')]), 'shell': False}
[0.041673] (iit_commons) JobProgress: {'identifier': 'iit_commons', 'progress': 'cmake'}
[0.041757] (iit_commons) JobProgress: {'identifier': 'iit_commons', 'progress': 'build'}
[0.041785] (iit_commons) Command: {'cmd': ['/usr/bin/cmake', '--build', '/root/muse_ws/muse_ros2/muse_ws/build/iit_commons', '--', '-j12', '-l12'], 'cwd': '/root/muse_ws/muse_ros2/muse_ws/build/iit_commons', 'env': OrderedDict([('LESSOPEN', '| /usr/bin/lesspipe %s'), ('HOSTNAME', '0fa4e54b97e2'), ('SHLVL', '1'), ('LIBGL_ALWAYS_SOFTWARE', '1'), ('LD_LIBRARY_PATH', '/home/dev_ws/colcon_ws/install/kiss_icp/lib:/opt/ros/humble/opt/rviz_ogre_vendor/lib:/opt/ros/humble/lib/x86_64-linux-gnu:/opt/ros/humble/lib'), ('HOME', '/root'), ('OLDPWD', '/root/muse_ws/muse_ros2'), ('ROS_PYTHON_VERSION', '3'), ('COLCON_PREFIX_PATH', '/home/dev_ws/colcon_ws/install'), ('ROS_DISTRO', 'humble'), ('_', '/usr/bin/colcon'), ('ROS_VERSION', '2'), ('TERM', 'xterm'), ('ROS_LOCALHOST_ONLY', '0'), ('PATH', '/opt/ros/humble/bin:/usr/local/sbin:/usr/local/bin:/usr/sbin:/usr/bin:/sbin:/bin'), ('XDG_RUNTIME_DIR', '/tmp/runtime-root'), ('LANG', 'C.UTF-8'), ('LS_COLORS', 'rs=0:di=01;34:ln=01;36:mh=00:pi=40;33:so=01;35:do=01;35:bd=40;33;01:cd=40;33;01:or=40;31;01:mi=00:su=37;41:sg=30;43:ca=30;41:tw=30;42:ow=34;42:st=37;44:ex=01;32:*.tar=01;31:*.tgz=01;31:*.arc=01;31:*.arj=01;31:*.taz=01;31:*.lha=01;31:*.lz4=01;31:*.lzh=01;31:*.lzma=01;31:*.tlz=01;31:*.txz=01;31:*.tzo=01;31:*.t7z=01;31:*.zip=01;31:*.z=01;31:*.dz=01;31:*.gz=01;31:*.lrz=01;31:*.lz=01;31:*.lzo=01;31:*.xz=01;31:*.zst=01;31:*.tzst=01;31:*.bz2=01;31:*.bz=01;31:*.tbz=01;31:*.tbz2=01;31:*.tz=01;31:*.deb=01;31:*.rpm=01;31:*.jar=01;31:*.war=01;31:*.ear=01;31:*.sar=01;31:*.rar=01;31:*.alz=01;31:*.ace=01;31:*.zoo=01;31:*.cpio=01;31:*.7z=01;31:*.rz=01;31:*.cab=01;31:*.wim=01;31:*.swm=01;31:*.dwm=01;31:*.esd=01;31:*.jpg=01;35:*.jpeg=01;35:*.mjpg=01;35:*.mjpeg=01;35:*.gif=01;35:*.bmp=01;35:*.pbm=01;35:*.pgm=01;35:*.ppm=01;35:*.tga=01;35:*.xbm=01;35:*.xpm=01;35:*.tif=01;35:*.tiff=01;35:*.png=01;35:*.svg=01;35:*.svgz=01;35:*.mng=01;35:*.pcx=01;35:*.mov=01;35:*.mpg=01;35:*.mpeg=01;35:*.m2v=01;35:*.mkv=01;35:*.webm=01;35:*.webp=01;35:*.ogm=01;35:*.mp4=01;35:*.m4v=01;35:*.mp4v=01;35:*.vob=01;35:*.qt=01;35:*.nuv=01;35:*.wmv=01;35:*.asf=01;35:*.rm=01;35:*.rmvb=01;35:*.flc=01;35:*.avi=01;35:*.fli=01;35:*.flv=01;35:*.gl=01;35:*.dl=01;35:*.xcf=01;35:*.xwd=01;35:*.yuv=01;35:*.cgm=01;35:*.emf=01;35:*.ogv=01;35:*.ogx=01;35:*.aac=00;36:*.au=00;36:*.flac=00;36:*.m4a=00;36:*.mid=00;36:*.midi=00;36:*.mka=00;36:*.mp3=00;36:*.mpc=00;36:*.ogg=00;36:*.ra=00;36:*.wav=00;36:*.oga=00;36:*.opus=00;36:*.spx=00;36:*.xspf=00;36:'), ('AMENT_PREFIX_PATH', '/home/dev_ws/colcon_ws/install/kiss_icp:/opt/ros/humble'), ('DEBIAN_FRONTEND', 'noninteractive'), ('LESSCLOSE', '/usr/bin/lesspipe %s %s'), ('PWD', '/root/muse_ws/muse_ros2/muse_ws/build/iit_commons'), ('LC_ALL', 'C.UTF-8'), ('PYTHONPATH', '/opt/ros/humble/lib/python3.10/site-packages:/opt/ros/humble/local/lib/python3.10/dist-packages'), ('COLCON', '1'), ('CMAKE_PREFIX_PATH', '/home/dev_ws/colcon_ws/install/kiss_icp:/opt/ros/humble')]), 'shell': False}
[0.099224] (-) TimerEvent: {}
[0.163263] (iit_commons) StdoutLine: {'line': b'[ 23%] Built target iitcommons\n'}
[0.167923] (state_estimator_msgs) StdoutLine: {'line': b'[  0%] Built target state_estimator_msgs__cpp\n'}
[0.208205] (-) TimerEvent: {}
[0.214560] (iit_commons) StdoutLine: {'line': b'[ 33%] Built target gtest_main\n'}
[0.241981] (state_estimator_msgs) StdoutLine: {'line': b'[  0%] Built target ament_cmake_python_copy_state_estimator_msgs\n'}
[0.262848] (iit_commons) StdoutLine: {'line': b'[ 42%] Built target gtest\n'}
[0.281519] (iit_commons) StdoutLine: {'line': b'\x1b[35m\x1b[1mConsolidate compiler generated dependencies of target vm-test\x1b[0m\n'}
[0.296720] (state_estimator_msgs) StdoutLine: {'line': b'[ 12%] Built target state_estimator_msgs__rosidl_typesupport_introspection_cpp\n'}
[0.308625] (-) TimerEvent: {}
[0.329989] (iit_commons) StdoutLine: {'line': b'[ 47%] \x1b[32mBuilding CXX object CMakeFiles/vm-test.dir/src/control/testVirtualModel.cpp.o\x1b[0m\n'}
[0.408717] (-) TimerEvent: {}
[0.509113] (-) TimerEvent: {}
[0.609082] (state_estimator_msgs) StdoutLine: {'line': b'running egg_info\n'}
[0.609322] (-) TimerEvent: {}
[0.614677] (state_estimator_msgs) StdoutLine: {'line': b'writing state_estimator_msgs.egg-info/PKG-INFO\n'}
[0.614954] (state_estimator_msgs) StdoutLine: {'line': b'writing dependency_links to state_estimator_msgs.egg-info/dependency_links.txt\n'}
[0.615106] (state_estimator_msgs) StdoutLine: {'line': b'writing top-level names to state_estimator_msgs.egg-info/top_level.txt\n'}
[0.615190] (state_estimator_msgs) StdoutLine: {'line': b"reading manifest file 'state_estimator_msgs.egg-info/SOURCES.txt'\n"}
[0.615262] (state_estimator_msgs) StdoutLine: {'line': b"writing manifest file 'state_estimator_msgs.egg-info/SOURCES.txt'\n"}
[0.684372] (state_estimator_msgs) StdoutLine: {'line': b'[ 12%] Built target ament_cmake_python_build_state_estimator_msgs_egg\n'}
[0.709497] (-) TimerEvent: {}
[0.747978] (state_estimator_msgs) StdoutLine: {'line': b'[ 24%] Built target state_estimator_msgs__rosidl_typesupport_fastrtps_cpp\n'}
[0.809639] (-) TimerEvent: {}
[0.810005] (state_estimator_msgs) StdoutLine: {'line': b'[ 36%] Built target state_estimator_msgs__rosidl_typesupport_cpp\n'}
[0.864784] (state_estimator_msgs) StdoutLine: {'line': b'[ 48%] Built target state_estimator_msgs__rosidl_generator_c\n'}
[0.922073] (-) TimerEvent: {}
[0.944892] (state_estimator_msgs) StdoutLine: {'line': b'[ 60%] Built target state_estimator_msgs__rosidl_typesupport_fastrtps_c\n'}
[0.995083] (state_estimator_msgs) StdoutLine: {'line': b'[ 72%] Built target state_estimator_msgs__rosidl_typesupport_c\n'}
[1.023549] (-) TimerEvent: {}
[1.048538] (state_estimator_msgs) StdoutLine: {'line': b'[ 84%] Built target state_estimator_msgs__rosidl_typesupport_introspection_c\n'}
[1.090284] (state_estimator_msgs) StdoutLine: {'line': b'[ 84%] Built target state_estimator_msgs\n'}
[1.126107] (-) TimerEvent: {}
[1.136614] (state_estimator_msgs) StdoutLine: {'line': b'[ 85%] Built target state_estimator_msgs__py\n'}
[1.203380] (state_estimator_msgs) StdoutLine: {'line': b'[ 96%] Built target state_estimator_msgs__rosidl_generator_py\n'}
[1.226504] (-) TimerEvent: {}
[1.250161] (state_estimator_msgs) StdoutLine: {'line': b'[ 97%] Built target state_estimator_msgs__rosidl_typesupport_fastrtps_c__pyext\n'}
[1.310412] (state_estimator_msgs) StdoutLine: {'line': b'[ 98%] Built target state_estimator_msgs__rosidl_typesupport_c__pyext\n'}
[1.333971] (-) TimerEvent: {}
[1.400888] (state_estimator_msgs) StdoutLine: {'line': b'[100%] Built target state_estimator_msgs__rosidl_typesupport_introspection_c__pyext\n'}
[1.434109] (-) TimerEvent: {}
[1.441559] (state_estimator_msgs) CommandEnded: {'returncode': 0}
[1.446723] (state_estimator_msgs) JobProgress: {'identifier': 'state_estimator_msgs', 'progress': 'install'}
[1.462410] (state_estimator_msgs) Command: {'cmd': ['/usr/bin/cmake', '--install', '/root/muse_ws/muse_ros2/muse_ws/build/state_estimator_msgs'], 'cwd': '/root/muse_ws/muse_ros2/muse_ws/build/state_estimator_msgs', 'env': OrderedDict([('LESSOPEN', '| /usr/bin/lesspipe %s'), ('HOSTNAME', '0fa4e54b97e2'), ('SHLVL', '1'), ('LIBGL_ALWAYS_SOFTWARE', '1'), ('LD_LIBRARY_PATH', '/home/dev_ws/colcon_ws/install/kiss_icp/lib:/opt/ros/humble/opt/rviz_ogre_vendor/lib:/opt/ros/humble/lib/x86_64-linux-gnu:/opt/ros/humble/lib'), ('HOME', '/root'), ('OLDPWD', '/root/muse_ws/muse_ros2'), ('ROS_PYTHON_VERSION', '3'), ('COLCON_PREFIX_PATH', '/home/dev_ws/colcon_ws/install'), ('ROS_DISTRO', 'humble'), ('_', '/usr/bin/colcon'), ('ROS_VERSION', '2'), ('TERM', 'xterm'), ('ROS_LOCALHOST_ONLY', '0'), ('PATH', '/opt/ros/humble/bin:/usr/local/sbin:/usr/local/bin:/usr/sbin:/usr/bin:/sbin:/bin'), ('XDG_RUNTIME_DIR', '/tmp/runtime-root'), ('LANG', 'C.UTF-8'), ('LS_COLORS', 'rs=0:di=01;34:ln=01;36:mh=00:pi=40;33:so=01;35:do=01;35:bd=40;33;01:cd=40;33;01:or=40;31;01:mi=00:su=37;41:sg=30;43:ca=30;41:tw=30;42:ow=34;42:st=37;44:ex=01;32:*.tar=01;31:*.tgz=01;31:*.arc=01;31:*.arj=01;31:*.taz=01;31:*.lha=01;31:*.lz4=01;31:*.lzh=01;31:*.lzma=01;31:*.tlz=01;31:*.txz=01;31:*.tzo=01;31:*.t7z=01;31:*.zip=01;31:*.z=01;31:*.dz=01;31:*.gz=01;31:*.lrz=01;31:*.lz=01;31:*.lzo=01;31:*.xz=01;31:*.zst=01;31:*.tzst=01;31:*.bz2=01;31:*.bz=01;31:*.tbz=01;31:*.tbz2=01;31:*.tz=01;31:*.deb=01;31:*.rpm=01;31:*.jar=01;31:*.war=01;31:*.ear=01;31:*.sar=01;31:*.rar=01;31:*.alz=01;31:*.ace=01;31:*.zoo=01;31:*.cpio=01;31:*.7z=01;31:*.rz=01;31:*.cab=01;31:*.wim=01;31:*.swm=01;31:*.dwm=01;31:*.esd=01;31:*.jpg=01;35:*.jpeg=01;35:*.mjpg=01;35:*.mjpeg=01;35:*.gif=01;35:*.bmp=01;35:*.pbm=01;35:*.pgm=01;35:*.ppm=01;35:*.tga=01;35:*.xbm=01;35:*.xpm=01;35:*.tif=01;35:*.tiff=01;35:*.png=01;35:*.svg=01;35:*.svgz=01;35:*.mng=01;35:*.pcx=01;35:*.mov=01;35:*.mpg=01;35:*.mpeg=01;35:*.m2v=01;35:*.mkv=01;35:*.webm=01;35:*.webp=01;35:*.ogm=01;35:*.mp4=01;35:*.m4v=01;35:*.mp4v=01;35:*.vob=01;35:*.qt=01;35:*.nuv=01;35:*.wmv=01;35:*.asf=01;35:*.rm=01;35:*.rmvb=01;35:*.flc=01;35:*.avi=01;35:*.fli=01;35:*.flv=01;35:*.gl=01;35:*.dl=01;35:*.xcf=01;35:*.xwd=01;35:*.yuv=01;35:*.cgm=01;35:*.emf=01;35:*.ogv=01;35:*.ogx=01;35:*.aac=00;36:*.au=00;36:*.flac=00;36:*.m4a=00;36:*.mid=00;36:*.midi=00;36:*.mka=00;36:*.mp3=00;36:*.mpc=00;36:*.ogg=00;36:*.ra=00;36:*.wav=00;36:*.oga=00;36:*.opus=00;36:*.spx=00;36:*.xspf=00;36:'), ('AMENT_PREFIX_PATH', '/home/dev_ws/colcon_ws/install/kiss_icp:/opt/ros/humble'), ('DEBIAN_FRONTEND', 'noninteractive'), ('LESSCLOSE', '/usr/bin/lesspipe %s %s'), ('PWD', '/root/muse_ws/muse_ros2/muse_ws/build/state_estimator_msgs'), ('LC_ALL', 'C.UTF-8'), ('PYTHONPATH', '/opt/ros/humble/lib/python3.10/site-packages:/opt/ros/humble/local/lib/python3.10/dist-packages'), ('COLCON', '1'), ('CMAKE_PREFIX_PATH', '/home/dev_ws/colcon_ws/install/kiss_icp:/opt/ros/humble')]), 'shell': False}
[1.478739] (state_estimator_msgs) StdoutLine: {'line': b'-- Install configuration: ""\n'}
[1.479550] (state_estimator_msgs) StdoutLine: {'line': b'-- Up-to-date: /root/muse_ws/muse_ros2/muse_ws/install/state_estimator_msgs/share/ament_index/resource_index/rosidl_interfaces/state_estimator_msgs\n'}
[1.479665] (state_estimator_msgs) StdoutLine: {'line': b'-- Up-to-date: /root/muse_ws/muse_ros2/muse_ws/install/state_estimator_msgs/include/state_estimator_msgs/state_estimator_msgs\n'}
[1.479759] (state_estimator_msgs) StdoutLine: {'line': b'-- Up-to-date: /root/muse_ws/muse_ros2/muse_ws/install/state_estimator_msgs/include/state_estimator_msgs/state_estimator_msgs/srv\n'}
[1.479818] (state_estimator_msgs) StdoutLine: {'line': b'-- Up-to-date: /root/muse_ws/muse_ros2/muse_ws/install/state_estimator_msgs/include/state_estimator_msgs/state_estimator_msgs/srv/get_blacklist.h\n'}
[1.479869] (state_estimator_msgs) StdoutLine: {'line': b'-- Up-to-date: /root/muse_ws/muse_ros2/muse_ws/install/state_estimator_msgs/include/state_estimator_msgs/state_estimator_msgs/srv/reset_estimator.h\n'}
[1.479917] (state_estimator_msgs) StdoutLine: {'line': b'-- Up-to-date: /root/muse_ws/muse_ros2/muse_ws/install/state_estimator_msgs/include/state_estimator_msgs/state_estimator_msgs/srv/stop_estimator.h\n'}
[1.479966] (state_estimator_msgs) StdoutLine: {'line': b'-- Up-to-date: /root/muse_ws/muse_ros2/muse_ws/install/state_estimator_msgs/include/state_estimator_msgs/state_estimator_msgs/srv/restart_estimator.h\n'}
[1.480014] (state_estimator_msgs) StdoutLine: {'line': b'-- Up-to-date: /root/muse_ws/muse_ros2/muse_ws/install/state_estimator_msgs/include/state_estimator_msgs/state_estimator_msgs/srv/get_whitelist.h\n'}
[1.480060] (state_estimator_msgs) StdoutLine: {'line': b'-- Up-to-date: /root/muse_ws/muse_ros2/muse_ws/install/state_estimator_msgs/include/state_estimator_msgs/state_estimator_msgs/srv/detail\n'}
[1.480106] (state_estimator_msgs) StdoutLine: {'line': b'-- Up-to-date: /root/muse_ws/muse_ros2/muse_ws/install/state_estimator_msgs/include/state_estimator_msgs/state_estimator_msgs/srv/detail/get_estimator_description__functions.c\n'}
[1.480154] (state_estimator_msgs) StdoutLine: {'line': b'-- Up-to-date: /root/muse_ws/muse_ros2/muse_ws/install/state_estimator_msgs/include/state_estimator_msgs/state_estimator_msgs/srv/detail/resume_estimator__functions.c\n'}
[1.480227] (state_estimator_msgs) StdoutLine: {'line': b'-- Up-to-date: /root/muse_ws/muse_ros2/muse_ws/install/state_estimator_msgs/include/state_estimator_msgs/state_estimator_msgs/srv/detail/reset_estimator__struct.h\n'}
[1.480330] (state_estimator_msgs) StdoutLine: {'line': b'-- Up-to-date: /root/muse_ws/muse_ros2/muse_ws/install/state_estimator_msgs/include/state_estimator_msgs/state_estimator_msgs/srv/detail/get_active_estimators__functions.h\n'}
[1.480412] (state_estimator_msgs) StdoutLine: {'line': b'-- Up-to-date: /root/muse_ws/muse_ros2/muse_ws/install/state_estimator_msgs/include/state_estimator_msgs/state_estimator_msgs/srv/detail/get_whitelist__functions.h\n'}
[1.480481] (state_estimator_msgs) StdoutLine: {'line': b'-- Up-to-date: /root/muse_ws/muse_ros2/muse_ws/install/state_estimator_msgs/include/state_estimator_msgs/state_estimator_msgs/srv/detail/pause_estimator__type_support.h\n'}
[1.480548] (state_estimator_msgs) StdoutLine: {'line': b'-- Up-to-date: /root/muse_ws/muse_ros2/muse_ws/install/state_estimator_msgs/include/state_estimator_msgs/state_estimator_msgs/srv/detail/stop_estimator__functions.c\n'}
[1.480634] (state_estimator_msgs) StdoutLine: {'line': b'-- Up-to-date: /root/muse_ws/muse_ros2/muse_ws/install/state_estimator_msgs/include/state_estimator_msgs/state_estimator_msgs/srv/detail/get_estimator_description__functions.h\n'}
[1.480706] (state_estimator_msgs) StdoutLine: {'line': b'-- Up-to-date: /root/muse_ws/muse_ros2/muse_ws/install/state_estimator_msgs/include/state_estimator_msgs/state_estimator_msgs/srv/detail/start_estimator__functions.c\n'}
[1.480795] (state_estimator_msgs) StdoutLine: {'line': b'-- Up-to-date: /root/muse_ws/muse_ros2/muse_ws/install/state_estimator_msgs/include/state_estimator_msgs/state_estimator_msgs/srv/detail/start_estimator__functions.h\n'}
[1.480864] (state_estimator_msgs) StdoutLine: {'line': b'-- Up-to-date: /root/muse_ws/muse_ros2/muse_ws/install/state_estimator_msgs/include/state_estimator_msgs/state_estimator_msgs/srv/detail/resume_estimator__functions.h\n'}
[1.480973] (state_estimator_msgs) StdoutLine: {'line': b'-- Up-to-date: /root/muse_ws/muse_ros2/muse_ws/install/state_estimator_msgs/include/state_estimator_msgs/state_estimator_msgs/srv/detail/get_blacklist__functions.c\n'}
[1.481047] (state_estimator_msgs) StdoutLine: {'line': b'-- Up-to-date: /root/muse_ws/muse_ros2/muse_ws/install/state_estimator_msgs/include/state_estimator_msgs/state_estimator_msgs/srv/detail/get_blacklist__struct.h\n'}
[1.490217] (state_estimator_msgs) StdoutLine: {'line': b'-- Up-to-date: /root/muse_ws/muse_ros2/muse_ws/install/state_estimator_msgs/include/state_estimator_msgs/state_estimator_msgs/srv/detail/reset_estimator__functions.c\n'}
[1.490866] (state_estimator_msgs) StdoutLine: {'line': b'-- Up-to-date: /root/muse_ws/muse_ros2/muse_ws/install/state_estimator_msgs/include/state_estimator_msgs/state_estimator_msgs/srv/detail/pause_estimator__functions.c\n'}
[1.491149] (state_estimator_msgs) StdoutLine: {'line': b'-- Up-to-date: /root/muse_ws/muse_ros2/muse_ws/install/state_estimator_msgs/include/state_estimator_msgs/state_estimator_msgs/srv/detail/get_whitelist__functions.c\n'}
[1.491514] (state_estimator_msgs) StdoutLine: {'line': b'-- Up-to-date: /root/muse_ws/muse_ros2/muse_ws/install/state_estimator_msgs/include/state_estimator_msgs/state_estimator_msgs/srv/detail/list_all_estimators__type_support.h\n'}
[1.491860] (state_estimator_msgs) StdoutLine: {'line': b'-- Up-to-date: /root/muse_ws/muse_ros2/muse_ws/install/state_estimator_msgs/include/state_estimator_msgs/state_estimator_msgs/srv/detail/get_active_estimators__type_support.h\n'}
[1.491991] (state_estimator_msgs) StdoutLine: {'line': b'-- Up-to-date: /root/muse_ws/muse_ros2/muse_ws/install/state_estimator_msgs/include/state_estimator_msgs/state_estimator_msgs/srv/detail/reset_estimator__type_support.h\n'}
[1.492184] (state_estimator_msgs) StdoutLine: {'line': b'-- Up-to-date: /root/muse_ws/muse_ros2/muse_ws/install/state_estimator_msgs/include/state_estimator_msgs/state_estimator_msgs/srv/detail/reset_estimator__functions.h\n'}
[1.492338] (state_estimator_msgs) StdoutLine: {'line': b'-- Up-to-date: /root/muse_ws/muse_ros2/muse_ws/install/state_estimator_msgs/include/state_estimator_msgs/state_estimator_msgs/srv/detail/restart_estimator__functions.h\n'}
[1.492430] (state_estimator_msgs) StdoutLine: {'line': b'-- Up-to-date: /root/muse_ws/muse_ros2/muse_ws/install/state_estimator_msgs/include/state_estimator_msgs/state_estimator_msgs/srv/detail/get_blacklist__functions.h\n'}
[1.492536] (state_estimator_msgs) StdoutLine: {'line': b'-- Up-to-date: /root/muse_ws/muse_ros2/muse_ws/install/state_estimator_msgs/include/state_estimator_msgs/state_estimator_msgs/srv/detail/get_blacklist__type_support.h\n'}
[1.492616] (state_estimator_msgs) StdoutLine: {'line': b'-- Up-to-date: /root/muse_ws/muse_ros2/muse_ws/install/state_estimator_msgs/include/state_estimator_msgs/state_estimator_msgs/srv/detail/list_all_estimators__struct.h\n'}
[1.492686] (state_estimator_msgs) StdoutLine: {'line': b'-- Up-to-date: /root/muse_ws/muse_ros2/muse_ws/install/state_estimator_msgs/include/state_estimator_msgs/state_estimator_msgs/srv/detail/pause_estimator__struct.h\n'}
[1.492750] (state_estimator_msgs) StdoutLine: {'line': b'-- Up-to-date: /root/muse_ws/muse_ros2/muse_ws/install/state_estimator_msgs/include/state_estimator_msgs/state_estimator_msgs/srv/detail/restart_estimator__functions.c\n'}
[1.492824] (state_estimator_msgs) StdoutLine: {'line': b'-- Up-to-date: /root/muse_ws/muse_ros2/muse_ws/install/state_estimator_msgs/include/state_estimator_msgs/state_estimator_msgs/srv/detail/resume_estimator__type_support.h\n'}
[1.492903] (state_estimator_msgs) StdoutLine: {'line': b'-- Up-to-date: /root/muse_ws/muse_ros2/muse_ws/install/state_estimator_msgs/include/state_estimator_msgs/state_estimator_msgs/srv/detail/start_estimator__type_support.h\n'}
[1.492973] (state_estimator_msgs) StdoutLine: {'line': b'-- Up-to-date: /root/muse_ws/muse_ros2/muse_ws/install/state_estimator_msgs/include/state_estimator_msgs/state_estimator_msgs/srv/detail/pause_estimator__functions.h\n'}
[1.493056] (state_estimator_msgs) StdoutLine: {'line': b'-- Up-to-date: /root/muse_ws/muse_ros2/muse_ws/install/state_estimator_msgs/include/state_estimator_msgs/state_estimator_msgs/srv/detail/list_all_estimators__functions.c\n'}
[1.493124] (state_estimator_msgs) StdoutLine: {'line': b'-- Up-to-date: /root/muse_ws/muse_ros2/muse_ws/install/state_estimator_msgs/include/state_estimator_msgs/state_estimator_msgs/srv/detail/stop_estimator__type_support.h\n'}
[1.493208] (state_estimator_msgs) StdoutLine: {'line': b'-- Up-to-date: /root/muse_ws/muse_ros2/muse_ws/install/state_estimator_msgs/include/state_estimator_msgs/state_estimator_msgs/srv/detail/start_estimator__struct.h\n'}
[1.493276] (state_estimator_msgs) StdoutLine: {'line': b'-- Up-to-date: /root/muse_ws/muse_ros2/muse_ws/install/state_estimator_msgs/include/state_estimator_msgs/state_estimator_msgs/srv/detail/get_active_estimators__functions.c\n'}
[1.493357] (state_estimator_msgs) StdoutLine: {'line': b'-- Up-to-date: /root/muse_ws/muse_ros2/muse_ws/install/state_estimator_msgs/include/state_estimator_msgs/state_estimator_msgs/srv/detail/resume_estimator__struct.h\n'}
[1.493422] (state_estimator_msgs) StdoutLine: {'line': b'-- Up-to-date: /root/muse_ws/muse_ros2/muse_ws/install/state_estimator_msgs/include/state_estimator_msgs/state_estimator_msgs/srv/detail/get_active_estimators__struct.h\n'}
[1.493485] (state_estimator_msgs) StdoutLine: {'line': b'-- Up-to-date: /root/muse_ws/muse_ros2/muse_ws/install/state_estimator_msgs/include/state_estimator_msgs/state_estimator_msgs/srv/detail/get_estimator_description__struct.h\n'}
[1.493547] (state_estimator_msgs) StdoutLine: {'line': b'-- Up-to-date: /root/muse_ws/muse_ros2/muse_ws/install/state_estimator_msgs/include/state_estimator_msgs/state_estimator_msgs/srv/detail/get_whitelist__struct.h\n'}
[1.493610] (state_estimator_msgs) StdoutLine: {'line': b'-- Up-to-date: /root/muse_ws/muse_ros2/muse_ws/install/state_estimator_msgs/include/state_estimator_msgs/state_estimator_msgs/srv/detail/stop_estimator__functions.h\n'}
[1.493673] (state_estimator_msgs) StdoutLine: {'line': b'-- Up-to-date: /root/muse_ws/muse_ros2/muse_ws/install/state_estimator_msgs/include/state_estimator_msgs/state_estimator_msgs/srv/detail/restart_estimator__type_support.h\n'}
[1.493736] (state_estimator_msgs) StdoutLine: {'line': b'-- Up-to-date: /root/muse_ws/muse_ros2/muse_ws/install/state_estimator_msgs/include/state_estimator_msgs/state_estimator_msgs/srv/detail/get_estimator_description__type_support.h\n'}
[1.493808] (state_estimator_msgs) StdoutLine: {'line': b'-- Up-to-date: /root/muse_ws/muse_ros2/muse_ws/install/state_estimator_msgs/include/state_estimator_msgs/state_estimator_msgs/srv/detail/restart_estimator__struct.h\n'}
[1.493912] (state_estimator_msgs) StdoutLine: {'line': b'-- Up-to-date: /root/muse_ws/muse_ros2/muse_ws/install/state_estimator_msgs/include/state_estimator_msgs/state_estimator_msgs/srv/detail/stop_estimator__struct.h\n'}
[1.493995] (state_estimator_msgs) StdoutLine: {'line': b'-- Up-to-date: /root/muse_ws/muse_ros2/muse_ws/install/state_estimator_msgs/include/state_estimator_msgs/state_estimator_msgs/srv/detail/list_all_estimators__functions.h\n'}
[1.494100] (state_estimator_msgs) StdoutLine: {'line': b'-- Up-to-date: /root/muse_ws/muse_ros2/muse_ws/install/state_estimator_msgs/include/state_estimator_msgs/state_estimator_msgs/srv/detail/get_whitelist__type_support.h\n'}
[1.494171] (state_estimator_msgs) StdoutLine: {'line': b'-- Up-to-date: /root/muse_ws/muse_ros2/muse_ws/install/state_estimator_msgs/include/state_estimator_msgs/state_estimator_msgs/srv/get_active_estimators.h\n'}
[1.494238] (state_estimator_msgs) StdoutLine: {'line': b'-- Up-to-date: /root/muse_ws/muse_ros2/muse_ws/install/state_estimator_msgs/include/state_estimator_msgs/state_estimator_msgs/srv/resume_estimator.h\n'}
[1.494303] (state_estimator_msgs) StdoutLine: {'line': b'-- Up-to-date: /root/muse_ws/muse_ros2/muse_ws/install/state_estimator_msgs/include/state_estimator_msgs/state_estimator_msgs/srv/start_estimator.h\n'}
[1.494366] (state_estimator_msgs) StdoutLine: {'line': b'-- Up-to-date: /root/muse_ws/muse_ros2/muse_ws/install/state_estimator_msgs/include/state_estimator_msgs/state_estimator_msgs/srv/get_estimator_description.h\n'}
[1.494428] (state_estimator_msgs) StdoutLine: {'line': b'-- Up-to-date: /root/muse_ws/muse_ros2/muse_ws/install/state_estimator_msgs/include/state_estimator_msgs/state_estimator_msgs/srv/pause_estimator.h\n'}
[1.494502] (state_estimator_msgs) StdoutLine: {'line': b'-- Up-to-date: /root/muse_ws/muse_ros2/muse_ws/install/state_estimator_msgs/include/state_estimator_msgs/state_estimator_msgs/srv/list_all_estimators.h\n'}
[1.494569] (state_estimator_msgs) StdoutLine: {'line': b'-- Up-to-date: /root/muse_ws/muse_ros2/muse_ws/install/state_estimator_msgs/include/state_estimator_msgs/state_estimator_msgs/msg\n'}
[1.494634] (state_estimator_msgs) StdoutLine: {'line': b'-- Up-to-date: /root/muse_ws/muse_ros2/muse_ws/install/state_estimator_msgs/include/state_estimator_msgs/state_estimator_msgs/msg/sensor_fusion.h\n'}
[1.494703] (state_estimator_msgs) StdoutLine: {'line': b'-- Up-to-date: /root/muse_ws/muse_ros2/muse_ws/install/state_estimator_msgs/include/state_estimator_msgs/state_estimator_msgs/msg/detail\n'}
[1.494770] (state_estimator_msgs) StdoutLine: {'line': b'-- Up-to-date: /root/muse_ws/muse_ros2/muse_ws/install/state_estimator_msgs/include/state_estimator_msgs/state_estimator_msgs/msg/detail/attitude__type_support.h\n'}
[1.494833] (state_estimator_msgs) StdoutLine: {'line': b'-- Up-to-date: /root/muse_ws/muse_ros2/muse_ws/install/state_estimator_msgs/include/state_estimator_msgs/state_estimator_msgs/msg/detail/sensor_fusion__struct.h\n'}
[1.494911] (state_estimator_msgs) StdoutLine: {'line': b'-- Up-to-date: /root/muse_ws/muse_ros2/muse_ws/install/state_estimator_msgs/include/state_estimator_msgs/state_estimator_msgs/msg/detail/attitude__struct.h\n'}
[1.494982] (state_estimator_msgs) StdoutLine: {'line': b'-- Up-to-date: /root/muse_ws/muse_ros2/muse_ws/install/state_estimator_msgs/include/state_estimator_msgs/state_estimator_msgs/msg/detail/joint_state_with_acceleration__functions.c\n'}
[1.495053] (state_estimator_msgs) StdoutLine: {'line': b'-- Up-to-date: /root/muse_ws/muse_ros2/muse_ws/install/state_estimator_msgs/include/state_estimator_msgs/state_estimator_msgs/msg/detail/contact_detection__struct.h\n'}
[1.495132] (state_estimator_msgs) StdoutLine: {'line': b'-- Up-to-date: /root/muse_ws/muse_ros2/muse_ws/install/state_estimator_msgs/include/state_estimator_msgs/state_estimator_msgs/msg/detail/attitude__functions.h\n'}
[1.495356] (state_estimator_msgs) StdoutLine: {'line': b'-- Up-to-date: /root/muse_ws/muse_ros2/muse_ws/install/state_estimator_msgs/include/state_estimator_msgs/state_estimator_msgs/msg/detail/sensor_fusion__type_support.h\n'}
[1.495444] (state_estimator_msgs) StdoutLine: {'line': b'-- Up-to-date: /root/muse_ws/muse_ros2/muse_ws/install/state_estimator_msgs/include/state_estimator_msgs/state_estimator_msgs/msg/detail/contact_detection__functions.c\n'}
[1.495516] (state_estimator_msgs) StdoutLine: {'line': b'-- Up-to-date: /root/muse_ws/muse_ros2/muse_ws/install/state_estimator_msgs/include/state_estimator_msgs/state_estimator_msgs/msg/detail/attitude__functions.c\n'}
[1.495585] (state_estimator_msgs) StdoutLine: {'line': b'-- Up-to-date: /root/muse_ws/muse_ros2/muse_ws/install/state_estimator_msgs/include/state_estimator_msgs/state_estimator_msgs/msg/detail/contact_detection__type_support.h\n'}
[1.495652] (state_estimator_msgs) StdoutLine: {'line': b'-- Up-to-date: /root/muse_ws/muse_ros2/muse_ws/install/state_estimator_msgs/include/state_estimator_msgs/state_estimator_msgs/msg/detail/sensor_fusion__functions.c\n'}
[1.495719] (state_estimator_msgs) StdoutLine: {'line': b'-- Up-to-date: /root/muse_ws/muse_ros2/muse_ws/install/state_estimator_msgs/include/state_estimator_msgs/state_estimator_msgs/msg/detail/contact_detection__functions.h\n'}
[1.495786] (state_estimator_msgs) StdoutLine: {'line': b'-- Up-to-date: /root/muse_ws/muse_ros2/muse_ws/install/state_estimator_msgs/include/state_estimator_msgs/state_estimator_msgs/msg/detail/sensor_fusion__functions.h\n'}
[1.495851] (state_estimator_msgs) StdoutLine: {'line': b'-- Up-to-date: /root/muse_ws/muse_ros2/muse_ws/install/state_estimator_msgs/include/state_estimator_msgs/state_estimator_msgs/msg/detail/joint_state_with_acceleration__functions.h\n'}
[1.495915] (state_estimator_msgs) StdoutLine: {'line': b'-- Up-to-date: /root/muse_ws/muse_ros2/muse_ws/install/state_estimator_msgs/include/state_estimator_msgs/state_estimator_msgs/msg/detail/leg_odometry__type_support.h\n'}
[1.495978] (state_estimator_msgs) StdoutLine: {'line': b'-- Up-to-date: /root/muse_ws/muse_ros2/muse_ws/install/state_estimator_msgs/include/state_estimator_msgs/state_estimator_msgs/msg/detail/joint_state_with_acceleration__type_support.h\n'}
[1.496041] (state_estimator_msgs) StdoutLine: {'line': b'-- Up-to-date: /root/muse_ws/muse_ros2/muse_ws/install/state_estimator_msgs/include/state_estimator_msgs/state_estimator_msgs/msg/detail/joint_state_with_acceleration__struct.h\n'}
[1.496103] (state_estimator_msgs) StdoutLine: {'line': b'-- Up-to-date: /root/muse_ws/muse_ros2/muse_ws/install/state_estimator_msgs/include/state_estimator_msgs/state_estimator_msgs/msg/detail/leg_odometry__functions.c\n'}
[1.496166] (state_estimator_msgs) StdoutLine: {'line': b'-- Up-to-date: /root/muse_ws/muse_ros2/muse_ws/install/state_estimator_msgs/include/state_estimator_msgs/state_estimator_msgs/msg/detail/leg_odometry__struct.h\n'}
[1.496227] (state_estimator_msgs) StdoutLine: {'line': b'-- Up-to-date: /root/muse_ws/muse_ros2/muse_ws/install/state_estimator_msgs/include/state_estimator_msgs/state_estimator_msgs/msg/detail/leg_odometry__functions.h\n'}
[1.496300] (state_estimator_msgs) StdoutLine: {'line': b'-- Up-to-date: /root/muse_ws/muse_ros2/muse_ws/install/state_estimator_msgs/include/state_estimator_msgs/state_estimator_msgs/msg/joint_state_with_acceleration.h\n'}
[1.496365] (state_estimator_msgs) StdoutLine: {'line': b'-- Up-to-date: /root/muse_ws/muse_ros2/muse_ws/install/state_estimator_msgs/include/state_estimator_msgs/state_estimator_msgs/msg/leg_odometry.h\n'}
[1.496431] (state_estimator_msgs) StdoutLine: {'line': b'-- Up-to-date: /root/muse_ws/muse_ros2/muse_ws/install/state_estimator_msgs/include/state_estimator_msgs/state_estimator_msgs/msg/rosidl_generator_c__visibility_control.h\n'}
[1.496502] (state_estimator_msgs) StdoutLine: {'line': b'-- Up-to-date: /root/muse_ws/muse_ros2/muse_ws/install/state_estimator_msgs/include/state_estimator_msgs/state_estimator_msgs/msg/contact_detection.h\n'}
[1.496569] (state_estimator_msgs) StdoutLine: {'line': b'-- Up-to-date: /root/muse_ws/muse_ros2/muse_ws/install/state_estimator_msgs/include/state_estimator_msgs/state_estimator_msgs/msg/attitude.h\n'}
[1.496632] (state_estimator_msgs) StdoutLine: {'line': b'-- Up-to-date: /root/muse_ws/muse_ros2/muse_ws/install/state_estimator_msgs/share/state_estimator_msgs/environment/library_path.sh\n'}
[1.496694] (state_estimator_msgs) StdoutLine: {'line': b'-- Up-to-date: /root/muse_ws/muse_ros2/muse_ws/install/state_estimator_msgs/share/state_estimator_msgs/environment/library_path.dsv\n'}
[1.496755] (state_estimator_msgs) StdoutLine: {'line': b'-- Up-to-date: /root/muse_ws/muse_ros2/muse_ws/install/state_estimator_msgs/lib/libstate_estimator_msgs__rosidl_generator_c.so\n'}
[1.496816] (state_estimator_msgs) StdoutLine: {'line': b'-- Up-to-date: /root/muse_ws/muse_ros2/muse_ws/install/state_estimator_msgs/include/state_estimator_msgs/state_estimator_msgs\n'}
[1.496890] (state_estimator_msgs) StdoutLine: {'line': b'-- Up-to-date: /root/muse_ws/muse_ros2/muse_ws/install/state_estimator_msgs/include/state_estimator_msgs/state_estimator_msgs/srv\n'}
[1.496961] (state_estimator_msgs) StdoutLine: {'line': b'-- Up-to-date: /root/muse_ws/muse_ros2/muse_ws/install/state_estimator_msgs/include/state_estimator_msgs/state_estimator_msgs/srv/detail\n'}
[1.497026] (state_estimator_msgs) StdoutLine: {'line': b'-- Up-to-date: /root/muse_ws/muse_ros2/muse_ws/install/state_estimator_msgs/include/state_estimator_msgs/state_estimator_msgs/srv/detail/resume_estimator__rosidl_typesupport_fastrtps_c.h\n'}
[1.497105] (state_estimator_msgs) StdoutLine: {'line': b'-- Up-to-date: /root/muse_ws/muse_ros2/muse_ws/install/state_estimator_msgs/include/state_estimator_msgs/state_estimator_msgs/srv/detail/stop_estimator__rosidl_typesupport_fastrtps_c.h\n'}
[1.497199] (state_estimator_msgs) StdoutLine: {'line': b'-- Up-to-date: /root/muse_ws/muse_ros2/muse_ws/install/state_estimator_msgs/include/state_estimator_msgs/state_estimator_msgs/srv/detail/get_whitelist__rosidl_typesupport_fastrtps_c.h\n'}
[1.497269] (state_estimator_msgs) StdoutLine: {'line': b'-- Up-to-date: /root/muse_ws/muse_ros2/muse_ws/install/state_estimator_msgs/include/state_estimator_msgs/state_estimator_msgs/srv/detail/list_all_estimators__rosidl_typesupport_fastrtps_c.h\n'}
[1.497333] (state_estimator_msgs) StdoutLine: {'line': b'-- Up-to-date: /root/muse_ws/muse_ros2/muse_ws/install/state_estimator_msgs/include/state_estimator_msgs/state_estimator_msgs/srv/detail/pause_estimator__rosidl_typesupport_fastrtps_c.h\n'}
[1.497396] (state_estimator_msgs) StdoutLine: {'line': b'-- Up-to-date: /root/muse_ws/muse_ros2/muse_ws/install/state_estimator_msgs/include/state_estimator_msgs/state_estimator_msgs/srv/detail/start_estimator__rosidl_typesupport_fastrtps_c.h\n'}
[1.497457] (state_estimator_msgs) StdoutLine: {'line': b'-- Up-to-date: /root/muse_ws/muse_ros2/muse_ws/install/state_estimator_msgs/include/state_estimator_msgs/state_estimator_msgs/srv/detail/reset_estimator__rosidl_typesupport_fastrtps_c.h\n'}
[1.497521] (state_estimator_msgs) StdoutLine: {'line': b'-- Up-to-date: /root/muse_ws/muse_ros2/muse_ws/install/state_estimator_msgs/include/state_estimator_msgs/state_estimator_msgs/srv/detail/get_active_estimators__rosidl_typesupport_fastrtps_c.h\n'}
[1.497583] (state_estimator_msgs) StdoutLine: {'line': b'-- Up-to-date: /root/muse_ws/muse_ros2/muse_ws/install/state_estimator_msgs/include/state_estimator_msgs/state_estimator_msgs/srv/detail/get_blacklist__rosidl_typesupport_fastrtps_c.h\n'}
[1.497681] (state_estimator_msgs) StdoutLine: {'line': b'-- Up-to-date: /root/muse_ws/muse_ros2/muse_ws/install/state_estimator_msgs/include/state_estimator_msgs/state_estimator_msgs/srv/detail/restart_estimator__rosidl_typesupport_fastrtps_c.h\n'}
[1.497756] (state_estimator_msgs) StdoutLine: {'line': b'-- Up-to-date: /root/muse_ws/muse_ros2/muse_ws/install/state_estimator_msgs/include/state_estimator_msgs/state_estimator_msgs/srv/detail/get_estimator_description__rosidl_typesupport_fastrtps_c.h\n'}
[1.497850] (state_estimator_msgs) StdoutLine: {'line': b'-- Up-to-date: /root/muse_ws/muse_ros2/muse_ws/install/state_estimator_msgs/include/state_estimator_msgs/state_estimator_msgs/msg\n'}
[1.498590] (state_estimator_msgs) StdoutLine: {'line': b'-- Up-to-date: /root/muse_ws/muse_ros2/muse_ws/install/state_estimator_msgs/include/state_estimator_msgs/state_estimator_msgs/msg/detail\n'}
[1.498886] (state_estimator_msgs) StdoutLine: {'line': b'-- Up-to-date: /root/muse_ws/muse_ros2/muse_ws/install/state_estimator_msgs/include/state_estimator_msgs/state_estimator_msgs/msg/detail/sensor_fusion__rosidl_typesupport_fastrtps_c.h\n'}
[1.499079] (state_estimator_msgs) StdoutLine: {'line': b'-- Up-to-date: /root/muse_ws/muse_ros2/muse_ws/install/state_estimator_msgs/include/state_estimator_msgs/state_estimator_msgs/msg/detail/joint_state_with_acceleration__rosidl_typesupport_fastrtps_c.h\n'}
[1.499271] (state_estimator_msgs) StdoutLine: {'line': b'-- Up-to-date: /root/muse_ws/muse_ros2/muse_ws/install/state_estimator_msgs/include/state_estimator_msgs/state_estimator_msgs/msg/detail/attitude__rosidl_typesupport_fastrtps_c.h\n'}
[1.499487] (state_estimator_msgs) StdoutLine: {'line': b'-- Up-to-date: /root/muse_ws/muse_ros2/muse_ws/install/state_estimator_msgs/include/state_estimator_msgs/state_estimator_msgs/msg/detail/contact_detection__rosidl_typesupport_fastrtps_c.h\n'}
[1.499572] (state_estimator_msgs) StdoutLine: {'line': b'-- Up-to-date: /root/muse_ws/muse_ros2/muse_ws/install/state_estimator_msgs/include/state_estimator_msgs/state_estimator_msgs/msg/detail/leg_odometry__rosidl_typesupport_fastrtps_c.h\n'}
[1.499631] (state_estimator_msgs) StdoutLine: {'line': b'-- Up-to-date: /root/muse_ws/muse_ros2/muse_ws/install/state_estimator_msgs/include/state_estimator_msgs/state_estimator_msgs/msg/rosidl_typesupport_fastrtps_c__visibility_control.h\n'}
[1.499682] (state_estimator_msgs) StdoutLine: {'line': b'-- Up-to-date: /root/muse_ws/muse_ros2/muse_ws/install/state_estimator_msgs/lib/libstate_estimator_msgs__rosidl_typesupport_fastrtps_c.so\n'}
[1.499752] (state_estimator_msgs) StdoutLine: {'line': b'-- Up-to-date: /root/muse_ws/muse_ros2/muse_ws/install/state_estimator_msgs/include/state_estimator_msgs/state_estimator_msgs\n'}
[1.499823] (state_estimator_msgs) StdoutLine: {'line': b'-- Up-to-date: /root/muse_ws/muse_ros2/muse_ws/install/state_estimator_msgs/include/state_estimator_msgs/state_estimator_msgs/srv\n'}
[1.499906] (state_estimator_msgs) StdoutLine: {'line': b'-- Up-to-date: /root/muse_ws/muse_ros2/muse_ws/install/state_estimator_msgs/include/state_estimator_msgs/state_estimator_msgs/srv/list_all_estimators.hpp\n'}
[1.499995] (state_estimator_msgs) StdoutLine: {'line': b'-- Up-to-date: /root/muse_ws/muse_ros2/muse_ws/install/state_estimator_msgs/include/state_estimator_msgs/state_estimator_msgs/srv/resume_estimator.hpp\n'}
[1.500068] (state_estimator_msgs) StdoutLine: {'line': b'-- Up-to-date: /root/muse_ws/muse_ros2/muse_ws/install/state_estimator_msgs/include/state_estimator_msgs/state_estimator_msgs/srv/pause_estimator.hpp\n'}
[1.500175] (state_estimator_msgs) StdoutLine: {'line': b'-- Up-to-date: /root/muse_ws/muse_ros2/muse_ws/install/state_estimator_msgs/include/state_estimator_msgs/state_estimator_msgs/srv/reset_estimator.hpp\n'}
[1.500281] (state_estimator_msgs) StdoutLine: {'line': b'-- Up-to-date: /root/muse_ws/muse_ros2/muse_ws/install/state_estimator_msgs/include/state_estimator_msgs/state_estimator_msgs/srv/get_active_estimators.hpp\n'}
[1.500358] (state_estimator_msgs) StdoutLine: {'line': b'-- Up-to-date: /root/muse_ws/muse_ros2/muse_ws/install/state_estimator_msgs/include/state_estimator_msgs/state_estimator_msgs/srv/detail\n'}
[1.500422] (state_estimator_msgs) StdoutLine: {'line': b'-- Up-to-date: /root/muse_ws/muse_ros2/muse_ws/install/state_estimator_msgs/include/state_estimator_msgs/state_estimator_msgs/srv/detail/get_whitelist__type_support.hpp\n'}
[1.500497] (state_estimator_msgs) StdoutLine: {'line': b'-- Up-to-date: /root/muse_ws/muse_ros2/muse_ws/install/state_estimator_msgs/include/state_estimator_msgs/state_estimator_msgs/srv/detail/pause_estimator__type_support.hpp\n'}
[1.500559] (state_estimator_msgs) StdoutLine: {'line': b'-- Up-to-date: /root/muse_ws/muse_ros2/muse_ws/install/state_estimator_msgs/include/state_estimator_msgs/state_estimator_msgs/srv/detail/restart_estimator__traits.hpp\n'}
[1.500617] (state_estimator_msgs) StdoutLine: {'line': b'-- Up-to-date: /root/muse_ws/muse_ros2/muse_ws/install/state_estimator_msgs/include/state_estimator_msgs/state_estimator_msgs/srv/detail/get_whitelist__traits.hpp\n'}
[1.500674] (state_estimator_msgs) StdoutLine: {'line': b'-- Up-to-date: /root/muse_ws/muse_ros2/muse_ws/install/state_estimator_msgs/include/state_estimator_msgs/state_estimator_msgs/srv/detail/get_estimator_description__builder.hpp\n'}
[1.500733] (state_estimator_msgs) StdoutLine: {'line': b'-- Up-to-date: /root/muse_ws/muse_ros2/muse_ws/install/state_estimator_msgs/include/state_estimator_msgs/state_estimator_msgs/srv/detail/stop_estimator__traits.hpp\n'}
[1.500790] (state_estimator_msgs) StdoutLine: {'line': b'-- Up-to-date: /root/muse_ws/muse_ros2/muse_ws/install/state_estimator_msgs/include/state_estimator_msgs/state_estimator_msgs/srv/detail/get_whitelist__builder.hpp\n'}
[1.500860] (state_estimator_msgs) StdoutLine: {'line': b'-- Up-to-date: /root/muse_ws/muse_ros2/muse_ws/install/state_estimator_msgs/include/state_estimator_msgs/state_estimator_msgs/srv/detail/stop_estimator__builder.hpp\n'}
[1.500956] (state_estimator_msgs) StdoutLine: {'line': b'-- Up-to-date: /root/muse_ws/muse_ros2/muse_ws/install/state_estimator_msgs/include/state_estimator_msgs/state_estimator_msgs/srv/detail/list_all_estimators__type_support.hpp\n'}
[1.501062] (state_estimator_msgs) StdoutLine: {'line': b'-- Up-to-date: /root/muse_ws/muse_ros2/muse_ws/install/state_estimator_msgs/include/state_estimator_msgs/state_estimator_msgs/srv/detail/reset_estimator__builder.hpp\n'}
[1.501201] (state_estimator_msgs) StdoutLine: {'line': b'-- Up-to-date: /root/muse_ws/muse_ros2/muse_ws/install/state_estimator_msgs/include/state_estimator_msgs/state_estimator_msgs/srv/detail/get_active_estimators__traits.hpp\n'}
[1.501298] (state_estimator_msgs) StdoutLine: {'line': b'-- Up-to-date: /root/muse_ws/muse_ros2/muse_ws/install/state_estimator_msgs/include/state_estimator_msgs/state_estimator_msgs/srv/detail/resume_estimator__type_support.hpp\n'}
[1.501395] (state_estimator_msgs) StdoutLine: {'line': b'-- Up-to-date: /root/muse_ws/muse_ros2/muse_ws/install/state_estimator_msgs/include/state_estimator_msgs/state_estimator_msgs/srv/detail/start_estimator__type_support.hpp\n'}
[1.501483] (state_estimator_msgs) StdoutLine: {'line': b'-- Up-to-date: /root/muse_ws/muse_ros2/muse_ws/install/state_estimator_msgs/include/state_estimator_msgs/state_estimator_msgs/srv/detail/get_active_estimators__type_support.hpp\n'}
[1.501538] (state_estimator_msgs) StdoutLine: {'line': b'-- Up-to-date: /root/muse_ws/muse_ros2/muse_ws/install/state_estimator_msgs/include/state_estimator_msgs/state_estimator_msgs/srv/detail/get_blacklist__builder.hpp\n'}
[1.501680] (state_estimator_msgs) StdoutLine: {'line': b'-- Up-to-date: /root/muse_ws/muse_ros2/muse_ws/install/state_estimator_msgs/include/state_estimator_msgs/state_estimator_msgs/srv/detail/list_all_estimators__struct.hpp\n'}
[1.501781] (state_estimator_msgs) StdoutLine: {'line': b'-- Up-to-date: /root/muse_ws/muse_ros2/muse_ws/install/state_estimator_msgs/include/state_estimator_msgs/state_estimator_msgs/srv/detail/get_estimator_description__traits.hpp\n'}
[1.501886] (state_estimator_msgs) StdoutLine: {'line': b'-- Up-to-date: /root/muse_ws/muse_ros2/muse_ws/install/state_estimator_msgs/include/state_estimator_msgs/state_estimator_msgs/srv/detail/stop_estimator__type_support.hpp\n'}
[1.502225] (state_estimator_msgs) StdoutLine: {'line': b'-- Up-to-date: /root/muse_ws/muse_ros2/muse_ws/install/state_estimator_msgs/include/state_estimator_msgs/state_estimator_msgs/srv/detail/list_all_estimators__traits.hpp\n'}
[1.502340] (state_estimator_msgs) StdoutLine: {'line': b'-- Up-to-date: /root/muse_ws/muse_ros2/muse_ws/install/state_estimator_msgs/include/state_estimator_msgs/state_estimator_msgs/srv/detail/start_estimator__builder.hpp\n'}
[1.502433] (state_estimator_msgs) StdoutLine: {'line': b'-- Up-to-date: /root/muse_ws/muse_ros2/muse_ws/install/state_estimator_msgs/include/state_estimator_msgs/state_estimator_msgs/srv/detail/restart_estimator__builder.hpp\n'}
[1.502524] (state_estimator_msgs) StdoutLine: {'line': b'-- Up-to-date: /root/muse_ws/muse_ros2/muse_ws/install/state_estimator_msgs/include/state_estimator_msgs/state_estimator_msgs/srv/detail/restart_estimator__type_support.hpp\n'}
[1.502596] (state_estimator_msgs) StdoutLine: {'line': b'-- Up-to-date: /root/muse_ws/muse_ros2/muse_ws/install/state_estimator_msgs/include/state_estimator_msgs/state_estimator_msgs/srv/detail/reset_estimator__type_support.hpp\n'}
[1.502663] (state_estimator_msgs) StdoutLine: {'line': b'-- Up-to-date: /root/muse_ws/muse_ros2/muse_ws/install/state_estimator_msgs/include/state_estimator_msgs/state_estimator_msgs/srv/detail/get_active_estimators__struct.hpp\n'}
[1.502725] (state_estimator_msgs) StdoutLine: {'line': b'-- Up-to-date: /root/muse_ws/muse_ros2/muse_ws/install/state_estimator_msgs/include/state_estimator_msgs/state_estimator_msgs/srv/detail/get_estimator_description__type_support.hpp\n'}
[1.502862] (state_estimator_msgs) StdoutLine: {'line': b'-- Up-to-date: /root/muse_ws/muse_ros2/muse_ws/install/state_estimator_msgs/include/state_estimator_msgs/state_estimator_msgs/srv/detail/get_blacklist__type_support.hpp\n'}
[1.503003] (state_estimator_msgs) StdoutLine: {'line': b'-- Up-to-date: /root/muse_ws/muse_ros2/muse_ws/install/state_estimator_msgs/include/state_estimator_msgs/state_estimator_msgs/srv/detail/pause_estimator__builder.hpp\n'}
[1.503181] (state_estimator_msgs) StdoutLine: {'line': b'-- Up-to-date: /root/muse_ws/muse_ros2/muse_ws/install/state_estimator_msgs/include/state_estimator_msgs/state_estimator_msgs/srv/detail/restart_estimator__struct.hpp\n'}
[1.503296] (state_estimator_msgs) StdoutLine: {'line': b'-- Up-to-date: /root/muse_ws/muse_ros2/muse_ws/install/state_estimator_msgs/include/state_estimator_msgs/state_estimator_msgs/srv/detail/resume_estimator__builder.hpp\n'}
[1.503382] (state_estimator_msgs) StdoutLine: {'line': b'-- Up-to-date: /root/muse_ws/muse_ros2/muse_ws/install/state_estimator_msgs/include/state_estimator_msgs/state_estimator_msgs/srv/detail/start_estimator__traits.hpp\n'}
[1.503512] (state_estimator_msgs) StdoutLine: {'line': b'-- Up-to-date: /root/muse_ws/muse_ros2/muse_ws/install/state_estimator_msgs/include/state_estimator_msgs/state_estimator_msgs/srv/detail/get_estimator_description__struct.hpp\n'}
[1.503603] (state_estimator_msgs) StdoutLine: {'line': b'-- Up-to-date: /root/muse_ws/muse_ros2/muse_ws/install/state_estimator_msgs/include/state_estimator_msgs/state_estimator_msgs/srv/detail/resume_estimator__traits.hpp\n'}
[1.503667] (state_estimator_msgs) StdoutLine: {'line': b'-- Up-to-date: /root/muse_ws/muse_ros2/muse_ws/install/state_estimator_msgs/include/state_estimator_msgs/state_estimator_msgs/srv/detail/start_estimator__struct.hpp\n'}
[1.503718] (state_estimator_msgs) StdoutLine: {'line': b'-- Up-to-date: /root/muse_ws/muse_ros2/muse_ws/install/state_estimator_msgs/include/state_estimator_msgs/state_estimator_msgs/srv/detail/pause_estimator__traits.hpp\n'}
[1.503765] (state_estimator_msgs) StdoutLine: {'line': b'-- Up-to-date: /root/muse_ws/muse_ros2/muse_ws/install/state_estimator_msgs/include/state_estimator_msgs/state_estimator_msgs/srv/detail/list_all_estimators__builder.hpp\n'}
[1.503812] (state_estimator_msgs) StdoutLine: {'line': b'-- Up-to-date: /root/muse_ws/muse_ros2/muse_ws/install/state_estimator_msgs/include/state_estimator_msgs/state_estimator_msgs/srv/detail/get_blacklist__traits.hpp\n'}
[1.503887] (state_estimator_msgs) StdoutLine: {'line': b'-- Up-to-date: /root/muse_ws/muse_ros2/muse_ws/install/state_estimator_msgs/include/state_estimator_msgs/state_estimator_msgs/srv/detail/reset_estimator__traits.hpp\n'}
[1.503976] (state_estimator_msgs) StdoutLine: {'line': b'-- Up-to-date: /root/muse_ws/muse_ros2/muse_ws/install/state_estimator_msgs/include/state_estimator_msgs/state_estimator_msgs/srv/detail/stop_estimator__struct.hpp\n'}
[1.504066] (state_estimator_msgs) StdoutLine: {'line': b'-- Up-to-date: /root/muse_ws/muse_ros2/muse_ws/install/state_estimator_msgs/include/state_estimator_msgs/state_estimator_msgs/srv/detail/get_whitelist__struct.hpp\n'}
[1.504145] (state_estimator_msgs) StdoutLine: {'line': b'-- Up-to-date: /root/muse_ws/muse_ros2/muse_ws/install/state_estimator_msgs/include/state_estimator_msgs/state_estimator_msgs/srv/detail/get_blacklist__struct.hpp\n'}
[1.504222] (state_estimator_msgs) StdoutLine: {'line': b'-- Up-to-date: /root/muse_ws/muse_ros2/muse_ws/install/state_estimator_msgs/include/state_estimator_msgs/state_estimator_msgs/srv/detail/pause_estimator__struct.hpp\n'}
[1.504291] (state_estimator_msgs) StdoutLine: {'line': b'-- Up-to-date: /root/muse_ws/muse_ros2/muse_ws/install/state_estimator_msgs/include/state_estimator_msgs/state_estimator_msgs/srv/detail/resume_estimator__struct.hpp\n'}
[1.504356] (state_estimator_msgs) StdoutLine: {'line': b'-- Up-to-date: /root/muse_ws/muse_ros2/muse_ws/install/state_estimator_msgs/include/state_estimator_msgs/state_estimator_msgs/srv/detail/get_active_estimators__builder.hpp\n'}
[1.504423] (state_estimator_msgs) StdoutLine: {'line': b'-- Up-to-date: /root/muse_ws/muse_ros2/muse_ws/install/state_estimator_msgs/include/state_estimator_msgs/state_estimator_msgs/srv/detail/reset_estimator__struct.hpp\n'}
[1.504486] (state_estimator_msgs) StdoutLine: {'line': b'-- Up-to-date: /root/muse_ws/muse_ros2/muse_ws/install/state_estimator_msgs/include/state_estimator_msgs/state_estimator_msgs/srv/restart_estimator.hpp\n'}
[1.504549] (state_estimator_msgs) StdoutLine: {'line': b'-- Up-to-date: /root/muse_ws/muse_ros2/muse_ws/install/state_estimator_msgs/include/state_estimator_msgs/state_estimator_msgs/srv/stop_estimator.hpp\n'}
[1.504636] (state_estimator_msgs) StdoutLine: {'line': b'-- Up-to-date: /root/muse_ws/muse_ros2/muse_ws/install/state_estimator_msgs/include/state_estimator_msgs/state_estimator_msgs/srv/get_whitelist.hpp\n'}
[1.504701] (state_estimator_msgs) StdoutLine: {'line': b'-- Up-to-date: /root/muse_ws/muse_ros2/muse_ws/install/state_estimator_msgs/include/state_estimator_msgs/state_estimator_msgs/srv/get_estimator_description.hpp\n'}
[1.504764] (state_estimator_msgs) StdoutLine: {'line': b'-- Up-to-date: /root/muse_ws/muse_ros2/muse_ws/install/state_estimator_msgs/include/state_estimator_msgs/state_estimator_msgs/srv/get_blacklist.hpp\n'}
[1.504825] (state_estimator_msgs) StdoutLine: {'line': b'-- Up-to-date: /root/muse_ws/muse_ros2/muse_ws/install/state_estimator_msgs/include/state_estimator_msgs/state_estimator_msgs/srv/start_estimator.hpp\n'}
[1.504886] (state_estimator_msgs) StdoutLine: {'line': b'-- Up-to-date: /root/muse_ws/muse_ros2/muse_ws/install/state_estimator_msgs/include/state_estimator_msgs/state_estimator_msgs/msg\n'}
[1.504948] (state_estimator_msgs) StdoutLine: {'line': b'-- Up-to-date: /root/muse_ws/muse_ros2/muse_ws/install/state_estimator_msgs/include/state_estimator_msgs/state_estimator_msgs/msg/joint_state_with_acceleration.hpp\n'}
[1.505010] (state_estimator_msgs) StdoutLine: {'line': b'-- Up-to-date: /root/muse_ws/muse_ros2/muse_ws/install/state_estimator_msgs/include/state_estimator_msgs/state_estimator_msgs/msg/contact_detection.hpp\n'}
[1.505074] (state_estimator_msgs) StdoutLine: {'line': b'-- Up-to-date: /root/muse_ws/muse_ros2/muse_ws/install/state_estimator_msgs/include/state_estimator_msgs/state_estimator_msgs/msg/detail\n'}
[1.505135] (state_estimator_msgs) StdoutLine: {'line': b'-- Up-to-date: /root/muse_ws/muse_ros2/muse_ws/install/state_estimator_msgs/include/state_estimator_msgs/state_estimator_msgs/msg/detail/leg_odometry__builder.hpp\n'}
[1.505197] (state_estimator_msgs) StdoutLine: {'line': b'-- Up-to-date: /root/muse_ws/muse_ros2/muse_ws/install/state_estimator_msgs/include/state_estimator_msgs/state_estimator_msgs/msg/detail/leg_odometry__struct.hpp\n'}
[1.505274] (state_estimator_msgs) StdoutLine: {'line': b'-- Up-to-date: /root/muse_ws/muse_ros2/muse_ws/install/state_estimator_msgs/include/state_estimator_msgs/state_estimator_msgs/msg/detail/attitude__type_support.hpp\n'}
[1.505349] (state_estimator_msgs) StdoutLine: {'line': b'-- Up-to-date: /root/muse_ws/muse_ros2/muse_ws/install/state_estimator_msgs/include/state_estimator_msgs/state_estimator_msgs/msg/detail/leg_odometry__traits.hpp\n'}
[1.505410] (state_estimator_msgs) StdoutLine: {'line': b'-- Up-to-date: /root/muse_ws/muse_ros2/muse_ws/install/state_estimator_msgs/include/state_estimator_msgs/state_estimator_msgs/msg/detail/leg_odometry__type_support.hpp\n'}
[1.505478] (state_estimator_msgs) StdoutLine: {'line': b'-- Up-to-date: /root/muse_ws/muse_ros2/muse_ws/install/state_estimator_msgs/include/state_estimator_msgs/state_estimator_msgs/msg/detail/sensor_fusion__traits.hpp\n'}
[1.505566] (state_estimator_msgs) StdoutLine: {'line': b'-- Up-to-date: /root/muse_ws/muse_ros2/muse_ws/install/state_estimator_msgs/include/state_estimator_msgs/state_estimator_msgs/msg/detail/attitude__builder.hpp\n'}
[1.505627] (state_estimator_msgs) StdoutLine: {'line': b'-- Up-to-date: /root/muse_ws/muse_ros2/muse_ws/install/state_estimator_msgs/include/state_estimator_msgs/state_estimator_msgs/msg/detail/joint_state_with_acceleration__traits.hpp\n'}
[1.505678] (state_estimator_msgs) StdoutLine: {'line': b'-- Up-to-date: /root/muse_ws/muse_ros2/muse_ws/install/state_estimator_msgs/include/state_estimator_msgs/state_estimator_msgs/msg/detail/sensor_fusion__type_support.hpp\n'}
[1.505727] (state_estimator_msgs) StdoutLine: {'line': b'-- Up-to-date: /root/muse_ws/muse_ros2/muse_ws/install/state_estimator_msgs/include/state_estimator_msgs/state_estimator_msgs/msg/detail/contact_detection__type_support.hpp\n'}
[1.505775] (state_estimator_msgs) StdoutLine: {'line': b'-- Up-to-date: /root/muse_ws/muse_ros2/muse_ws/install/state_estimator_msgs/include/state_estimator_msgs/state_estimator_msgs/msg/detail/contact_detection__traits.hpp\n'}
[1.505894] (state_estimator_msgs) StdoutLine: {'line': b'-- Up-to-date: /root/muse_ws/muse_ros2/muse_ws/install/state_estimator_msgs/include/state_estimator_msgs/state_estimator_msgs/msg/detail/joint_state_with_acceleration__type_support.hpp\n'}
[1.506039] (state_estimator_msgs) StdoutLine: {'line': b'-- Up-to-date: /root/muse_ws/muse_ros2/muse_ws/install/state_estimator_msgs/include/state_estimator_msgs/state_estimator_msgs/msg/detail/attitude__struct.hpp\n'}
[1.506104] (state_estimator_msgs) StdoutLine: {'line': b'-- Up-to-date: /root/muse_ws/muse_ros2/muse_ws/install/state_estimator_msgs/include/state_estimator_msgs/state_estimator_msgs/msg/detail/contact_detection__builder.hpp\n'}
[1.506169] (state_estimator_msgs) StdoutLine: {'line': b'-- Up-to-date: /root/muse_ws/muse_ros2/muse_ws/install/state_estimator_msgs/include/state_estimator_msgs/state_estimator_msgs/msg/detail/attitude__traits.hpp\n'}
[1.506220] (state_estimator_msgs) StdoutLine: {'line': b'-- Up-to-date: /root/muse_ws/muse_ros2/muse_ws/install/state_estimator_msgs/include/state_estimator_msgs/state_estimator_msgs/msg/detail/joint_state_with_acceleration__builder.hpp\n'}
[1.506267] (state_estimator_msgs) StdoutLine: {'line': b'-- Up-to-date: /root/muse_ws/muse_ros2/muse_ws/install/state_estimator_msgs/include/state_estimator_msgs/state_estimator_msgs/msg/detail/contact_detection__struct.hpp\n'}
[1.506329] (state_estimator_msgs) StdoutLine: {'line': b'-- Up-to-date: /root/muse_ws/muse_ros2/muse_ws/install/state_estimator_msgs/include/state_estimator_msgs/state_estimator_msgs/msg/detail/joint_state_with_acceleration__struct.hpp\n'}
[1.506397] (state_estimator_msgs) StdoutLine: {'line': b'-- Up-to-date: /root/muse_ws/muse_ros2/muse_ws/install/state_estimator_msgs/include/state_estimator_msgs/state_estimator_msgs/msg/detail/sensor_fusion__builder.hpp\n'}
[1.506451] (state_estimator_msgs) StdoutLine: {'line': b'-- Up-to-date: /root/muse_ws/muse_ros2/muse_ws/install/state_estimator_msgs/include/state_estimator_msgs/state_estimator_msgs/msg/detail/sensor_fusion__struct.hpp\n'}
[1.506506] (state_estimator_msgs) StdoutLine: {'line': b'-- Up-to-date: /root/muse_ws/muse_ros2/muse_ws/install/state_estimator_msgs/include/state_estimator_msgs/state_estimator_msgs/msg/leg_odometry.hpp\n'}
[1.506555] (state_estimator_msgs) StdoutLine: {'line': b'-- Up-to-date: /root/muse_ws/muse_ros2/muse_ws/install/state_estimator_msgs/include/state_estimator_msgs/state_estimator_msgs/msg/attitude.hpp\n'}
[1.506601] (state_estimator_msgs) StdoutLine: {'line': b'-- Up-to-date: /root/muse_ws/muse_ros2/muse_ws/install/state_estimator_msgs/include/state_estimator_msgs/state_estimator_msgs/msg/rosidl_generator_cpp__visibility_control.hpp\n'}
[1.506647] (state_estimator_msgs) StdoutLine: {'line': b'-- Up-to-date: /root/muse_ws/muse_ros2/muse_ws/install/state_estimator_msgs/include/state_estimator_msgs/state_estimator_msgs/msg/sensor_fusion.hpp\n'}
[1.506692] (state_estimator_msgs) StdoutLine: {'line': b'-- Up-to-date: /root/muse_ws/muse_ros2/muse_ws/install/state_estimator_msgs/include/state_estimator_msgs/state_estimator_msgs\n'}
[1.506737] (state_estimator_msgs) StdoutLine: {'line': b'-- Up-to-date: /root/muse_ws/muse_ros2/muse_ws/install/state_estimator_msgs/include/state_estimator_msgs/state_estimator_msgs/srv\n'}
[1.506788] (state_estimator_msgs) StdoutLine: {'line': b'-- Up-to-date: /root/muse_ws/muse_ros2/muse_ws/install/state_estimator_msgs/include/state_estimator_msgs/state_estimator_msgs/srv/detail\n'}
[1.506834] (state_estimator_msgs) StdoutLine: {'line': b'-- Up-to-date: /root/muse_ws/muse_ros2/muse_ws/install/state_estimator_msgs/include/state_estimator_msgs/state_estimator_msgs/srv/detail/resume_estimator__rosidl_typesupport_fastrtps_cpp.hpp\n'}
[1.506879] (state_estimator_msgs) StdoutLine: {'line': b'-- Up-to-date: /root/muse_ws/muse_ros2/muse_ws/install/state_estimator_msgs/include/state_estimator_msgs/state_estimator_msgs/srv/detail/list_all_estimators__rosidl_typesupport_fastrtps_cpp.hpp\n'}
[1.506927] (state_estimator_msgs) StdoutLine: {'line': b'-- Up-to-date: /root/muse_ws/muse_ros2/muse_ws/install/state_estimator_msgs/include/state_estimator_msgs/state_estimator_msgs/srv/detail/get_whitelist__rosidl_typesupport_fastrtps_cpp.hpp\n'}
[1.506973] (state_estimator_msgs) StdoutLine: {'line': b'-- Up-to-date: /root/muse_ws/muse_ros2/muse_ws/install/state_estimator_msgs/include/state_estimator_msgs/state_estimator_msgs/srv/detail/dds_fastrtps\n'}
[1.507018] (state_estimator_msgs) StdoutLine: {'line': b'-- Up-to-date: /root/muse_ws/muse_ros2/muse_ws/install/state_estimator_msgs/include/state_estimator_msgs/state_estimator_msgs/srv/detail/get_blacklist__rosidl_typesupport_fastrtps_cpp.hpp\n'}
[1.507066] (state_estimator_msgs) StdoutLine: {'line': b'-- Up-to-date: /root/muse_ws/muse_ros2/muse_ws/install/state_estimator_msgs/include/state_estimator_msgs/state_estimator_msgs/srv/detail/stop_estimator__rosidl_typesupport_fastrtps_cpp.hpp\n'}
[1.507112] (state_estimator_msgs) StdoutLine: {'line': b'-- Up-to-date: /root/muse_ws/muse_ros2/muse_ws/install/state_estimator_msgs/include/state_estimator_msgs/state_estimator_msgs/srv/detail/reset_estimator__rosidl_typesupport_fastrtps_cpp.hpp\n'}
[1.507159] (state_estimator_msgs) StdoutLine: {'line': b'-- Up-to-date: /root/muse_ws/muse_ros2/muse_ws/install/state_estimator_msgs/include/state_estimator_msgs/state_estimator_msgs/srv/detail/start_estimator__rosidl_typesupport_fastrtps_cpp.hpp\n'}
[1.507203] (state_estimator_msgs) StdoutLine: {'line': b'-- Up-to-date: /root/muse_ws/muse_ros2/muse_ws/install/state_estimator_msgs/include/state_estimator_msgs/state_estimator_msgs/srv/detail/restart_estimator__rosidl_typesupport_fastrtps_cpp.hpp\n'}
[1.507247] (state_estimator_msgs) StdoutLine: {'line': b'-- Up-to-date: /root/muse_ws/muse_ros2/muse_ws/install/state_estimator_msgs/include/state_estimator_msgs/state_estimator_msgs/srv/detail/pause_estimator__rosidl_typesupport_fastrtps_cpp.hpp\n'}
[1.507299] (state_estimator_msgs) StdoutLine: {'line': b'-- Up-to-date: /root/muse_ws/muse_ros2/muse_ws/install/state_estimator_msgs/include/state_estimator_msgs/state_estimator_msgs/srv/detail/get_estimator_description__rosidl_typesupport_fastrtps_cpp.hpp\n'}
[1.507345] (state_estimator_msgs) StdoutLine: {'line': b'-- Up-to-date: /root/muse_ws/muse_ros2/muse_ws/install/state_estimator_msgs/include/state_estimator_msgs/state_estimator_msgs/srv/detail/get_active_estimators__rosidl_typesupport_fastrtps_cpp.hpp\n'}
[1.507389] (state_estimator_msgs) StdoutLine: {'line': b'-- Up-to-date: /root/muse_ws/muse_ros2/muse_ws/install/state_estimator_msgs/include/state_estimator_msgs/state_estimator_msgs/msg\n'}
[1.507432] (state_estimator_msgs) StdoutLine: {'line': b'-- Up-to-date: /root/muse_ws/muse_ros2/muse_ws/install/state_estimator_msgs/include/state_estimator_msgs/state_estimator_msgs/msg/detail\n'}
[1.507475] (state_estimator_msgs) StdoutLine: {'line': b'-- Up-to-date: /root/muse_ws/muse_ros2/muse_ws/install/state_estimator_msgs/include/state_estimator_msgs/state_estimator_msgs/msg/detail/joint_state_with_acceleration__rosidl_typesupport_fastrtps_cpp.hpp\n'}
[1.507558] (state_estimator_msgs) StdoutLine: {'line': b'-- Up-to-date: /root/muse_ws/muse_ros2/muse_ws/install/state_estimator_msgs/include/state_estimator_msgs/state_estimator_msgs/msg/detail/contact_detection__rosidl_typesupport_fastrtps_cpp.hpp\n'}
[1.507616] (state_estimator_msgs) StdoutLine: {'line': b'-- Up-to-date: /root/muse_ws/muse_ros2/muse_ws/install/state_estimator_msgs/include/state_estimator_msgs/state_estimator_msgs/msg/detail/leg_odometry__rosidl_typesupport_fastrtps_cpp.hpp\n'}
[1.507666] (state_estimator_msgs) StdoutLine: {'line': b'-- Up-to-date: /root/muse_ws/muse_ros2/muse_ws/install/state_estimator_msgs/include/state_estimator_msgs/state_estimator_msgs/msg/detail/dds_fastrtps\n'}
[1.507715] (state_estimator_msgs) StdoutLine: {'line': b'-- Up-to-date: /root/muse_ws/muse_ros2/muse_ws/install/state_estimator_msgs/include/state_estimator_msgs/state_estimator_msgs/msg/detail/sensor_fusion__rosidl_typesupport_fastrtps_cpp.hpp\n'}
[1.507906] (state_estimator_msgs) StdoutLine: {'line': b'-- Up-to-date: /root/muse_ws/muse_ros2/muse_ws/install/state_estimator_msgs/include/state_estimator_msgs/state_estimator_msgs/msg/detail/attitude__rosidl_typesupport_fastrtps_cpp.hpp\n'}
[1.508010] (state_estimator_msgs) StdoutLine: {'line': b'-- Up-to-date: /root/muse_ws/muse_ros2/muse_ws/install/state_estimator_msgs/include/state_estimator_msgs/state_estimator_msgs/msg/rosidl_typesupport_fastrtps_cpp__visibility_control.h\n'}
[1.508080] (state_estimator_msgs) StdoutLine: {'line': b'-- Up-to-date: /root/muse_ws/muse_ros2/muse_ws/install/state_estimator_msgs/lib/libstate_estimator_msgs__rosidl_typesupport_fastrtps_cpp.so\n'}
[1.508167] (state_estimator_msgs) StdoutLine: {'line': b'-- Up-to-date: /root/muse_ws/muse_ros2/muse_ws/install/state_estimator_msgs/include/state_estimator_msgs/state_estimator_msgs\n'}
[1.508254] (state_estimator_msgs) StdoutLine: {'line': b'-- Up-to-date: /root/muse_ws/muse_ros2/muse_ws/install/state_estimator_msgs/include/state_estimator_msgs/state_estimator_msgs/srv\n'}
[1.508332] (state_estimator_msgs) StdoutLine: {'line': b'-- Up-to-date: /root/muse_ws/muse_ros2/muse_ws/install/state_estimator_msgs/include/state_estimator_msgs/state_estimator_msgs/srv/detail\n'}
[1.508413] (state_estimator_msgs) StdoutLine: {'line': b'-- Up-to-date: /root/muse_ws/muse_ros2/muse_ws/install/state_estimator_msgs/include/state_estimator_msgs/state_estimator_msgs/srv/detail/get_active_estimators__rosidl_typesupport_introspection_c.h\n'}
[1.508472] (state_estimator_msgs) StdoutLine: {'line': b'-- Up-to-date: /root/muse_ws/muse_ros2/muse_ws/install/state_estimator_msgs/include/state_estimator_msgs/state_estimator_msgs/srv/detail/get_blacklist__type_support.c\n'}
[1.508561] (state_estimator_msgs) StdoutLine: {'line': b'-- Up-to-date: /root/muse_ws/muse_ros2/muse_ws/install/state_estimator_msgs/include/state_estimator_msgs/state_estimator_msgs/srv/detail/get_estimator_description__rosidl_typesupport_introspection_c.h\n'}
[1.508630] (state_estimator_msgs) StdoutLine: {'line': b'-- Up-to-date: /root/muse_ws/muse_ros2/muse_ws/install/state_estimator_msgs/include/state_estimator_msgs/state_estimator_msgs/srv/detail/restart_estimator__type_support.c\n'}
[1.508682] (state_estimator_msgs) StdoutLine: {'line': b'-- Up-to-date: /root/muse_ws/muse_ros2/muse_ws/install/state_estimator_msgs/include/state_estimator_msgs/state_estimator_msgs/srv/detail/get_active_estimators__type_support.c\n'}
[1.508729] (state_estimator_msgs) StdoutLine: {'line': b'-- Up-to-date: /root/muse_ws/muse_ros2/muse_ws/install/state_estimator_msgs/include/state_estimator_msgs/state_estimator_msgs/srv/detail/get_whitelist__type_support.c\n'}
[1.508775] (state_estimator_msgs) StdoutLine: {'line': b'-- Up-to-date: /root/muse_ws/muse_ros2/muse_ws/install/state_estimator_msgs/include/state_estimator_msgs/state_estimator_msgs/srv/detail/stop_estimator__type_support.c\n'}
[1.508821] (state_estimator_msgs) StdoutLine: {'line': b'-- Up-to-date: /root/muse_ws/muse_ros2/muse_ws/install/state_estimator_msgs/include/state_estimator_msgs/state_estimator_msgs/srv/detail/restart_estimator__rosidl_typesupport_introspection_c.h\n'}
[1.508867] (state_estimator_msgs) StdoutLine: {'line': b'-- Up-to-date: /root/muse_ws/muse_ros2/muse_ws/install/state_estimator_msgs/include/state_estimator_msgs/state_estimator_msgs/srv/detail/stop_estimator__rosidl_typesupport_introspection_c.h\n'}
[1.508923] (state_estimator_msgs) StdoutLine: {'line': b'-- Up-to-date: /root/muse_ws/muse_ros2/muse_ws/install/state_estimator_msgs/include/state_estimator_msgs/state_estimator_msgs/srv/detail/get_estimator_description__type_support.c\n'}
[1.508985] (state_estimator_msgs) StdoutLine: {'line': b'-- Up-to-date: /root/muse_ws/muse_ros2/muse_ws/install/state_estimator_msgs/include/state_estimator_msgs/state_estimator_msgs/srv/detail/reset_estimator__rosidl_typesupport_introspection_c.h\n'}
[1.509114] (state_estimator_msgs) StdoutLine: {'line': b'-- Up-to-date: /root/muse_ws/muse_ros2/muse_ws/install/state_estimator_msgs/include/state_estimator_msgs/state_estimator_msgs/srv/detail/resume_estimator__type_support.c\n'}
[1.509343] (state_estimator_msgs) StdoutLine: {'line': b'-- Up-to-date: /root/muse_ws/muse_ros2/muse_ws/install/state_estimator_msgs/include/state_estimator_msgs/state_estimator_msgs/srv/detail/resume_estimator__rosidl_typesupport_introspection_c.h\n'}
[1.509790] (state_estimator_msgs) StdoutLine: {'line': b'-- Up-to-date: /root/muse_ws/muse_ros2/muse_ws/install/state_estimator_msgs/include/state_estimator_msgs/state_estimator_msgs/srv/detail/get_blacklist__rosidl_typesupport_introspection_c.h\n'}
[1.509959] (state_estimator_msgs) StdoutLine: {'line': b'-- Up-to-date: /root/muse_ws/muse_ros2/muse_ws/install/state_estimator_msgs/include/state_estimator_msgs/state_estimator_msgs/srv/detail/start_estimator__rosidl_typesupport_introspection_c.h\n'}
[1.510444] (state_estimator_msgs) StdoutLine: {'line': b'-- Up-to-date: /root/muse_ws/muse_ros2/muse_ws/install/state_estimator_msgs/include/state_estimator_msgs/state_estimator_msgs/srv/detail/start_estimator__type_support.c\n'}
[1.510551] (state_estimator_msgs) StdoutLine: {'line': b'-- Up-to-date: /root/muse_ws/muse_ros2/muse_ws/install/state_estimator_msgs/include/state_estimator_msgs/state_estimator_msgs/srv/detail/reset_estimator__type_support.c\n'}
[1.510667] (state_estimator_msgs) StdoutLine: {'line': b'-- Up-to-date: /root/muse_ws/muse_ros2/muse_ws/install/state_estimator_msgs/include/state_estimator_msgs/state_estimator_msgs/srv/detail/list_all_estimators__type_support.c\n'}
[1.510760] (state_estimator_msgs) StdoutLine: {'line': b'-- Up-to-date: /root/muse_ws/muse_ros2/muse_ws/install/state_estimator_msgs/include/state_estimator_msgs/state_estimator_msgs/srv/detail/pause_estimator__type_support.c\n'}
[1.510878] (state_estimator_msgs) StdoutLine: {'line': b'-- Up-to-date: /root/muse_ws/muse_ros2/muse_ws/install/state_estimator_msgs/include/state_estimator_msgs/state_estimator_msgs/srv/detail/pause_estimator__rosidl_typesupport_introspection_c.h\n'}
[1.510983] (state_estimator_msgs) StdoutLine: {'line': b'-- Up-to-date: /root/muse_ws/muse_ros2/muse_ws/install/state_estimator_msgs/include/state_estimator_msgs/state_estimator_msgs/srv/detail/list_all_estimators__rosidl_typesupport_introspection_c.h\n'}
[1.511038] (state_estimator_msgs) StdoutLine: {'line': b'-- Up-to-date: /root/muse_ws/muse_ros2/muse_ws/install/state_estimator_msgs/include/state_estimator_msgs/state_estimator_msgs/srv/detail/get_whitelist__rosidl_typesupport_introspection_c.h\n'}
[1.511087] (state_estimator_msgs) StdoutLine: {'line': b'-- Up-to-date: /root/muse_ws/muse_ros2/muse_ws/install/state_estimator_msgs/include/state_estimator_msgs/state_estimator_msgs/msg\n'}
[1.511133] (state_estimator_msgs) StdoutLine: {'line': b'-- Up-to-date: /root/muse_ws/muse_ros2/muse_ws/install/state_estimator_msgs/include/state_estimator_msgs/state_estimator_msgs/msg/detail\n'}
[1.511219] (state_estimator_msgs) StdoutLine: {'line': b'-- Up-to-date: /root/muse_ws/muse_ros2/muse_ws/install/state_estimator_msgs/include/state_estimator_msgs/state_estimator_msgs/msg/detail/leg_odometry__type_support.c\n'}
[1.511291] (state_estimator_msgs) StdoutLine: {'line': b'-- Up-to-date: /root/muse_ws/muse_ros2/muse_ws/install/state_estimator_msgs/include/state_estimator_msgs/state_estimator_msgs/msg/detail/attitude__rosidl_typesupport_introspection_c.h\n'}
[1.511342] (state_estimator_msgs) StdoutLine: {'line': b'-- Up-to-date: /root/muse_ws/muse_ros2/muse_ws/install/state_estimator_msgs/include/state_estimator_msgs/state_estimator_msgs/msg/detail/sensor_fusion__rosidl_typesupport_introspection_c.h\n'}
[1.511388] (state_estimator_msgs) StdoutLine: {'line': b'-- Up-to-date: /root/muse_ws/muse_ros2/muse_ws/install/state_estimator_msgs/include/state_estimator_msgs/state_estimator_msgs/msg/detail/contact_detection__type_support.c\n'}
[1.511434] (state_estimator_msgs) StdoutLine: {'line': b'-- Up-to-date: /root/muse_ws/muse_ros2/muse_ws/install/state_estimator_msgs/include/state_estimator_msgs/state_estimator_msgs/msg/detail/joint_state_with_acceleration__rosidl_typesupport_introspection_c.h\n'}
[1.511492] (state_estimator_msgs) StdoutLine: {'line': b'-- Up-to-date: /root/muse_ws/muse_ros2/muse_ws/install/state_estimator_msgs/include/state_estimator_msgs/state_estimator_msgs/msg/detail/attitude__type_support.c\n'}
[1.511634] (state_estimator_msgs) StdoutLine: {'line': b'-- Up-to-date: /root/muse_ws/muse_ros2/muse_ws/install/state_estimator_msgs/include/state_estimator_msgs/state_estimator_msgs/msg/detail/contact_detection__rosidl_typesupport_introspection_c.h\n'}
[1.511728] (state_estimator_msgs) StdoutLine: {'line': b'-- Up-to-date: /root/muse_ws/muse_ros2/muse_ws/install/state_estimator_msgs/include/state_estimator_msgs/state_estimator_msgs/msg/detail/joint_state_with_acceleration__type_support.c\n'}
[1.511785] (state_estimator_msgs) StdoutLine: {'line': b'-- Up-to-date: /root/muse_ws/muse_ros2/muse_ws/install/state_estimator_msgs/include/state_estimator_msgs/state_estimator_msgs/msg/detail/sensor_fusion__type_support.c\n'}
[1.511863] (state_estimator_msgs) StdoutLine: {'line': b'-- Up-to-date: /root/muse_ws/muse_ros2/muse_ws/install/state_estimator_msgs/include/state_estimator_msgs/state_estimator_msgs/msg/detail/leg_odometry__rosidl_typesupport_introspection_c.h\n'}
[1.511948] (state_estimator_msgs) StdoutLine: {'line': b'-- Up-to-date: /root/muse_ws/muse_ros2/muse_ws/install/state_estimator_msgs/include/state_estimator_msgs/state_estimator_msgs/msg/rosidl_typesupport_introspection_c__visibility_control.h\n'}
[1.512053] (state_estimator_msgs) StdoutLine: {'line': b'-- Up-to-date: /root/muse_ws/muse_ros2/muse_ws/install/state_estimator_msgs/lib/libstate_estimator_msgs__rosidl_typesupport_introspection_c.so\n'}
[1.512156] (state_estimator_msgs) StdoutLine: {'line': b'-- Up-to-date: /root/muse_ws/muse_ros2/muse_ws/install/state_estimator_msgs/lib/libstate_estimator_msgs__rosidl_typesupport_c.so\n'}
[1.512342] (state_estimator_msgs) StdoutLine: {'line': b'-- Up-to-date: /root/muse_ws/muse_ros2/muse_ws/install/state_estimator_msgs/include/state_estimator_msgs/state_estimator_msgs\n'}
[1.512452] (state_estimator_msgs) StdoutLine: {'line': b'-- Up-to-date: /root/muse_ws/muse_ros2/muse_ws/install/state_estimator_msgs/include/state_estimator_msgs/state_estimator_msgs/srv\n'}
[1.512522] (state_estimator_msgs) StdoutLine: {'line': b'-- Up-to-date: /root/muse_ws/muse_ros2/muse_ws/install/state_estimator_msgs/include/state_estimator_msgs/state_estimator_msgs/srv/detail\n'}
[1.512601] (state_estimator_msgs) StdoutLine: {'line': b'-- Up-to-date: /root/muse_ws/muse_ros2/muse_ws/install/state_estimator_msgs/include/state_estimator_msgs/state_estimator_msgs/srv/detail/list_all_estimators__type_support.cpp\n'}
[1.512705] (state_estimator_msgs) StdoutLine: {'line': b'-- Up-to-date: /root/muse_ws/muse_ros2/muse_ws/install/state_estimator_msgs/include/state_estimator_msgs/state_estimator_msgs/srv/detail/reset_estimator__rosidl_typesupport_introspection_cpp.hpp\n'}
[1.512806] (state_estimator_msgs) StdoutLine: {'line': b'-- Up-to-date: /root/muse_ws/muse_ros2/muse_ws/install/state_estimator_msgs/include/state_estimator_msgs/state_estimator_msgs/srv/detail/restart_estimator__rosidl_typesupport_introspection_cpp.hpp\n'}
[1.512899] (state_estimator_msgs) StdoutLine: {'line': b'-- Up-to-date: /root/muse_ws/muse_ros2/muse_ws/install/state_estimator_msgs/include/state_estimator_msgs/state_estimator_msgs/srv/detail/resume_estimator__rosidl_typesupport_introspection_cpp.hpp\n'}
[1.512995] (state_estimator_msgs) StdoutLine: {'line': b'-- Up-to-date: /root/muse_ws/muse_ros2/muse_ws/install/state_estimator_msgs/include/state_estimator_msgs/state_estimator_msgs/srv/detail/get_active_estimators__type_support.cpp\n'}
[1.513110] (state_estimator_msgs) StdoutLine: {'line': b'-- Up-to-date: /root/muse_ws/muse_ros2/muse_ws/install/state_estimator_msgs/include/state_estimator_msgs/state_estimator_msgs/srv/detail/pause_estimator__type_support.cpp\n'}
[1.513187] (state_estimator_msgs) StdoutLine: {'line': b'-- Up-to-date: /root/muse_ws/muse_ros2/muse_ws/install/state_estimator_msgs/include/state_estimator_msgs/state_estimator_msgs/srv/detail/get_blacklist__type_support.cpp\n'}
[1.513264] (state_estimator_msgs) StdoutLine: {'line': b'-- Up-to-date: /root/muse_ws/muse_ros2/muse_ws/install/state_estimator_msgs/include/state_estimator_msgs/state_estimator_msgs/srv/detail/list_all_estimators__rosidl_typesupport_introspection_cpp.hpp\n'}
[1.513379] (state_estimator_msgs) StdoutLine: {'line': b'-- Up-to-date: /root/muse_ws/muse_ros2/muse_ws/install/state_estimator_msgs/include/state_estimator_msgs/state_estimator_msgs/srv/detail/resume_estimator__type_support.cpp\n'}
[1.513459] (state_estimator_msgs) StdoutLine: {'line': b'-- Up-to-date: /root/muse_ws/muse_ros2/muse_ws/install/state_estimator_msgs/include/state_estimator_msgs/state_estimator_msgs/srv/detail/reset_estimator__type_support.cpp\n'}
[1.513538] (state_estimator_msgs) StdoutLine: {'line': b'-- Up-to-date: /root/muse_ws/muse_ros2/muse_ws/install/state_estimator_msgs/include/state_estimator_msgs/state_estimator_msgs/srv/detail/get_whitelist__type_support.cpp\n'}
[1.513637] (state_estimator_msgs) StdoutLine: {'line': b'-- Up-to-date: /root/muse_ws/muse_ros2/muse_ws/install/state_estimator_msgs/include/state_estimator_msgs/state_estimator_msgs/srv/detail/pause_estimator__rosidl_typesupport_introspection_cpp.hpp\n'}
[1.513692] (state_estimator_msgs) StdoutLine: {'line': b'-- Up-to-date: /root/muse_ws/muse_ros2/muse_ws/install/state_estimator_msgs/include/state_estimator_msgs/state_estimator_msgs/srv/detail/restart_estimator__type_support.cpp\n'}
[1.513740] (state_estimator_msgs) StdoutLine: {'line': b'-- Up-to-date: /root/muse_ws/muse_ros2/muse_ws/install/state_estimator_msgs/include/state_estimator_msgs/state_estimator_msgs/srv/detail/start_estimator__rosidl_typesupport_introspection_cpp.hpp\n'}
[1.513786] (state_estimator_msgs) StdoutLine: {'line': b'-- Up-to-date: /root/muse_ws/muse_ros2/muse_ws/install/state_estimator_msgs/include/state_estimator_msgs/state_estimator_msgs/srv/detail/get_estimator_description__type_support.cpp\n'}
[1.513883] (state_estimator_msgs) StdoutLine: {'line': b'-- Up-to-date: /root/muse_ws/muse_ros2/muse_ws/install/state_estimator_msgs/include/state_estimator_msgs/state_estimator_msgs/srv/detail/stop_estimator__type_support.cpp\n'}
[1.514021] (state_estimator_msgs) StdoutLine: {'line': b'-- Up-to-date: /root/muse_ws/muse_ros2/muse_ws/install/state_estimator_msgs/include/state_estimator_msgs/state_estimator_msgs/srv/detail/stop_estimator__rosidl_typesupport_introspection_cpp.hpp\n'}
[1.514104] (state_estimator_msgs) StdoutLine: {'line': b'-- Up-to-date: /root/muse_ws/muse_ros2/muse_ws/install/state_estimator_msgs/include/state_estimator_msgs/state_estimator_msgs/srv/detail/start_estimator__type_support.cpp\n'}
[1.514175] (state_estimator_msgs) StdoutLine: {'line': b'-- Up-to-date: /root/muse_ws/muse_ros2/muse_ws/install/state_estimator_msgs/include/state_estimator_msgs/state_estimator_msgs/srv/detail/get_blacklist__rosidl_typesupport_introspection_cpp.hpp\n'}
[1.514239] (state_estimator_msgs) StdoutLine: {'line': b'-- Up-to-date: /root/muse_ws/muse_ros2/muse_ws/install/state_estimator_msgs/include/state_estimator_msgs/state_estimator_msgs/srv/detail/get_estimator_description__rosidl_typesupport_introspection_cpp.hpp\n'}
[1.514318] (state_estimator_msgs) StdoutLine: {'line': b'-- Up-to-date: /root/muse_ws/muse_ros2/muse_ws/install/state_estimator_msgs/include/state_estimator_msgs/state_estimator_msgs/srv/detail/get_whitelist__rosidl_typesupport_introspection_cpp.hpp\n'}
[1.514380] (state_estimator_msgs) StdoutLine: {'line': b'-- Up-to-date: /root/muse_ws/muse_ros2/muse_ws/install/state_estimator_msgs/include/state_estimator_msgs/state_estimator_msgs/srv/detail/get_active_estimators__rosidl_typesupport_introspection_cpp.hpp\n'}
[1.514442] (state_estimator_msgs) StdoutLine: {'line': b'-- Up-to-date: /root/muse_ws/muse_ros2/muse_ws/install/state_estimator_msgs/include/state_estimator_msgs/state_estimator_msgs/msg\n'}
[1.514512] (state_estimator_msgs) StdoutLine: {'line': b'-- Up-to-date: /root/muse_ws/muse_ros2/muse_ws/install/state_estimator_msgs/include/state_estimator_msgs/state_estimator_msgs/msg/detail\n'}
[1.514606] (state_estimator_msgs) StdoutLine: {'line': b'-- Up-to-date: /root/muse_ws/muse_ros2/muse_ws/install/state_estimator_msgs/include/state_estimator_msgs/state_estimator_msgs/msg/detail/sensor_fusion__rosidl_typesupport_introspection_cpp.hpp\n'}
[1.514673] (state_estimator_msgs) StdoutLine: {'line': b'-- Up-to-date: /root/muse_ws/muse_ros2/muse_ws/install/state_estimator_msgs/include/state_estimator_msgs/state_estimator_msgs/msg/detail/sensor_fusion__type_support.cpp\n'}
[1.514738] (state_estimator_msgs) StdoutLine: {'line': b'-- Up-to-date: /root/muse_ws/muse_ros2/muse_ws/install/state_estimator_msgs/include/state_estimator_msgs/state_estimator_msgs/msg/detail/joint_state_with_acceleration__rosidl_typesupport_introspection_cpp.hpp\n'}
[1.514802] (state_estimator_msgs) StdoutLine: {'line': b'-- Up-to-date: /root/muse_ws/muse_ros2/muse_ws/install/state_estimator_msgs/include/state_estimator_msgs/state_estimator_msgs/msg/detail/joint_state_with_acceleration__type_support.cpp\n'}
[1.514863] (state_estimator_msgs) StdoutLine: {'line': b'-- Up-to-date: /root/muse_ws/muse_ros2/muse_ws/install/state_estimator_msgs/include/state_estimator_msgs/state_estimator_msgs/msg/detail/contact_detection__type_support.cpp\n'}
[1.514925] (state_estimator_msgs) StdoutLine: {'line': b'-- Up-to-date: /root/muse_ws/muse_ros2/muse_ws/install/state_estimator_msgs/include/state_estimator_msgs/state_estimator_msgs/msg/detail/contact_detection__rosidl_typesupport_introspection_cpp.hpp\n'}
[1.514985] (state_estimator_msgs) StdoutLine: {'line': b'-- Up-to-date: /root/muse_ws/muse_ros2/muse_ws/install/state_estimator_msgs/include/state_estimator_msgs/state_estimator_msgs/msg/detail/leg_odometry__type_support.cpp\n'}
[1.515047] (state_estimator_msgs) StdoutLine: {'line': b'-- Up-to-date: /root/muse_ws/muse_ros2/muse_ws/install/state_estimator_msgs/include/state_estimator_msgs/state_estimator_msgs/msg/detail/attitude__type_support.cpp\n'}
[1.515118] (state_estimator_msgs) StdoutLine: {'line': b'-- Up-to-date: /root/muse_ws/muse_ros2/muse_ws/install/state_estimator_msgs/include/state_estimator_msgs/state_estimator_msgs/msg/detail/leg_odometry__rosidl_typesupport_introspection_cpp.hpp\n'}
[1.515185] (state_estimator_msgs) StdoutLine: {'line': b'-- Up-to-date: /root/muse_ws/muse_ros2/muse_ws/install/state_estimator_msgs/include/state_estimator_msgs/state_estimator_msgs/msg/detail/attitude__rosidl_typesupport_introspection_cpp.hpp\n'}
[1.515246] (state_estimator_msgs) StdoutLine: {'line': b'-- Up-to-date: /root/muse_ws/muse_ros2/muse_ws/install/state_estimator_msgs/lib/libstate_estimator_msgs__rosidl_typesupport_introspection_cpp.so\n'}
[1.515307] (state_estimator_msgs) StdoutLine: {'line': b'-- Up-to-date: /root/muse_ws/muse_ros2/muse_ws/install/state_estimator_msgs/lib/libstate_estimator_msgs__rosidl_typesupport_cpp.so\n'}
[1.515367] (state_estimator_msgs) StdoutLine: {'line': b'-- Up-to-date: /root/muse_ws/muse_ros2/muse_ws/install/state_estimator_msgs/share/state_estimator_msgs/environment/pythonpath.sh\n'}
[1.515426] (state_estimator_msgs) StdoutLine: {'line': b'-- Up-to-date: /root/muse_ws/muse_ros2/muse_ws/install/state_estimator_msgs/share/state_estimator_msgs/environment/pythonpath.dsv\n'}
[1.515485] (state_estimator_msgs) StdoutLine: {'line': b'-- Up-to-date: /root/muse_ws/muse_ros2/muse_ws/install/state_estimator_msgs/local/lib/python3.10/dist-packages/state_estimator_msgs-0.0.1-py3.10.egg-info\n'}
[1.515570] (state_estimator_msgs) StdoutLine: {'line': b'-- Installing: /root/muse_ws/muse_ros2/muse_ws/install/state_estimator_msgs/local/lib/python3.10/dist-packages/state_estimator_msgs-0.0.1-py3.10.egg-info/top_level.txt\n'}
[1.515644] (state_estimator_msgs) StdoutLine: {'line': b'-- Installing: /root/muse_ws/muse_ros2/muse_ws/install/state_estimator_msgs/local/lib/python3.10/dist-packages/state_estimator_msgs-0.0.1-py3.10.egg-info/PKG-INFO\n'}
[1.515710] (state_estimator_msgs) StdoutLine: {'line': b'-- Installing: /root/muse_ws/muse_ros2/muse_ws/install/state_estimator_msgs/local/lib/python3.10/dist-packages/state_estimator_msgs-0.0.1-py3.10.egg-info/dependency_links.txt\n'}
[1.515774] (state_estimator_msgs) StdoutLine: {'line': b'-- Installing: /root/muse_ws/muse_ros2/muse_ws/install/state_estimator_msgs/local/lib/python3.10/dist-packages/state_estimator_msgs-0.0.1-py3.10.egg-info/SOURCES.txt\n'}
[1.515836] (state_estimator_msgs) StdoutLine: {'line': b'-- Up-to-date: /root/muse_ws/muse_ros2/muse_ws/install/state_estimator_msgs/local/lib/python3.10/dist-packages/state_estimator_msgs\n'}
[1.515897] (state_estimator_msgs) StdoutLine: {'line': b'-- Up-to-date: /root/muse_ws/muse_ros2/muse_ws/install/state_estimator_msgs/local/lib/python3.10/dist-packages/state_estimator_msgs/srv\n'}
[1.515973] (state_estimator_msgs) StdoutLine: {'line': b'-- Up-to-date: /root/muse_ws/muse_ros2/muse_ws/install/state_estimator_msgs/local/lib/python3.10/dist-packages/state_estimator_msgs/srv/_stop_estimator_s.c\n'}
[1.516034] (state_estimator_msgs) StdoutLine: {'line': b'-- Up-to-date: /root/muse_ws/muse_ros2/muse_ws/install/state_estimator_msgs/local/lib/python3.10/dist-packages/state_estimator_msgs/srv/_list_all_estimators_s.c\n'}
[1.516130] (state_estimator_msgs) StdoutLine: {'line': b'-- Up-to-date: /root/muse_ws/muse_ros2/muse_ws/install/state_estimator_msgs/local/lib/python3.10/dist-packages/state_estimator_msgs/srv/_start_estimator_s.c\n'}
[1.516196] (state_estimator_msgs) StdoutLine: {'line': b'-- Up-to-date: /root/muse_ws/muse_ros2/muse_ws/install/state_estimator_msgs/local/lib/python3.10/dist-packages/state_estimator_msgs/srv/_pause_estimator.py\n'}
[1.516262] (state_estimator_msgs) StdoutLine: {'line': b'-- Up-to-date: /root/muse_ws/muse_ros2/muse_ws/install/state_estimator_msgs/local/lib/python3.10/dist-packages/state_estimator_msgs/srv/_get_active_estimators.py\n'}
[1.516325] (state_estimator_msgs) StdoutLine: {'line': b'-- Up-to-date: /root/muse_ws/muse_ros2/muse_ws/install/state_estimator_msgs/local/lib/python3.10/dist-packages/state_estimator_msgs/srv/_resume_estimator_s.c\n'}
[1.516394] (state_estimator_msgs) StdoutLine: {'line': b'-- Up-to-date: /root/muse_ws/muse_ros2/muse_ws/install/state_estimator_msgs/local/lib/python3.10/dist-packages/state_estimator_msgs/srv/_start_estimator.py\n'}
[1.516456] (state_estimator_msgs) StdoutLine: {'line': b'-- Up-to-date: /root/muse_ws/muse_ros2/muse_ws/install/state_estimator_msgs/local/lib/python3.10/dist-packages/state_estimator_msgs/srv/_get_blacklist.py\n'}
[1.516523] (state_estimator_msgs) StdoutLine: {'line': b'-- Up-to-date: /root/muse_ws/muse_ros2/muse_ws/install/state_estimator_msgs/local/lib/python3.10/dist-packages/state_estimator_msgs/srv/_list_all_estimators.py\n'}
[1.516626] (state_estimator_msgs) StdoutLine: {'line': b'-- Up-to-date: /root/muse_ws/muse_ros2/muse_ws/install/state_estimator_msgs/local/lib/python3.10/dist-packages/state_estimator_msgs/srv/_pause_estimator_s.c\n'}
[1.516694] (state_estimator_msgs) StdoutLine: {'line': b'-- Up-to-date: /root/muse_ws/muse_ros2/muse_ws/install/state_estimator_msgs/local/lib/python3.10/dist-packages/state_estimator_msgs/srv/_reset_estimator.py\n'}
[1.516757] (state_estimator_msgs) StdoutLine: {'line': b'-- Up-to-date: /root/muse_ws/muse_ros2/muse_ws/install/state_estimator_msgs/local/lib/python3.10/dist-packages/state_estimator_msgs/srv/_get_estimator_description.py\n'}
[1.516819] (state_estimator_msgs) StdoutLine: {'line': b'-- Up-to-date: /root/muse_ws/muse_ros2/muse_ws/install/state_estimator_msgs/local/lib/python3.10/dist-packages/state_estimator_msgs/srv/_get_estimator_description_s.c\n'}
[1.516880] (state_estimator_msgs) StdoutLine: {'line': b'-- Up-to-date: /root/muse_ws/muse_ros2/muse_ws/install/state_estimator_msgs/local/lib/python3.10/dist-packages/state_estimator_msgs/srv/_resume_estimator.py\n'}
[1.516941] (state_estimator_msgs) StdoutLine: {'line': b'-- Up-to-date: /root/muse_ws/muse_ros2/muse_ws/install/state_estimator_msgs/local/lib/python3.10/dist-packages/state_estimator_msgs/srv/_get_blacklist_s.c\n'}
[1.517002] (state_estimator_msgs) StdoutLine: {'line': b'-- Up-to-date: /root/muse_ws/muse_ros2/muse_ws/install/state_estimator_msgs/local/lib/python3.10/dist-packages/state_estimator_msgs/srv/_restart_estimator_s.c\n'}
[1.517085] (state_estimator_msgs) StdoutLine: {'line': b'-- Up-to-date: /root/muse_ws/muse_ros2/muse_ws/install/state_estimator_msgs/local/lib/python3.10/dist-packages/state_estimator_msgs/srv/_get_whitelist_s.c\n'}
[1.517159] (state_estimator_msgs) StdoutLine: {'line': b'-- Up-to-date: /root/muse_ws/muse_ros2/muse_ws/install/state_estimator_msgs/local/lib/python3.10/dist-packages/state_estimator_msgs/srv/_get_whitelist.py\n'}
[1.517377] (state_estimator_msgs) StdoutLine: {'line': b'-- Up-to-date: /root/muse_ws/muse_ros2/muse_ws/install/state_estimator_msgs/local/lib/python3.10/dist-packages/state_estimator_msgs/srv/_get_active_estimators_s.c\n'}
[1.517479] (state_estimator_msgs) StdoutLine: {'line': b'-- Up-to-date: /root/muse_ws/muse_ros2/muse_ws/install/state_estimator_msgs/local/lib/python3.10/dist-packages/state_estimator_msgs/srv/_reset_estimator_s.c\n'}
[1.517581] (state_estimator_msgs) StdoutLine: {'line': b'-- Up-to-date: /root/muse_ws/muse_ros2/muse_ws/install/state_estimator_msgs/local/lib/python3.10/dist-packages/state_estimator_msgs/srv/_restart_estimator.py\n'}
[1.517669] (state_estimator_msgs) StdoutLine: {'line': b'-- Up-to-date: /root/muse_ws/muse_ros2/muse_ws/install/state_estimator_msgs/local/lib/python3.10/dist-packages/state_estimator_msgs/srv/__init__.py\n'}
[1.517771] (state_estimator_msgs) StdoutLine: {'line': b'-- Up-to-date: /root/muse_ws/muse_ros2/muse_ws/install/state_estimator_msgs/local/lib/python3.10/dist-packages/state_estimator_msgs/srv/_stop_estimator.py\n'}
[1.517943] (state_estimator_msgs) StdoutLine: {'line': b'-- Up-to-date: /root/muse_ws/muse_ros2/muse_ws/install/state_estimator_msgs/local/lib/python3.10/dist-packages/state_estimator_msgs/_state_estimator_msgs_s.ep.rosidl_typesupport_introspection_c.c\n'}
[1.518147] (state_estimator_msgs) StdoutLine: {'line': b'-- Up-to-date: /root/muse_ws/muse_ros2/muse_ws/install/state_estimator_msgs/local/lib/python3.10/dist-packages/state_estimator_msgs/state_estimator_msgs_s__rosidl_typesupport_introspection_c.cpython-310-x86_64-linux-gnu.so\n'}
[1.518327] (state_estimator_msgs) StdoutLine: {'line': b'-- Up-to-date: /root/muse_ws/muse_ros2/muse_ws/install/state_estimator_msgs/local/lib/python3.10/dist-packages/state_estimator_msgs/msg\n'}
[1.518418] (state_estimator_msgs) StdoutLine: {'line': b'-- Up-to-date: /root/muse_ws/muse_ros2/muse_ws/install/state_estimator_msgs/local/lib/python3.10/dist-packages/state_estimator_msgs/msg/_leg_odometry_s.c\n'}
[1.518488] (state_estimator_msgs) StdoutLine: {'line': b'-- Up-to-date: /root/muse_ws/muse_ros2/muse_ws/install/state_estimator_msgs/local/lib/python3.10/dist-packages/state_estimator_msgs/msg/_contact_detection_s.c\n'}
[1.518622] (state_estimator_msgs) StdoutLine: {'line': b'-- Up-to-date: /root/muse_ws/muse_ros2/muse_ws/install/state_estimator_msgs/local/lib/python3.10/dist-packages/state_estimator_msgs/msg/_attitude_s.c\n'}
[1.518724] (state_estimator_msgs) StdoutLine: {'line': b'-- Up-to-date: /root/muse_ws/muse_ros2/muse_ws/install/state_estimator_msgs/local/lib/python3.10/dist-packages/state_estimator_msgs/msg/_sensor_fusion.py\n'}
[1.518808] (state_estimator_msgs) StdoutLine: {'line': b'-- Up-to-date: /root/muse_ws/muse_ros2/muse_ws/install/state_estimator_msgs/local/lib/python3.10/dist-packages/state_estimator_msgs/msg/_joint_state_with_acceleration.py\n'}
[1.519067] (state_estimator_msgs) StdoutLine: {'line': b'-- Up-to-date: /root/muse_ws/muse_ros2/muse_ws/install/state_estimator_msgs/local/lib/python3.10/dist-packages/state_estimator_msgs/msg/_sensor_fusion_s.c\n'}
[1.519157] (state_estimator_msgs) StdoutLine: {'line': b'-- Up-to-date: /root/muse_ws/muse_ros2/muse_ws/install/state_estimator_msgs/local/lib/python3.10/dist-packages/state_estimator_msgs/msg/_contact_detection.py\n'}
[1.519235] (state_estimator_msgs) StdoutLine: {'line': b'-- Up-to-date: /root/muse_ws/muse_ros2/muse_ws/install/state_estimator_msgs/local/lib/python3.10/dist-packages/state_estimator_msgs/msg/_attitude.py\n'}
[1.519306] (state_estimator_msgs) StdoutLine: {'line': b'-- Up-to-date: /root/muse_ws/muse_ros2/muse_ws/install/state_estimator_msgs/local/lib/python3.10/dist-packages/state_estimator_msgs/msg/_leg_odometry.py\n'}
[1.519376] (state_estimator_msgs) StdoutLine: {'line': b'-- Up-to-date: /root/muse_ws/muse_ros2/muse_ws/install/state_estimator_msgs/local/lib/python3.10/dist-packages/state_estimator_msgs/msg/_joint_state_with_acceleration_s.c\n'}
[1.519462] (state_estimator_msgs) StdoutLine: {'line': b'-- Up-to-date: /root/muse_ws/muse_ros2/muse_ws/install/state_estimator_msgs/local/lib/python3.10/dist-packages/state_estimator_msgs/msg/__init__.py\n'}
[1.519565] (state_estimator_msgs) StdoutLine: {'line': b'-- Up-to-date: /root/muse_ws/muse_ros2/muse_ws/install/state_estimator_msgs/local/lib/python3.10/dist-packages/state_estimator_msgs/_state_estimator_msgs_s.ep.rosidl_typesupport_c.c\n'}
[1.519637] (state_estimator_msgs) StdoutLine: {'line': b'-- Up-to-date: /root/muse_ws/muse_ros2/muse_ws/install/state_estimator_msgs/local/lib/python3.10/dist-packages/state_estimator_msgs/_state_estimator_msgs_s.ep.rosidl_typesupport_fastrtps_c.c\n'}
[1.519705] (state_estimator_msgs) StdoutLine: {'line': b'-- Up-to-date: /root/muse_ws/muse_ros2/muse_ws/install/state_estimator_msgs/local/lib/python3.10/dist-packages/state_estimator_msgs/state_estimator_msgs_s__rosidl_typesupport_c.cpython-310-x86_64-linux-gnu.so\n'}
[1.519771] (state_estimator_msgs) StdoutLine: {'line': b'-- Up-to-date: /root/muse_ws/muse_ros2/muse_ws/install/state_estimator_msgs/local/lib/python3.10/dist-packages/state_estimator_msgs/__init__.py\n'}
[1.519834] (state_estimator_msgs) StdoutLine: {'line': b'-- Up-to-date: /root/muse_ws/muse_ros2/muse_ws/install/state_estimator_msgs/local/lib/python3.10/dist-packages/state_estimator_msgs/state_estimator_msgs_s__rosidl_typesupport_fastrtps_c.cpython-310-x86_64-linux-gnu.so\n'}
[1.519899] (state_estimator_msgs) StdoutLine: {'line': b'-- Up-to-date: /root/muse_ws/muse_ros2/muse_ws/install/state_estimator_msgs/local/lib/python3.10/dist-packages/state_estimator_msgs/libstate_estimator_msgs__rosidl_generator_py.so\n'}
[1.536713] (-) TimerEvent: {}
[1.580535] (state_estimator_msgs) StdoutLine: {'line': b"Listing '/root/muse_ws/muse_ros2/muse_ws/install/state_estimator_msgs/local/lib/python3.10/dist-packages/state_estimator_msgs'...\n"}
[1.580806] (state_estimator_msgs) StdoutLine: {'line': b"Listing '/root/muse_ws/muse_ros2/muse_ws/install/state_estimator_msgs/local/lib/python3.10/dist-packages/state_estimator_msgs/msg'...\n"}
[1.580886] (state_estimator_msgs) StdoutLine: {'line': b"Listing '/root/muse_ws/muse_ros2/muse_ws/install/state_estimator_msgs/local/lib/python3.10/dist-packages/state_estimator_msgs/srv'...\n"}
[1.588136] (state_estimator_msgs) StdoutLine: {'line': b'-- Up-to-date: /root/muse_ws/muse_ros2/muse_ws/install/state_estimator_msgs/local/lib/python3.10/dist-packages/state_estimator_msgs/state_estimator_msgs_s__rosidl_typesupport_fastrtps_c.cpython-310-x86_64-linux-gnu.so\n'}
[1.588495] (state_estimator_msgs) StdoutLine: {'line': b'-- Up-to-date: /root/muse_ws/muse_ros2/muse_ws/install/state_estimator_msgs/local/lib/python3.10/dist-packages/state_estimator_msgs/state_estimator_msgs_s__rosidl_typesupport_introspection_c.cpython-310-x86_64-linux-gnu.so\n'}
[1.589060] (state_estimator_msgs) StdoutLine: {'line': b'-- Up-to-date: /root/muse_ws/muse_ros2/muse_ws/install/state_estimator_msgs/local/lib/python3.10/dist-packages/state_estimator_msgs/state_estimator_msgs_s__rosidl_typesupport_c.cpython-310-x86_64-linux-gnu.so\n'}
[1.589581] (state_estimator_msgs) StdoutLine: {'line': b'-- Up-to-date: /root/muse_ws/muse_ros2/muse_ws/install/state_estimator_msgs/lib/libstate_estimator_msgs__rosidl_generator_py.so\n'}
[1.589971] (state_estimator_msgs) StdoutLine: {'line': b'-- Up-to-date: /root/muse_ws/muse_ros2/muse_ws/install/state_estimator_msgs/share/state_estimator_msgs/msg/Attitude.idl\n'}
[1.594675] (state_estimator_msgs) StdoutLine: {'line': b'-- Up-to-date: /root/muse_ws/muse_ros2/muse_ws/install/state_estimator_msgs/share/state_estimator_msgs/msg/ContactDetection.idl\n'}
[1.595263] (state_estimator_msgs) StdoutLine: {'line': b'-- Up-to-date: /root/muse_ws/muse_ros2/muse_ws/install/state_estimator_msgs/share/state_estimator_msgs/msg/LegOdometry.idl\n'}
[1.595417] (state_estimator_msgs) StdoutLine: {'line': b'-- Up-to-date: /root/muse_ws/muse_ros2/muse_ws/install/state_estimator_msgs/share/state_estimator_msgs/msg/SensorFusion.idl\n'}
[1.595644] (state_estimator_msgs) StdoutLine: {'line': b'-- Up-to-date: /root/muse_ws/muse_ros2/muse_ws/install/state_estimator_msgs/share/state_estimator_msgs/msg/JointStateWithAcceleration.idl\n'}
[1.595724] (state_estimator_msgs) StdoutLine: {'line': b'-- Up-to-date: /root/muse_ws/muse_ros2/muse_ws/install/state_estimator_msgs/share/state_estimator_msgs/srv/GetActiveEstimators.idl\n'}
[1.595843] (state_estimator_msgs) StdoutLine: {'line': b'-- Up-to-date: /root/muse_ws/muse_ros2/muse_ws/install/state_estimator_msgs/share/state_estimator_msgs/srv/GetBlacklist.idl\n'}
[1.595957] (state_estimator_msgs) StdoutLine: {'line': b'-- Up-to-date: /root/muse_ws/muse_ros2/muse_ws/install/state_estimator_msgs/share/state_estimator_msgs/srv/GetEstimatorDescription.idl\n'}
[1.596032] (state_estimator_msgs) StdoutLine: {'line': b'-- Up-to-date: /root/muse_ws/muse_ros2/muse_ws/install/state_estimator_msgs/share/state_estimator_msgs/srv/GetWhitelist.idl\n'}
[1.596098] (state_estimator_msgs) StdoutLine: {'line': b'-- Up-to-date: /root/muse_ws/muse_ros2/muse_ws/install/state_estimator_msgs/share/state_estimator_msgs/srv/ListAllEstimators.idl\n'}
[1.596167] (state_estimator_msgs) StdoutLine: {'line': b'-- Up-to-date: /root/muse_ws/muse_ros2/muse_ws/install/state_estimator_msgs/share/state_estimator_msgs/srv/PauseEstimator.idl\n'}
[1.596256] (state_estimator_msgs) StdoutLine: {'line': b'-- Up-to-date: /root/muse_ws/muse_ros2/muse_ws/install/state_estimator_msgs/share/state_estimator_msgs/srv/ResetEstimator.idl\n'}
[1.596396] (state_estimator_msgs) StdoutLine: {'line': b'-- Up-to-date: /root/muse_ws/muse_ros2/muse_ws/install/state_estimator_msgs/share/state_estimator_msgs/srv/RestartEstimator.idl\n'}
[1.596465] (state_estimator_msgs) StdoutLine: {'line': b'-- Up-to-date: /root/muse_ws/muse_ros2/muse_ws/install/state_estimator_msgs/share/state_estimator_msgs/srv/ResumeEstimator.idl\n'}
[1.596651] (state_estimator_msgs) StdoutLine: {'line': b'-- Up-to-date: /root/muse_ws/muse_ros2/muse_ws/install/state_estimator_msgs/share/state_estimator_msgs/srv/StartEstimator.idl\n'}
[1.596726] (state_estimator_msgs) StdoutLine: {'line': b'-- Up-to-date: /root/muse_ws/muse_ros2/muse_ws/install/state_estimator_msgs/share/state_estimator_msgs/srv/StopEstimator.idl\n'}
[1.596796] (state_estimator_msgs) StdoutLine: {'line': b'-- Up-to-date: /root/muse_ws/muse_ros2/muse_ws/install/state_estimator_msgs/share/state_estimator_msgs/msg/Attitude.msg\n'}
[1.596871] (state_estimator_msgs) StdoutLine: {'line': b'-- Up-to-date: /root/muse_ws/muse_ros2/muse_ws/install/state_estimator_msgs/share/state_estimator_msgs/msg/ContactDetection.msg\n'}
[1.596941] (state_estimator_msgs) StdoutLine: {'line': b'-- Up-to-date: /root/muse_ws/muse_ros2/muse_ws/install/state_estimator_msgs/share/state_estimator_msgs/msg/LegOdometry.msg\n'}
[1.597042] (state_estimator_msgs) StdoutLine: {'line': b'-- Up-to-date: /root/muse_ws/muse_ros2/muse_ws/install/state_estimator_msgs/share/state_estimator_msgs/msg/SensorFusion.msg\n'}
[1.597127] (state_estimator_msgs) StdoutLine: {'line': b'-- Up-to-date: /root/muse_ws/muse_ros2/muse_ws/install/state_estimator_msgs/share/state_estimator_msgs/msg/JointStateWithAcceleration.msg\n'}
[1.597200] (state_estimator_msgs) StdoutLine: {'line': b'-- Up-to-date: /root/muse_ws/muse_ros2/muse_ws/install/state_estimator_msgs/share/state_estimator_msgs/srv/GetActiveEstimators.srv\n'}
[1.597265] (state_estimator_msgs) StdoutLine: {'line': b'-- Up-to-date: /root/muse_ws/muse_ros2/muse_ws/install/state_estimator_msgs/share/state_estimator_msgs/srv/GetActiveEstimators_Request.msg\n'}
[1.597326] (state_estimator_msgs) StdoutLine: {'line': b'-- Up-to-date: /root/muse_ws/muse_ros2/muse_ws/install/state_estimator_msgs/share/state_estimator_msgs/srv/GetActiveEstimators_Response.msg\n'}
[1.597396] (state_estimator_msgs) StdoutLine: {'line': b'-- Up-to-date: /root/muse_ws/muse_ros2/muse_ws/install/state_estimator_msgs/share/state_estimator_msgs/srv/GetBlacklist.srv\n'}
[1.597469] (state_estimator_msgs) StdoutLine: {'line': b'-- Up-to-date: /root/muse_ws/muse_ros2/muse_ws/install/state_estimator_msgs/share/state_estimator_msgs/srv/GetBlacklist_Request.msg\n'}
[1.597540] (state_estimator_msgs) StdoutLine: {'line': b'-- Up-to-date: /root/muse_ws/muse_ros2/muse_ws/install/state_estimator_msgs/share/state_estimator_msgs/srv/GetBlacklist_Response.msg\n'}
[1.597609] (state_estimator_msgs) StdoutLine: {'line': b'-- Up-to-date: /root/muse_ws/muse_ros2/muse_ws/install/state_estimator_msgs/share/state_estimator_msgs/srv/GetEstimatorDescription.srv\n'}
[1.597686] (state_estimator_msgs) StdoutLine: {'line': b'-- Up-to-date: /root/muse_ws/muse_ros2/muse_ws/install/state_estimator_msgs/share/state_estimator_msgs/srv/GetEstimatorDescription_Request.msg\n'}
[1.597772] (state_estimator_msgs) StdoutLine: {'line': b'-- Up-to-date: /root/muse_ws/muse_ros2/muse_ws/install/state_estimator_msgs/share/state_estimator_msgs/srv/GetEstimatorDescription_Response.msg\n'}
[1.597944] (state_estimator_msgs) StdoutLine: {'line': b'-- Up-to-date: /root/muse_ws/muse_ros2/muse_ws/install/state_estimator_msgs/share/state_estimator_msgs/srv/GetWhitelist.srv\n'}
[1.598068] (state_estimator_msgs) StdoutLine: {'line': b'-- Up-to-date: /root/muse_ws/muse_ros2/muse_ws/install/state_estimator_msgs/share/state_estimator_msgs/srv/GetWhitelist_Request.msg\n'}
[1.598260] (state_estimator_msgs) StdoutLine: {'line': b'-- Up-to-date: /root/muse_ws/muse_ros2/muse_ws/install/state_estimator_msgs/share/state_estimator_msgs/srv/GetWhitelist_Response.msg\n'}
[1.598452] (state_estimator_msgs) StdoutLine: {'line': b'-- Up-to-date: /root/muse_ws/muse_ros2/muse_ws/install/state_estimator_msgs/share/state_estimator_msgs/srv/ListAllEstimators.srv\n'}
[1.598566] (state_estimator_msgs) StdoutLine: {'line': b'-- Up-to-date: /root/muse_ws/muse_ros2/muse_ws/install/state_estimator_msgs/share/state_estimator_msgs/srv/ListAllEstimators_Request.msg\n'}
[1.598641] (state_estimator_msgs) StdoutLine: {'line': b'-- Up-to-date: /root/muse_ws/muse_ros2/muse_ws/install/state_estimator_msgs/share/state_estimator_msgs/srv/ListAllEstimators_Response.msg\n'}
[1.598715] (state_estimator_msgs) StdoutLine: {'line': b'-- Up-to-date: /root/muse_ws/muse_ros2/muse_ws/install/state_estimator_msgs/share/state_estimator_msgs/srv/PauseEstimator.srv\n'}
[1.598769] (state_estimator_msgs) StdoutLine: {'line': b'-- Up-to-date: /root/muse_ws/muse_ros2/muse_ws/install/state_estimator_msgs/share/state_estimator_msgs/srv/PauseEstimator_Request.msg\n'}
[1.598863] (state_estimator_msgs) StdoutLine: {'line': b'-- Up-to-date: /root/muse_ws/muse_ros2/muse_ws/install/state_estimator_msgs/share/state_estimator_msgs/srv/PauseEstimator_Response.msg\n'}
[1.598913] (state_estimator_msgs) StdoutLine: {'line': b'-- Up-to-date: /root/muse_ws/muse_ros2/muse_ws/install/state_estimator_msgs/share/state_estimator_msgs/srv/ResetEstimator.srv\n'}
[1.599007] (state_estimator_msgs) StdoutLine: {'line': b'-- Up-to-date: /root/muse_ws/muse_ros2/muse_ws/install/state_estimator_msgs/share/state_estimator_msgs/srv/ResetEstimator_Request.msg\n'}
[1.599069] (state_estimator_msgs) StdoutLine: {'line': b'-- Up-to-date: /root/muse_ws/muse_ros2/muse_ws/install/state_estimator_msgs/share/state_estimator_msgs/srv/ResetEstimator_Response.msg\n'}
[1.599117] (state_estimator_msgs) StdoutLine: {'line': b'-- Up-to-date: /root/muse_ws/muse_ros2/muse_ws/install/state_estimator_msgs/share/state_estimator_msgs/srv/RestartEstimator.srv\n'}
[1.599162] (state_estimator_msgs) StdoutLine: {'line': b'-- Up-to-date: /root/muse_ws/muse_ros2/muse_ws/install/state_estimator_msgs/share/state_estimator_msgs/srv/RestartEstimator_Request.msg\n'}
[1.599207] (state_estimator_msgs) StdoutLine: {'line': b'-- Up-to-date: /root/muse_ws/muse_ros2/muse_ws/install/state_estimator_msgs/share/state_estimator_msgs/srv/RestartEstimator_Response.msg\n'}
[1.599253] (state_estimator_msgs) StdoutLine: {'line': b'-- Up-to-date: /root/muse_ws/muse_ros2/muse_ws/install/state_estimator_msgs/share/state_estimator_msgs/srv/ResumeEstimator.srv\n'}
[1.599421] (state_estimator_msgs) StdoutLine: {'line': b'-- Up-to-date: /root/muse_ws/muse_ros2/muse_ws/install/state_estimator_msgs/share/state_estimator_msgs/srv/ResumeEstimator_Request.msg\n'}
[1.599609] (state_estimator_msgs) StdoutLine: {'line': b'-- Up-to-date: /root/muse_ws/muse_ros2/muse_ws/install/state_estimator_msgs/share/state_estimator_msgs/srv/ResumeEstimator_Response.msg\n'}
[1.599754] (state_estimator_msgs) StdoutLine: {'line': b'-- Up-to-date: /root/muse_ws/muse_ros2/muse_ws/install/state_estimator_msgs/share/state_estimator_msgs/srv/StartEstimator.srv\n'}
[1.599930] (state_estimator_msgs) StdoutLine: {'line': b'-- Up-to-date: /root/muse_ws/muse_ros2/muse_ws/install/state_estimator_msgs/share/state_estimator_msgs/srv/StartEstimator_Request.msg\n'}
[1.600102] (state_estimator_msgs) StdoutLine: {'line': b'-- Up-to-date: /root/muse_ws/muse_ros2/muse_ws/install/state_estimator_msgs/share/state_estimator_msgs/srv/StartEstimator_Response.msg\n'}
[1.600269] (state_estimator_msgs) StdoutLine: {'line': b'-- Up-to-date: /root/muse_ws/muse_ros2/muse_ws/install/state_estimator_msgs/share/state_estimator_msgs/srv/StopEstimator.srv\n'}
[1.600502] (state_estimator_msgs) StdoutLine: {'line': b'-- Up-to-date: /root/muse_ws/muse_ros2/muse_ws/install/state_estimator_msgs/share/state_estimator_msgs/srv/StopEstimator_Request.msg\n'}
[1.600711] (state_estimator_msgs) StdoutLine: {'line': b'-- Up-to-date: /root/muse_ws/muse_ros2/muse_ws/install/state_estimator_msgs/share/state_estimator_msgs/srv/StopEstimator_Response.msg\n'}
[1.601034] (state_estimator_msgs) StdoutLine: {'line': b'-- Up-to-date: /root/muse_ws/muse_ros2/muse_ws/install/state_estimator_msgs/share/ament_index/resource_index/package_run_dependencies/state_estimator_msgs\n'}
[1.601252] (state_estimator_msgs) StdoutLine: {'line': b'-- Up-to-date: /root/muse_ws/muse_ros2/muse_ws/install/state_estimator_msgs/share/ament_index/resource_index/parent_prefix_path/state_estimator_msgs\n'}
[1.601460] (state_estimator_msgs) StdoutLine: {'line': b'-- Up-to-date: /root/muse_ws/muse_ros2/muse_ws/install/state_estimator_msgs/share/state_estimator_msgs/environment/ament_prefix_path.sh\n'}
[1.601620] (state_estimator_msgs) StdoutLine: {'line': b'-- Up-to-date: /root/muse_ws/muse_ros2/muse_ws/install/state_estimator_msgs/share/state_estimator_msgs/environment/ament_prefix_path.dsv\n'}
[1.601818] (state_estimator_msgs) StdoutLine: {'line': b'-- Up-to-date: /root/muse_ws/muse_ros2/muse_ws/install/state_estimator_msgs/share/state_estimator_msgs/environment/path.sh\n'}
[1.601976] (state_estimator_msgs) StdoutLine: {'line': b'-- Up-to-date: /root/muse_ws/muse_ros2/muse_ws/install/state_estimator_msgs/share/state_estimator_msgs/environment/path.dsv\n'}
[1.602118] (state_estimator_msgs) StdoutLine: {'line': b'-- Up-to-date: /root/muse_ws/muse_ros2/muse_ws/install/state_estimator_msgs/share/state_estimator_msgs/local_setup.bash\n'}
[1.602302] (state_estimator_msgs) StdoutLine: {'line': b'-- Up-to-date: /root/muse_ws/muse_ros2/muse_ws/install/state_estimator_msgs/share/state_estimator_msgs/local_setup.sh\n'}
[1.602491] (state_estimator_msgs) StdoutLine: {'line': b'-- Up-to-date: /root/muse_ws/muse_ros2/muse_ws/install/state_estimator_msgs/share/state_estimator_msgs/local_setup.zsh\n'}
[1.602583] (state_estimator_msgs) StdoutLine: {'line': b'-- Up-to-date: /root/muse_ws/muse_ros2/muse_ws/install/state_estimator_msgs/share/state_estimator_msgs/local_setup.dsv\n'}
[1.602670] (state_estimator_msgs) StdoutLine: {'line': b'-- Installing: /root/muse_ws/muse_ros2/muse_ws/install/state_estimator_msgs/share/state_estimator_msgs/package.dsv\n'}
[1.602738] (state_estimator_msgs) StdoutLine: {'line': b'-- Up-to-date: /root/muse_ws/muse_ros2/muse_ws/install/state_estimator_msgs/share/ament_index/resource_index/packages/state_estimator_msgs\n'}
[1.602805] (state_estimator_msgs) StdoutLine: {'line': b'-- Up-to-date: /root/muse_ws/muse_ros2/muse_ws/install/state_estimator_msgs/share/state_estimator_msgs/cmake/export_state_estimator_msgs__rosidl_generator_cExport.cmake\n'}
[1.602895] (state_estimator_msgs) StdoutLine: {'line': b'-- Up-to-date: /root/muse_ws/muse_ros2/muse_ws/install/state_estimator_msgs/share/state_estimator_msgs/cmake/export_state_estimator_msgs__rosidl_generator_cExport-noconfig.cmake\n'}
[1.602970] (state_estimator_msgs) StdoutLine: {'line': b'-- Up-to-date: /root/muse_ws/muse_ros2/muse_ws/install/state_estimator_msgs/share/state_estimator_msgs/cmake/export_state_estimator_msgs__rosidl_typesupport_fastrtps_cExport.cmake\n'}
[1.606142] (state_estimator_msgs) StdoutLine: {'line': b'-- Up-to-date: /root/muse_ws/muse_ros2/muse_ws/install/state_estimator_msgs/share/state_estimator_msgs/cmake/export_state_estimator_msgs__rosidl_typesupport_fastrtps_cExport-noconfig.cmake\n'}
[1.606380] (state_estimator_msgs) StdoutLine: {'line': b'-- Up-to-date: /root/muse_ws/muse_ros2/muse_ws/install/state_estimator_msgs/share/state_estimator_msgs/cmake/export_state_estimator_msgs__rosidl_generator_cppExport.cmake\n'}
[1.606461] (state_estimator_msgs) StdoutLine: {'line': b'-- Up-to-date: /root/muse_ws/muse_ros2/muse_ws/install/state_estimator_msgs/share/state_estimator_msgs/cmake/export_state_estimator_msgs__rosidl_typesupport_fastrtps_cppExport.cmake\n'}
[1.606532] (state_estimator_msgs) StdoutLine: {'line': b'-- Up-to-date: /root/muse_ws/muse_ros2/muse_ws/install/state_estimator_msgs/share/state_estimator_msgs/cmake/export_state_estimator_msgs__rosidl_typesupport_fastrtps_cppExport-noconfig.cmake\n'}
[1.606598] (state_estimator_msgs) StdoutLine: {'line': b'-- Up-to-date: /root/muse_ws/muse_ros2/muse_ws/install/state_estimator_msgs/share/state_estimator_msgs/cmake/state_estimator_msgs__rosidl_typesupport_introspection_cExport.cmake\n'}
[1.606678] (state_estimator_msgs) StdoutLine: {'line': b'-- Up-to-date: /root/muse_ws/muse_ros2/muse_ws/install/state_estimator_msgs/share/state_estimator_msgs/cmake/state_estimator_msgs__rosidl_typesupport_introspection_cExport-noconfig.cmake\n'}
[1.606743] (state_estimator_msgs) StdoutLine: {'line': b'-- Up-to-date: /root/muse_ws/muse_ros2/muse_ws/install/state_estimator_msgs/share/state_estimator_msgs/cmake/state_estimator_msgs__rosidl_typesupport_cExport.cmake\n'}
[1.606806] (state_estimator_msgs) StdoutLine: {'line': b'-- Up-to-date: /root/muse_ws/muse_ros2/muse_ws/install/state_estimator_msgs/share/state_estimator_msgs/cmake/state_estimator_msgs__rosidl_typesupport_cExport-noconfig.cmake\n'}
[1.606870] (state_estimator_msgs) StdoutLine: {'line': b'-- Up-to-date: /root/muse_ws/muse_ros2/muse_ws/install/state_estimator_msgs/share/state_estimator_msgs/cmake/state_estimator_msgs__rosidl_typesupport_introspection_cppExport.cmake\n'}
[1.606948] (state_estimator_msgs) StdoutLine: {'line': b'-- Up-to-date: /root/muse_ws/muse_ros2/muse_ws/install/state_estimator_msgs/share/state_estimator_msgs/cmake/state_estimator_msgs__rosidl_typesupport_introspection_cppExport-noconfig.cmake\n'}
[1.607016] (state_estimator_msgs) StdoutLine: {'line': b'-- Up-to-date: /root/muse_ws/muse_ros2/muse_ws/install/state_estimator_msgs/share/state_estimator_msgs/cmake/state_estimator_msgs__rosidl_typesupport_cppExport.cmake\n'}
[1.607085] (state_estimator_msgs) StdoutLine: {'line': b'-- Up-to-date: /root/muse_ws/muse_ros2/muse_ws/install/state_estimator_msgs/share/state_estimator_msgs/cmake/state_estimator_msgs__rosidl_typesupport_cppExport-noconfig.cmake\n'}
[1.607187] (state_estimator_msgs) StdoutLine: {'line': b'-- Up-to-date: /root/muse_ws/muse_ros2/muse_ws/install/state_estimator_msgs/share/state_estimator_msgs/cmake/export_state_estimator_msgs__rosidl_generator_pyExport.cmake\n'}
[1.607268] (state_estimator_msgs) StdoutLine: {'line': b'-- Up-to-date: /root/muse_ws/muse_ros2/muse_ws/install/state_estimator_msgs/share/state_estimator_msgs/cmake/export_state_estimator_msgs__rosidl_generator_pyExport-noconfig.cmake\n'}
[1.607339] (state_estimator_msgs) StdoutLine: {'line': b'-- Up-to-date: /root/muse_ws/muse_ros2/muse_ws/install/state_estimator_msgs/share/state_estimator_msgs/cmake/rosidl_cmake-extras.cmake\n'}
[1.607404] (state_estimator_msgs) StdoutLine: {'line': b'-- Up-to-date: /root/muse_ws/muse_ros2/muse_ws/install/state_estimator_msgs/share/state_estimator_msgs/cmake/ament_cmake_export_dependencies-extras.cmake\n'}
[1.607469] (state_estimator_msgs) StdoutLine: {'line': b'-- Up-to-date: /root/muse_ws/muse_ros2/muse_ws/install/state_estimator_msgs/share/state_estimator_msgs/cmake/ament_cmake_export_include_directories-extras.cmake\n'}
[1.607533] (state_estimator_msgs) StdoutLine: {'line': b'-- Up-to-date: /root/muse_ws/muse_ros2/muse_ws/install/state_estimator_msgs/share/state_estimator_msgs/cmake/ament_cmake_export_libraries-extras.cmake\n'}
[1.607611] (state_estimator_msgs) StdoutLine: {'line': b'-- Up-to-date: /root/muse_ws/muse_ros2/muse_ws/install/state_estimator_msgs/share/state_estimator_msgs/cmake/ament_cmake_export_targets-extras.cmake\n'}
[1.607676] (state_estimator_msgs) StdoutLine: {'line': b'-- Up-to-date: /root/muse_ws/muse_ros2/muse_ws/install/state_estimator_msgs/share/state_estimator_msgs/cmake/rosidl_cmake_export_typesupport_targets-extras.cmake\n'}
[1.607738] (state_estimator_msgs) StdoutLine: {'line': b'-- Up-to-date: /root/muse_ws/muse_ros2/muse_ws/install/state_estimator_msgs/share/state_estimator_msgs/cmake/rosidl_cmake_export_typesupport_libraries-extras.cmake\n'}
[1.608093] (state_estimator_msgs) StdoutLine: {'line': b'-- Up-to-date: /root/muse_ws/muse_ros2/muse_ws/install/state_estimator_msgs/share/state_estimator_msgs/cmake/state_estimator_msgsConfig.cmake\n'}
[1.610649] (state_estimator_msgs) StdoutLine: {'line': b'-- Up-to-date: /root/muse_ws/muse_ros2/muse_ws/install/state_estimator_msgs/share/state_estimator_msgs/cmake/state_estimator_msgsConfig-version.cmake\n'}
[1.610995] (state_estimator_msgs) StdoutLine: {'line': b'-- Up-to-date: /root/muse_ws/muse_ros2/muse_ws/install/state_estimator_msgs/share/state_estimator_msgs/package.xml\n'}
[1.625919] (state_estimator_msgs) CommandEnded: {'returncode': 0}
[1.636843] (-) TimerEvent: {}
[1.670291] (state_estimator_msgs) JobEnded: {'identifier': 'state_estimator_msgs', 'rc': 0}
[1.671966] (state_estimator) JobStarted: {'identifier': 'state_estimator'}
[1.691210] (state_estimator) JobProgress: {'identifier': 'state_estimator', 'progress': 'cmake'}
[1.705983] (state_estimator) JobProgress: {'identifier': 'state_estimator', 'progress': 'build'}
[1.706126] (state_estimator) Command: {'cmd': ['/usr/bin/cmake', '--build', '/root/muse_ws/muse_ros2/muse_ws/build/state_estimator', '--', '-j12', '-l12'], 'cwd': '/root/muse_ws/muse_ros2/muse_ws/build/state_estimator', 'env': OrderedDict([('LESSOPEN', '| /usr/bin/lesspipe %s'), ('HOSTNAME', '0fa4e54b97e2'), ('SHLVL', '1'), ('LIBGL_ALWAYS_SOFTWARE', '1'), ('LD_LIBRARY_PATH', '/root/muse_ws/muse_ros2/muse_ws/install/state_estimator_msgs/lib:/home/dev_ws/colcon_ws/install/kiss_icp/lib:/opt/ros/humble/opt/rviz_ogre_vendor/lib:/opt/ros/humble/lib/x86_64-linux-gnu:/opt/ros/humble/lib'), ('HOME', '/root'), ('OLDPWD', '/root/muse_ws/muse_ros2'), ('ROS_PYTHON_VERSION', '3'), ('COLCON_PREFIX_PATH', '/home/dev_ws/colcon_ws/install'), ('ROS_DISTRO', 'humble'), ('_', '/usr/bin/colcon'), ('ROS_VERSION', '2'), ('TERM', 'xterm'), ('ROS_LOCALHOST_ONLY', '0'), ('PATH', '/opt/ros/humble/bin:/usr/local/sbin:/usr/local/bin:/usr/sbin:/usr/bin:/sbin:/bin'), ('XDG_RUNTIME_DIR', '/tmp/runtime-root'), ('LANG', 'C.UTF-8'), ('LS_COLORS', 'rs=0:di=01;34:ln=01;36:mh=00:pi=40;33:so=01;35:do=01;35:bd=40;33;01:cd=40;33;01:or=40;31;01:mi=00:su=37;41:sg=30;43:ca=30;41:tw=30;42:ow=34;42:st=37;44:ex=01;32:*.tar=01;31:*.tgz=01;31:*.arc=01;31:*.arj=01;31:*.taz=01;31:*.lha=01;31:*.lz4=01;31:*.lzh=01;31:*.lzma=01;31:*.tlz=01;31:*.txz=01;31:*.tzo=01;31:*.t7z=01;31:*.zip=01;31:*.z=01;31:*.dz=01;31:*.gz=01;31:*.lrz=01;31:*.lz=01;31:*.lzo=01;31:*.xz=01;31:*.zst=01;31:*.tzst=01;31:*.bz2=01;31:*.bz=01;31:*.tbz=01;31:*.tbz2=01;31:*.tz=01;31:*.deb=01;31:*.rpm=01;31:*.jar=01;31:*.war=01;31:*.ear=01;31:*.sar=01;31:*.rar=01;31:*.alz=01;31:*.ace=01;31:*.zoo=01;31:*.cpio=01;31:*.7z=01;31:*.rz=01;31:*.cab=01;31:*.wim=01;31:*.swm=01;31:*.dwm=01;31:*.esd=01;31:*.jpg=01;35:*.jpeg=01;35:*.mjpg=01;35:*.mjpeg=01;35:*.gif=01;35:*.bmp=01;35:*.pbm=01;35:*.pgm=01;35:*.ppm=01;35:*.tga=01;35:*.xbm=01;35:*.xpm=01;35:*.tif=01;35:*.tiff=01;35:*.png=01;35:*.svg=01;35:*.svgz=01;35:*.mng=01;35:*.pcx=01;35:*.mov=01;35:*.mpg=01;35:*.mpeg=01;35:*.m2v=01;35:*.mkv=01;35:*.webm=01;35:*.webp=01;35:*.ogm=01;35:*.mp4=01;35:*.m4v=01;35:*.mp4v=01;35:*.vob=01;35:*.qt=01;35:*.nuv=01;35:*.wmv=01;35:*.asf=01;35:*.rm=01;35:*.rmvb=01;35:*.flc=01;35:*.avi=01;35:*.fli=01;35:*.flv=01;35:*.gl=01;35:*.dl=01;35:*.xcf=01;35:*.xwd=01;35:*.yuv=01;35:*.cgm=01;35:*.emf=01;35:*.ogv=01;35:*.ogx=01;35:*.aac=00;36:*.au=00;36:*.flac=00;36:*.m4a=00;36:*.mid=00;36:*.midi=00;36:*.mka=00;36:*.mp3=00;36:*.mpc=00;36:*.ogg=00;36:*.ra=00;36:*.wav=00;36:*.oga=00;36:*.opus=00;36:*.spx=00;36:*.xspf=00;36:'), ('AMENT_PREFIX_PATH', '/root/muse_ws/muse_ros2/muse_ws/install/state_estimator_msgs:/home/dev_ws/colcon_ws/install/kiss_icp:/opt/ros/humble'), ('DEBIAN_FRONTEND', 'noninteractive'), ('LESSCLOSE', '/usr/bin/lesspipe %s %s'), ('PWD', '/root/muse_ws/muse_ros2/muse_ws/build/state_estimator'), ('LC_ALL', 'C.UTF-8'), ('PYTHONPATH', '/root/muse_ws/muse_ros2/muse_ws/install/state_estimator_msgs/local/lib/python3.10/dist-packages:/opt/ros/humble/lib/python3.10/site-packages:/opt/ros/humble/local/lib/python3.10/dist-packages'), ('COLCON', '1'), ('CMAKE_PREFIX_PATH', '/root/muse_ws/muse_ros2/muse_ws/install/state_estimator_msgs:/home/dev_ws/colcon_ws/install/kiss_icp:/opt/ros/humble')]), 'shell': False}
[1.737342] (-) TimerEvent: {}
[1.838037] (-) TimerEvent: {}
[1.905469] (state_estimator) StdoutLine: {'line': b'[ 62%] Built target state_estimator_plugins\n'}
[1.938193] (-) TimerEvent: {}
[1.967027] (state_estimator) StdoutLine: {'line': b'[100%] Built target state_estimator_node\n'}
[1.996146] (state_estimator) CommandEnded: {'returncode': 0}
[1.997103] (state_estimator) JobProgress: {'identifier': 'state_estimator', 'progress': 'install'}
[1.998432] (state_estimator) Command: {'cmd': ['/usr/bin/cmake', '--install', '/root/muse_ws/muse_ros2/muse_ws/build/state_estimator'], 'cwd': '/root/muse_ws/muse_ros2/muse_ws/build/state_estimator', 'env': OrderedDict([('LESSOPEN', '| /usr/bin/lesspipe %s'), ('HOSTNAME', '0fa4e54b97e2'), ('SHLVL', '1'), ('LIBGL_ALWAYS_SOFTWARE', '1'), ('LD_LIBRARY_PATH', '/root/muse_ws/muse_ros2/muse_ws/install/state_estimator_msgs/lib:/home/dev_ws/colcon_ws/install/kiss_icp/lib:/opt/ros/humble/opt/rviz_ogre_vendor/lib:/opt/ros/humble/lib/x86_64-linux-gnu:/opt/ros/humble/lib'), ('HOME', '/root'), ('OLDPWD', '/root/muse_ws/muse_ros2'), ('ROS_PYTHON_VERSION', '3'), ('COLCON_PREFIX_PATH', '/home/dev_ws/colcon_ws/install'), ('ROS_DISTRO', 'humble'), ('_', '/usr/bin/colcon'), ('ROS_VERSION', '2'), ('TERM', 'xterm'), ('ROS_LOCALHOST_ONLY', '0'), ('PATH', '/opt/ros/humble/bin:/usr/local/sbin:/usr/local/bin:/usr/sbin:/usr/bin:/sbin:/bin'), ('XDG_RUNTIME_DIR', '/tmp/runtime-root'), ('LANG', 'C.UTF-8'), ('LS_COLORS', 'rs=0:di=01;34:ln=01;36:mh=00:pi=40;33:so=01;35:do=01;35:bd=40;33;01:cd=40;33;01:or=40;31;01:mi=00:su=37;41:sg=30;43:ca=30;41:tw=30;42:ow=34;42:st=37;44:ex=01;32:*.tar=01;31:*.tgz=01;31:*.arc=01;31:*.arj=01;31:*.taz=01;31:*.lha=01;31:*.lz4=01;31:*.lzh=01;31:*.lzma=01;31:*.tlz=01;31:*.txz=01;31:*.tzo=01;31:*.t7z=01;31:*.zip=01;31:*.z=01;31:*.dz=01;31:*.gz=01;31:*.lrz=01;31:*.lz=01;31:*.lzo=01;31:*.xz=01;31:*.zst=01;31:*.tzst=01;31:*.bz2=01;31:*.bz=01;31:*.tbz=01;31:*.tbz2=01;31:*.tz=01;31:*.deb=01;31:*.rpm=01;31:*.jar=01;31:*.war=01;31:*.ear=01;31:*.sar=01;31:*.rar=01;31:*.alz=01;31:*.ace=01;31:*.zoo=01;31:*.cpio=01;31:*.7z=01;31:*.rz=01;31:*.cab=01;31:*.wim=01;31:*.swm=01;31:*.dwm=01;31:*.esd=01;31:*.jpg=01;35:*.jpeg=01;35:*.mjpg=01;35:*.mjpeg=01;35:*.gif=01;35:*.bmp=01;35:*.pbm=01;35:*.pgm=01;35:*.ppm=01;35:*.tga=01;35:*.xbm=01;35:*.xpm=01;35:*.tif=01;35:*.tiff=01;35:*.png=01;35:*.svg=01;35:*.svgz=01;35:*.mng=01;35:*.pcx=01;35:*.mov=01;35:*.mpg=01;35:*.mpeg=01;35:*.m2v=01;35:*.mkv=01;35:*.webm=01;35:*.webp=01;35:*.ogm=01;35:*.mp4=01;35:*.m4v=01;35:*.mp4v=01;35:*.vob=01;35:*.qt=01;35:*.nuv=01;35:*.wmv=01;35:*.asf=01;35:*.rm=01;35:*.rmvb=01;35:*.flc=01;35:*.avi=01;35:*.fli=01;35:*.flv=01;35:*.gl=01;35:*.dl=01;35:*.xcf=01;35:*.xwd=01;35:*.yuv=01;35:*.cgm=01;35:*.emf=01;35:*.ogv=01;35:*.ogx=01;35:*.aac=00;36:*.au=00;36:*.flac=00;36:*.m4a=00;36:*.mid=00;36:*.midi=00;36:*.mka=00;36:*.mp3=00;36:*.mpc=00;36:*.ogg=00;36:*.ra=00;36:*.wav=00;36:*.oga=00;36:*.opus=00;36:*.spx=00;36:*.xspf=00;36:'), ('AMENT_PREFIX_PATH', '/root/muse_ws/muse_ros2/muse_ws/install/state_estimator_msgs:/home/dev_ws/colcon_ws/install/kiss_icp:/opt/ros/humble'), ('DEBIAN_FRONTEND', 'noninteractive'), ('LESSCLOSE', '/usr/bin/lesspipe %s %s'), ('PWD', '/root/muse_ws/muse_ros2/muse_ws/build/state_estimator'), ('LC_ALL', 'C.UTF-8'), ('PYTHONPATH', '/root/muse_ws/muse_ros2/muse_ws/install/state_estimator_msgs/local/lib/python3.10/dist-packages:/opt/ros/humble/lib/python3.10/site-packages:/opt/ros/humble/local/lib/python3.10/dist-packages'), ('COLCON', '1'), ('CMAKE_PREFIX_PATH', '/root/muse_ws/muse_ros2/muse_ws/install/state_estimator_msgs:/home/dev_ws/colcon_ws/install/kiss_icp:/opt/ros/humble')]), 'shell': False}
[2.018493] (state_estimator) StdoutLine: {'line': b'-- Install configuration: ""\n'}
[2.018887] (state_estimator) StdoutLine: {'line': b'-- Up-to-date: /root/muse_ws/muse_ros2/muse_ws/install/state_estimator/lib/libstate_estimator_plugins.so\n'}
[2.019291] (state_estimator) StdoutLine: {'line': b'-- Up-to-date: /root/muse_ws/muse_ros2/muse_ws/install/state_estimator/lib/state_estimator/state_estimator_node\n'}
[2.019543] (state_estimator) StdoutLine: {'line': b'-- Up-to-date: /root/muse_ws/muse_ros2/muse_ws/install/state_estimator/share/state_estimator/state_estimator_plugins.xml\n'}
[2.019712] (state_estimator) StdoutLine: {'line': b'-- Up-to-date: /root/muse_ws/muse_ros2/muse_ws/install/state_estimator/include\n'}
[2.019985] (state_estimator) StdoutLine: {'line': b'-- Up-to-date: /root/muse_ws/muse_ros2/muse_ws/install/state_estimator/include/state_estimator\n'}
[2.020063] (state_estimator) StdoutLine: {'line': b'-- Up-to-date: /root/muse_ws/muse_ros2/muse_ws/install/state_estimator/include/state_estimator/Robot.hpp\n'}
[2.020119] (state_estimator) StdoutLine: {'line': b'-- Up-to-date: /root/muse_ws/muse_ros2/muse_ws/install/state_estimator/include/state_estimator/plugin_base.hpp\n'}
[2.020167] (state_estimator) StdoutLine: {'line': b'-- Up-to-date: /root/muse_ws/muse_ros2/muse_ws/install/state_estimator/include/state_estimator/lib.hpp\n'}
[2.022169] (state_estimator) StdoutLine: {'line': b'-- Up-to-date: /root/muse_ws/muse_ros2/muse_ws/install/state_estimator/include/state_estimator/Models\n'}
[2.022575] (state_estimator) StdoutLine: {'line': b'-- Up-to-date: /root/muse_ws/muse_ros2/muse_ws/install/state_estimator/include/state_estimator/Models/attitude_bias_NLO.hpp\n'}
[2.022706] (state_estimator) StdoutLine: {'line': b'-- Up-to-date: /root/muse_ws/muse_ros2/muse_ws/install/state_estimator/include/state_estimator/Models/attitude_bias_XKF.hpp\n'}
[2.022766] (state_estimator) StdoutLine: {'line': b'-- Up-to-date: /root/muse_ws/muse_ros2/muse_ws/install/state_estimator/include/state_estimator/Models/sensor_fusion.hpp\n'}
[2.022914] (state_estimator) StdoutLine: {'line': b'-- Up-to-date: /root/muse_ws/muse_ros2/muse_ws/install/state_estimator/include/state_estimator/Observers\n'}
[2.022994] (state_estimator) StdoutLine: {'line': b'-- Up-to-date: /root/muse_ws/muse_ros2/muse_ws/install/state_estimator/include/state_estimator/Observers/NLO.hpp\n'}
[2.023052] (state_estimator) StdoutLine: {'line': b'-- Up-to-date: /root/muse_ws/muse_ros2/muse_ws/install/state_estimator/include/state_estimator/Observers/Observer.hpp\n'}
[2.023105] (state_estimator) StdoutLine: {'line': b'-- Up-to-date: /root/muse_ws/muse_ros2/muse_ws/install/state_estimator/include/state_estimator/Observers/XKF.hpp\n'}
[2.023154] (state_estimator) StdoutLine: {'line': b'-- Up-to-date: /root/muse_ws/muse_ros2/muse_ws/install/state_estimator/include/state_estimator/Observers/EKF.hpp\n'}
[2.023377] (state_estimator) StdoutLine: {'line': b'-- Up-to-date: /root/muse_ws/muse_ros2/muse_ws/install/state_estimator/include/state_estimator/plugin.hpp\n'}
[2.023724] (state_estimator) StdoutLine: {'line': b'-- Up-to-date: /root/muse_ws/muse_ros2/muse_ws/install/state_estimator/include/state_estimator/Services.hpp\n'}
[2.023893] (state_estimator) StdoutLine: {'line': b'-- Up-to-date: /root/muse_ws/muse_ros2/muse_ws/install/state_estimator/include/state_estimator/state_estimator_node.hpp\n'}
[2.024085] (state_estimator) StdoutLine: {'line': b'-- Up-to-date: /root/muse_ws/muse_ros2/muse_ws/install/state_estimator/include/state_estimator/Estimator.hpp\n'}
[2.024166] (state_estimator) StdoutLine: {'line': b'-- Up-to-date: /root/muse_ws/muse_ros2/muse_ws/install/state_estimator/include/state_estimator/EigenExtra.hpp\n'}
[2.024240] (state_estimator) StdoutLine: {'line': b'-- Up-to-date: /root/muse_ws/muse_ros2/muse_ws/install/state_estimator/share/state_estimator/launch\n'}
[2.024318] (state_estimator) StdoutLine: {'line': b'-- Up-to-date: /root/muse_ws/muse_ros2/muse_ws/install/state_estimator/share/state_estimator/launch/pluginlist.yaml\n'}
[2.024405] (state_estimator) StdoutLine: {'line': b'-- Up-to-date: /root/muse_ws/muse_ros2/muse_ws/install/state_estimator/share/state_estimator/launch/state_estimator.launch\n'}
[2.024461] (state_estimator) StdoutLine: {'line': b'-- Up-to-date: /root/muse_ws/muse_ros2/muse_ws/install/state_estimator/share/state_estimator/launch/state_estimator_ros2.launch\n'}
[2.024555] (state_estimator) StdoutLine: {'line': b'-- Up-to-date: /root/muse_ws/muse_ros2/muse_ws/install/state_estimator/share/state_estimator/launch/state_estimator_simple.launch\n'}
[2.024611] (state_estimator) StdoutLine: {'line': b'-- Up-to-date: /root/muse_ws/muse_ros2/muse_ws/install/state_estimator/share/state_estimator/launch/timeout.yaml\n'}
[2.024688] (state_estimator) StdoutLine: {'line': b'-- Up-to-date: /root/muse_ws/muse_ros2/muse_ws/install/state_estimator/share/state_estimator/launch/state_estimator_xml.launch.py\n'}
[2.024770] (state_estimator) StdoutLine: {'line': b'-- Up-to-date: /root/muse_ws/muse_ros2/muse_ws/install/state_estimator/share/state_estimator/launch/state_estimator.launch.py\n'}
[2.024873] (state_estimator) StdoutLine: {'line': b'-- Up-to-date: /root/muse_ws/muse_ros2/muse_ws/install/state_estimator/share/state_estimator/config\n'}
[2.024944] (state_estimator) StdoutLine: {'line': b'-- Up-to-date: /root/muse_ws/muse_ros2/muse_ws/install/state_estimator/share/state_estimator/config/sensor_fusion.yaml\n'}
[2.025033] (state_estimator) StdoutLine: {'line': b'-- Up-to-date: /root/muse_ws/muse_ros2/muse_ws/install/state_estimator/share/state_estimator/config/attitude_plugin.yaml\n'}
[2.025145] (state_estimator) StdoutLine: {'line': b'-- Up-to-date: /root/muse_ws/muse_ros2/muse_ws/install/state_estimator/share/state_estimator/config/leg_odometry.yaml\n'}
[2.025222] (state_estimator) StdoutLine: {'line': b'-- Up-to-date: /root/muse_ws/muse_ros2/muse_ws/install/state_estimator/share/state_estimator/config/contact_plugin.yaml\n'}
[2.025288] (state_estimator) StdoutLine: {'line': b'-- Up-to-date: /root/muse_ws/muse_ros2/muse_ws/install/state_estimator/share/state_estimator/urdfs\n'}
[2.025376] (state_estimator) StdoutLine: {'line': b'-- Up-to-date: /root/muse_ws/muse_ros2/muse_ws/install/state_estimator/share/state_estimator/urdfs/anymal.urdf\n'}
[2.025438] (state_estimator) StdoutLine: {'line': b'-- Up-to-date: /root/muse_ws/muse_ros2/muse_ws/install/state_estimator/share/state_estimator/urdfs/aliengo.urdf\n'}
[2.025500] (state_estimator) StdoutLine: {'line': b'-- Up-to-date: /root/muse_ws/muse_ros2/muse_ws/install/state_estimator/share/state_estimator/state_estimator_plugins.xml\n'}
[2.025559] (state_estimator) StdoutLine: {'line': b'-- Up-to-date: /root/muse_ws/muse_ros2/muse_ws/install/state_estimator/share/state_estimator/environment/library_path.sh\n'}
[2.025619] (state_estimator) StdoutLine: {'line': b'-- Up-to-date: /root/muse_ws/muse_ros2/muse_ws/install/state_estimator/share/state_estimator/environment/library_path.dsv\n'}
[2.025677] (state_estimator) StdoutLine: {'line': b'-- Up-to-date: /root/muse_ws/muse_ros2/muse_ws/install/state_estimator/share/ament_index/resource_index/package_run_dependencies/state_estimator\n'}
[2.025744] (state_estimator) StdoutLine: {'line': b'-- Up-to-date: /root/muse_ws/muse_ros2/muse_ws/install/state_estimator/share/ament_index/resource_index/parent_prefix_path/state_estimator\n'}
[2.025820] (state_estimator) StdoutLine: {'line': b'-- Up-to-date: /root/muse_ws/muse_ros2/muse_ws/install/state_estimator/share/state_estimator/environment/ament_prefix_path.sh\n'}
[2.025944] (state_estimator) StdoutLine: {'line': b'-- Up-to-date: /root/muse_ws/muse_ros2/muse_ws/install/state_estimator/share/state_estimator/environment/ament_prefix_path.dsv\n'}
[2.026012] (state_estimator) StdoutLine: {'line': b'-- Up-to-date: /root/muse_ws/muse_ros2/muse_ws/install/state_estimator/share/state_estimator/environment/path.sh\n'}
[2.026074] (state_estimator) StdoutLine: {'line': b'-- Up-to-date: /root/muse_ws/muse_ros2/muse_ws/install/state_estimator/share/state_estimator/environment/path.dsv\n'}
[2.026134] (state_estimator) StdoutLine: {'line': b'-- Up-to-date: /root/muse_ws/muse_ros2/muse_ws/install/state_estimator/share/state_estimator/local_setup.bash\n'}
[2.026194] (state_estimator) StdoutLine: {'line': b'-- Up-to-date: /root/muse_ws/muse_ros2/muse_ws/install/state_estimator/share/state_estimator/local_setup.sh\n'}
[2.026254] (state_estimator) StdoutLine: {'line': b'-- Up-to-date: /root/muse_ws/muse_ros2/muse_ws/install/state_estimator/share/state_estimator/local_setup.zsh\n'}
[2.026323] (state_estimator) StdoutLine: {'line': b'-- Up-to-date: /root/muse_ws/muse_ros2/muse_ws/install/state_estimator/share/state_estimator/local_setup.dsv\n'}
[2.026383] (state_estimator) StdoutLine: {'line': b'-- Installing: /root/muse_ws/muse_ros2/muse_ws/install/state_estimator/share/state_estimator/package.dsv\n'}
[2.026452] (state_estimator) StdoutLine: {'line': b'-- Up-to-date: /root/muse_ws/muse_ros2/muse_ws/install/state_estimator/share/ament_index/resource_index/packages/state_estimator\n'}
[2.026513] (state_estimator) StdoutLine: {'line': b'-- Up-to-date: /root/muse_ws/muse_ros2/muse_ws/install/state_estimator/share/ament_index/resource_index/state_estimator__pluginlib__plugin/state_estimator\n'}
[2.026575] (state_estimator) StdoutLine: {'line': b'-- Up-to-date: /root/muse_ws/muse_ros2/muse_ws/install/state_estimator/share/state_estimator/cmake/ament_cmake_export_include_directories-extras.cmake\n'}
[2.026652] (state_estimator) StdoutLine: {'line': b'-- Up-to-date: /root/muse_ws/muse_ros2/muse_ws/install/state_estimator/share/state_estimator/cmake/ament_cmake_export_libraries-extras.cmake\n'}
[2.026737] (state_estimator) StdoutLine: {'line': b'-- Up-to-date: /root/muse_ws/muse_ros2/muse_ws/install/state_estimator/share/state_estimator/cmake/ament_cmake_export_dependencies-extras.cmake\n'}
[2.026803] (state_estimator) StdoutLine: {'line': b'-- Up-to-date: /root/muse_ws/muse_ros2/muse_ws/install/state_estimator/share/state_estimator/cmake/state_estimatorConfig.cmake\n'}
[2.026897] (state_estimator) StdoutLine: {'line': b'-- Up-to-date: /root/muse_ws/muse_ros2/muse_ws/install/state_estimator/share/state_estimator/cmake/state_estimatorConfig-version.cmake\n'}
[2.026965] (state_estimator) StdoutLine: {'line': b'-- Up-to-date: /root/muse_ws/muse_ros2/muse_ws/install/state_estimator/share/state_estimator/package.xml\n'}
[2.029452] (state_estimator) CommandEnded: {'returncode': 0}
[2.038381] (-) TimerEvent: {}
[2.056185] (state_estimator) JobEnded: {'identifier': 'state_estimator', 'rc': 0}
[2.141131] (-) TimerEvent: {}
[2.213507] (iit_commons) StderrLine: {'line': b'In file included from \x1b[01m\x1b[K/root/muse_ws/muse_ros2/muse_ws/src/iit_commons/src/control/testVirtualModel.cpp:9\x1b[m\x1b[K:\n'}
[2.214039] (iit_commons) StderrLine: {'line': b'\x1b[01m\x1b[K/root/muse_ws/muse_ros2/muse_ws/src/iit_commons/include/iit_commons/commons/dog/declarations.h:29:22:\x1b[m\x1b[K \x1b[01;31m\x1b[Kerror: \x1b[m\x1b[K\xe2\x80\x98\x1b[01m\x1b[Krbd\x1b[m\x1b[K\xe2\x80\x99 in namespace \xe2\x80\x98\x1b[01m\x1b[Kiit_commons\x1b[m\x1b[K\xe2\x80\x99 does not name a type\n'}
[2.214182] (iit_commons) StderrLine: {'line': b'   29 | typedef iit_commons::\x1b[01;31m\x1b[Krbd\x1b[m\x1b[K::Vector3d Vector3d;\n'}
[2.214269] (iit_commons) StderrLine: {'line': b'      |                      \x1b[01;31m\x1b[K^~~\x1b[m\x1b[K\n'}
[2.214343] (iit_commons) StderrLine: {'line': b'\x1b[01m\x1b[K/root/muse_ws/muse_ros2/muse_ws/src/iit_commons/include/iit_commons/commons/dog/declarations.h:30:22:\x1b[m\x1b[K \x1b[01;31m\x1b[Kerror: \x1b[m\x1b[K\xe2\x80\x98\x1b[01m\x1b[Krbd\x1b[m\x1b[K\xe2\x80\x99 in namespace \xe2\x80\x98\x1b[01m\x1b[Kiit_commons\x1b[m\x1b[K\xe2\x80\x99 does not name a type\n'}
[2.214416] (iit_commons) StderrLine: {'line': b'   30 | typedef iit_commons::\x1b[01;31m\x1b[Krbd\x1b[m\x1b[K::Matrix33d Matrix3d;\n'}
[2.214494] (iit_commons) StderrLine: {'line': b'      |                      \x1b[01;31m\x1b[K^~~\x1b[m\x1b[K\n'}
[2.214566] (iit_commons) StderrLine: {'line': b'\x1b[01m\x1b[K/root/muse_ws/muse_ros2/muse_ws/src/iit_commons/include/iit_commons/commons/dog/declarations.h:31:22:\x1b[m\x1b[K \x1b[01;31m\x1b[Kerror: \x1b[m\x1b[K\xe2\x80\x98\x1b[01m\x1b[Krbd\x1b[m\x1b[K\xe2\x80\x99 in namespace \xe2\x80\x98\x1b[01m\x1b[Kiit_commons\x1b[m\x1b[K\xe2\x80\x99 does not name a type\n'}
[2.214638] (iit_commons) StderrLine: {'line': b'   31 | typedef iit_commons::\x1b[01;31m\x1b[Krbd\x1b[m\x1b[K::PlainMatrix<double, 3, 3 > FootJac;\n'}
[2.214708] (iit_commons) StderrLine: {'line': b'      |                      \x1b[01;31m\x1b[K^~~\x1b[m\x1b[K\n'}
[2.241246] (-) TimerEvent: {}
[2.343314] (-) TimerEvent: {}
[2.444045] (-) TimerEvent: {}
[2.467449] (iit_commons) StderrLine: {'line': b'In file included from \x1b[01m\x1b[K/root/muse_ws/muse_ros2/muse_ws/src/iit_commons/src/control/testVirtualModel.cpp:10\x1b[m\x1b[K:\n'}
[2.467791] (iit_commons) StderrLine: {'line': b'\x1b[01m\x1b[K/root/muse_ws/muse_ros2/muse_ws/src/iit_commons/include/iit_commons/commons/dog/jsim.h:16:66:\x1b[m\x1b[K \x1b[01;31m\x1b[Kerror: \x1b[m\x1b[K\xe2\x80\x98\x1b[01m\x1b[KJointState\x1b[m\x1b[K\xe2\x80\x99 is not a member of \xe2\x80\x98\x1b[01m\x1b[Kiit::dog\x1b[m\x1b[K\xe2\x80\x99; did you mean \xe2\x80\x98\x1b[01m\x1b[Kiit_commons::dog::JointState\x1b[m\x1b[K\xe2\x80\x99?\n'}
[2.467880] (iit_commons) StderrLine: {'line': b'   16 | class JSIMBase : public iit::rbd::StateDependentMatrix<iit::dog::\x1b[01;31m\x1b[KJointState\x1b[m\x1b[K, 18, 18, JSIMBase>\n'}
[2.467949] (iit_commons) StderrLine: {'line': b'      |                                                                  \x1b[01;31m\x1b[K^~~~~~~~~~\x1b[m\x1b[K\n'}
[2.468030] (iit_commons) StderrLine: {'line': b'In file included from \x1b[01m\x1b[K/root/muse_ws/muse_ros2/muse_ws/src/iit_commons/src/control/testVirtualModel.cpp:9\x1b[m\x1b[K:\n'}
[2.468101] (iit_commons) StderrLine: {'line': b'\x1b[01m\x1b[K/root/muse_ws/muse_ros2/muse_ws/src/iit_commons/include/iit_commons/commons/dog/declarations.h:26:19:\x1b[m\x1b[K \x1b[01;36m\x1b[Knote: \x1b[m\x1b[K\xe2\x80\x98\x1b[01m\x1b[Kiit_commons::dog::JointState\x1b[m\x1b[K\xe2\x80\x99 declared here\n'}
[2.468170] (iit_commons) StderrLine: {'line': b'   26 | typedef Column12d \x1b[01;36m\x1b[KJointState\x1b[m\x1b[K;\n'}
[2.468235] (iit_commons) StderrLine: {'line': b'      |                   \x1b[01;36m\x1b[K^~~~~~~~~~\x1b[m\x1b[K\n'}
[2.468296] (iit_commons) StderrLine: {'line': b'In file included from \x1b[01m\x1b[K/root/muse_ws/muse_ros2/muse_ws/src/iit_commons/src/control/testVirtualModel.cpp:10\x1b[m\x1b[K:\n'}
[2.468356] (iit_commons) StderrLine: {'line': b'\x1b[01m\x1b[K/root/muse_ws/muse_ros2/muse_ws/src/iit_commons/include/iit_commons/commons/dog/jsim.h:16:94:\x1b[m\x1b[K \x1b[01;31m\x1b[Kerror: \x1b[m\x1b[Ktemplate argument 1 is invalid\n'}
[2.468420] (iit_commons) StderrLine: {'line': b'   16 | class JSIMBase : public iit::rbd::StateDependentMatrix<iit::dog::JointState, 18, 18, JSIMBase\x1b[01;31m\x1b[K>\x1b[m\x1b[K\n'}
[2.468480] (iit_commons) StderrLine: {'line': b'      |                                                                                              \x1b[01;31m\x1b[K^\x1b[m\x1b[K\n'}
[2.469929] (iit_commons) StderrLine: {'line': b'\x1b[01m\x1b[K/root/muse_ws/muse_ros2/muse_ws/src/iit_commons/include/iit_commons/commons/dog/jsim.h:26:52:\x1b[m\x1b[K \x1b[01;31m\x1b[Kerror: \x1b[m\x1b[K\xe2\x80\x98\x1b[01m\x1b[KJointState\x1b[m\x1b[K\xe2\x80\x99 in namespace \xe2\x80\x98\x1b[01m\x1b[Kiit::dog\x1b[m\x1b[K\xe2\x80\x99 does not name a type\n'}
[2.470277] (iit_commons) StderrLine: {'line': b'   26 |     virtual const JSIMBase& update(const iit::dog::\x1b[01;31m\x1b[KJointState\x1b[m\x1b[K&) = 0;\n'}
[2.470375] (iit_commons) StderrLine: {'line': b'      |                                                    \x1b[01;31m\x1b[K^~~~~~~~~~\x1b[m\x1b[K\n'}
[2.544152] (-) TimerEvent: {}
[2.644620] (-) TimerEvent: {}
[2.747733] (-) TimerEvent: {}
[2.848243] (-) TimerEvent: {}
[2.871674] (iit_commons) StderrLine: {'line': b'In file included from \x1b[01m\x1b[K/root/muse_ws/muse_ros2/muse_ws/src/iit_commons/include/iit_commons/commons/geometry/rotations.h:5\x1b[m\x1b[K,\n'}
[2.871975] (iit_commons) StderrLine: {'line': b'                 from \x1b[01m\x1b[K/root/muse_ws/muse_ros2/muse_ws/src/iit_commons/include/iit_commons/commons/planning/planning.h:6\x1b[m\x1b[K,\n'}
[2.872061] (iit_commons) StderrLine: {'line': b'                 from \x1b[01m\x1b[K/root/muse_ws/muse_ros2/muse_ws/src/iit_commons/include/iit_commons/commons/control/VirtualModel.hpp:7\x1b[m\x1b[K,\n'}
[2.876933] (iit_commons) StderrLine: {'line': b'                 from \x1b[01m\x1b[K/root/muse_ws/muse_ros2/muse_ws/src/iit_commons/src/control/testVirtualModel.cpp:14\x1b[m\x1b[K:\n'}
[2.877428] (iit_commons) StderrLine: {'line': b'\x1b[01m\x1b[K/root/muse_ws/muse_ros2/muse_ws/src/iit_commons/include/iit_commons/commons/geometry/algebra.h:\x1b[m\x1b[K In function \xe2\x80\x98\x1b[01m\x1b[Kvoid iit::commons::computeQR(const MatrixXR&, MatrixXR&, MatrixXR&, const double&)\x1b[m\x1b[K\xe2\x80\x99:\n'}
[2.877606] (iit_commons) StderrLine: {'line': b'\x1b[01m\x1b[K/root/muse_ws/muse_ros2/muse_ws/src/iit_commons/include/iit_commons/commons/geometry/algebra.h:271:37:\x1b[m\x1b[K \x1b[01;35m\x1b[Kwarning: \x1b[m\x1b[Kunused parameter \xe2\x80\x98\x1b[01m\x1b[Ktolerance\x1b[m\x1b[K\xe2\x80\x99 [\x1b[01;35m\x1b[K-Wunused-parameter\x1b[m\x1b[K]\n'}
[2.879219] (iit_commons) StderrLine: {'line': b'  271 |                       \x1b[01;35m\x1b[Kconst double& tolerance\x1b[m\x1b[K)\n'}
[2.879631] (iit_commons) StderrLine: {'line': b'      |                       \x1b[01;35m\x1b[K~~~~~~~~~~~~~~^~~~~~~~~\x1b[m\x1b[K\n'}
[2.913451] (iit_commons) StderrLine: {'line': b'In file included from \x1b[01m\x1b[K/root/muse_ws/muse_ros2/muse_ws/src/iit_commons/include/iit_commons/commons/planning/planning.h:6\x1b[m\x1b[K,\n'}
[2.913766] (iit_commons) StderrLine: {'line': b'                 from \x1b[01m\x1b[K/root/muse_ws/muse_ros2/muse_ws/src/iit_commons/include/iit_commons/commons/control/VirtualModel.hpp:7\x1b[m\x1b[K,\n'}
[2.913918] (iit_commons) StderrLine: {'line': b'                 from \x1b[01m\x1b[K/root/muse_ws/muse_ros2/muse_ws/src/iit_commons/src/control/testVirtualModel.cpp:14\x1b[m\x1b[K:\n'}
[2.914017] (iit_commons) StderrLine: {'line': b'\x1b[01m\x1b[K/root/muse_ws/muse_ros2/muse_ws/src/iit_commons/include/iit_commons/commons/geometry/rotations.h:\x1b[m\x1b[K In function \xe2\x80\x98\x1b[01m\x1b[KEigen::Matrix3d iit::commons::rpyToEar(const Vector3d&)\x1b[m\x1b[K\xe2\x80\x99:\n'}
[2.914089] (iit_commons) StderrLine: {'line': b'\x1b[01m\x1b[K/root/muse_ws/muse_ros2/muse_ws/src/iit_commons/include/iit_commons/commons/geometry/rotations.h:143:12:\x1b[m\x1b[K \x1b[01;35m\x1b[Kwarning: \x1b[m\x1b[Kunused variable \xe2\x80\x98\x1b[01m\x1b[Kyaw\x1b[m\x1b[K\xe2\x80\x99 [\x1b[01;35m\x1b[K-Wunused-variable\x1b[m\x1b[K]\n'}
[2.914156] (iit_commons) StderrLine: {'line': b'  143 |     double \x1b[01;35m\x1b[Kyaw\x1b[m\x1b[K = rpy(2);\n'}
[2.914229] (iit_commons) StderrLine: {'line': b'      |            \x1b[01;35m\x1b[K^~~\x1b[m\x1b[K\n'}
[2.918212] (iit_commons) StderrLine: {'line': b'\x1b[01m\x1b[K/root/muse_ws/muse_ros2/muse_ws/src/iit_commons/include/iit_commons/commons/geometry/rotations.h:\x1b[m\x1b[K In function \xe2\x80\x98\x1b[01m\x1b[KEigen::Matrix3d iit::commons::rpyToEarInv_dot(const Vector3d&, const Vector3d&)\x1b[m\x1b[K\xe2\x80\x99:\n'}
[2.918505] (iit_commons) StderrLine: {'line': b'\x1b[01m\x1b[K/root/muse_ws/muse_ros2/muse_ws/src/iit_commons/include/iit_commons/commons/geometry/rotations.h:163:12:\x1b[m\x1b[K \x1b[01;35m\x1b[Kwarning: \x1b[m\x1b[Kunused variable \xe2\x80\x98\x1b[01m\x1b[Kroll\x1b[m\x1b[K\xe2\x80\x99 [\x1b[01;35m\x1b[K-Wunused-variable\x1b[m\x1b[K]\n'}
[2.918590] (iit_commons) StderrLine: {'line': b'  163 |     double \x1b[01;35m\x1b[Kroll\x1b[m\x1b[K = rpy(0);\n'}
[2.918660] (iit_commons) StderrLine: {'line': b'      |            \x1b[01;35m\x1b[K^~~~\x1b[m\x1b[K\n'}
[2.918728] (iit_commons) StderrLine: {'line': b'\x1b[01m\x1b[K/root/muse_ws/muse_ros2/muse_ws/src/iit_commons/include/iit_commons/commons/geometry/rotations.h:166:12:\x1b[m\x1b[K \x1b[01;35m\x1b[Kwarning: \x1b[m\x1b[Kunused variable \xe2\x80\x98\x1b[01m\x1b[Krolld\x1b[m\x1b[K\xe2\x80\x99 [\x1b[01;35m\x1b[K-Wunused-variable\x1b[m\x1b[K]\n'}
[2.918795] (iit_commons) StderrLine: {'line': b'  166 |     double \x1b[01;35m\x1b[Krolld\x1b[m\x1b[K = rpyd(0);\n'}
[2.918860] (iit_commons) StderrLine: {'line': b'      |            \x1b[01;35m\x1b[K^~~~~\x1b[m\x1b[K\n'}
[2.948421] (-) TimerEvent: {}
[3.049392] (-) TimerEvent: {}
[3.151321] (-) TimerEvent: {}
[3.255988] (-) TimerEvent: {}
[3.356931] (-) TimerEvent: {}
[3.457478] (-) TimerEvent: {}
[3.562020] (-) TimerEvent: {}
[3.665201] (-) TimerEvent: {}
[3.765794] (-) TimerEvent: {}
[3.867473] (-) TimerEvent: {}
[3.974672] (-) TimerEvent: {}
[4.075130] (-) TimerEvent: {}
[4.175609] (-) TimerEvent: {}
[4.235940] (iit_commons) StderrLine: {'line': b'In file included from \x1b[01m\x1b[K/root/muse_ws/muse_ros2/muse_ws/src/iit_commons/include/iit_commons/commons/control/VirtualModel.hpp:7\x1b[m\x1b[K,\n'}
[4.236448] (iit_commons) StderrLine: {'line': b'                 from \x1b[01m\x1b[K/root/muse_ws/muse_ros2/muse_ws/src/iit_commons/src/control/testVirtualModel.cpp:14\x1b[m\x1b[K:\n'}
[4.236589] (iit_commons) StderrLine: {'line': b'\x1b[01m\x1b[K/root/muse_ws/muse_ros2/muse_ws/src/iit_commons/include/iit_commons/commons/planning/planning.h:\x1b[m\x1b[K In function \xe2\x80\x98\x1b[01m\x1b[Kvoid iit::planning::ClockwiseSort(std::vector<Eigen::Matrix<double, 3, 1> >&)\x1b[m\x1b[K\xe2\x80\x99:\n'}
[4.237076] (iit_commons) StderrLine: {'line': b'\x1b[01m\x1b[K/root/muse_ws/muse_ros2/muse_ws/src/iit_commons/include/iit_commons/commons/planning/planning.h:162:23:\x1b[m\x1b[K \x1b[01;35m\x1b[Kwarning: \x1b[m\x1b[Kcomparison of integer expressions of different signedness: \xe2\x80\x98\x1b[01m\x1b[Kint\x1b[m\x1b[K\xe2\x80\x99 and \xe2\x80\x98\x1b[01m\x1b[Kstd::vector<Eigen::Matrix<double, 3, 1> >::size_type\x1b[m\x1b[K\xe2\x80\x99 {aka \xe2\x80\x98\x1b[01m\x1b[Klong unsigned int\x1b[m\x1b[K\xe2\x80\x99} [\x1b[01;35m\x1b[K-Wsign-compare\x1b[m\x1b[K]\n'}
[4.237174] (iit_commons) StderrLine: {'line': b'  162 |     for (int i = 1; \x1b[01;35m\x1b[Ki < p.size() - 1\x1b[m\x1b[K; i++) {\n'}
[4.237233] (iit_commons) StderrLine: {'line': b'      |                     \x1b[01;35m\x1b[K~~^~~~~~~~~~~~~~\x1b[m\x1b[K\n'}
[4.237285] (iit_commons) StderrLine: {'line': b'\x1b[01m\x1b[K/root/muse_ws/muse_ros2/muse_ws/src/iit_commons/include/iit_commons/commons/planning/planning.h:163:31:\x1b[m\x1b[K \x1b[01;35m\x1b[Kwarning: \x1b[m\x1b[Kcomparison of integer expressions of different signedness: \xe2\x80\x98\x1b[01m\x1b[Kint\x1b[m\x1b[K\xe2\x80\x99 and \xe2\x80\x98\x1b[01m\x1b[Kstd::vector<Eigen::Matrix<double, 3, 1> >::size_type\x1b[m\x1b[K\xe2\x80\x99 {aka \xe2\x80\x98\x1b[01m\x1b[Klong unsigned int\x1b[m\x1b[K\xe2\x80\x99} [\x1b[01;35m\x1b[K-Wsign-compare\x1b[m\x1b[K]\n'}
[4.237350] (iit_commons) StderrLine: {'line': b'  163 |         for (int j = i + 1; \x1b[01;35m\x1b[Kj < p.size()\x1b[m\x1b[K; j++) {\n'}
[4.237401] (iit_commons) StderrLine: {'line': b'      |                             \x1b[01;35m\x1b[K~~^~~~~~~~~~\x1b[m\x1b[K\n'}
[4.237447] (iit_commons) StderrLine: {'line': b'\x1b[01m\x1b[K/root/muse_ws/muse_ros2/muse_ws/src/iit_commons/include/iit_commons/commons/planning/planning.h:\x1b[m\x1b[K In function \xe2\x80\x98\x1b[01m\x1b[Kvoid iit::planning::CounterClockwiseSort(std::vector<Eigen::Matrix<double, 3, 1> >&)\x1b[m\x1b[K\xe2\x80\x99:\n'}
[4.237495] (iit_commons) StderrLine: {'line': b'\x1b[01m\x1b[K/root/muse_ws/muse_ros2/muse_ws/src/iit_commons/include/iit_commons/commons/planning/planning.h:186:23:\x1b[m\x1b[K \x1b[01;35m\x1b[Kwarning: \x1b[m\x1b[Kcomparison of integer expressions of different signedness: \xe2\x80\x98\x1b[01m\x1b[Kint\x1b[m\x1b[K\xe2\x80\x99 and \xe2\x80\x98\x1b[01m\x1b[Kstd::vector<Eigen::Matrix<double, 3, 1> >::size_type\x1b[m\x1b[K\xe2\x80\x99 {aka \xe2\x80\x98\x1b[01m\x1b[Klong unsigned int\x1b[m\x1b[K\xe2\x80\x99} [\x1b[01;35m\x1b[K-Wsign-compare\x1b[m\x1b[K]\n'}
[4.237565] (iit_commons) StderrLine: {'line': b'  186 |     for (int i = 1; \x1b[01;35m\x1b[Ki < p.size() - 1\x1b[m\x1b[K; i++) {\n'}
[4.237614] (iit_commons) StderrLine: {'line': b'      |                     \x1b[01;35m\x1b[K~~^~~~~~~~~~~~~~\x1b[m\x1b[K\n'}
[4.237687] (iit_commons) StderrLine: {'line': b'\x1b[01m\x1b[K/root/muse_ws/muse_ros2/muse_ws/src/iit_commons/include/iit_commons/commons/planning/planning.h:187:31:\x1b[m\x1b[K \x1b[01;35m\x1b[Kwarning: \x1b[m\x1b[Kcomparison of integer expressions of different signedness: \xe2\x80\x98\x1b[01m\x1b[Kint\x1b[m\x1b[K\xe2\x80\x99 and \xe2\x80\x98\x1b[01m\x1b[Kstd::vector<Eigen::Matrix<double, 3, 1> >::size_type\x1b[m\x1b[K\xe2\x80\x99 {aka \xe2\x80\x98\x1b[01m\x1b[Klong unsigned int\x1b[m\x1b[K\xe2\x80\x99} [\x1b[01;35m\x1b[K-Wsign-compare\x1b[m\x1b[K]\n'}
[4.237755] (iit_commons) StderrLine: {'line': b'  187 |         for (int j = i + 1; \x1b[01;35m\x1b[Kj < p.size()\x1b[m\x1b[K; j++) {\n'}
[4.237831] (iit_commons) StderrLine: {'line': b'      |                             \x1b[01;35m\x1b[K~~^~~~~~~~~~\x1b[m\x1b[K\n'}
[4.237958] (iit_commons) StderrLine: {'line': b'\x1b[01m\x1b[K/root/muse_ws/muse_ros2/muse_ws/src/iit_commons/include/iit_commons/commons/planning/planning.h:\x1b[m\x1b[K In function \xe2\x80\x98\x1b[01m\x1b[Kvoid iit::planning::CounterClockwiseSort(std::vector<Eigen::Matrix<double, 3, 1> >&, std::vector<int>&)\x1b[m\x1b[K\xe2\x80\x99:\n'}
[4.238055] (iit_commons) StderrLine: {'line': b'\x1b[01m\x1b[K/root/muse_ws/muse_ros2/muse_ws/src/iit_commons/include/iit_commons/commons/planning/planning.h:211:23:\x1b[m\x1b[K \x1b[01;35m\x1b[Kwarning: \x1b[m\x1b[Kcomparison of integer expressions of different signedness: \xe2\x80\x98\x1b[01m\x1b[Kint\x1b[m\x1b[K\xe2\x80\x99 and \xe2\x80\x98\x1b[01m\x1b[Kstd::vector<Eigen::Matrix<double, 3, 1> >::size_type\x1b[m\x1b[K\xe2\x80\x99 {aka \xe2\x80\x98\x1b[01m\x1b[Klong unsigned int\x1b[m\x1b[K\xe2\x80\x99} [\x1b[01;35m\x1b[K-Wsign-compare\x1b[m\x1b[K]\n'}
[4.238111] (iit_commons) StderrLine: {'line': b'  211 |     for (int i = 0; \x1b[01;35m\x1b[Ki < p.size()\x1b[m\x1b[K; i++)\n'}
[4.238158] (iit_commons) StderrLine: {'line': b'      |                     \x1b[01;35m\x1b[K~~^~~~~~~~~~\x1b[m\x1b[K\n'}
[4.239369] (iit_commons) StderrLine: {'line': b'\x1b[01m\x1b[K/root/muse_ws/muse_ros2/muse_ws/src/iit_commons/include/iit_commons/commons/planning/planning.h:213:23:\x1b[m\x1b[K \x1b[01;35m\x1b[Kwarning: \x1b[m\x1b[Kcomparison of integer expressions of different signedness: \xe2\x80\x98\x1b[01m\x1b[Kint\x1b[m\x1b[K\xe2\x80\x99 and \xe2\x80\x98\x1b[01m\x1b[Kstd::vector<Eigen::Matrix<double, 3, 1> >::size_type\x1b[m\x1b[K\xe2\x80\x99 {aka \xe2\x80\x98\x1b[01m\x1b[Klong unsigned int\x1b[m\x1b[K\xe2\x80\x99} [\x1b[01;35m\x1b[K-Wsign-compare\x1b[m\x1b[K]\n'}
[4.239520] (iit_commons) StderrLine: {'line': b'  213 |     for (int i = 1; \x1b[01;35m\x1b[Ki < p.size() - 1\x1b[m\x1b[K; i++) {\n'}
[4.239578] (iit_commons) StderrLine: {'line': b'      |                     \x1b[01;35m\x1b[K~~^~~~~~~~~~~~~~\x1b[m\x1b[K\n'}
[4.239632] (iit_commons) StderrLine: {'line': b'\x1b[01m\x1b[K/root/muse_ws/muse_ros2/muse_ws/src/iit_commons/include/iit_commons/commons/planning/planning.h:214:31:\x1b[m\x1b[K \x1b[01;35m\x1b[Kwarning: \x1b[m\x1b[Kcomparison of integer expressions of different signedness: \xe2\x80\x98\x1b[01m\x1b[Kint\x1b[m\x1b[K\xe2\x80\x99 and \xe2\x80\x98\x1b[01m\x1b[Kstd::vector<Eigen::Matrix<double, 3, 1> >::size_type\x1b[m\x1b[K\xe2\x80\x99 {aka \xe2\x80\x98\x1b[01m\x1b[Klong unsigned int\x1b[m\x1b[K\xe2\x80\x99} [\x1b[01;35m\x1b[K-Wsign-compare\x1b[m\x1b[K]\n'}
[4.239687] (iit_commons) StderrLine: {'line': b'  214 |         for (int j = i + 1; \x1b[01;35m\x1b[Kj < p.size()\x1b[m\x1b[K; j++) {\n'}
[4.239736] (iit_commons) StderrLine: {'line': b'      |                             \x1b[01;35m\x1b[K~~^~~~~~~~~~\x1b[m\x1b[K\n'}
[4.275770] (-) TimerEvent: {}
[4.378038] (-) TimerEvent: {}
[4.480558] (-) TimerEvent: {}
[4.581130] (-) TimerEvent: {}
[4.686018] (-) TimerEvent: {}
[4.787598] (-) TimerEvent: {}
[4.888150] (-) TimerEvent: {}
[4.988593] (-) TimerEvent: {}
[5.089082] (-) TimerEvent: {}
[5.192949] (-) TimerEvent: {}
[5.293909] (-) TimerEvent: {}
[5.394519] (-) TimerEvent: {}
[5.498193] (-) TimerEvent: {}
[5.598919] (-) TimerEvent: {}
[5.699372] (-) TimerEvent: {}
[5.799772] (-) TimerEvent: {}
[5.900341] (-) TimerEvent: {}
[6.000865] (-) TimerEvent: {}
[6.103210] (-) TimerEvent: {}
[6.204916] (-) TimerEvent: {}
[6.305606] (-) TimerEvent: {}
[6.409996] (-) TimerEvent: {}
[6.510477] (-) TimerEvent: {}
[6.610985] (-) TimerEvent: {}
[6.714945] (-) TimerEvent: {}
[6.815723] (-) TimerEvent: {}
[6.916234] (-) TimerEvent: {}
[7.016903] (-) TimerEvent: {}
[7.121588] (-) TimerEvent: {}
[7.228273] (-) TimerEvent: {}
[7.328751] (-) TimerEvent: {}
[7.429255] (-) TimerEvent: {}
[7.529742] (-) TimerEvent: {}
[7.630250] (-) TimerEvent: {}
[7.730730] (-) TimerEvent: {}
[7.831198] (-) TimerEvent: {}
[7.931627] (-) TimerEvent: {}
[8.032273] (-) TimerEvent: {}
[8.135777] (-) TimerEvent: {}
[8.240225] (-) TimerEvent: {}
[8.340748] (-) TimerEvent: {}
[8.442546] (-) TimerEvent: {}
[8.543536] (-) TimerEvent: {}
[8.644002] (-) TimerEvent: {}
[8.744522] (-) TimerEvent: {}
[8.848079] (-) TimerEvent: {}
[8.948680] (-) TimerEvent: {}
[9.051043] (-) TimerEvent: {}
[9.151810] (-) TimerEvent: {}
[9.259019] (-) TimerEvent: {}
[9.359541] (-) TimerEvent: {}
[9.460760] (-) TimerEvent: {}
[9.561679] (-) TimerEvent: {}
[9.662498] (-) TimerEvent: {}
[9.762994] (-) TimerEvent: {}
[9.863498] (-) TimerEvent: {}
[9.963987] (-) TimerEvent: {}
[10.077981] (-) TimerEvent: {}
[10.178416] (-) TimerEvent: {}
[10.278851] (-) TimerEvent: {}
[10.379347] (-) TimerEvent: {}
[10.479909] (-) TimerEvent: {}
[10.580549] (-) TimerEvent: {}
[10.681070] (-) TimerEvent: {}
[10.781592] (-) TimerEvent: {}
[10.882173] (-) TimerEvent: {}
[10.982721] (-) TimerEvent: {}
[11.083283] (-) TimerEvent: {}
[11.183794] (-) TimerEvent: {}
[11.284294] (-) TimerEvent: {}
[11.385344] (-) TimerEvent: {}
[11.485832] (-) TimerEvent: {}
[11.586498] (-) TimerEvent: {}
[11.690183] (-) TimerEvent: {}
[11.790656] (-) TimerEvent: {}
[11.891226] (-) TimerEvent: {}
[11.992648] (-) TimerEvent: {}
[12.095494] (-) TimerEvent: {}
[12.196023] (-) TimerEvent: {}
[12.297896] (-) TimerEvent: {}
[12.398584] (-) TimerEvent: {}
[12.499105] (-) TimerEvent: {}
[12.601069] (-) TimerEvent: {}
[12.701486] (-) TimerEvent: {}
[12.806031] (-) TimerEvent: {}
[12.907305] (-) TimerEvent: {}
[13.008357] (-) TimerEvent: {}
[13.109258] (-) TimerEvent: {}
[13.209878] (-) TimerEvent: {}
[13.310497] (-) TimerEvent: {}
[13.416233] (-) TimerEvent: {}
[13.516880] (-) TimerEvent: {}
[13.617473] (-) TimerEvent: {}
[13.722070] (-) TimerEvent: {}
[13.822982] (-) TimerEvent: {}
[13.930183] (-) TimerEvent: {}
[14.030760] (-) TimerEvent: {}
[14.136776] (-) TimerEvent: {}
[14.239943] (-) TimerEvent: {}
[14.340350] (-) TimerEvent: {}
[14.440887] (-) TimerEvent: {}
[14.546022] (-) TimerEvent: {}
[14.646578] (-) TimerEvent: {}
[14.747117] (-) TimerEvent: {}
[14.847701] (-) TimerEvent: {}
[14.952338] (-) TimerEvent: {}
[15.052893] (-) TimerEvent: {}
[15.153367] (-) TimerEvent: {}
[15.259956] (-) TimerEvent: {}
[15.360611] (-) TimerEvent: {}
[15.465328] (-) TimerEvent: {}
[15.566243] (-) TimerEvent: {}
[15.667153] (-) TimerEvent: {}
[15.767779] (-) TimerEvent: {}
[15.868250] (-) TimerEvent: {}
[15.972392] (-) TimerEvent: {}
[16.072911] (-) TimerEvent: {}
[16.175868] (-) TimerEvent: {}
[16.278618] (-) TimerEvent: {}
[16.379141] (-) TimerEvent: {}
[16.479640] (-) TimerEvent: {}
[16.580104] (-) TimerEvent: {}
[16.680678] (-) TimerEvent: {}
[16.781322] (-) TimerEvent: {}
[16.881915] (-) TimerEvent: {}
[16.982548] (-) TimerEvent: {}
[17.083187] (-) TimerEvent: {}
[17.183698] (-) TimerEvent: {}
[17.284431] (-) TimerEvent: {}
[17.385078] (-) TimerEvent: {}
[17.485621] (-) TimerEvent: {}
[17.586441] (-) TimerEvent: {}
[17.687009] (-) TimerEvent: {}
[17.790073] (-) TimerEvent: {}
[17.894033] (-) TimerEvent: {}
[17.994886] (-) TimerEvent: {}
[18.097556] (-) TimerEvent: {}
[18.199329] (-) TimerEvent: {}
[18.299853] (-) TimerEvent: {}
[18.400322] (-) TimerEvent: {}
[18.500862] (-) TimerEvent: {}
[18.601449] (-) TimerEvent: {}
[18.702039] (-) TimerEvent: {}
[18.802550] (-) TimerEvent: {}
[18.902988] (-) TimerEvent: {}
[19.003477] (-) TimerEvent: {}
[19.103922] (-) TimerEvent: {}
[19.205267] (-) TimerEvent: {}
[19.306072] (-) TimerEvent: {}
[19.406797] (-) TimerEvent: {}
[19.507250] (-) TimerEvent: {}
[19.607714] (-) TimerEvent: {}
[19.709158] (-) TimerEvent: {}
[19.809646] (-) TimerEvent: {}
[19.911670] (-) TimerEvent: {}
[20.012996] (-) TimerEvent: {}
[20.113581] (-) TimerEvent: {}
[20.214002] (-) TimerEvent: {}
[20.315078] (-) TimerEvent: {}
[20.416187] (-) TimerEvent: {}
[20.516743] (-) TimerEvent: {}
[20.617248] (-) TimerEvent: {}
[20.717778] (-) TimerEvent: {}
[20.821437] (-) TimerEvent: {}
[20.922044] (-) TimerEvent: {}
[21.022795] (-) TimerEvent: {}
[21.123572] (-) TimerEvent: {}
[21.228715] (-) TimerEvent: {}
[21.329938] (-) TimerEvent: {}
[21.434047] (-) TimerEvent: {}
[21.534614] (-) TimerEvent: {}
[21.635212] (-) TimerEvent: {}
[21.735702] (-) TimerEvent: {}
[21.836220] (-) TimerEvent: {}
[21.936826] (-) TimerEvent: {}
[22.037411] (-) TimerEvent: {}
[22.137943] (-) TimerEvent: {}
[22.242086] (-) TimerEvent: {}
[22.342716] (-) TimerEvent: {}
[22.443220] (-) TimerEvent: {}
[22.551356] (-) TimerEvent: {}
[22.652034] (-) TimerEvent: {}
[22.755727] (-) TimerEvent: {}
[22.859771] (-) TimerEvent: {}
[22.960423] (-) TimerEvent: {}
[23.060881] (-) TimerEvent: {}
[23.162186] (-) TimerEvent: {}
[23.263017] (-) TimerEvent: {}
[23.363664] (-) TimerEvent: {}
[23.466556] (-) TimerEvent: {}
[23.567145] (-) TimerEvent: {}
[23.667714] (-) TimerEvent: {}
[23.768483] (-) TimerEvent: {}
[23.869129] (-) TimerEvent: {}
[23.969832] (-) TimerEvent: {}
[24.072557] (-) TimerEvent: {}
[24.175812] (-) TimerEvent: {}
[24.276489] (-) TimerEvent: {}
[24.377515] (-) TimerEvent: {}
[24.480414] (-) TimerEvent: {}
[24.581382] (-) TimerEvent: {}
[24.682222] (-) TimerEvent: {}
[24.782807] (-) TimerEvent: {}
[24.886724] (-) TimerEvent: {}
[24.987263] (-) TimerEvent: {}
[25.087794] (-) TimerEvent: {}
[25.189619] (-) TimerEvent: {}
[25.290318] (-) TimerEvent: {}
[25.394377] (-) TimerEvent: {}
[25.495441] (-) TimerEvent: {}
[25.600687] (-) TimerEvent: {}
[25.701731] (-) TimerEvent: {}
[25.802571] (-) TimerEvent: {}
[25.906948] (-) TimerEvent: {}
[26.013964] (-) TimerEvent: {}
[26.117693] (-) TimerEvent: {}
[26.222055] (-) TimerEvent: {}
[26.322537] (-) TimerEvent: {}
[26.423124] (-) TimerEvent: {}
[26.524364] (-) TimerEvent: {}
[26.625193] (-) TimerEvent: {}
[26.725709] (-) TimerEvent: {}
[26.826164] (-) TimerEvent: {}
[26.927455] (-) TimerEvent: {}
[27.028181] (-) TimerEvent: {}
[27.128848] (-) TimerEvent: {}
[27.229630] (-) TimerEvent: {}
[27.330175] (-) TimerEvent: {}
[27.430856] (-) TimerEvent: {}
[27.531903] (-) TimerEvent: {}
[27.634047] (-) TimerEvent: {}
[27.734741] (-) TimerEvent: {}
[27.837068] (-) TimerEvent: {}
[27.938801] (-) TimerEvent: {}
[28.039707] (-) TimerEvent: {}
[28.143476] (-) TimerEvent: {}
[28.245316] (-) TimerEvent: {}
[28.350005] (-) TimerEvent: {}
[28.450550] (-) TimerEvent: {}
[28.553401] (-) TimerEvent: {}
[28.654008] (-) TimerEvent: {}
[28.754757] (-) TimerEvent: {}
[28.855462] (-) TimerEvent: {}
[28.962067] (-) TimerEvent: {}
[29.062591] (-) TimerEvent: {}
[29.163278] (-) TimerEvent: {}
[29.263984] (-) TimerEvent: {}
[29.364515] (-) TimerEvent: {}
[29.465054] (-) TimerEvent: {}
[29.565770] (-) TimerEvent: {}
[29.669986] (-) TimerEvent: {}
[29.770503] (-) TimerEvent: {}
[29.871200] (-) TimerEvent: {}
[29.971703] (-) TimerEvent: {}
[30.074018] (-) TimerEvent: {}
[30.174498] (-) TimerEvent: {}
[30.275373] (-) TimerEvent: {}
[30.379123] (-) TimerEvent: {}
[30.469787] (iit_commons) StderrLine: {'line': b'\x1b[01m\x1b[K/root/muse_ws/muse_ros2/muse_ws/src/iit_commons/include/iit_commons/commons/planning/planning.h:\x1b[m\x1b[K At global scope:\n'}
[30.470300] (iit_commons) StderrLine: {'line': b'\x1b[01m\x1b[K/root/muse_ws/muse_ros2/muse_ws/src/iit_commons/include/iit_commons/commons/planning/planning.h:207:13:\x1b[m\x1b[K \x1b[01;35m\x1b[Kwarning: \x1b[m\x1b[K\xe2\x80\x98\x1b[01m\x1b[Kvoid iit::planning::CounterClockwiseSort(std::vector<Eigen::Matrix<double, 3, 1> >&, std::vector<int>&)\x1b[m\x1b[K\xe2\x80\x99 defined but not used [\x1b[01;35m\x1b[K-Wunused-function\x1b[m\x1b[K]\n'}
[30.470434] (iit_commons) StderrLine: {'line': b'  207 | static void \x1b[01;35m\x1b[KCounterClockwiseSort\x1b[m\x1b[K(std::vector<Eigen::Vector3d>& p, std::vector<int> & index_map)\n'}
[30.470503] (iit_commons) StderrLine: {'line': b'      |             \x1b[01;35m\x1b[K^~~~~~~~~~~~~~~~~~~~\x1b[m\x1b[K\n'}
[30.470564] (iit_commons) StderrLine: {'line': b'\x1b[01m\x1b[K/root/muse_ws/muse_ros2/muse_ws/src/iit_commons/include/iit_commons/commons/planning/planning.h:158:13:\x1b[m\x1b[K \x1b[01;35m\x1b[Kwarning: \x1b[m\x1b[K\xe2\x80\x98\x1b[01m\x1b[Kvoid iit::planning::ClockwiseSort(std::vector<Eigen::Matrix<double, 3, 1> >&)\x1b[m\x1b[K\xe2\x80\x99 defined but not used [\x1b[01;35m\x1b[K-Wunused-function\x1b[m\x1b[K]\n'}
[30.470632] (iit_commons) StderrLine: {'line': b'  158 | static void \x1b[01;35m\x1b[KClockwiseSort\x1b[m\x1b[K(std::vector<Eigen::Vector3d>& p)\n'}
[30.470688] (iit_commons) StderrLine: {'line': b'      |             \x1b[01;35m\x1b[K^~~~~~~~~~~~~\x1b[m\x1b[K\n'}
[30.479265] (-) TimerEvent: {}
[30.579884] (-) TimerEvent: {}
[30.641237] (iit_commons) StderrLine: {'line': b'gmake[2]: *** [CMakeFiles/vm-test.dir/build.make:76: CMakeFiles/vm-test.dir/src/control/testVirtualModel.cpp.o] Error 1\n'}
[30.642445] (iit_commons) StderrLine: {'line': b'gmake[1]: *** [CMakeFiles/Makefile2:195: CMakeFiles/vm-test.dir/all] Error 2\n'}
[30.643172] (iit_commons) StderrLine: {'line': b'gmake: *** [Makefile:146: all] Error 2\n'}
[30.646920] (iit_commons) CommandEnded: {'returncode': 2}
[30.656732] (iit_commons) JobEnded: {'identifier': 'iit_commons', 'rc': 2}
[30.668432] (-) EventReactorShutdown: {}
