[0.000000] (-) TimerEvent: {}
[0.000478] (iit_commons) JobQueued: {'identifier': 'iit_commons', 'dependencies': OrderedDict()}
[0.000532] (kiss_icp) JobQueued: {'identifier': 'kiss_icp', 'dependencies': OrderedDict()}
[0.000578] (state_estimator_msgs) JobQueued: {'identifier': 'state_estimator_msgs', 'dependencies': OrderedDict()}
[0.000623] (state_estimator) JobQueued: {'identifier': 'state_estimator', 'dependencies': OrderedDict([('state_estimator_msgs', '/home/go2/go2_ws/src/muse/muse_ros2/muse_ws/install/state_estimator_msgs')])}
[0.000670] (state_estimator_msgs) JobStarted: {'identifier': 'state_estimator_msgs'}
[0.008032] (iit_commons) JobStarted: {'identifier': 'iit_commons'}
[0.015466] (kiss_icp) JobStarted: {'identifier': 'kiss_icp'}
[0.023675] (state_estimator_msgs) JobProgress: {'identifier': 'state_estimator_msgs', 'progress': 'cmake'}
[0.026352] (state_estimator_msgs) Command: {'cmd': ['/usr/bin/cmake', '/home/go2/go2_ws/src/muse/muse_ros2/muse_ws/src/state_estimator_msgs', '-DCMAKE_INSTALL_PREFIX=/home/go2/go2_ws/src/muse/muse_ros2/muse_ws/install/state_estimator_msgs'], 'cwd': '/home/go2/go2_ws/src/muse/muse_ros2/muse_ws/build/state_estimator_msgs', 'env': OrderedDict([('LESSOPEN', '| /usr/bin/lesspipe %s'), ('USER', 'go2'), ('GIT_ASKPASS', '/home/go2/.vscode-server/bin/7d842fb85a0275a4a8e4d7e040d2625abbf7f084/extensions/git/dist/askpass.sh'), ('SHLVL', '2'), ('LD_LIBRARY_PATH', '/home/go2/go2_ws/src/muse/muse_ros2/muse_ws/install/state_estimator/lib:/home/go2/go2_ws/src/muse/muse_ros2/muse_ws/install/state_estimator_msgs/lib:/home/go2/go2_ws/src/muse/muse_ros2/muse_ws/install/kiss_icp/lib:/home/go2/go2_ws/src/muse/muse_ros2/muse_ws/install/iit_commons/lib:/opt/ros/humble/opt/rviz_ogre_vendor/lib:/opt/ros/humble/lib/x86_64-linux-gnu:/opt/ros/humble/lib'), ('HOME', '/home/go2'), ('OLDPWD', '/home/go2/go2_ws/src/muse/muse_ros2'), ('TERM_PROGRAM_VERSION', '1.105.1'), ('VSCODE_IPC_HOOK_CLI', '/run/user/1000/vscode-ipc-fd71f093-931c-4aa7-9729-3fcba30fa958.sock'), ('ROS_PYTHON_VERSION', '3'), ('VSCODE_GIT_ASKPASS_MAIN', '/home/go2/.vscode-server/bin/7d842fb85a0275a4a8e4d7e040d2625abbf7f084/extensions/git/dist/askpass-main.js'), ('VSCODE_GIT_ASKPASS_NODE', '/home/go2/.vscode-server/bin/7d842fb85a0275a4a8e4d7e040d2625abbf7f084/node'), ('VSCODE_PYTHON_AUTOACTIVATE_GUARD', '1'), ('DBUS_SESSION_BUS_ADDRESS', 'unix:path=/run/user/1000/bus'), ('COLORTERM', 'truecolor'), ('WSL_DISTRO_NAME', 'Ubuntu-22.04'), ('WAYLAND_DISPLAY', 'wayland-0'), ('COLCON_PREFIX_PATH', '/home/go2/go2_ws/src/muse/muse_ros2/muse_ws/install:/home/go2/go2_ws/install'), ('ROS_DISTRO', 'humble'), ('LOGNAME', 'go2'), ('NAME', 'Code'), ('WSL_INTEROP', '/run/WSL/705_interop'), ('PULSE_SERVER', 'unix:/mnt/wslg/PulseServer'), ('_', '/usr/bin/colcon'), ('ROS_VERSION', '2'), ('TERM', 'xterm-256color'), ('ROS_LOCALHOST_ONLY', '0'), ('PATH', '/home/go2/.vscode-server/bin/7d842fb85a0275a4a8e4d7e040d2625abbf7f084/bin/remote-cli:/opt/ros/humble/bin:/usr/local/sbin:/usr/local/bin:/usr/sbin:/usr/bin:/sbin:/bin:/usr/games:/usr/local/games:/usr/lib/wsl/lib:/mnt/c/Program Files/Common Files/Siemens/Automation/Simatic OAM/bin:/mnt/c/Program Files/Python310/Scripts/:/mnt/c/Program Files/Python310/:/mnt/c/Program Files (x86)/Razer/ChromaBroadcast/bin:/mnt/c/Program Files/Razer/ChromaBroadcast/bin:/mnt/c/WINDOWS/system32:/mnt/c/WINDOWS:/mnt/c/WINDOWS/System32/Wbem:/mnt/c/WINDOWS/System32/WindowsPowerShell/v1.0/:/mnt/c/WINDOWS/System32/OpenSSH/:/mnt/c/Program Files/dotnet/:/mnt/c/WINDOWS/system32:/mnt/c/WINDOWS:/mnt/c/WINDOWS/System32/Wbem:/mnt/c/WINDOWS/System32/WindowsPowerShell/v1.0/:/mnt/c/WINDOWS/System32/OpenSSH/:/mnt/c/Program Files/Git/cmd:/mnt/c/Users/LABID/AppData/Local/Microsoft/WindowsApps:/mnt/c/Program Files/Docker/Docker/resources/bin:/mnt/c/Users/LABID/AppData/Local/Programs/Microsoft VS Code/bin:/snap/bin'), ('XDG_RUNTIME_DIR', '/run/user/1000/'), ('DISPLAY', ':0'), ('LANG', 'en_US.UTF-8'), ('LS_COLORS', 'rs=0:di=01;34:ln=01;36:mh=00:pi=40;33:so=01;35:do=01;35:bd=40;33;01:cd=40;33;01:or=40;31;01:mi=00:su=37;41:sg=30;43:ca=30;41:tw=30;42:ow=34;42:st=37;44:ex=01;32:*.tar=01;31:*.tgz=01;31:*.arc=01;31:*.arj=01;31:*.taz=01;31:*.lha=01;31:*.lz4=01;31:*.lzh=01;31:*.lzma=01;31:*.tlz=01;31:*.txz=01;31:*.tzo=01;31:*.t7z=01;31:*.zip=01;31:*.z=01;31:*.dz=01;31:*.gz=01;31:*.lrz=01;31:*.lz=01;31:*.lzo=01;31:*.xz=01;31:*.zst=01;31:*.tzst=01;31:*.bz2=01;31:*.bz=01;31:*.tbz=01;31:*.tbz2=01;31:*.tz=01;31:*.deb=01;31:*.rpm=01;31:*.jar=01;31:*.war=01;31:*.ear=01;31:*.sar=01;31:*.rar=01;31:*.alz=01;31:*.ace=01;31:*.zoo=01;31:*.cpio=01;31:*.7z=01;31:*.rz=01;31:*.cab=01;31:*.wim=01;31:*.swm=01;31:*.dwm=01;31:*.esd=01;31:*.jpg=01;35:*.jpeg=01;35:*.mjpg=01;35:*.mjpeg=01;35:*.gif=01;35:*.bmp=01;35:*.pbm=01;35:*.pgm=01;35:*.ppm=01;35:*.tga=01;35:*.xbm=01;35:*.xpm=01;35:*.tif=01;35:*.tiff=01;35:*.png=01;35:*.svg=01;35:*.svgz=01;35:*.mng=01;35:*.pcx=01;35:*.mov=01;35:*.mpg=01;35:*.mpeg=01;35:*.m2v=01;35:*.mkv=01;35:*.webm=01;35:*.webp=01;35:*.ogm=01;35:*.mp4=01;35:*.m4v=01;35:*.mp4v=01;35:*.vob=01;35:*.qt=01;35:*.nuv=01;35:*.wmv=01;35:*.asf=01;35:*.rm=01;35:*.rmvb=01;35:*.flc=01;35:*.avi=01;35:*.fli=01;35:*.flv=01;35:*.gl=01;35:*.dl=01;35:*.xcf=01;35:*.xwd=01;35:*.yuv=01;35:*.cgm=01;35:*.emf=01;35:*.ogv=01;35:*.ogx=01;35:*.aac=00;36:*.au=00;36:*.flac=00;36:*.m4a=00;36:*.mid=00;36:*.midi=00;36:*.mka=00;36:*.mp3=00;36:*.mpc=00;36:*.ogg=00;36:*.ra=00;36:*.wav=00;36:*.oga=00;36:*.opus=00;36:*.spx=00;36:*.xspf=00;36:'), ('VSCODE_GIT_IPC_HANDLE', '/run/user/1000/vscode-git-791eacad74.sock'), ('TERM_PROGRAM', 'vscode'), ('AMENT_PREFIX_PATH', '/home/go2/go2_ws/install/go2_description:/home/go2/go2_ws/src/muse/muse_ros2/muse_ws/install/state_estimator:/home/go2/go2_ws/src/muse/muse_ros2/muse_ws/install/state_estimator_msgs:/home/go2/go2_ws/src/muse/muse_ros2/muse_ws/install/kiss_icp:/home/go2/go2_ws/src/muse/muse_ros2/muse_ws/install/iit_commons:/opt/ros/humble'), ('SHELL', '/bin/bash'), ('LESSCLOSE', '/usr/bin/lesspipe %s %s'), ('VSCODE_GIT_ASKPASS_EXTRA_ARGS', ''), ('PWD', '/home/go2/go2_ws/src/muse/muse_ros2/muse_ws/build/state_estimator_msgs'), ('XDG_DATA_DIRS', '/usr/local/share:/usr/share:/var/lib/snapd/desktop'), ('PYTHONPATH', '/home/go2/go2_ws/src/muse/muse_ros2/muse_ws/install/state_estimator_msgs/local/lib/python3.10/dist-packages:/opt/ros/humble/lib/python3.10/site-packages:/opt/ros/humble/local/lib/python3.10/dist-packages'), ('COLCON', '1'), ('WSL2_GUI_APPS_ENABLED', '1'), ('HOSTTYPE', 'x86_64'), ('CMAKE_PREFIX_PATH', '/home/go2/go2_ws/install/go2_description:/home/go2/go2_ws/src/muse/muse_ros2/muse_ws/install/state_estimator:/home/go2/go2_ws/src/muse/muse_ros2/muse_ws/install/state_estimator_msgs:/home/go2/go2_ws/src/muse/muse_ros2/muse_ws/install/kiss_icp:/home/go2/go2_ws/src/muse/muse_ros2/muse_ws/install/iit_commons:/opt/ros/humble'), ('WSLENV', 'ELECTRON_RUN_AS_NODE/w:')]), 'shell': False}
[0.032082] (iit_commons) JobProgress: {'identifier': 'iit_commons', 'progress': 'cmake'}
[0.035781] (iit_commons) Command: {'cmd': ['/usr/bin/cmake', '/home/go2/go2_ws/src/muse/muse_ros2/muse_ws/src/iit_commons', '-DCMAKE_INSTALL_PREFIX=/home/go2/go2_ws/src/muse/muse_ros2/muse_ws/install/iit_commons'], 'cwd': '/home/go2/go2_ws/src/muse/muse_ros2/muse_ws/build/iit_commons', 'env': OrderedDict([('LESSOPEN', '| /usr/bin/lesspipe %s'), ('USER', 'go2'), ('GIT_ASKPASS', '/home/go2/.vscode-server/bin/7d842fb85a0275a4a8e4d7e040d2625abbf7f084/extensions/git/dist/askpass.sh'), ('SHLVL', '2'), ('LD_LIBRARY_PATH', '/home/go2/go2_ws/src/muse/muse_ros2/muse_ws/install/state_estimator/lib:/home/go2/go2_ws/src/muse/muse_ros2/muse_ws/install/state_estimator_msgs/lib:/home/go2/go2_ws/src/muse/muse_ros2/muse_ws/install/kiss_icp/lib:/home/go2/go2_ws/src/muse/muse_ros2/muse_ws/install/iit_commons/lib:/opt/ros/humble/opt/rviz_ogre_vendor/lib:/opt/ros/humble/lib/x86_64-linux-gnu:/opt/ros/humble/lib'), ('HOME', '/home/go2'), ('OLDPWD', '/home/go2/go2_ws/src/muse/muse_ros2'), ('TERM_PROGRAM_VERSION', '1.105.1'), ('VSCODE_IPC_HOOK_CLI', '/run/user/1000/vscode-ipc-fd71f093-931c-4aa7-9729-3fcba30fa958.sock'), ('ROS_PYTHON_VERSION', '3'), ('VSCODE_GIT_ASKPASS_MAIN', '/home/go2/.vscode-server/bin/7d842fb85a0275a4a8e4d7e040d2625abbf7f084/extensions/git/dist/askpass-main.js'), ('VSCODE_GIT_ASKPASS_NODE', '/home/go2/.vscode-server/bin/7d842fb85a0275a4a8e4d7e040d2625abbf7f084/node'), ('VSCODE_PYTHON_AUTOACTIVATE_GUARD', '1'), ('DBUS_SESSION_BUS_ADDRESS', 'unix:path=/run/user/1000/bus'), ('COLORTERM', 'truecolor'), ('WSL_DISTRO_NAME', 'Ubuntu-22.04'), ('WAYLAND_DISPLAY', 'wayland-0'), ('COLCON_PREFIX_PATH', '/home/go2/go2_ws/src/muse/muse_ros2/muse_ws/install:/home/go2/go2_ws/install'), ('ROS_DISTRO', 'humble'), ('LOGNAME', 'go2'), ('NAME', 'Code'), ('WSL_INTEROP', '/run/WSL/705_interop'), ('PULSE_SERVER', 'unix:/mnt/wslg/PulseServer'), ('_', '/usr/bin/colcon'), ('ROS_VERSION', '2'), ('TERM', 'xterm-256color'), ('ROS_LOCALHOST_ONLY', '0'), ('PATH', '/home/go2/.vscode-server/bin/7d842fb85a0275a4a8e4d7e040d2625abbf7f084/bin/remote-cli:/opt/ros/humble/bin:/usr/local/sbin:/usr/local/bin:/usr/sbin:/usr/bin:/sbin:/bin:/usr/games:/usr/local/games:/usr/lib/wsl/lib:/mnt/c/Program Files/Common Files/Siemens/Automation/Simatic OAM/bin:/mnt/c/Program Files/Python310/Scripts/:/mnt/c/Program Files/Python310/:/mnt/c/Program Files (x86)/Razer/ChromaBroadcast/bin:/mnt/c/Program Files/Razer/ChromaBroadcast/bin:/mnt/c/WINDOWS/system32:/mnt/c/WINDOWS:/mnt/c/WINDOWS/System32/Wbem:/mnt/c/WINDOWS/System32/WindowsPowerShell/v1.0/:/mnt/c/WINDOWS/System32/OpenSSH/:/mnt/c/Program Files/dotnet/:/mnt/c/WINDOWS/system32:/mnt/c/WINDOWS:/mnt/c/WINDOWS/System32/Wbem:/mnt/c/WINDOWS/System32/WindowsPowerShell/v1.0/:/mnt/c/WINDOWS/System32/OpenSSH/:/mnt/c/Program Files/Git/cmd:/mnt/c/Users/LABID/AppData/Local/Microsoft/WindowsApps:/mnt/c/Program Files/Docker/Docker/resources/bin:/mnt/c/Users/LABID/AppData/Local/Programs/Microsoft VS Code/bin:/snap/bin'), ('XDG_RUNTIME_DIR', '/run/user/1000/'), ('DISPLAY', ':0'), ('LANG', 'en_US.UTF-8'), ('LS_COLORS', 'rs=0:di=01;34:ln=01;36:mh=00:pi=40;33:so=01;35:do=01;35:bd=40;33;01:cd=40;33;01:or=40;31;01:mi=00:su=37;41:sg=30;43:ca=30;41:tw=30;42:ow=34;42:st=37;44:ex=01;32:*.tar=01;31:*.tgz=01;31:*.arc=01;31:*.arj=01;31:*.taz=01;31:*.lha=01;31:*.lz4=01;31:*.lzh=01;31:*.lzma=01;31:*.tlz=01;31:*.txz=01;31:*.tzo=01;31:*.t7z=01;31:*.zip=01;31:*.z=01;31:*.dz=01;31:*.gz=01;31:*.lrz=01;31:*.lz=01;31:*.lzo=01;31:*.xz=01;31:*.zst=01;31:*.tzst=01;31:*.bz2=01;31:*.bz=01;31:*.tbz=01;31:*.tbz2=01;31:*.tz=01;31:*.deb=01;31:*.rpm=01;31:*.jar=01;31:*.war=01;31:*.ear=01;31:*.sar=01;31:*.rar=01;31:*.alz=01;31:*.ace=01;31:*.zoo=01;31:*.cpio=01;31:*.7z=01;31:*.rz=01;31:*.cab=01;31:*.wim=01;31:*.swm=01;31:*.dwm=01;31:*.esd=01;31:*.jpg=01;35:*.jpeg=01;35:*.mjpg=01;35:*.mjpeg=01;35:*.gif=01;35:*.bmp=01;35:*.pbm=01;35:*.pgm=01;35:*.ppm=01;35:*.tga=01;35:*.xbm=01;35:*.xpm=01;35:*.tif=01;35:*.tiff=01;35:*.png=01;35:*.svg=01;35:*.svgz=01;35:*.mng=01;35:*.pcx=01;35:*.mov=01;35:*.mpg=01;35:*.mpeg=01;35:*.m2v=01;35:*.mkv=01;35:*.webm=01;35:*.webp=01;35:*.ogm=01;35:*.mp4=01;35:*.m4v=01;35:*.mp4v=01;35:*.vob=01;35:*.qt=01;35:*.nuv=01;35:*.wmv=01;35:*.asf=01;35:*.rm=01;35:*.rmvb=01;35:*.flc=01;35:*.avi=01;35:*.fli=01;35:*.flv=01;35:*.gl=01;35:*.dl=01;35:*.xcf=01;35:*.xwd=01;35:*.yuv=01;35:*.cgm=01;35:*.emf=01;35:*.ogv=01;35:*.ogx=01;35:*.aac=00;36:*.au=00;36:*.flac=00;36:*.m4a=00;36:*.mid=00;36:*.midi=00;36:*.mka=00;36:*.mp3=00;36:*.mpc=00;36:*.ogg=00;36:*.ra=00;36:*.wav=00;36:*.oga=00;36:*.opus=00;36:*.spx=00;36:*.xspf=00;36:'), ('VSCODE_GIT_IPC_HANDLE', '/run/user/1000/vscode-git-791eacad74.sock'), ('TERM_PROGRAM', 'vscode'), ('AMENT_PREFIX_PATH', '/home/go2/go2_ws/install/go2_description:/home/go2/go2_ws/src/muse/muse_ros2/muse_ws/install/state_estimator:/home/go2/go2_ws/src/muse/muse_ros2/muse_ws/install/state_estimator_msgs:/home/go2/go2_ws/src/muse/muse_ros2/muse_ws/install/kiss_icp:/home/go2/go2_ws/src/muse/muse_ros2/muse_ws/install/iit_commons:/opt/ros/humble'), ('SHELL', '/bin/bash'), ('LESSCLOSE', '/usr/bin/lesspipe %s %s'), ('VSCODE_GIT_ASKPASS_EXTRA_ARGS', ''), ('PWD', '/home/go2/go2_ws/src/muse/muse_ros2/muse_ws/build/iit_commons'), ('XDG_DATA_DIRS', '/usr/local/share:/usr/share:/var/lib/snapd/desktop'), ('PYTHONPATH', '/home/go2/go2_ws/src/muse/muse_ros2/muse_ws/install/state_estimator_msgs/local/lib/python3.10/dist-packages:/opt/ros/humble/lib/python3.10/site-packages:/opt/ros/humble/local/lib/python3.10/dist-packages'), ('COLCON', '1'), ('WSL2_GUI_APPS_ENABLED', '1'), ('HOSTTYPE', 'x86_64'), ('CMAKE_PREFIX_PATH', '/home/go2/go2_ws/install/go2_description:/home/go2/go2_ws/src/muse/muse_ros2/muse_ws/install/state_estimator:/home/go2/go2_ws/src/muse/muse_ros2/muse_ws/install/state_estimator_msgs:/home/go2/go2_ws/src/muse/muse_ros2/muse_ws/install/kiss_icp:/home/go2/go2_ws/src/muse/muse_ros2/muse_ws/install/iit_commons:/opt/ros/humble'), ('WSLENV', 'ELECTRON_RUN_AS_NODE/w:')]), 'shell': False}
[0.040764] (kiss_icp) JobProgress: {'identifier': 'kiss_icp', 'progress': 'cmake'}
[0.043015] (kiss_icp) Command: {'cmd': ['/usr/bin/cmake', '/home/go2/go2_ws/src/muse/muse_ros2/muse_ws/src/kiss-icp/ros', '-DCMAKE_INSTALL_PREFIX=/home/go2/go2_ws/src/muse/muse_ros2/muse_ws/install/kiss_icp'], 'cwd': '/home/go2/go2_ws/src/muse/muse_ros2/muse_ws/build/kiss_icp', 'env': OrderedDict([('LESSOPEN', '| /usr/bin/lesspipe %s'), ('USER', 'go2'), ('GIT_ASKPASS', '/home/go2/.vscode-server/bin/7d842fb85a0275a4a8e4d7e040d2625abbf7f084/extensions/git/dist/askpass.sh'), ('SHLVL', '2'), ('LD_LIBRARY_PATH', '/home/go2/go2_ws/src/muse/muse_ros2/muse_ws/install/state_estimator/lib:/home/go2/go2_ws/src/muse/muse_ros2/muse_ws/install/state_estimator_msgs/lib:/home/go2/go2_ws/src/muse/muse_ros2/muse_ws/install/kiss_icp/lib:/home/go2/go2_ws/src/muse/muse_ros2/muse_ws/install/iit_commons/lib:/opt/ros/humble/opt/rviz_ogre_vendor/lib:/opt/ros/humble/lib/x86_64-linux-gnu:/opt/ros/humble/lib'), ('HOME', '/home/go2'), ('OLDPWD', '/home/go2/go2_ws/src/muse/muse_ros2'), ('TERM_PROGRAM_VERSION', '1.105.1'), ('VSCODE_IPC_HOOK_CLI', '/run/user/1000/vscode-ipc-fd71f093-931c-4aa7-9729-3fcba30fa958.sock'), ('ROS_PYTHON_VERSION', '3'), ('VSCODE_GIT_ASKPASS_MAIN', '/home/go2/.vscode-server/bin/7d842fb85a0275a4a8e4d7e040d2625abbf7f084/extensions/git/dist/askpass-main.js'), ('VSCODE_GIT_ASKPASS_NODE', '/home/go2/.vscode-server/bin/7d842fb85a0275a4a8e4d7e040d2625abbf7f084/node'), ('VSCODE_PYTHON_AUTOACTIVATE_GUARD', '1'), ('DBUS_SESSION_BUS_ADDRESS', 'unix:path=/run/user/1000/bus'), ('COLORTERM', 'truecolor'), ('WSL_DISTRO_NAME', 'Ubuntu-22.04'), ('WAYLAND_DISPLAY', 'wayland-0'), ('COLCON_PREFIX_PATH', '/home/go2/go2_ws/src/muse/muse_ros2/muse_ws/install:/home/go2/go2_ws/install'), ('ROS_DISTRO', 'humble'), ('LOGNAME', 'go2'), ('NAME', 'Code'), ('WSL_INTEROP', '/run/WSL/705_interop'), ('PULSE_SERVER', 'unix:/mnt/wslg/PulseServer'), ('_', '/usr/bin/colcon'), ('ROS_VERSION', '2'), ('TERM', 'xterm-256color'), ('ROS_LOCALHOST_ONLY', '0'), ('PATH', '/home/go2/.vscode-server/bin/7d842fb85a0275a4a8e4d7e040d2625abbf7f084/bin/remote-cli:/opt/ros/humble/bin:/usr/local/sbin:/usr/local/bin:/usr/sbin:/usr/bin:/sbin:/bin:/usr/games:/usr/local/games:/usr/lib/wsl/lib:/mnt/c/Program Files/Common Files/Siemens/Automation/Simatic OAM/bin:/mnt/c/Program Files/Python310/Scripts/:/mnt/c/Program Files/Python310/:/mnt/c/Program Files (x86)/Razer/ChromaBroadcast/bin:/mnt/c/Program Files/Razer/ChromaBroadcast/bin:/mnt/c/WINDOWS/system32:/mnt/c/WINDOWS:/mnt/c/WINDOWS/System32/Wbem:/mnt/c/WINDOWS/System32/WindowsPowerShell/v1.0/:/mnt/c/WINDOWS/System32/OpenSSH/:/mnt/c/Program Files/dotnet/:/mnt/c/WINDOWS/system32:/mnt/c/WINDOWS:/mnt/c/WINDOWS/System32/Wbem:/mnt/c/WINDOWS/System32/WindowsPowerShell/v1.0/:/mnt/c/WINDOWS/System32/OpenSSH/:/mnt/c/Program Files/Git/cmd:/mnt/c/Users/LABID/AppData/Local/Microsoft/WindowsApps:/mnt/c/Program Files/Docker/Docker/resources/bin:/mnt/c/Users/LABID/AppData/Local/Programs/Microsoft VS Code/bin:/snap/bin'), ('XDG_RUNTIME_DIR', '/run/user/1000/'), ('DISPLAY', ':0'), ('LANG', 'en_US.UTF-8'), ('LS_COLORS', 'rs=0:di=01;34:ln=01;36:mh=00:pi=40;33:so=01;35:do=01;35:bd=40;33;01:cd=40;33;01:or=40;31;01:mi=00:su=37;41:sg=30;43:ca=30;41:tw=30;42:ow=34;42:st=37;44:ex=01;32:*.tar=01;31:*.tgz=01;31:*.arc=01;31:*.arj=01;31:*.taz=01;31:*.lha=01;31:*.lz4=01;31:*.lzh=01;31:*.lzma=01;31:*.tlz=01;31:*.txz=01;31:*.tzo=01;31:*.t7z=01;31:*.zip=01;31:*.z=01;31:*.dz=01;31:*.gz=01;31:*.lrz=01;31:*.lz=01;31:*.lzo=01;31:*.xz=01;31:*.zst=01;31:*.tzst=01;31:*.bz2=01;31:*.bz=01;31:*.tbz=01;31:*.tbz2=01;31:*.tz=01;31:*.deb=01;31:*.rpm=01;31:*.jar=01;31:*.war=01;31:*.ear=01;31:*.sar=01;31:*.rar=01;31:*.alz=01;31:*.ace=01;31:*.zoo=01;31:*.cpio=01;31:*.7z=01;31:*.rz=01;31:*.cab=01;31:*.wim=01;31:*.swm=01;31:*.dwm=01;31:*.esd=01;31:*.jpg=01;35:*.jpeg=01;35:*.mjpg=01;35:*.mjpeg=01;35:*.gif=01;35:*.bmp=01;35:*.pbm=01;35:*.pgm=01;35:*.ppm=01;35:*.tga=01;35:*.xbm=01;35:*.xpm=01;35:*.tif=01;35:*.tiff=01;35:*.png=01;35:*.svg=01;35:*.svgz=01;35:*.mng=01;35:*.pcx=01;35:*.mov=01;35:*.mpg=01;35:*.mpeg=01;35:*.m2v=01;35:*.mkv=01;35:*.webm=01;35:*.webp=01;35:*.ogm=01;35:*.mp4=01;35:*.m4v=01;35:*.mp4v=01;35:*.vob=01;35:*.qt=01;35:*.nuv=01;35:*.wmv=01;35:*.asf=01;35:*.rm=01;35:*.rmvb=01;35:*.flc=01;35:*.avi=01;35:*.fli=01;35:*.flv=01;35:*.gl=01;35:*.dl=01;35:*.xcf=01;35:*.xwd=01;35:*.yuv=01;35:*.cgm=01;35:*.emf=01;35:*.ogv=01;35:*.ogx=01;35:*.aac=00;36:*.au=00;36:*.flac=00;36:*.m4a=00;36:*.mid=00;36:*.midi=00;36:*.mka=00;36:*.mp3=00;36:*.mpc=00;36:*.ogg=00;36:*.ra=00;36:*.wav=00;36:*.oga=00;36:*.opus=00;36:*.spx=00;36:*.xspf=00;36:'), ('VSCODE_GIT_IPC_HANDLE', '/run/user/1000/vscode-git-791eacad74.sock'), ('TERM_PROGRAM', 'vscode'), ('AMENT_PREFIX_PATH', '/home/go2/go2_ws/install/go2_description:/home/go2/go2_ws/src/muse/muse_ros2/muse_ws/install/state_estimator:/home/go2/go2_ws/src/muse/muse_ros2/muse_ws/install/state_estimator_msgs:/home/go2/go2_ws/src/muse/muse_ros2/muse_ws/install/kiss_icp:/home/go2/go2_ws/src/muse/muse_ros2/muse_ws/install/iit_commons:/opt/ros/humble'), ('SHELL', '/bin/bash'), ('LESSCLOSE', '/usr/bin/lesspipe %s %s'), ('VSCODE_GIT_ASKPASS_EXTRA_ARGS', ''), ('PWD', '/home/go2/go2_ws/src/muse/muse_ros2/muse_ws/build/kiss_icp'), ('XDG_DATA_DIRS', '/usr/local/share:/usr/share:/var/lib/snapd/desktop'), ('PYTHONPATH', '/home/go2/go2_ws/src/muse/muse_ros2/muse_ws/install/state_estimator_msgs/local/lib/python3.10/dist-packages:/opt/ros/humble/lib/python3.10/site-packages:/opt/ros/humble/local/lib/python3.10/dist-packages'), ('COLCON', '1'), ('WSL2_GUI_APPS_ENABLED', '1'), ('HOSTTYPE', 'x86_64'), ('CMAKE_PREFIX_PATH', '/home/go2/go2_ws/install/go2_description:/home/go2/go2_ws/src/muse/muse_ros2/muse_ws/install/state_estimator:/home/go2/go2_ws/src/muse/muse_ros2/muse_ws/install/state_estimator_msgs:/home/go2/go2_ws/src/muse/muse_ros2/muse_ws/install/kiss_icp:/home/go2/go2_ws/src/muse/muse_ros2/muse_ws/install/iit_commons:/opt/ros/humble'), ('WSLENV', 'ELECTRON_RUN_AS_NODE/w:')]), 'shell': False}
[0.099064] (-) TimerEvent: {}
[0.197511] (kiss_icp) StdoutLine: {'line': b'-- The CXX compiler identification is GNU 11.4.0\n'}
[0.199169] (-) TimerEvent: {}
[0.212347] (iit_commons) StdoutLine: {'line': b'-- The C compiler identification is GNU 11.4.0\n'}
[0.221001] (state_estimator_msgs) StdoutLine: {'line': b'-- The C compiler identification is GNU 11.4.0\n'}
[0.299302] (-) TimerEvent: {}
[0.364847] (kiss_icp) StdoutLine: {'line': b'-- Detecting CXX compiler ABI info\n'}
[0.399461] (-) TimerEvent: {}
[0.499876] (-) TimerEvent: {}
[0.529080] (state_estimator_msgs) StdoutLine: {'line': b'-- The CXX compiler identification is GNU 11.4.0\n'}
[0.529467] (iit_commons) StdoutLine: {'line': b'-- The CXX compiler identification is GNU 11.4.0\n'}
[0.548073] (kiss_icp) StdoutLine: {'line': b'-- Detecting CXX compiler ABI info - done\n'}
[0.555258] (kiss_icp) StdoutLine: {'line': b'-- Check for working CXX compiler: /usr/bin/c++ - skipped\n'}
[0.556547] (kiss_icp) StdoutLine: {'line': b'-- Detecting CXX compile features\n'}
[0.557324] (kiss_icp) StdoutLine: {'line': b'-- Detecting CXX compile features - done\n'}
[0.600008] (-) TimerEvent: {}
[0.700351] (-) TimerEvent: {}
[0.700990] (state_estimator_msgs) StdoutLine: {'line': b'-- Detecting C compiler ABI info\n'}
[0.706440] (iit_commons) StdoutLine: {'line': b'-- Detecting C compiler ABI info\n'}
[0.800484] (-) TimerEvent: {}
[0.832634] (state_estimator_msgs) StdoutLine: {'line': b'-- Detecting C compiler ABI info - done\n'}
[0.834232] (iit_commons) StdoutLine: {'line': b'-- Detecting C compiler ABI info - done\n'}
[0.840178] (state_estimator_msgs) StdoutLine: {'line': b'-- Check for working C compiler: /usr/bin/cc - skipped\n'}
[0.840462] (state_estimator_msgs) StdoutLine: {'line': b'-- Detecting C compile features\n'}
[0.840935] (state_estimator_msgs) StdoutLine: {'line': b'-- Detecting C compile features - done\n'}
[0.841401] (iit_commons) StdoutLine: {'line': b'-- Check for working C compiler: /usr/bin/cc - skipped\n'}
[0.841692] (iit_commons) StdoutLine: {'line': b'-- Detecting C compile features\n'}
[0.841955] (iit_commons) StdoutLine: {'line': b'-- Detecting C compile features - done\n'}
[0.845489] (iit_commons) StdoutLine: {'line': b'-- Detecting CXX compiler ABI info\n'}
[0.845654] (state_estimator_msgs) StdoutLine: {'line': b'-- Detecting CXX compiler ABI info\n'}
[0.900611] (-) TimerEvent: {}
[0.973120] (state_estimator_msgs) StdoutLine: {'line': b'-- Detecting CXX compiler ABI info - done\n'}
[0.973432] (iit_commons) StdoutLine: {'line': b'-- Detecting CXX compiler ABI info - done\n'}
[0.980622] (iit_commons) StdoutLine: {'line': b'-- Check for working CXX compiler: /usr/bin/c++ - skipped\n'}
[0.980857] (iit_commons) StdoutLine: {'line': b'-- Detecting CXX compile features\n'}
[0.981351] (iit_commons) StdoutLine: {'line': b'-- Detecting CXX compile features - done\n'}
[0.981575] (state_estimator_msgs) StdoutLine: {'line': b'-- Check for working CXX compiler: /usr/bin/c++ - skipped\n'}
[0.981768] (state_estimator_msgs) StdoutLine: {'line': b'-- Detecting CXX compile features\n'}
[0.982188] (state_estimator_msgs) StdoutLine: {'line': b'-- Detecting CXX compile features - done\n'}
[0.987382] (state_estimator_msgs) StdoutLine: {'line': b'-- Found ament_cmake: 1.3.12 (/opt/ros/humble/share/ament_cmake/cmake)\n'}
[0.987510] (iit_commons) StdoutLine: {'line': b'-- Found ament_cmake: 1.3.12 (/opt/ros/humble/share/ament_cmake/cmake)\n'}
[1.000779] (-) TimerEvent: {}
[1.101151] (-) TimerEvent: {}
[1.155835] (iit_commons) StdoutLine: {'line': b'-- Found Python3: /usr/bin/python3 (found version "3.10.12") found components: Interpreter \n'}
[1.159432] (state_estimator_msgs) StdoutLine: {'line': b'-- Found Python3: /usr/bin/python3 (found version "3.10.12") found components: Interpreter \n'}
[1.201272] (-) TimerEvent: {}
[1.255288] (state_estimator_msgs) StdoutLine: {'line': b'-- Found geometry_msgs: 4.9.0 (/opt/ros/humble/share/geometry_msgs/cmake)\n'}
[1.255619] (iit_commons) StdoutLine: {'line': b'-- Found eigen3_cmake_module: 0.1.1 (/opt/ros/humble/share/eigen3_cmake_module/cmake)\n'}
[1.262228] (iit_commons) StdoutLine: {'line': b'-- Found Eigen3: TRUE (found version "3.4.0") \n'}
[1.267081] (iit_commons) StdoutLine: {'line': b'-- Found ament_lint_auto: 0.12.14 (/opt/ros/humble/share/ament_lint_auto/cmake)\n'}
[1.301388] (-) TimerEvent: {}
[1.362696] (iit_commons) StdoutLine: {'line': b"-- Found gtest sources under '/opt/ros/humble/src/gtest_vendor': C++ tests using 'Google Test' will be built\n"}
[1.366423] (iit_commons) StdoutLine: {'line': b'-- Looking for pthread.h\n'}
[1.379741] (state_estimator_msgs) StdoutLine: {'line': b'-- Found rosidl_generator_c: 3.1.7 (/opt/ros/humble/share/rosidl_generator_c/cmake)\n'}
[1.385473] (state_estimator_msgs) StdoutLine: {'line': b'-- Found rosidl_adapter: 3.1.7 (/opt/ros/humble/share/rosidl_adapter/cmake)\n'}
[1.393959] (state_estimator_msgs) StdoutLine: {'line': b'-- Found rosidl_generator_cpp: 3.1.7 (/opt/ros/humble/share/rosidl_generator_cpp/cmake)\n'}
[1.401523] (-) TimerEvent: {}
[1.408856] (state_estimator_msgs) StdoutLine: {'line': b'-- Using all available rosidl_typesupport_c: rosidl_typesupport_fastrtps_c;rosidl_typesupport_introspection_c\n'}
[1.426520] (state_estimator_msgs) StdoutLine: {'line': b'-- Using all available rosidl_typesupport_cpp: rosidl_typesupport_fastrtps_cpp;rosidl_typesupport_introspection_cpp\n'}
[1.468542] (state_estimator_msgs) StdoutLine: {'line': b'-- Found sensor_msgs: 4.9.0 (/opt/ros/humble/share/sensor_msgs/cmake)\n'}
[1.486902] (state_estimator_msgs) StdoutLine: {'line': b'-- Found rosidl_default_generators: 1.2.0 (/opt/ros/humble/share/rosidl_default_generators/cmake)\n'}
[1.501716] (-) TimerEvent: {}
[1.515747] (iit_commons) StdoutLine: {'line': b'-- Looking for pthread.h - found\n'}
[1.516240] (iit_commons) StdoutLine: {'line': b'-- Performing Test CMAKE_HAVE_LIBC_PTHREAD\n'}
[1.601832] (-) TimerEvent: {}
[1.658050] (iit_commons) StdoutLine: {'line': b'-- Performing Test CMAKE_HAVE_LIBC_PTHREAD - Success\n'}
[1.659033] (iit_commons) StdoutLine: {'line': b'-- Found Threads: TRUE  \n'}
[1.677781] (iit_commons) StdoutLine: {'line': b"-- Added test 'copyright' to check source files copyright and LICENSE\n"}
[1.684229] (iit_commons) StdoutLine: {'line': b"-- Added test 'cppcheck' to perform static code analysis on C / C++ code\n"}
[1.684591] (iit_commons) StdoutLine: {'line': b'-- Configured cppcheck include dirs: /home/go2/go2_ws/src/muse/muse_ros2/muse_ws/src/iit_commons/include\n'}
[1.684675] (iit_commons) StdoutLine: {'line': b'-- Configured cppcheck exclude dirs and/or files: \n'}
[1.691335] (iit_commons) StdoutLine: {'line': b"-- Added test 'cpplint' to check C / C++ code against the Google style\n"}
[1.691449] (iit_commons) StdoutLine: {'line': b'-- Configured cpplint exclude dirs and/or files: \n'}
[1.694405] (iit_commons) StdoutLine: {'line': b"-- Added test 'lint_cmake' to check CMake code style\n"}
[1.701349] (iit_commons) StdoutLine: {'line': b"-- Added test 'uncrustify' to check C / C++ code style\n"}
[1.701455] (iit_commons) StdoutLine: {'line': b'-- Configured uncrustify additional arguments: \n'}
[1.701973] (-) TimerEvent: {}
[1.702889] (iit_commons) StdoutLine: {'line': b"-- Added test 'xmllint' to check XML markup files\n"}
[1.705880] (iit_commons) StdoutLine: {'line': b'-- Configuring done\n'}
[1.733428] (iit_commons) StdoutLine: {'line': b'-- Generating done\n'}
[1.739396] (iit_commons) StdoutLine: {'line': b'-- Build files have been written to: /home/go2/go2_ws/src/muse/muse_ros2/muse_ws/build/iit_commons\n'}
[1.743931] (iit_commons) CommandEnded: {'returncode': 0}
[1.744562] (iit_commons) JobProgress: {'identifier': 'iit_commons', 'progress': 'build'}
[1.745236] (iit_commons) Command: {'cmd': ['/usr/bin/cmake', '--build', '/home/go2/go2_ws/src/muse/muse_ros2/muse_ws/build/iit_commons', '--', '-j12', '-l12'], 'cwd': '/home/go2/go2_ws/src/muse/muse_ros2/muse_ws/build/iit_commons', 'env': OrderedDict([('LESSOPEN', '| /usr/bin/lesspipe %s'), ('USER', 'go2'), ('GIT_ASKPASS', '/home/go2/.vscode-server/bin/7d842fb85a0275a4a8e4d7e040d2625abbf7f084/extensions/git/dist/askpass.sh'), ('SHLVL', '2'), ('LD_LIBRARY_PATH', '/home/go2/go2_ws/src/muse/muse_ros2/muse_ws/install/state_estimator/lib:/home/go2/go2_ws/src/muse/muse_ros2/muse_ws/install/state_estimator_msgs/lib:/home/go2/go2_ws/src/muse/muse_ros2/muse_ws/install/kiss_icp/lib:/home/go2/go2_ws/src/muse/muse_ros2/muse_ws/install/iit_commons/lib:/opt/ros/humble/opt/rviz_ogre_vendor/lib:/opt/ros/humble/lib/x86_64-linux-gnu:/opt/ros/humble/lib'), ('HOME', '/home/go2'), ('OLDPWD', '/home/go2/go2_ws/src/muse/muse_ros2'), ('TERM_PROGRAM_VERSION', '1.105.1'), ('VSCODE_IPC_HOOK_CLI', '/run/user/1000/vscode-ipc-fd71f093-931c-4aa7-9729-3fcba30fa958.sock'), ('ROS_PYTHON_VERSION', '3'), ('VSCODE_GIT_ASKPASS_MAIN', '/home/go2/.vscode-server/bin/7d842fb85a0275a4a8e4d7e040d2625abbf7f084/extensions/git/dist/askpass-main.js'), ('VSCODE_GIT_ASKPASS_NODE', '/home/go2/.vscode-server/bin/7d842fb85a0275a4a8e4d7e040d2625abbf7f084/node'), ('VSCODE_PYTHON_AUTOACTIVATE_GUARD', '1'), ('DBUS_SESSION_BUS_ADDRESS', 'unix:path=/run/user/1000/bus'), ('COLORTERM', 'truecolor'), ('WSL_DISTRO_NAME', 'Ubuntu-22.04'), ('WAYLAND_DISPLAY', 'wayland-0'), ('COLCON_PREFIX_PATH', '/home/go2/go2_ws/src/muse/muse_ros2/muse_ws/install:/home/go2/go2_ws/install'), ('ROS_DISTRO', 'humble'), ('LOGNAME', 'go2'), ('NAME', 'Code'), ('WSL_INTEROP', '/run/WSL/705_interop'), ('PULSE_SERVER', 'unix:/mnt/wslg/PulseServer'), ('_', '/usr/bin/colcon'), ('ROS_VERSION', '2'), ('TERM', 'xterm-256color'), ('ROS_LOCALHOST_ONLY', '0'), ('PATH', '/home/go2/.vscode-server/bin/7d842fb85a0275a4a8e4d7e040d2625abbf7f084/bin/remote-cli:/opt/ros/humble/bin:/usr/local/sbin:/usr/local/bin:/usr/sbin:/usr/bin:/sbin:/bin:/usr/games:/usr/local/games:/usr/lib/wsl/lib:/mnt/c/Program Files/Common Files/Siemens/Automation/Simatic OAM/bin:/mnt/c/Program Files/Python310/Scripts/:/mnt/c/Program Files/Python310/:/mnt/c/Program Files (x86)/Razer/ChromaBroadcast/bin:/mnt/c/Program Files/Razer/ChromaBroadcast/bin:/mnt/c/WINDOWS/system32:/mnt/c/WINDOWS:/mnt/c/WINDOWS/System32/Wbem:/mnt/c/WINDOWS/System32/WindowsPowerShell/v1.0/:/mnt/c/WINDOWS/System32/OpenSSH/:/mnt/c/Program Files/dotnet/:/mnt/c/WINDOWS/system32:/mnt/c/WINDOWS:/mnt/c/WINDOWS/System32/Wbem:/mnt/c/WINDOWS/System32/WindowsPowerShell/v1.0/:/mnt/c/WINDOWS/System32/OpenSSH/:/mnt/c/Program Files/Git/cmd:/mnt/c/Users/LABID/AppData/Local/Microsoft/WindowsApps:/mnt/c/Program Files/Docker/Docker/resources/bin:/mnt/c/Users/LABID/AppData/Local/Programs/Microsoft VS Code/bin:/snap/bin'), ('XDG_RUNTIME_DIR', '/run/user/1000/'), ('DISPLAY', ':0'), ('LANG', 'en_US.UTF-8'), ('LS_COLORS', 'rs=0:di=01;34:ln=01;36:mh=00:pi=40;33:so=01;35:do=01;35:bd=40;33;01:cd=40;33;01:or=40;31;01:mi=00:su=37;41:sg=30;43:ca=30;41:tw=30;42:ow=34;42:st=37;44:ex=01;32:*.tar=01;31:*.tgz=01;31:*.arc=01;31:*.arj=01;31:*.taz=01;31:*.lha=01;31:*.lz4=01;31:*.lzh=01;31:*.lzma=01;31:*.tlz=01;31:*.txz=01;31:*.tzo=01;31:*.t7z=01;31:*.zip=01;31:*.z=01;31:*.dz=01;31:*.gz=01;31:*.lrz=01;31:*.lz=01;31:*.lzo=01;31:*.xz=01;31:*.zst=01;31:*.tzst=01;31:*.bz2=01;31:*.bz=01;31:*.tbz=01;31:*.tbz2=01;31:*.tz=01;31:*.deb=01;31:*.rpm=01;31:*.jar=01;31:*.war=01;31:*.ear=01;31:*.sar=01;31:*.rar=01;31:*.alz=01;31:*.ace=01;31:*.zoo=01;31:*.cpio=01;31:*.7z=01;31:*.rz=01;31:*.cab=01;31:*.wim=01;31:*.swm=01;31:*.dwm=01;31:*.esd=01;31:*.jpg=01;35:*.jpeg=01;35:*.mjpg=01;35:*.mjpeg=01;35:*.gif=01;35:*.bmp=01;35:*.pbm=01;35:*.pgm=01;35:*.ppm=01;35:*.tga=01;35:*.xbm=01;35:*.xpm=01;35:*.tif=01;35:*.tiff=01;35:*.png=01;35:*.svg=01;35:*.svgz=01;35:*.mng=01;35:*.pcx=01;35:*.mov=01;35:*.mpg=01;35:*.mpeg=01;35:*.m2v=01;35:*.mkv=01;35:*.webm=01;35:*.webp=01;35:*.ogm=01;35:*.mp4=01;35:*.m4v=01;35:*.mp4v=01;35:*.vob=01;35:*.qt=01;35:*.nuv=01;35:*.wmv=01;35:*.asf=01;35:*.rm=01;35:*.rmvb=01;35:*.flc=01;35:*.avi=01;35:*.fli=01;35:*.flv=01;35:*.gl=01;35:*.dl=01;35:*.xcf=01;35:*.xwd=01;35:*.yuv=01;35:*.cgm=01;35:*.emf=01;35:*.ogv=01;35:*.ogx=01;35:*.aac=00;36:*.au=00;36:*.flac=00;36:*.m4a=00;36:*.mid=00;36:*.midi=00;36:*.mka=00;36:*.mp3=00;36:*.mpc=00;36:*.ogg=00;36:*.ra=00;36:*.wav=00;36:*.oga=00;36:*.opus=00;36:*.spx=00;36:*.xspf=00;36:'), ('VSCODE_GIT_IPC_HANDLE', '/run/user/1000/vscode-git-791eacad74.sock'), ('TERM_PROGRAM', 'vscode'), ('AMENT_PREFIX_PATH', '/home/go2/go2_ws/install/go2_description:/home/go2/go2_ws/src/muse/muse_ros2/muse_ws/install/state_estimator:/home/go2/go2_ws/src/muse/muse_ros2/muse_ws/install/state_estimator_msgs:/home/go2/go2_ws/src/muse/muse_ros2/muse_ws/install/kiss_icp:/home/go2/go2_ws/src/muse/muse_ros2/muse_ws/install/iit_commons:/opt/ros/humble'), ('SHELL', '/bin/bash'), ('LESSCLOSE', '/usr/bin/lesspipe %s %s'), ('VSCODE_GIT_ASKPASS_EXTRA_ARGS', ''), ('PWD', '/home/go2/go2_ws/src/muse/muse_ros2/muse_ws/build/iit_commons'), ('XDG_DATA_DIRS', '/usr/local/share:/usr/share:/var/lib/snapd/desktop'), ('PYTHONPATH', '/home/go2/go2_ws/src/muse/muse_ros2/muse_ws/install/state_estimator_msgs/local/lib/python3.10/dist-packages:/opt/ros/humble/lib/python3.10/site-packages:/opt/ros/humble/local/lib/python3.10/dist-packages'), ('COLCON', '1'), ('WSL2_GUI_APPS_ENABLED', '1'), ('HOSTTYPE', 'x86_64'), ('CMAKE_PREFIX_PATH', '/home/go2/go2_ws/install/go2_description:/home/go2/go2_ws/src/muse/muse_ros2/muse_ws/install/state_estimator:/home/go2/go2_ws/src/muse/muse_ros2/muse_ws/install/state_estimator_msgs:/home/go2/go2_ws/src/muse/muse_ros2/muse_ws/install/kiss_icp:/home/go2/go2_ws/src/muse/muse_ros2/muse_ws/install/iit_commons:/opt/ros/humble'), ('WSLENV', 'ELECTRON_RUN_AS_NODE/w:')]), 'shell': False}
[1.799338] (iit_commons) StdoutLine: {'line': b'[  4%] \x1b[32mBuilding CXX object CMakeFiles/iitcommons.dir/src/fbl/four_bar_linkage.cpp.o\x1b[0m\n'}
[1.799636] (iit_commons) StdoutLine: {'line': b'[  9%] \x1b[32mBuilding CXX object CMakeFiles/iitcommons.dir/src/planning.cpp.o\x1b[0m\n'}
[1.800633] (iit_commons) StdoutLine: {'line': b'[ 14%] \x1b[32mBuilding CXX object gtest/CMakeFiles/gtest_main.dir/src/gtest_main.cc.o\x1b[0m\n'}
[1.801107] (iit_commons) StdoutLine: {'line': b'[ 19%] \x1b[32mBuilding CXX object CMakeFiles/iitcommons.dir/src/hydraulics.cpp.o\x1b[0m\n'}
[1.801549] (iit_commons) StdoutLine: {'line': b'[ 28%] \x1b[32mBuilding CXX object CMakeFiles/iitcommons.dir/src/control/VirtualModel.cpp.o\x1b[0m\n'}
[1.801707] (iit_commons) StdoutLine: {'line': b'[ 28%] \x1b[32mBuilding CXX object gtest/CMakeFiles/gtest.dir/src/gtest-all.cc.o\x1b[0m\n'}
[1.802079] (-) TimerEvent: {}
[1.902379] (-) TimerEvent: {}
[1.996571] (state_estimator_msgs) StdoutLine: {'line': b'-- Found ament_cmake_ros: 0.10.0 (/opt/ros/humble/share/ament_cmake_ros/cmake)\n'}
[2.002550] (-) TimerEvent: {}
[2.103043] (-) TimerEvent: {}
[2.203555] (-) TimerEvent: {}
[2.303949] (-) TimerEvent: {}
[2.404398] (-) TimerEvent: {}
[2.504854] (-) TimerEvent: {}
[2.605324] (-) TimerEvent: {}
[2.690906] (state_estimator_msgs) StdoutLine: {'line': b'-- Using all available rosidl_typesupport_c: rosidl_typesupport_fastrtps_c;rosidl_typesupport_introspection_c\n'}
[2.705485] (-) TimerEvent: {}
[2.805852] (-) TimerEvent: {}
[2.906304] (-) TimerEvent: {}
[2.925780] (state_estimator_msgs) StdoutLine: {'line': b'-- Using all available rosidl_typesupport_cpp: rosidl_typesupport_fastrtps_cpp;rosidl_typesupport_introspection_cpp\n'}
[3.006465] (-) TimerEvent: {}
[3.039297] (state_estimator_msgs) StdoutLine: {'line': b'-- Found PythonInterp: /usr/bin/python3 (found suitable version "3.10.12", minimum required is "3.6") \n'}
[3.042328] (state_estimator_msgs) StdoutLine: {'line': b'-- Found python_cmake_module: 0.10.0 (/opt/ros/humble/share/python_cmake_module/cmake)\n'}
[3.106657] (-) TimerEvent: {}
[3.169457] (iit_commons) StdoutLine: {'line': b'[ 33%] \x1b[32m\x1b[1mLinking CXX static library libgtest_main.a\x1b[0m\n'}
[3.206799] (-) TimerEvent: {}
[3.225871] (iit_commons) StdoutLine: {'line': b'[ 33%] Built target gtest_main\n'}
[3.306968] (-) TimerEvent: {}
[3.332052] (state_estimator_msgs) StdoutLine: {'line': b'-- Found PythonLibs: /usr/lib/x86_64-linux-gnu/libpython3.10.so (found suitable version "3.10.12", minimum required is "3.5") \n'}
[3.332294] (state_estimator_msgs) StdoutLine: {'line': b'-- Using PYTHON_EXECUTABLE: /usr/bin/python3\n'}
[3.332369] (state_estimator_msgs) StdoutLine: {'line': b'-- Using PYTHON_INCLUDE_DIRS: /usr/include/python3.10\n'}
[3.332435] (state_estimator_msgs) StdoutLine: {'line': b'-- Using PYTHON_LIBRARIES: /usr/lib/x86_64-linux-gnu/libpython3.10.so\n'}
[3.354446] (state_estimator_msgs) StdoutLine: {'line': b'-- Found PythonExtra: .so  \n'}
[3.407092] (-) TimerEvent: {}
[3.487590] (state_estimator_msgs) StdoutLine: {'line': b'-- Configuring done\n'}
[3.507274] (-) TimerEvent: {}
[3.603108] (state_estimator_msgs) StdoutLine: {'line': b'-- Generating done\n'}
[3.607446] (-) TimerEvent: {}
[3.626100] (state_estimator_msgs) StdoutLine: {'line': b'-- Build files have been written to: /home/go2/go2_ws/src/muse/muse_ros2/muse_ws/build/state_estimator_msgs\n'}
[3.638892] (state_estimator_msgs) CommandEnded: {'returncode': 0}
[3.640912] (state_estimator_msgs) JobProgress: {'identifier': 'state_estimator_msgs', 'progress': 'build'}
[3.641033] (state_estimator_msgs) Command: {'cmd': ['/usr/bin/cmake', '--build', '/home/go2/go2_ws/src/muse/muse_ros2/muse_ws/build/state_estimator_msgs', '--', '-j12', '-l12'], 'cwd': '/home/go2/go2_ws/src/muse/muse_ros2/muse_ws/build/state_estimator_msgs', 'env': OrderedDict([('LESSOPEN', '| /usr/bin/lesspipe %s'), ('USER', 'go2'), ('GIT_ASKPASS', '/home/go2/.vscode-server/bin/7d842fb85a0275a4a8e4d7e040d2625abbf7f084/extensions/git/dist/askpass.sh'), ('SHLVL', '2'), ('LD_LIBRARY_PATH', '/home/go2/go2_ws/src/muse/muse_ros2/muse_ws/install/state_estimator/lib:/home/go2/go2_ws/src/muse/muse_ros2/muse_ws/install/state_estimator_msgs/lib:/home/go2/go2_ws/src/muse/muse_ros2/muse_ws/install/kiss_icp/lib:/home/go2/go2_ws/src/muse/muse_ros2/muse_ws/install/iit_commons/lib:/opt/ros/humble/opt/rviz_ogre_vendor/lib:/opt/ros/humble/lib/x86_64-linux-gnu:/opt/ros/humble/lib'), ('HOME', '/home/go2'), ('OLDPWD', '/home/go2/go2_ws/src/muse/muse_ros2'), ('TERM_PROGRAM_VERSION', '1.105.1'), ('VSCODE_IPC_HOOK_CLI', '/run/user/1000/vscode-ipc-fd71f093-931c-4aa7-9729-3fcba30fa958.sock'), ('ROS_PYTHON_VERSION', '3'), ('VSCODE_GIT_ASKPASS_MAIN', '/home/go2/.vscode-server/bin/7d842fb85a0275a4a8e4d7e040d2625abbf7f084/extensions/git/dist/askpass-main.js'), ('VSCODE_GIT_ASKPASS_NODE', '/home/go2/.vscode-server/bin/7d842fb85a0275a4a8e4d7e040d2625abbf7f084/node'), ('VSCODE_PYTHON_AUTOACTIVATE_GUARD', '1'), ('DBUS_SESSION_BUS_ADDRESS', 'unix:path=/run/user/1000/bus'), ('COLORTERM', 'truecolor'), ('WSL_DISTRO_NAME', 'Ubuntu-22.04'), ('WAYLAND_DISPLAY', 'wayland-0'), ('COLCON_PREFIX_PATH', '/home/go2/go2_ws/src/muse/muse_ros2/muse_ws/install:/home/go2/go2_ws/install'), ('ROS_DISTRO', 'humble'), ('LOGNAME', 'go2'), ('NAME', 'Code'), ('WSL_INTEROP', '/run/WSL/705_interop'), ('PULSE_SERVER', 'unix:/mnt/wslg/PulseServer'), ('_', '/usr/bin/colcon'), ('ROS_VERSION', '2'), ('TERM', 'xterm-256color'), ('ROS_LOCALHOST_ONLY', '0'), ('PATH', '/home/go2/.vscode-server/bin/7d842fb85a0275a4a8e4d7e040d2625abbf7f084/bin/remote-cli:/opt/ros/humble/bin:/usr/local/sbin:/usr/local/bin:/usr/sbin:/usr/bin:/sbin:/bin:/usr/games:/usr/local/games:/usr/lib/wsl/lib:/mnt/c/Program Files/Common Files/Siemens/Automation/Simatic OAM/bin:/mnt/c/Program Files/Python310/Scripts/:/mnt/c/Program Files/Python310/:/mnt/c/Program Files (x86)/Razer/ChromaBroadcast/bin:/mnt/c/Program Files/Razer/ChromaBroadcast/bin:/mnt/c/WINDOWS/system32:/mnt/c/WINDOWS:/mnt/c/WINDOWS/System32/Wbem:/mnt/c/WINDOWS/System32/WindowsPowerShell/v1.0/:/mnt/c/WINDOWS/System32/OpenSSH/:/mnt/c/Program Files/dotnet/:/mnt/c/WINDOWS/system32:/mnt/c/WINDOWS:/mnt/c/WINDOWS/System32/Wbem:/mnt/c/WINDOWS/System32/WindowsPowerShell/v1.0/:/mnt/c/WINDOWS/System32/OpenSSH/:/mnt/c/Program Files/Git/cmd:/mnt/c/Users/LABID/AppData/Local/Microsoft/WindowsApps:/mnt/c/Program Files/Docker/Docker/resources/bin:/mnt/c/Users/LABID/AppData/Local/Programs/Microsoft VS Code/bin:/snap/bin'), ('XDG_RUNTIME_DIR', '/run/user/1000/'), ('DISPLAY', ':0'), ('LANG', 'en_US.UTF-8'), ('LS_COLORS', 'rs=0:di=01;34:ln=01;36:mh=00:pi=40;33:so=01;35:do=01;35:bd=40;33;01:cd=40;33;01:or=40;31;01:mi=00:su=37;41:sg=30;43:ca=30;41:tw=30;42:ow=34;42:st=37;44:ex=01;32:*.tar=01;31:*.tgz=01;31:*.arc=01;31:*.arj=01;31:*.taz=01;31:*.lha=01;31:*.lz4=01;31:*.lzh=01;31:*.lzma=01;31:*.tlz=01;31:*.txz=01;31:*.tzo=01;31:*.t7z=01;31:*.zip=01;31:*.z=01;31:*.dz=01;31:*.gz=01;31:*.lrz=01;31:*.lz=01;31:*.lzo=01;31:*.xz=01;31:*.zst=01;31:*.tzst=01;31:*.bz2=01;31:*.bz=01;31:*.tbz=01;31:*.tbz2=01;31:*.tz=01;31:*.deb=01;31:*.rpm=01;31:*.jar=01;31:*.war=01;31:*.ear=01;31:*.sar=01;31:*.rar=01;31:*.alz=01;31:*.ace=01;31:*.zoo=01;31:*.cpio=01;31:*.7z=01;31:*.rz=01;31:*.cab=01;31:*.wim=01;31:*.swm=01;31:*.dwm=01;31:*.esd=01;31:*.jpg=01;35:*.jpeg=01;35:*.mjpg=01;35:*.mjpeg=01;35:*.gif=01;35:*.bmp=01;35:*.pbm=01;35:*.pgm=01;35:*.ppm=01;35:*.tga=01;35:*.xbm=01;35:*.xpm=01;35:*.tif=01;35:*.tiff=01;35:*.png=01;35:*.svg=01;35:*.svgz=01;35:*.mng=01;35:*.pcx=01;35:*.mov=01;35:*.mpg=01;35:*.mpeg=01;35:*.m2v=01;35:*.mkv=01;35:*.webm=01;35:*.webp=01;35:*.ogm=01;35:*.mp4=01;35:*.m4v=01;35:*.mp4v=01;35:*.vob=01;35:*.qt=01;35:*.nuv=01;35:*.wmv=01;35:*.asf=01;35:*.rm=01;35:*.rmvb=01;35:*.flc=01;35:*.avi=01;35:*.fli=01;35:*.flv=01;35:*.gl=01;35:*.dl=01;35:*.xcf=01;35:*.xwd=01;35:*.yuv=01;35:*.cgm=01;35:*.emf=01;35:*.ogv=01;35:*.ogx=01;35:*.aac=00;36:*.au=00;36:*.flac=00;36:*.m4a=00;36:*.mid=00;36:*.midi=00;36:*.mka=00;36:*.mp3=00;36:*.mpc=00;36:*.ogg=00;36:*.ra=00;36:*.wav=00;36:*.oga=00;36:*.opus=00;36:*.spx=00;36:*.xspf=00;36:'), ('VSCODE_GIT_IPC_HANDLE', '/run/user/1000/vscode-git-791eacad74.sock'), ('TERM_PROGRAM', 'vscode'), ('AMENT_PREFIX_PATH', '/home/go2/go2_ws/install/go2_description:/home/go2/go2_ws/src/muse/muse_ros2/muse_ws/install/state_estimator:/home/go2/go2_ws/src/muse/muse_ros2/muse_ws/install/state_estimator_msgs:/home/go2/go2_ws/src/muse/muse_ros2/muse_ws/install/kiss_icp:/home/go2/go2_ws/src/muse/muse_ros2/muse_ws/install/iit_commons:/opt/ros/humble'), ('SHELL', '/bin/bash'), ('LESSCLOSE', '/usr/bin/lesspipe %s %s'), ('VSCODE_GIT_ASKPASS_EXTRA_ARGS', ''), ('PWD', '/home/go2/go2_ws/src/muse/muse_ros2/muse_ws/build/state_estimator_msgs'), ('XDG_DATA_DIRS', '/usr/local/share:/usr/share:/var/lib/snapd/desktop'), ('PYTHONPATH', '/home/go2/go2_ws/src/muse/muse_ros2/muse_ws/install/state_estimator_msgs/local/lib/python3.10/dist-packages:/opt/ros/humble/lib/python3.10/site-packages:/opt/ros/humble/local/lib/python3.10/dist-packages'), ('COLCON', '1'), ('WSL2_GUI_APPS_ENABLED', '1'), ('HOSTTYPE', 'x86_64'), ('CMAKE_PREFIX_PATH', '/home/go2/go2_ws/install/go2_description:/home/go2/go2_ws/src/muse/muse_ros2/muse_ws/install/state_estimator:/home/go2/go2_ws/src/muse/muse_ros2/muse_ws/install/state_estimator_msgs:/home/go2/go2_ws/src/muse/muse_ros2/muse_ws/install/kiss_icp:/home/go2/go2_ws/src/muse/muse_ros2/muse_ws/install/iit_commons:/opt/ros/humble'), ('WSLENV', 'ELECTRON_RUN_AS_NODE/w:')]), 'shell': False}
[3.698107] (state_estimator_msgs) StdoutLine: {'line': b'[  0%] \x1b[34m\x1b[1mGenerating C code for ROS interfaces\x1b[0m\n'}
[3.707613] (-) TimerEvent: {}
[3.716630] (state_estimator_msgs) StdoutLine: {'line': b'[  0%] \x1b[34m\x1b[1mGenerating C++ code for ROS interfaces\x1b[0m\n'}
[3.724007] (state_estimator_msgs) StdoutLine: {'line': b'[  0%] Built target ament_cmake_python_copy_state_estimator_msgs\n'}
[3.789098] (iit_commons) StderrLine: {'line': b'In file included from \x1b[01m\x1b[K/home/go2/go2_ws/src/muse/muse_ros2/muse_ws/src/iit_commons/include/iit_commons/commons/geometry/rotations.h:5\x1b[m\x1b[K,\n'}
[3.789378] (iit_commons) StderrLine: {'line': b'                 from \x1b[01m\x1b[K/home/go2/go2_ws/src/muse/muse_ros2/muse_ws/src/iit_commons/include/iit_commons/commons/planning/planning.h:6\x1b[m\x1b[K,\n'}
[3.789558] (iit_commons) StderrLine: {'line': b'                 from \x1b[01m\x1b[K/home/go2/go2_ws/src/muse/muse_ros2/muse_ws/src/iit_commons/src/planning.cpp:2\x1b[m\x1b[K:\n'}
[3.789701] (iit_commons) StderrLine: {'line': b'\x1b[01m\x1b[K/home/go2/go2_ws/src/muse/muse_ros2/muse_ws/src/iit_commons/include/iit_commons/commons/geometry/algebra.h:\x1b[m\x1b[K In function \xe2\x80\x98\x1b[01m\x1b[Kvoid iit::commons::computeQR(const MatrixXR&, MatrixXR&, MatrixXR&, const double&)\x1b[m\x1b[K\xe2\x80\x99:\n'}
[3.789828] (iit_commons) StderrLine: {'line': b'\x1b[01m\x1b[K/home/go2/go2_ws/src/muse/muse_ros2/muse_ws/src/iit_commons/include/iit_commons/commons/geometry/algebra.h:271:37:\x1b[m\x1b[K \x1b[01;35m\x1b[Kwarning: \x1b[m\x1b[Kunused parameter \xe2\x80\x98\x1b[01m\x1b[Ktolerance\x1b[m\x1b[K\xe2\x80\x99 [\x1b[01;35m\x1b[K\x1b]8;;https://gcc.gnu.org/onlinedocs/gcc/Warning-Options.html#index-Wunused-parameter\x07-Wunused-parameter\x1b]8;;\x07\x1b[m\x1b[K]\n'}
[3.789963] (iit_commons) StderrLine: {'line': b'  271 |                       \x1b[01;35m\x1b[Kconst double& tolerance\x1b[m\x1b[K)\n'}
[3.790076] (iit_commons) StderrLine: {'line': b'      |                       \x1b[01;35m\x1b[K~~~~~~~~~~~~~~^~~~~~~~~\x1b[m\x1b[K\n'}
[3.791622] (iit_commons) StderrLine: {'line': b'In file included from \x1b[01m\x1b[K/home/go2/go2_ws/src/muse/muse_ros2/muse_ws/src/iit_commons/include/iit_commons/commons/geometry/rotations.h:5\x1b[m\x1b[K,\n'}
[3.791830] (iit_commons) StderrLine: {'line': b'                 from \x1b[01m\x1b[K/home/go2/go2_ws/src/muse/muse_ros2/muse_ws/src/iit_commons/include/iit_commons/commons/planning/planning.h:6\x1b[m\x1b[K,\n'}
[3.791954] (iit_commons) StderrLine: {'line': b'                 from \x1b[01m\x1b[K/home/go2/go2_ws/src/muse/muse_ros2/muse_ws/src/iit_commons/include/iit_commons/commons/control/VirtualModel.hpp:7\x1b[m\x1b[K,\n'}
[3.792102] (iit_commons) StderrLine: {'line': b'                 from \x1b[01m\x1b[K/home/go2/go2_ws/src/muse/muse_ros2/muse_ws/src/iit_commons/src/control/VirtualModel.cpp:1\x1b[m\x1b[K:\n'}
[3.792221] (iit_commons) StderrLine: {'line': b'\x1b[01m\x1b[K/home/go2/go2_ws/src/muse/muse_ros2/muse_ws/src/iit_commons/include/iit_commons/commons/geometry/algebra.h:\x1b[m\x1b[K In function \xe2\x80\x98\x1b[01m\x1b[Kvoid iit::commons::computeQR(const MatrixXR&, MatrixXR&, MatrixXR&, const double&)\x1b[m\x1b[K\xe2\x80\x99:\n'}
[3.792342] (iit_commons) StderrLine: {'line': b'\x1b[01m\x1b[K/home/go2/go2_ws/src/muse/muse_ros2/muse_ws/src/iit_commons/include/iit_commons/commons/geometry/algebra.h:271:37:\x1b[m\x1b[K \x1b[01;35m\x1b[Kwarning: \x1b[m\x1b[Kunused parameter \xe2\x80\x98\x1b[01m\x1b[Ktolerance\x1b[m\x1b[K\xe2\x80\x99 [\x1b[01;35m\x1b[K\x1b]8;;https://gcc.gnu.org/onlinedocs/gcc/Warning-Options.html#index-Wunused-parameter\x07-Wunused-parameter\x1b]8;;\x07\x1b[m\x1b[K]\n'}
[3.792450] (iit_commons) StderrLine: {'line': b'  271 |                       \x1b[01;35m\x1b[Kconst double& tolerance\x1b[m\x1b[K)\n'}
[3.792561] (iit_commons) StderrLine: {'line': b'      |                       \x1b[01;35m\x1b[K~~~~~~~~~~~~~~^~~~~~~~~\x1b[m\x1b[K\n'}
[3.807731] (-) TimerEvent: {}
[3.828674] (iit_commons) StderrLine: {'line': b'In file included from \x1b[01m\x1b[K/home/go2/go2_ws/src/muse/muse_ros2/muse_ws/src/iit_commons/include/iit_commons/commons/planning/planning.h:6\x1b[m\x1b[K,\n'}
[3.828966] (iit_commons) StderrLine: {'line': b'                 from \x1b[01m\x1b[K/home/go2/go2_ws/src/muse/muse_ros2/muse_ws/src/iit_commons/include/iit_commons/commons/control/VirtualModel.hpp:7\x1b[m\x1b[K,\n'}
[3.829124] (iit_commons) StderrLine: {'line': b'                 from \x1b[01m\x1b[K/home/go2/go2_ws/src/muse/muse_ros2/muse_ws/src/iit_commons/src/control/VirtualModel.cpp:1\x1b[m\x1b[K:\n'}
[3.829233] (iit_commons) StderrLine: {'line': b'\x1b[01m\x1b[K/home/go2/go2_ws/src/muse/muse_ros2/muse_ws/src/iit_commons/include/iit_commons/commons/geometry/rotations.h:\x1b[m\x1b[K In function \xe2\x80\x98\x1b[01m\x1b[KEigen::Matrix3d iit::commons::rpyToEar(const Vector3d&)\x1b[m\x1b[K\xe2\x80\x99:\n'}
[3.829385] (iit_commons) StderrLine: {'line': b'\x1b[01m\x1b[K/home/go2/go2_ws/src/muse/muse_ros2/muse_ws/src/iit_commons/include/iit_commons/commons/geometry/rotations.h:143:12:\x1b[m\x1b[K \x1b[01;35m\x1b[Kwarning: \x1b[m\x1b[Kunused variable \xe2\x80\x98\x1b[01m\x1b[Kyaw\x1b[m\x1b[K\xe2\x80\x99 [\x1b[01;35m\x1b[K\x1b]8;;https://gcc.gnu.org/onlinedocs/gcc/Warning-Options.html#index-Wunused-variable\x07-Wunused-variable\x1b]8;;\x07\x1b[m\x1b[K]\n'}
[3.829717] (iit_commons) StderrLine: {'line': b'  143 |     double \x1b[01;35m\x1b[Kyaw\x1b[m\x1b[K = rpy(2);\n'}
[3.829838] (iit_commons) StderrLine: {'line': b'      |            \x1b[01;35m\x1b[K^~~\x1b[m\x1b[K\n'}
[3.830052] (iit_commons) StderrLine: {'line': b'In file included from \x1b[01m\x1b[K/home/go2/go2_ws/src/muse/muse_ros2/muse_ws/src/iit_commons/include/iit_commons/commons/planning/planning.h:6\x1b[m\x1b[K,\n'}
[3.830164] (iit_commons) StderrLine: {'line': b'                 from \x1b[01m\x1b[K/home/go2/go2_ws/src/muse/muse_ros2/muse_ws/src/iit_commons/src/planning.cpp:2\x1b[m\x1b[K:\n'}
[3.830266] (iit_commons) StderrLine: {'line': b'\x1b[01m\x1b[K/home/go2/go2_ws/src/muse/muse_ros2/muse_ws/src/iit_commons/include/iit_commons/commons/geometry/rotations.h:\x1b[m\x1b[K In function \xe2\x80\x98\x1b[01m\x1b[KEigen::Matrix3d iit::commons::rpyToEar(const Vector3d&)\x1b[m\x1b[K\xe2\x80\x99:\n'}
[3.830521] (iit_commons) StderrLine: {'line': b'\x1b[01m\x1b[K/home/go2/go2_ws/src/muse/muse_ros2/muse_ws/src/iit_commons/include/iit_commons/commons/geometry/rotations.h:143:12:\x1b[m\x1b[K \x1b[01;35m\x1b[Kwarning: \x1b[m\x1b[Kunused variable \xe2\x80\x98\x1b[01m\x1b[Kyaw\x1b[m\x1b[K\xe2\x80\x99 [\x1b[01;35m\x1b[K\x1b]8;;https://gcc.gnu.org/onlinedocs/gcc/Warning-Options.html#index-Wunused-variable\x07-Wunused-variable\x1b]8;;\x07\x1b[m\x1b[K]\n'}
[3.830655] (iit_commons) StderrLine: {'line': b'  143 |     double \x1b[01;35m\x1b[Kyaw\x1b[m\x1b[K = rpy(2);\n'}
[3.830759] (iit_commons) StderrLine: {'line': b'      |            \x1b[01;35m\x1b[K^~~\x1b[m\x1b[K\n'}
[3.830859] (iit_commons) StderrLine: {'line': b'\x1b[01m\x1b[K/home/go2/go2_ws/src/muse/muse_ros2/muse_ws/src/iit_commons/include/iit_commons/commons/geometry/rotations.h:\x1b[m\x1b[K In function \xe2\x80\x98\x1b[01m\x1b[KEigen::Matrix3d iit::commons::rpyToEarInv_dot(const Vector3d&, const Vector3d&)\x1b[m\x1b[K\xe2\x80\x99:\n'}
[3.830969] (iit_commons) StderrLine: {'line': b'\x1b[01m\x1b[K/home/go2/go2_ws/src/muse/muse_ros2/muse_ws/src/iit_commons/include/iit_commons/commons/geometry/rotations.h:163:12:\x1b[m\x1b[K \x1b[01;35m\x1b[Kwarning: \x1b[m\x1b[Kunused variable \xe2\x80\x98\x1b[01m\x1b[Kroll\x1b[m\x1b[K\xe2\x80\x99 [\x1b[01;35m\x1b[K\x1b]8;;https://gcc.gnu.org/onlinedocs/gcc/Warning-Options.html#index-Wunused-variable\x07-Wunused-variable\x1b]8;;\x07\x1b[m\x1b[K]\n'}
[3.831086] (iit_commons) StderrLine: {'line': b'  163 |     double \x1b[01;35m\x1b[Kroll\x1b[m\x1b[K = rpy(0);\n'}
[3.831187] (iit_commons) StderrLine: {'line': b'      |            \x1b[01;35m\x1b[K^~~~\x1b[m\x1b[K\n'}
[3.831283] (iit_commons) StderrLine: {'line': b'\x1b[01m\x1b[K/home/go2/go2_ws/src/muse/muse_ros2/muse_ws/src/iit_commons/include/iit_commons/commons/geometry/rotations.h:166:12:\x1b[m\x1b[K \x1b[01;35m\x1b[Kwarning: \x1b[m\x1b[Kunused variable \xe2\x80\x98\x1b[01m\x1b[Krolld\x1b[m\x1b[K\xe2\x80\x99 [\x1b[01;35m\x1b[K\x1b]8;;https://gcc.gnu.org/onlinedocs/gcc/Warning-Options.html#index-Wunused-variable\x07-Wunused-variable\x1b]8;;\x07\x1b[m\x1b[K]\n'}
[3.831384] (iit_commons) StderrLine: {'line': b'  166 |     double \x1b[01;35m\x1b[Krolld\x1b[m\x1b[K = rpyd(0);\n'}
[3.831481] (iit_commons) StderrLine: {'line': b'      |            \x1b[01;35m\x1b[K^~~~~\x1b[m\x1b[K\n'}
[3.831856] (iit_commons) StderrLine: {'line': b'\x1b[01m\x1b[K/home/go2/go2_ws/src/muse/muse_ros2/muse_ws/src/iit_commons/include/iit_commons/commons/geometry/rotations.h:\x1b[m\x1b[K In function \xe2\x80\x98\x1b[01m\x1b[KEigen::Matrix3d iit::commons::rpyToEarInv_dot(const Vector3d&, const Vector3d&)\x1b[m\x1b[K\xe2\x80\x99:\n'}
[3.832008] (iit_commons) StderrLine: {'line': b'\x1b[01m\x1b[K/home/go2/go2_ws/src/muse/muse_ros2/muse_ws/src/iit_commons/include/iit_commons/commons/geometry/rotations.h:163:12:\x1b[m\x1b[K \x1b[01;35m\x1b[Kwarning: \x1b[m\x1b[Kunused variable \xe2\x80\x98\x1b[01m\x1b[Kroll\x1b[m\x1b[K\xe2\x80\x99 [\x1b[01;35m\x1b[K\x1b]8;;https://gcc.gnu.org/onlinedocs/gcc/Warning-Options.html#index-Wunused-variable\x07-Wunused-variable\x1b]8;;\x07\x1b[m\x1b[K]\n'}
[3.832122] (iit_commons) StderrLine: {'line': b'  163 |     double \x1b[01;35m\x1b[Kroll\x1b[m\x1b[K = rpy(0);\n'}
[3.832221] (iit_commons) StderrLine: {'line': b'      |            \x1b[01;35m\x1b[K^~~~\x1b[m\x1b[K\n'}
[3.832317] (iit_commons) StderrLine: {'line': b'\x1b[01m\x1b[K/home/go2/go2_ws/src/muse/muse_ros2/muse_ws/src/iit_commons/include/iit_commons/commons/geometry/rotations.h:166:12:\x1b[m\x1b[K \x1b[01;35m\x1b[Kwarning: \x1b[m\x1b[Kunused variable \xe2\x80\x98\x1b[01m\x1b[Krolld\x1b[m\x1b[K\xe2\x80\x99 [\x1b[01;35m\x1b[K\x1b]8;;https://gcc.gnu.org/onlinedocs/gcc/Warning-Options.html#index-Wunused-variable\x07-Wunused-variable\x1b]8;;\x07\x1b[m\x1b[K]\n'}
[3.832418] (iit_commons) StderrLine: {'line': b'  166 |     double \x1b[01;35m\x1b[Krolld\x1b[m\x1b[K = rpyd(0);\n'}
[3.832514] (iit_commons) StderrLine: {'line': b'      |            \x1b[01;35m\x1b[K^~~~~\x1b[m\x1b[K\n'}
[3.907900] (-) TimerEvent: {}
[4.008333] (-) TimerEvent: {}
[4.034404] (kiss_icp) StdoutLine: {'line': b'-- The C compiler identification is GNU 11.4.0\n'}
[4.088548] (state_estimator_msgs) StdoutLine: {'line': b'running egg_info\n'}
[4.089294] (state_estimator_msgs) StdoutLine: {'line': b'creating state_estimator_msgs.egg-info\n'}
[4.089914] (state_estimator_msgs) StdoutLine: {'line': b'writing state_estimator_msgs.egg-info/PKG-INFO\n'}
[4.090421] (state_estimator_msgs) StdoutLine: {'line': b'writing dependency_links to state_estimator_msgs.egg-info/dependency_links.txt\n'}
[4.090715] (state_estimator_msgs) StdoutLine: {'line': b'writing top-level names to state_estimator_msgs.egg-info/top_level.txt\n'}
[4.091021] (state_estimator_msgs) StdoutLine: {'line': b"writing manifest file 'state_estimator_msgs.egg-info/SOURCES.txt'\n"}
[4.094018] (state_estimator_msgs) StdoutLine: {'line': b"reading manifest file 'state_estimator_msgs.egg-info/SOURCES.txt'\n"}
[4.095191] (state_estimator_msgs) StdoutLine: {'line': b"writing manifest file 'state_estimator_msgs.egg-info/SOURCES.txt'\n"}
[4.108473] (-) TimerEvent: {}
[4.136070] (state_estimator_msgs) StdoutLine: {'line': b'[  0%] Built target ament_cmake_python_build_state_estimator_msgs_egg\n'}
[4.208636] (-) TimerEvent: {}
[4.231551] (kiss_icp) StdoutLine: {'line': b'-- Detecting C compiler ABI info\n'}
[4.308795] (-) TimerEvent: {}
[4.409239] (-) TimerEvent: {}
[4.410630] (kiss_icp) StdoutLine: {'line': b'-- Detecting C compiler ABI info - done\n'}
[4.427102] (kiss_icp) StdoutLine: {'line': b'-- Check for working C compiler: /usr/bin/cc - skipped\n'}
[4.427555] (kiss_icp) StdoutLine: {'line': b'-- Detecting C compile features\n'}
[4.428220] (kiss_icp) StdoutLine: {'line': b'-- Detecting C compile features - done\n'}
[4.432844] (kiss_icp) StdoutLine: {'line': b'-- Turning basic logging ON\n'}
[4.509389] (-) TimerEvent: {}
[4.609732] (-) TimerEvent: {}
[4.710090] (-) TimerEvent: {}
[4.789115] (iit_commons) StderrLine: {'line': b'In file included from \x1b[01m\x1b[K/home/go2/go2_ws/src/muse/muse_ros2/muse_ws/src/iit_commons/include/iit_commons/commons/control/VirtualModel.hpp:7\x1b[m\x1b[K,\n'}
[4.789279] (iit_commons) StderrLine: {'line': b'                 from \x1b[01m\x1b[K/home/go2/go2_ws/src/muse/muse_ros2/muse_ws/src/iit_commons/src/control/VirtualModel.cpp:1\x1b[m\x1b[K:\n'}
[4.789344] (iit_commons) StderrLine: {'line': b'\x1b[01m\x1b[K/home/go2/go2_ws/src/muse/muse_ros2/muse_ws/src/iit_commons/include/iit_commons/commons/planning/planning.h:\x1b[m\x1b[K In function \xe2\x80\x98\x1b[01m\x1b[Kvoid iit::planning::ClockwiseSort(std::vector<Eigen::Matrix<double, 3, 1> >&)\x1b[m\x1b[K\xe2\x80\x99:\n'}
[4.789401] (iit_commons) StderrLine: {'line': b'\x1b[01m\x1b[K/home/go2/go2_ws/src/muse/muse_ros2/muse_ws/src/iit_commons/include/iit_commons/commons/planning/planning.h:162:23:\x1b[m\x1b[K \x1b[01;35m\x1b[Kwarning: \x1b[m\x1b[Kcomparison of integer expressions of different signedness: \xe2\x80\x98\x1b[01m\x1b[Kint\x1b[m\x1b[K\xe2\x80\x99 and \xe2\x80\x98\x1b[01m\x1b[Kstd::vector<Eigen::Matrix<double, 3, 1> >::size_type\x1b[m\x1b[K\xe2\x80\x99 {aka \xe2\x80\x98\x1b[01m\x1b[Klong unsigned int\x1b[m\x1b[K\xe2\x80\x99} [\x1b[01;35m\x1b[K\x1b]8;;https://gcc.gnu.org/onlinedocs/gcc/Warning-Options.html#index-Wsign-compare\x07-Wsign-compare\x1b]8;;\x07\x1b[m\x1b[K]\n'}
[4.789497] (iit_commons) StderrLine: {'line': b'  162 |     for (int i = 1; \x1b[01;35m\x1b[Ki < p.size() - 1\x1b[m\x1b[K; i++) {\n'}
[4.789582] (iit_commons) StderrLine: {'line': b'      |                     \x1b[01;35m\x1b[K~~^~~~~~~~~~~~~~\x1b[m\x1b[K\n'}
[4.789767] (iit_commons) StderrLine: {'line': b'\x1b[01m\x1b[K/home/go2/go2_ws/src/muse/muse_ros2/muse_ws/src/iit_commons/include/iit_commons/commons/planning/planning.h:163:31:\x1b[m\x1b[K \x1b[01;35m\x1b[Kwarning: \x1b[m\x1b[Kcomparison of integer expressions of different signedness: \xe2\x80\x98\x1b[01m\x1b[Kint\x1b[m\x1b[K\xe2\x80\x99 and \xe2\x80\x98\x1b[01m\x1b[Kstd::vector<Eigen::Matrix<double, 3, 1> >::size_type\x1b[m\x1b[K\xe2\x80\x99 {aka \xe2\x80\x98\x1b[01m\x1b[Klong unsigned int\x1b[m\x1b[K\xe2\x80\x99} [\x1b[01;35m\x1b[K\x1b]8;;https://gcc.gnu.org/onlinedocs/gcc/Warning-Options.html#index-Wsign-compare\x07-Wsign-compare\x1b]8;;\x07\x1b[m\x1b[K]\n'}
[4.790081] (iit_commons) StderrLine: {'line': b'  163 |         for (int j = i + 1; \x1b[01;35m\x1b[Kj < p.size()\x1b[m\x1b[K; j++) {\n'}
[4.790157] (iit_commons) StderrLine: {'line': b'      |                             \x1b[01;35m\x1b[K~~^~~~~~~~~~\x1b[m\x1b[K\n'}
[4.790321] (iit_commons) StderrLine: {'line': b'\x1b[01m\x1b[K/home/go2/go2_ws/src/muse/muse_ros2/muse_ws/src/iit_commons/include/iit_commons/commons/planning/planning.h:\x1b[m\x1b[K In function \xe2\x80\x98\x1b[01m\x1b[Kvoid iit::planning::CounterClockwiseSort(std::vector<Eigen::Matrix<double, 3, 1> >&)\x1b[m\x1b[K\xe2\x80\x99:\n'}
[4.790388] (iit_commons) StderrLine: {'line': b'\x1b[01m\x1b[K/home/go2/go2_ws/src/muse/muse_ros2/muse_ws/src/iit_commons/include/iit_commons/commons/planning/planning.h:186:23:\x1b[m\x1b[K \x1b[01;35m\x1b[Kwarning: \x1b[m\x1b[Kcomparison of integer expressions of different signedness: \xe2\x80\x98\x1b[01m\x1b[Kint\x1b[m\x1b[K\xe2\x80\x99 and \xe2\x80\x98\x1b[01m\x1b[Kstd::vector<Eigen::Matrix<double, 3, 1> >::size_type\x1b[m\x1b[K\xe2\x80\x99 {aka \xe2\x80\x98\x1b[01m\x1b[Klong unsigned int\x1b[m\x1b[K\xe2\x80\x99} [\x1b[01;35m\x1b[K\x1b]8;;https://gcc.gnu.org/onlinedocs/gcc/Warning-Options.html#index-Wsign-compare\x07-Wsign-compare\x1b]8;;\x07\x1b[m\x1b[K]\n'}
[4.790443] (iit_commons) StderrLine: {'line': b'  186 |     for (int i = 1; \x1b[01;35m\x1b[Ki < p.size() - 1\x1b[m\x1b[K; i++) {\n'}
[4.790492] (iit_commons) StderrLine: {'line': b'      |                     \x1b[01;35m\x1b[K~~^~~~~~~~~~~~~~\x1b[m\x1b[K\n'}
[4.790540] (iit_commons) StderrLine: {'line': b'\x1b[01m\x1b[K/home/go2/go2_ws/src/muse/muse_ros2/muse_ws/src/iit_commons/include/iit_commons/commons/planning/planning.h:187:31:\x1b[m\x1b[K \x1b[01;35m\x1b[Kwarning: \x1b[m\x1b[Kcomparison of integer expressions of different signedness: \xe2\x80\x98\x1b[01m\x1b[Kint\x1b[m\x1b[K\xe2\x80\x99 and \xe2\x80\x98\x1b[01m\x1b[Kstd::vector<Eigen::Matrix<double, 3, 1> >::size_type\x1b[m\x1b[K\xe2\x80\x99 {aka \xe2\x80\x98\x1b[01m\x1b[Klong unsigned int\x1b[m\x1b[K\xe2\x80\x99} [\x1b[01;35m\x1b[K\x1b]8;;https://gcc.gnu.org/onlinedocs/gcc/Warning-Options.html#index-Wsign-compare\x07-Wsign-compare\x1b]8;;\x07\x1b[m\x1b[K]\n'}
[4.790591] (iit_commons) StderrLine: {'line': b'  187 |         for (int j = i + 1; \x1b[01;35m\x1b[Kj < p.size()\x1b[m\x1b[K; j++) {\n'}
[4.790640] (iit_commons) StderrLine: {'line': b'      |                             \x1b[01;35m\x1b[K~~^~~~~~~~~~\x1b[m\x1b[K\n'}
[4.790687] (iit_commons) StderrLine: {'line': b'\x1b[01m\x1b[K/home/go2/go2_ws/src/muse/muse_ros2/muse_ws/src/iit_commons/include/iit_commons/commons/planning/planning.h:\x1b[m\x1b[K In function \xe2\x80\x98\x1b[01m\x1b[Kvoid iit::planning::CounterClockwiseSort(std::vector<Eigen::Matrix<double, 3, 1> >&, std::vector<int>&)\x1b[m\x1b[K\xe2\x80\x99:\n'}
[4.790744] (iit_commons) StderrLine: {'line': b'\x1b[01m\x1b[K/home/go2/go2_ws/src/muse/muse_ros2/muse_ws/src/iit_commons/include/iit_commons/commons/planning/planning.h:211:23:\x1b[m\x1b[K \x1b[01;35m\x1b[Kwarning: \x1b[m\x1b[Kcomparison of integer expressions of different signedness: \xe2\x80\x98\x1b[01m\x1b[Kint\x1b[m\x1b[K\xe2\x80\x99 and \xe2\x80\x98\x1b[01m\x1b[Kstd::vector<Eigen::Matrix<double, 3, 1> >::size_type\x1b[m\x1b[K\xe2\x80\x99 {aka \xe2\x80\x98\x1b[01m\x1b[Klong unsigned int\x1b[m\x1b[K\xe2\x80\x99} [\x1b[01;35m\x1b[K\x1b]8;;https://gcc.gnu.org/onlinedocs/gcc/Warning-Options.html#index-Wsign-compare\x07-Wsign-compare\x1b]8;;\x07\x1b[m\x1b[K]\n'}
[4.790795] (iit_commons) StderrLine: {'line': b'  211 |     for (int i = 0; \x1b[01;35m\x1b[Ki < p.size()\x1b[m\x1b[K; i++)\n'}
[4.790843] (iit_commons) StderrLine: {'line': b'      |                     \x1b[01;35m\x1b[K~~^~~~~~~~~~\x1b[m\x1b[K\n'}
[4.793338] (iit_commons) StderrLine: {'line': b'\x1b[01m\x1b[K/home/go2/go2_ws/src/muse/muse_ros2/muse_ws/src/iit_commons/include/iit_commons/commons/planning/planning.h:213:23:\x1b[m\x1b[K \x1b[01;35m\x1b[Kwarning: \x1b[m\x1b[Kcomparison of integer expressions of different signedness: \xe2\x80\x98\x1b[01m\x1b[Kint\x1b[m\x1b[K\xe2\x80\x99 and \xe2\x80\x98\x1b[01m\x1b[Kstd::vector<Eigen::Matrix<double, 3, 1> >::size_type\x1b[m\x1b[K\xe2\x80\x99 {aka \xe2\x80\x98\x1b[01m\x1b[Klong unsigned int\x1b[m\x1b[K\xe2\x80\x99} [\x1b[01;35m\x1b[K\x1b]8;;https://gcc.gnu.org/onlinedocs/gcc/Warning-Options.html#index-Wsign-compare\x07-Wsign-compare\x1b]8;;\x07\x1b[m\x1b[K]\n'}
[4.793494] (iit_commons) StderrLine: {'line': b'  213 |     for (int i = 1; \x1b[01;35m\x1b[Ki < p.size() - 1\x1b[m\x1b[K; i++) {\n'}
[4.793554] (iit_commons) StderrLine: {'line': b'      |                     \x1b[01;35m\x1b[K~~^~~~~~~~~~~~~~\x1b[m\x1b[K\n'}
[4.793615] (iit_commons) StderrLine: {'line': b'\x1b[01m\x1b[K/home/go2/go2_ws/src/muse/muse_ros2/muse_ws/src/iit_commons/include/iit_commons/commons/planning/planning.h:214:31:\x1b[m\x1b[K \x1b[01;35m\x1b[Kwarning: \x1b[m\x1b[Kcomparison of integer expressions of different signedness: \xe2\x80\x98\x1b[01m\x1b[Kint\x1b[m\x1b[K\xe2\x80\x99 and \xe2\x80\x98\x1b[01m\x1b[Kstd::vector<Eigen::Matrix<double, 3, 1> >::size_type\x1b[m\x1b[K\xe2\x80\x99 {aka \xe2\x80\x98\x1b[01m\x1b[Klong unsigned int\x1b[m\x1b[K\xe2\x80\x99} [\x1b[01;35m\x1b[K\x1b]8;;https://gcc.gnu.org/onlinedocs/gcc/Warning-Options.html#index-Wsign-compare\x07-Wsign-compare\x1b]8;;\x07\x1b[m\x1b[K]\n'}
[4.793669] (iit_commons) StderrLine: {'line': b'  214 |         for (int j = i + 1; \x1b[01;35m\x1b[Kj < p.size()\x1b[m\x1b[K; j++) {\n'}
[4.793718] (iit_commons) StderrLine: {'line': b'      |                             \x1b[01;35m\x1b[K~~^~~~~~~~~~\x1b[m\x1b[K\n'}
[4.810259] (-) TimerEvent: {}
[4.847235] (iit_commons) StderrLine: {'line': b'In file included from \x1b[01m\x1b[K/home/go2/go2_ws/src/muse/muse_ros2/muse_ws/src/iit_commons/src/planning.cpp:2\x1b[m\x1b[K:\n'}
[4.847474] (iit_commons) StderrLine: {'line': b'\x1b[01m\x1b[K/home/go2/go2_ws/src/muse/muse_ros2/muse_ws/src/iit_commons/include/iit_commons/commons/planning/planning.h:\x1b[m\x1b[K In function \xe2\x80\x98\x1b[01m\x1b[Kvoid iit::planning::ClockwiseSort(std::vector<Eigen::Matrix<double, 3, 1> >&)\x1b[m\x1b[K\xe2\x80\x99:\n'}
[4.847776] (iit_commons) StderrLine: {'line': b'\x1b[01m\x1b[K/home/go2/go2_ws/src/muse/muse_ros2/muse_ws/src/iit_commons/include/iit_commons/commons/planning/planning.h:162:23:\x1b[m\x1b[K \x1b[01;35m\x1b[Kwarning: \x1b[m\x1b[Kcomparison of integer expressions of different signedness: \xe2\x80\x98\x1b[01m\x1b[Kint\x1b[m\x1b[K\xe2\x80\x99 and \xe2\x80\x98\x1b[01m\x1b[Kstd::vector<Eigen::Matrix<double, 3, 1> >::size_type\x1b[m\x1b[K\xe2\x80\x99 {aka \xe2\x80\x98\x1b[01m\x1b[Klong unsigned int\x1b[m\x1b[K\xe2\x80\x99} [\x1b[01;35m\x1b[K\x1b]8;;https://gcc.gnu.org/onlinedocs/gcc/Warning-Options.html#index-Wsign-compare\x07-Wsign-compare\x1b]8;;\x07\x1b[m\x1b[K]\n'}
[4.847885] (iit_commons) StderrLine: {'line': b'  162 |     for (int i = 1; \x1b[01;35m\x1b[Ki < p.size() - 1\x1b[m\x1b[K; i++) {\n'}
[4.847944] (iit_commons) StderrLine: {'line': b'      |                     \x1b[01;35m\x1b[K~~^~~~~~~~~~~~~~\x1b[m\x1b[K\n'}
[4.847998] (iit_commons) StderrLine: {'line': b'\x1b[01m\x1b[K/home/go2/go2_ws/src/muse/muse_ros2/muse_ws/src/iit_commons/include/iit_commons/commons/planning/planning.h:163:31:\x1b[m\x1b[K \x1b[01;35m\x1b[Kwarning: \x1b[m\x1b[Kcomparison of integer expressions of different signedness: \xe2\x80\x98\x1b[01m\x1b[Kint\x1b[m\x1b[K\xe2\x80\x99 and \xe2\x80\x98\x1b[01m\x1b[Kstd::vector<Eigen::Matrix<double, 3, 1> >::size_type\x1b[m\x1b[K\xe2\x80\x99 {aka \xe2\x80\x98\x1b[01m\x1b[Klong unsigned int\x1b[m\x1b[K\xe2\x80\x99} [\x1b[01;35m\x1b[K\x1b]8;;https://gcc.gnu.org/onlinedocs/gcc/Warning-Options.html#index-Wsign-compare\x07-Wsign-compare\x1b]8;;\x07\x1b[m\x1b[K]\n'}
[4.848149] (iit_commons) StderrLine: {'line': b'  163 |         for (int j = i + 1; \x1b[01;35m\x1b[Kj < p.size()\x1b[m\x1b[K; j++) {\n'}
[4.848447] (iit_commons) StderrLine: {'line': b'      |                             \x1b[01;35m\x1b[K~~^~~~~~~~~~\x1b[m\x1b[K\n'}
[4.848572] (iit_commons) StderrLine: {'line': b'\x1b[01m\x1b[K/home/go2/go2_ws/src/muse/muse_ros2/muse_ws/src/iit_commons/include/iit_commons/commons/planning/planning.h:\x1b[m\x1b[K In function \xe2\x80\x98\x1b[01m\x1b[Kvoid iit::planning::CounterClockwiseSort(std::vector<Eigen::Matrix<double, 3, 1> >&)\x1b[m\x1b[K\xe2\x80\x99:\n'}
[4.848707] (iit_commons) StderrLine: {'line': b'\x1b[01m\x1b[K/home/go2/go2_ws/src/muse/muse_ros2/muse_ws/src/iit_commons/include/iit_commons/commons/planning/planning.h:186:23:\x1b[m\x1b[K \x1b[01;35m\x1b[Kwarning: \x1b[m\x1b[Kcomparison of integer expressions of different signedness: \xe2\x80\x98\x1b[01m\x1b[Kint\x1b[m\x1b[K\xe2\x80\x99 and \xe2\x80\x98\x1b[01m\x1b[Kstd::vector<Eigen::Matrix<double, 3, 1> >::size_type\x1b[m\x1b[K\xe2\x80\x99 {aka \xe2\x80\x98\x1b[01m\x1b[Klong unsigned int\x1b[m\x1b[K\xe2\x80\x99} [\x1b[01;35m\x1b[K\x1b]8;;https://gcc.gnu.org/onlinedocs/gcc/Warning-Options.html#index-Wsign-compare\x07-Wsign-compare\x1b]8;;\x07\x1b[m\x1b[K]\n'}
[4.848838] (iit_commons) StderrLine: {'line': b'  186 |     for (int i = 1; \x1b[01;35m\x1b[Ki < p.size() - 1\x1b[m\x1b[K; i++) {\n'}
[4.848980] (iit_commons) StderrLine: {'line': b'      |                     \x1b[01;35m\x1b[K~~^~~~~~~~~~~~~~\x1b[m\x1b[K\n'}
[4.849086] (iit_commons) StderrLine: {'line': b'\x1b[01m\x1b[K/home/go2/go2_ws/src/muse/muse_ros2/muse_ws/src/iit_commons/include/iit_commons/commons/planning/planning.h:187:31:\x1b[m\x1b[K \x1b[01;35m\x1b[Kwarning: \x1b[m\x1b[Kcomparison of integer expressions of different signedness: \xe2\x80\x98\x1b[01m\x1b[Kint\x1b[m\x1b[K\xe2\x80\x99 and \xe2\x80\x98\x1b[01m\x1b[Kstd::vector<Eigen::Matrix<double, 3, 1> >::size_type\x1b[m\x1b[K\xe2\x80\x99 {aka \xe2\x80\x98\x1b[01m\x1b[Klong unsigned int\x1b[m\x1b[K\xe2\x80\x99} [\x1b[01;35m\x1b[K\x1b]8;;https://gcc.gnu.org/onlinedocs/gcc/Warning-Options.html#index-Wsign-compare\x07-Wsign-compare\x1b]8;;\x07\x1b[m\x1b[K]\n'}
[4.849193] (iit_commons) StderrLine: {'line': b'  187 |         for (int j = i + 1; \x1b[01;35m\x1b[Kj < p.size()\x1b[m\x1b[K; j++) {\n'}
[4.849332] (iit_commons) StderrLine: {'line': b'      |                             \x1b[01;35m\x1b[K~~^~~~~~~~~~\x1b[m\x1b[K\n'}
[4.849433] (iit_commons) StderrLine: {'line': b'\x1b[01m\x1b[K/home/go2/go2_ws/src/muse/muse_ros2/muse_ws/src/iit_commons/include/iit_commons/commons/planning/planning.h:\x1b[m\x1b[K In function \xe2\x80\x98\x1b[01m\x1b[Kvoid iit::planning::CounterClockwiseSort(std::vector<Eigen::Matrix<double, 3, 1> >&, std::vector<int>&)\x1b[m\x1b[K\xe2\x80\x99:\n'}
[4.849551] (iit_commons) StderrLine: {'line': b'\x1b[01m\x1b[K/home/go2/go2_ws/src/muse/muse_ros2/muse_ws/src/iit_commons/include/iit_commons/commons/planning/planning.h:211:23:\x1b[m\x1b[K \x1b[01;35m\x1b[Kwarning: \x1b[m\x1b[Kcomparison of integer expressions of different signedness: \xe2\x80\x98\x1b[01m\x1b[Kint\x1b[m\x1b[K\xe2\x80\x99 and \xe2\x80\x98\x1b[01m\x1b[Kstd::vector<Eigen::Matrix<double, 3, 1> >::size_type\x1b[m\x1b[K\xe2\x80\x99 {aka \xe2\x80\x98\x1b[01m\x1b[Klong unsigned int\x1b[m\x1b[K\xe2\x80\x99} [\x1b[01;35m\x1b[K\x1b]8;;https://gcc.gnu.org/onlinedocs/gcc/Warning-Options.html#index-Wsign-compare\x07-Wsign-compare\x1b]8;;\x07\x1b[m\x1b[K]\n'}
[4.849660] (iit_commons) StderrLine: {'line': b'  211 |     for (int i = 0; \x1b[01;35m\x1b[Ki < p.size()\x1b[m\x1b[K; i++)\n'}
[4.849791] (iit_commons) StderrLine: {'line': b'      |                     \x1b[01;35m\x1b[K~~^~~~~~~~~~\x1b[m\x1b[K\n'}
[4.850973] (iit_commons) StderrLine: {'line': b'\x1b[01m\x1b[K/home/go2/go2_ws/src/muse/muse_ros2/muse_ws/src/iit_commons/include/iit_commons/commons/planning/planning.h:213:23:\x1b[m\x1b[K \x1b[01;35m\x1b[Kwarning: \x1b[m\x1b[Kcomparison of integer expressions of different signedness: \xe2\x80\x98\x1b[01m\x1b[Kint\x1b[m\x1b[K\xe2\x80\x99 and \xe2\x80\x98\x1b[01m\x1b[Kstd::vector<Eigen::Matrix<double, 3, 1> >::size_type\x1b[m\x1b[K\xe2\x80\x99 {aka \xe2\x80\x98\x1b[01m\x1b[Klong unsigned int\x1b[m\x1b[K\xe2\x80\x99} [\x1b[01;35m\x1b[K\x1b]8;;https://gcc.gnu.org/onlinedocs/gcc/Warning-Options.html#index-Wsign-compare\x07-Wsign-compare\x1b]8;;\x07\x1b[m\x1b[K]\n'}
[4.851154] (iit_commons) StderrLine: {'line': b'  213 |     for (int i = 1; \x1b[01;35m\x1b[Ki < p.size() - 1\x1b[m\x1b[K; i++) {\n'}
[4.851264] (iit_commons) StderrLine: {'line': b'      |                     \x1b[01;35m\x1b[K~~^~~~~~~~~~~~~~\x1b[m\x1b[K\n'}
[4.851368] (iit_commons) StderrLine: {'line': b'\x1b[01m\x1b[K/home/go2/go2_ws/src/muse/muse_ros2/muse_ws/src/iit_commons/include/iit_commons/commons/planning/planning.h:214:31:\x1b[m\x1b[K \x1b[01;35m\x1b[Kwarning: \x1b[m\x1b[Kcomparison of integer expressions of different signedness: \xe2\x80\x98\x1b[01m\x1b[Kint\x1b[m\x1b[K\xe2\x80\x99 and \xe2\x80\x98\x1b[01m\x1b[Kstd::vector<Eigen::Matrix<double, 3, 1> >::size_type\x1b[m\x1b[K\xe2\x80\x99 {aka \xe2\x80\x98\x1b[01m\x1b[Klong unsigned int\x1b[m\x1b[K\xe2\x80\x99} [\x1b[01;35m\x1b[K\x1b]8;;https://gcc.gnu.org/onlinedocs/gcc/Warning-Options.html#index-Wsign-compare\x07-Wsign-compare\x1b]8;;\x07\x1b[m\x1b[K]\n'}
[4.851496] (iit_commons) StderrLine: {'line': b'  214 |         for (int j = i + 1; \x1b[01;35m\x1b[Kj < p.size()\x1b[m\x1b[K; j++) {\n'}
[4.851611] (iit_commons) StderrLine: {'line': b'      |                             \x1b[01;35m\x1b[K~~^~~~~~~~~~\x1b[m\x1b[K\n'}
[4.910399] (-) TimerEvent: {}
[5.010779] (-) TimerEvent: {}
[5.111123] (-) TimerEvent: {}
[5.211499] (-) TimerEvent: {}
[5.311926] (-) TimerEvent: {}
[5.342434] (iit_commons) StderrLine: {'line': b'\x1b[01m\x1b[K/home/go2/go2_ws/src/muse/muse_ros2/muse_ws/src/iit_commons/src/planning.cpp:\x1b[m\x1b[K In function \xe2\x80\x98\x1b[01m\x1b[Kdouble iit::planning::margin_from_poly(const Vector3d&, const iit::dog::LegDataMap<bool>&, const iit::dog::LegDataMap<Eigen::Matrix<double, 3, 1> >&)\x1b[m\x1b[K\xe2\x80\x99:\n'}
[5.342689] (iit_commons) StderrLine: {'line': b'\x1b[01m\x1b[K/home/go2/go2_ws/src/muse/muse_ros2/muse_ws/src/iit_commons/src/planning.cpp:110:26:\x1b[m\x1b[K \x1b[01;35m\x1b[Kwarning: \x1b[m\x1b[Kcomparison of integer expressions of different signedness: \xe2\x80\x98\x1b[01m\x1b[Kint\x1b[m\x1b[K\xe2\x80\x99 and \xe2\x80\x98\x1b[01m\x1b[Kstd::vector<Eigen::Matrix<double, 3, 1> >::size_type\x1b[m\x1b[K\xe2\x80\x99 {aka \xe2\x80\x98\x1b[01m\x1b[Klong unsigned int\x1b[m\x1b[K\xe2\x80\x99} [\x1b[01;35m\x1b[K\x1b]8;;https://gcc.gnu.org/onlinedocs/gcc/Warning-Options.html#index-Wsign-compare\x07-Wsign-compare\x1b]8;;\x07\x1b[m\x1b[K]\n'}
[5.342794] (iit_commons) StderrLine: {'line': b'  110 |     for (int idx = 0; \x1b[01;35m\x1b[Kidx<stance_feetW.size()\x1b[m\x1b[K;idx++)\n'}
[5.342861] (iit_commons) StderrLine: {'line': b'      |                       \x1b[01;35m\x1b[K~~~^~~~~~~~~~~~~~~~~~~~\x1b[m\x1b[K\n'}
[5.418284] (-) TimerEvent: {}
[5.520207] (-) TimerEvent: {}
[5.620571] (-) TimerEvent: {}
[5.698028] (state_estimator_msgs) StdoutLine: {'line': b'[  1%] \x1b[32mBuilding C object CMakeFiles/state_estimator_msgs__rosidl_generator_c.dir/rosidl_generator_c/state_estimator_msgs/msg/detail/attitude__functions.c.o\x1b[0m\n'}
[5.702933] (state_estimator_msgs) StdoutLine: {'line': b'[  2%] \x1b[32mBuilding C object CMakeFiles/state_estimator_msgs__rosidl_generator_c.dir/rosidl_generator_c/state_estimator_msgs/msg/detail/contact_detection__functions.c.o\x1b[0m\n'}
[5.703230] (state_estimator_msgs) StdoutLine: {'line': b'[  2%] \x1b[32mBuilding C object CMakeFiles/state_estimator_msgs__rosidl_generator_c.dir/rosidl_generator_c/state_estimator_msgs/msg/detail/leg_odometry__functions.c.o\x1b[0m\n'}
[5.709524] (state_estimator_msgs) StdoutLine: {'line': b'[  3%] \x1b[32mBuilding C object CMakeFiles/state_estimator_msgs__rosidl_generator_c.dir/rosidl_generator_c/state_estimator_msgs/msg/detail/sensor_fusion__functions.c.o\x1b[0m\n'}
[5.713953] (state_estimator_msgs) StdoutLine: {'line': b'[  4%] \x1b[32mBuilding C object CMakeFiles/state_estimator_msgs__rosidl_generator_c.dir/rosidl_generator_c/state_estimator_msgs/msg/detail/joint_state_with_acceleration__functions.c.o\x1b[0m\n'}
[5.721019] (-) TimerEvent: {}
[5.722200] (state_estimator_msgs) StdoutLine: {'line': b'[  5%] \x1b[32mBuilding C object CMakeFiles/state_estimator_msgs__rosidl_generator_c.dir/rosidl_generator_c/state_estimator_msgs/srv/detail/get_blacklist__functions.c.o\x1b[0m\n'}
[5.728978] (state_estimator_msgs) StdoutLine: {'line': b'[  5%] \x1b[32mBuilding C object CMakeFiles/state_estimator_msgs__rosidl_generator_c.dir/rosidl_generator_c/state_estimator_msgs/srv/detail/get_active_estimators__functions.c.o\x1b[0m\n'}
[5.730805] (state_estimator_msgs) StdoutLine: {'line': b'[  6%] \x1b[32mBuilding C object CMakeFiles/state_estimator_msgs__rosidl_generator_c.dir/rosidl_generator_c/state_estimator_msgs/srv/detail/get_estimator_description__functions.c.o\x1b[0m\n'}
[5.732948] (state_estimator_msgs) StdoutLine: {'line': b'[  6%] Built target state_estimator_msgs__cpp\n'}
[5.743055] (state_estimator_msgs) StdoutLine: {'line': b'[  6%] \x1b[32mBuilding C object CMakeFiles/state_estimator_msgs__rosidl_generator_c.dir/rosidl_generator_c/state_estimator_msgs/srv/detail/get_whitelist__functions.c.o\x1b[0m\n'}
[5.756484] (state_estimator_msgs) StdoutLine: {'line': b'[  7%] \x1b[34m\x1b[1mGenerating C++ type support dispatch for ROS interfaces\x1b[0m\n'}
[5.756847] (state_estimator_msgs) StdoutLine: {'line': b'[  8%] \x1b[32mBuilding C object CMakeFiles/state_estimator_msgs__rosidl_generator_c.dir/rosidl_generator_c/state_estimator_msgs/srv/detail/list_all_estimators__functions.c.o\x1b[0m\n'}
[5.762222] (state_estimator_msgs) StdoutLine: {'line': b'[  9%] \x1b[34m\x1b[1mGenerating C++ type support for eProsima Fast-RTPS\x1b[0m\n'}
[5.821191] (-) TimerEvent: {}
[5.839019] (state_estimator_msgs) StdoutLine: {'line': b'[ 10%] \x1b[32mBuilding C object CMakeFiles/state_estimator_msgs__rosidl_generator_c.dir/rosidl_generator_c/state_estimator_msgs/srv/detail/pause_estimator__functions.c.o\x1b[0m\n'}
[5.850017] (state_estimator_msgs) StdoutLine: {'line': b'[ 10%] \x1b[32mBuilding C object CMakeFiles/state_estimator_msgs__rosidl_generator_c.dir/rosidl_generator_c/state_estimator_msgs/srv/detail/reset_estimator__functions.c.o\x1b[0m\n'}
[5.854827] (state_estimator_msgs) StdoutLine: {'line': b'[ 10%] \x1b[34m\x1b[1mGenerating C++ introspection for ROS interfaces\x1b[0m\n'}
[5.859901] (state_estimator_msgs) StdoutLine: {'line': b'[ 10%] \x1b[32mBuilding C object CMakeFiles/state_estimator_msgs__rosidl_generator_c.dir/rosidl_generator_c/state_estimator_msgs/srv/detail/start_estimator__functions.c.o\x1b[0m\n'}
[5.863215] (state_estimator_msgs) StdoutLine: {'line': b'[ 11%] \x1b[32mBuilding C object CMakeFiles/state_estimator_msgs__rosidl_generator_c.dir/rosidl_generator_c/state_estimator_msgs/srv/detail/restart_estimator__functions.c.o\x1b[0m\n'}
[5.866705] (state_estimator_msgs) StdoutLine: {'line': b'[ 12%] \x1b[32mBuilding C object CMakeFiles/state_estimator_msgs__rosidl_generator_c.dir/rosidl_generator_c/state_estimator_msgs/srv/detail/resume_estimator__functions.c.o\x1b[0m\n'}
[5.868730] (state_estimator_msgs) StdoutLine: {'line': b'[ 13%] \x1b[32mBuilding C object CMakeFiles/state_estimator_msgs__rosidl_generator_c.dir/rosidl_generator_c/state_estimator_msgs/srv/detail/stop_estimator__functions.c.o\x1b[0m\n'}
[5.921307] (-) TimerEvent: {}
[6.002847] (state_estimator_msgs) StdoutLine: {'line': b'[ 14%] \x1b[32m\x1b[1mLinking C shared library libstate_estimator_msgs__rosidl_generator_c.so\x1b[0m\n'}
[6.021426] (-) TimerEvent: {}
[6.029250] (iit_commons) StderrLine: {'line': b'\x1b[01m\x1b[K/home/go2/go2_ws/src/muse/muse_ros2/muse_ws/src/iit_commons/src/control/VirtualModel.cpp:\x1b[m\x1b[K In member function \xe2\x80\x98\x1b[01m\x1b[Kiit_commons::control::VirtualModel::Wrench iit_commons::control::VirtualModel::getFeedBackWrench(const PointState&, const PointState&, const PointState&, const PointState&, const double&, const Wrench&)\x1b[m\x1b[K\xe2\x80\x99:\n'}
[6.029529] (iit_commons) StderrLine: {'line': b'\x1b[01m\x1b[K/home/go2/go2_ws/src/muse/muse_ros2/muse_ws/src/iit_commons/src/control/VirtualModel.cpp:82:69:\x1b[m\x1b[K \x1b[01;35m\x1b[Kwarning: \x1b[m\x1b[Kunused parameter \xe2\x80\x98\x1b[01m\x1b[Krobot_mass\x1b[m\x1b[K\xe2\x80\x99 [\x1b[01;35m\x1b[K\x1b]8;;https://gcc.gnu.org/onlinedocs/gcc/Warning-Options.html#index-Wunused-parameter\x07-Wunused-parameter\x1b]8;;\x07\x1b[m\x1b[K]\n'}
[6.029695] (iit_commons) StderrLine: {'line': b'   82 |                                                      \x1b[01;35m\x1b[Kconst double & robot_mass\x1b[m\x1b[K,\n'}
[6.029833] (iit_commons) StderrLine: {'line': b'      |                                                      \x1b[01;35m\x1b[K~~~~~~~~~~~~~~~^~~~~~~~~~\x1b[m\x1b[K\n'}
[6.121600] (-) TimerEvent: {}
[6.145335] (state_estimator_msgs) StdoutLine: {'line': b'[ 14%] Built target state_estimator_msgs__rosidl_generator_c\n'}
[6.162650] (state_estimator_msgs) StdoutLine: {'line': b'[ 16%] \x1b[34m\x1b[1mGenerating C introspection for ROS interfaces\x1b[0m\n'}
[6.163000] (state_estimator_msgs) StdoutLine: {'line': b'[ 16%] \x1b[34m\x1b[1mGenerating C type support for eProsima Fast-RTPS\x1b[0m\n'}
[6.163410] (state_estimator_msgs) StdoutLine: {'line': b'[ 17%] \x1b[34m\x1b[1mGenerating C type support dispatch for ROS interfaces\x1b[0m\n'}
[6.221732] (-) TimerEvent: {}
[6.322147] (-) TimerEvent: {}
[6.422581] (-) TimerEvent: {}
[6.522984] (-) TimerEvent: {}
[6.561982] (iit_commons) StdoutLine: {'line': b'[ 38%] \x1b[32m\x1b[1mLinking CXX static library libgtest.a\x1b[0m\n'}
[6.623116] (-) TimerEvent: {}
[6.661366] (iit_commons) StdoutLine: {'line': b'[ 38%] Built target gtest\n'}
[6.697081] (iit_commons) StdoutLine: {'line': b'[ 42%] \x1b[32mBuilding CXX object CMakeFiles/algebra-test.dir/src/algebra_test.cpp.o\x1b[0m\n'}
[6.723266] (-) TimerEvent: {}
[6.823675] (-) TimerEvent: {}
[6.924050] (-) TimerEvent: {}
[7.024466] (-) TimerEvent: {}
[7.052398] (state_estimator_msgs) StdoutLine: {'line': b'[ 18%] \x1b[32mBuilding CXX object CMakeFiles/state_estimator_msgs__rosidl_typesupport_cpp.dir/rosidl_typesupport_cpp/state_estimator_msgs/msg/attitude__type_support.cpp.o\x1b[0m\n'}
[7.052648] (state_estimator_msgs) StdoutLine: {'line': b'[ 18%] \x1b[32mBuilding CXX object CMakeFiles/state_estimator_msgs__rosidl_typesupport_cpp.dir/rosidl_typesupport_cpp/state_estimator_msgs/msg/contact_detection__type_support.cpp.o\x1b[0m\n'}
[7.056649] (state_estimator_msgs) StdoutLine: {'line': b'[ 19%] \x1b[32mBuilding CXX object CMakeFiles/state_estimator_msgs__rosidl_typesupport_cpp.dir/rosidl_typesupport_cpp/state_estimator_msgs/msg/leg_odometry__type_support.cpp.o\x1b[0m\n'}
[7.062586] (state_estimator_msgs) StdoutLine: {'line': b'[ 19%] \x1b[32mBuilding CXX object CMakeFiles/state_estimator_msgs__rosidl_typesupport_cpp.dir/rosidl_typesupport_cpp/state_estimator_msgs/msg/joint_state_with_acceleration__type_support.cpp.o\x1b[0m\n'}
[7.062821] (state_estimator_msgs) StdoutLine: {'line': b'[ 20%] \x1b[32mBuilding CXX object CMakeFiles/state_estimator_msgs__rosidl_typesupport_cpp.dir/rosidl_typesupport_cpp/state_estimator_msgs/msg/sensor_fusion__type_support.cpp.o\x1b[0m\n'}
[7.069790] (state_estimator_msgs) StdoutLine: {'line': b'[ 21%] \x1b[32mBuilding CXX object CMakeFiles/state_estimator_msgs__rosidl_typesupport_cpp.dir/rosidl_typesupport_cpp/state_estimator_msgs/srv/get_active_estimators__type_support.cpp.o\x1b[0m\n'}
[7.081519] (state_estimator_msgs) StdoutLine: {'line': b'[ 22%] \x1b[32mBuilding CXX object CMakeFiles/state_estimator_msgs__rosidl_typesupport_cpp.dir/rosidl_typesupport_cpp/state_estimator_msgs/srv/get_blacklist__type_support.cpp.o\x1b[0m\n'}
[7.124587] (-) TimerEvent: {}
[7.228949] (-) TimerEvent: {}
[7.329289] (-) TimerEvent: {}
[7.429645] (-) TimerEvent: {}
[7.529990] (-) TimerEvent: {}
[7.630676] (-) TimerEvent: {}
[7.733582] (-) TimerEvent: {}
[7.774836] (state_estimator_msgs) StdoutLine: {'line': b'[ 23%] \x1b[32mBuilding CXX object CMakeFiles/state_estimator_msgs__rosidl_typesupport_cpp.dir/rosidl_typesupport_cpp/state_estimator_msgs/srv/get_whitelist__type_support.cpp.o\x1b[0m\n'}
[7.775065] (state_estimator_msgs) StdoutLine: {'line': b'[ 23%] \x1b[32mBuilding CXX object CMakeFiles/state_estimator_msgs__rosidl_typesupport_cpp.dir/rosidl_typesupport_cpp/state_estimator_msgs/srv/get_estimator_description__type_support.cpp.o\x1b[0m\n'}
[7.802330] (state_estimator_msgs) StdoutLine: {'line': b'[ 23%] \x1b[32mBuilding CXX object CMakeFiles/state_estimator_msgs__rosidl_typesupport_c.dir/rosidl_typesupport_c/state_estimator_msgs/msg/attitude__type_support.cpp.o\x1b[0m\n'}
[7.818450] (state_estimator_msgs) StdoutLine: {'line': b'[ 24%] \x1b[32mBuilding CXX object CMakeFiles/state_estimator_msgs__rosidl_typesupport_c.dir/rosidl_typesupport_c/state_estimator_msgs/msg/contact_detection__type_support.cpp.o\x1b[0m\n'}
[7.833060] (kiss_icp) StdoutLine: {'line': b'-- KISS-ICP ROS 2 wrapper will be compiled\n'}
[7.833283] (kiss_icp) StdoutLine: {'line': b'-- Found ament_cmake: 1.3.12 (/opt/ros/humble/share/ament_cmake/cmake)\n'}
[7.836940] (-) TimerEvent: {}
[7.892833] (state_estimator_msgs) StdoutLine: {'line': b'[ 25%] \x1b[32mBuilding CXX object CMakeFiles/state_estimator_msgs__rosidl_typesupport_cpp.dir/rosidl_typesupport_cpp/state_estimator_msgs/srv/list_all_estimators__type_support.cpp.o\x1b[0m\n'}
[7.903542] (state_estimator_msgs) StdoutLine: {'line': b'[ 26%] \x1b[32mBuilding CXX object CMakeFiles/state_estimator_msgs__rosidl_typesupport_c.dir/rosidl_typesupport_c/state_estimator_msgs/msg/leg_odometry__type_support.cpp.o\x1b[0m\n'}
[7.937055] (-) TimerEvent: {}
[7.944393] (state_estimator_msgs) StdoutLine: {'line': b'[ 26%] \x1b[32mBuilding CXX object CMakeFiles/state_estimator_msgs__rosidl_typesupport_c.dir/rosidl_typesupport_c/state_estimator_msgs/msg/sensor_fusion__type_support.cpp.o\x1b[0m\n'}
[7.945058] (state_estimator_msgs) StdoutLine: {'line': b'[ 27%] \x1b[32mBuilding CXX object CMakeFiles/state_estimator_msgs__rosidl_typesupport_c.dir/rosidl_typesupport_c/state_estimator_msgs/msg/joint_state_with_acceleration__type_support.cpp.o\x1b[0m\n'}
[7.955530] (state_estimator_msgs) StdoutLine: {'line': b'[ 27%] \x1b[32mBuilding CXX object CMakeFiles/state_estimator_msgs__rosidl_typesupport_cpp.dir/rosidl_typesupport_cpp/state_estimator_msgs/srv/pause_estimator__type_support.cpp.o\x1b[0m\n'}
[7.973664] (state_estimator_msgs) StdoutLine: {'line': b'[ 28%] \x1b[32mBuilding CXX object CMakeFiles/state_estimator_msgs__rosidl_typesupport_cpp.dir/rosidl_typesupport_cpp/state_estimator_msgs/srv/reset_estimator__type_support.cpp.o\x1b[0m\n'}
[8.034130] (state_estimator_msgs) StdoutLine: {'line': b'[ 29%] \x1b[32mBuilding CXX object CMakeFiles/state_estimator_msgs__rosidl_typesupport_cpp.dir/rosidl_typesupport_cpp/state_estimator_msgs/srv/restart_estimator__type_support.cpp.o\x1b[0m\n'}
[8.037166] (-) TimerEvent: {}
[8.079237] (state_estimator_msgs) StdoutLine: {'line': b'[ 30%] \x1b[32mBuilding CXX object CMakeFiles/state_estimator_msgs__rosidl_typesupport_c.dir/rosidl_typesupport_c/state_estimator_msgs/srv/get_active_estimators__type_support.cpp.o\x1b[0m\n'}
[8.096677] (state_estimator_msgs) StdoutLine: {'line': b'[ 30%] \x1b[32mBuilding CXX object CMakeFiles/state_estimator_msgs__rosidl_typesupport_cpp.dir/rosidl_typesupport_cpp/state_estimator_msgs/srv/resume_estimator__type_support.cpp.o\x1b[0m\n'}
[8.137284] (-) TimerEvent: {}
[8.209826] (state_estimator_msgs) StdoutLine: {'line': b'[ 30%] \x1b[32mBuilding CXX object CMakeFiles/state_estimator_msgs__rosidl_typesupport_c.dir/rosidl_typesupport_c/state_estimator_msgs/srv/get_blacklist__type_support.cpp.o\x1b[0m\n'}
[8.237417] (-) TimerEvent: {}
[8.241270] (kiss_icp) StdoutLine: {'line': b'-- Found Python3: /usr/bin/python3 (found version "3.10.12") found components: Interpreter \n'}
[8.328461] (state_estimator_msgs) StdoutLine: {'line': b'[ 31%] \x1b[32mBuilding CXX object CMakeFiles/state_estimator_msgs__rosidl_typesupport_c.dir/rosidl_typesupport_c/state_estimator_msgs/srv/get_estimator_description__type_support.cpp.o\x1b[0m\n'}
[8.337524] (-) TimerEvent: {}
[8.378386] (state_estimator_msgs) StdoutLine: {'line': b'[ 32%] \x1b[32mBuilding CXX object CMakeFiles/state_estimator_msgs__rosidl_typesupport_c.dir/rosidl_typesupport_c/state_estimator_msgs/srv/get_whitelist__type_support.cpp.o\x1b[0m\n'}
[8.437660] (-) TimerEvent: {}
[8.442011] (state_estimator_msgs) StdoutLine: {'line': b'[ 32%] \x1b[32mBuilding CXX object CMakeFiles/state_estimator_msgs__rosidl_typesupport_c.dir/rosidl_typesupport_c/state_estimator_msgs/srv/list_all_estimators__type_support.cpp.o\x1b[0m\n'}
[8.450700] (state_estimator_msgs) StdoutLine: {'line': b'[ 33%] \x1b[32mBuilding CXX object CMakeFiles/state_estimator_msgs__rosidl_typesupport_c.dir/rosidl_typesupport_c/state_estimator_msgs/srv/pause_estimator__type_support.cpp.o\x1b[0m\n'}
[8.472368] (state_estimator_msgs) StdoutLine: {'line': b'[ 34%] \x1b[32mBuilding CXX object CMakeFiles/state_estimator_msgs__rosidl_typesupport_cpp.dir/rosidl_typesupport_cpp/state_estimator_msgs/srv/start_estimator__type_support.cpp.o\x1b[0m\n'}
[8.523579] (state_estimator_msgs) StdoutLine: {'line': b'[ 35%] \x1b[32mBuilding CXX object CMakeFiles/state_estimator_msgs__rosidl_typesupport_cpp.dir/rosidl_typesupport_cpp/state_estimator_msgs/srv/stop_estimator__type_support.cpp.o\x1b[0m\n'}
[8.537783] (-) TimerEvent: {}
[8.543836] (state_estimator_msgs) StdoutLine: {'line': b'[ 36%] \x1b[32mBuilding CXX object CMakeFiles/state_estimator_msgs__rosidl_typesupport_introspection_cpp.dir/rosidl_typesupport_introspection_cpp/state_estimator_msgs/msg/detail/attitude__type_support.cpp.o\x1b[0m\n'}
[8.548469] (state_estimator_msgs) StdoutLine: {'line': b'[ 37%] \x1b[32mBuilding CXX object CMakeFiles/state_estimator_msgs__rosidl_typesupport_c.dir/rosidl_typesupport_c/state_estimator_msgs/srv/reset_estimator__type_support.cpp.o\x1b[0m\n'}
[8.585032] (kiss_icp) StdoutLine: {'line': b'-- Found nav_msgs: 4.9.0 (/opt/ros/humble/share/nav_msgs/cmake)\n'}
[8.609058] (state_estimator_msgs) StdoutLine: {'line': b'[ 37%] \x1b[32mBuilding CXX object CMakeFiles/state_estimator_msgs__rosidl_typesupport_c.dir/rosidl_typesupport_c/state_estimator_msgs/srv/restart_estimator__type_support.cpp.o\x1b[0m\n'}
[8.638029] (-) TimerEvent: {}
[8.658500] (state_estimator_msgs) StdoutLine: {'line': b'[ 38%] \x1b[32mBuilding CXX object CMakeFiles/state_estimator_msgs__rosidl_typesupport_introspection_cpp.dir/rosidl_typesupport_introspection_cpp/state_estimator_msgs/msg/detail/contact_detection__type_support.cpp.o\x1b[0m\n'}
[8.703020] (state_estimator_msgs) StdoutLine: {'line': b'[ 39%] \x1b[32mBuilding CXX object CMakeFiles/state_estimator_msgs__rosidl_typesupport_c.dir/rosidl_typesupport_c/state_estimator_msgs/srv/resume_estimator__type_support.cpp.o\x1b[0m\n'}
[8.736719] (state_estimator_msgs) StdoutLine: {'line': b'[ 40%] \x1b[32mBuilding CXX object CMakeFiles/state_estimator_msgs__rosidl_typesupport_fastrtps_cpp.dir/rosidl_typesupport_fastrtps_cpp/state_estimator_msgs/msg/detail/dds_fastrtps/attitude__type_support.cpp.o\x1b[0m\n'}
[8.738154] (-) TimerEvent: {}
[8.738884] (state_estimator_msgs) StdoutLine: {'line': b'[ 40%] \x1b[32mBuilding CXX object CMakeFiles/state_estimator_msgs__rosidl_typesupport_introspection_cpp.dir/rosidl_typesupport_introspection_cpp/state_estimator_msgs/msg/detail/leg_odometry__type_support.cpp.o\x1b[0m\n'}
[8.762343] (state_estimator_msgs) StdoutLine: {'line': b'[ 41%] \x1b[32mBuilding CXX object CMakeFiles/state_estimator_msgs__rosidl_typesupport_introspection_cpp.dir/rosidl_typesupport_introspection_cpp/state_estimator_msgs/msg/detail/sensor_fusion__type_support.cpp.o\x1b[0m\n'}
[8.771299] (state_estimator_msgs) StdoutLine: {'line': b'[ 42%] \x1b[32mBuilding CXX object CMakeFiles/state_estimator_msgs__rosidl_typesupport_c.dir/rosidl_typesupport_c/state_estimator_msgs/srv/start_estimator__type_support.cpp.o\x1b[0m\n'}
[8.828116] (state_estimator_msgs) StdoutLine: {'line': b'[ 43%] \x1b[32mBuilding CXX object CMakeFiles/state_estimator_msgs__rosidl_typesupport_introspection_cpp.dir/rosidl_typesupport_introspection_cpp/state_estimator_msgs/msg/detail/joint_state_with_acceleration__type_support.cpp.o\x1b[0m\n'}
[8.834708] (state_estimator_msgs) StdoutLine: {'line': b'[ 43%] \x1b[32mBuilding CXX object CMakeFiles/state_estimator_msgs__rosidl_typesupport_fastrtps_cpp.dir/rosidl_typesupport_fastrtps_cpp/state_estimator_msgs/msg/detail/dds_fastrtps/contact_detection__type_support.cpp.o\x1b[0m\n'}
[8.838303] (-) TimerEvent: {}
[8.912748] (state_estimator_msgs) StdoutLine: {'line': b'[ 44%] \x1b[32mBuilding C object CMakeFiles/state_estimator_msgs__rosidl_typesupport_introspection_c.dir/rosidl_typesupport_introspection_c/state_estimator_msgs/msg/detail/attitude__type_support.c.o\x1b[0m\n'}
[8.931276] (state_estimator_msgs) StdoutLine: {'line': b'[ 44%] \x1b[32mBuilding CXX object CMakeFiles/state_estimator_msgs__rosidl_typesupport_c.dir/rosidl_typesupport_c/state_estimator_msgs/srv/stop_estimator__type_support.cpp.o\x1b[0m\n'}
[8.938446] (-) TimerEvent: {}
[9.017050] (state_estimator_msgs) StdoutLine: {'line': b'[ 44%] \x1b[32mBuilding CXX object CMakeFiles/state_estimator_msgs__rosidl_typesupport_fastrtps_c.dir/rosidl_typesupport_fastrtps_c/state_estimator_msgs/msg/detail/attitude__type_support_c.cpp.o\x1b[0m\n'}
[9.038568] (-) TimerEvent: {}
[9.063863] (state_estimator_msgs) StdoutLine: {'line': b'[ 44%] \x1b[32mBuilding C object CMakeFiles/state_estimator_msgs__rosidl_typesupport_introspection_c.dir/rosidl_typesupport_introspection_c/state_estimator_msgs/msg/detail/contact_detection__type_support.c.o\x1b[0m\n'}
[9.070379] (state_estimator_msgs) StdoutLine: {'line': b'[ 45%] \x1b[32m\x1b[1mLinking CXX shared library libstate_estimator_msgs__rosidl_typesupport_c.so\x1b[0m\n'}
[9.138719] (-) TimerEvent: {}
[9.140772] (state_estimator_msgs) StdoutLine: {'line': b'[ 46%] \x1b[32mBuilding C object CMakeFiles/state_estimator_msgs__rosidl_typesupport_introspection_c.dir/rosidl_typesupport_introspection_c/state_estimator_msgs/msg/detail/leg_odometry__type_support.c.o\x1b[0m\n'}
[9.159319] (state_estimator_msgs) StdoutLine: {'line': b'[ 46%] \x1b[32mBuilding CXX object CMakeFiles/state_estimator_msgs__rosidl_typesupport_introspection_cpp.dir/rosidl_typesupport_introspection_cpp/state_estimator_msgs/srv/detail/get_active_estimators__type_support.cpp.o\x1b[0m\n'}
[9.233512] (state_estimator_msgs) StdoutLine: {'line': b'[ 46%] \x1b[32m\x1b[1mLinking CXX shared library libstate_estimator_msgs__rosidl_typesupport_cpp.so\x1b[0m\n'}
[9.238980] (-) TimerEvent: {}
[9.296622] (state_estimator_msgs) StdoutLine: {'line': b'[ 47%] \x1b[32mBuilding C object CMakeFiles/state_estimator_msgs__rosidl_typesupport_introspection_c.dir/rosidl_typesupport_introspection_c/state_estimator_msgs/msg/detail/sensor_fusion__type_support.c.o\x1b[0m\n'}
[9.339173] (-) TimerEvent: {}
[9.403782] (state_estimator_msgs) StdoutLine: {'line': b'[ 47%] \x1b[32mBuilding C object CMakeFiles/state_estimator_msgs__rosidl_typesupport_introspection_c.dir/rosidl_typesupport_introspection_c/state_estimator_msgs/msg/detail/joint_state_with_acceleration__type_support.c.o\x1b[0m\n'}
[9.444981] (-) TimerEvent: {}
[9.545365] (-) TimerEvent: {}
[9.587252] (iit_commons) StderrLine: {'line': b'In file included from \x1b[01m\x1b[K/home/go2/go2_ws/src/muse/muse_ros2/muse_ws/src/iit_commons/src/algebra_test.cpp:1\x1b[m\x1b[K:\n'}
[9.587504] (iit_commons) StderrLine: {'line': b'\x1b[01m\x1b[K/home/go2/go2_ws/src/muse/muse_ros2/muse_ws/src/iit_commons/include/iit_commons/commons/geometry/algebra.h:\x1b[m\x1b[K In function \xe2\x80\x98\x1b[01m\x1b[Kvoid iit::commons::computeQR(const MatrixXR&, MatrixXR&, MatrixXR&, const double&)\x1b[m\x1b[K\xe2\x80\x99:\n'}
[9.587647] (iit_commons) StderrLine: {'line': b'\x1b[01m\x1b[K/home/go2/go2_ws/src/muse/muse_ros2/muse_ws/src/iit_commons/include/iit_commons/commons/geometry/algebra.h:271:37:\x1b[m\x1b[K \x1b[01;35m\x1b[Kwarning: \x1b[m\x1b[Kunused parameter \xe2\x80\x98\x1b[01m\x1b[Ktolerance\x1b[m\x1b[K\xe2\x80\x99 [\x1b[01;35m\x1b[K\x1b]8;;https://gcc.gnu.org/onlinedocs/gcc/Warning-Options.html#index-Wunused-parameter\x07-Wunused-parameter\x1b]8;;\x07\x1b[m\x1b[K]\n'}
[9.587773] (iit_commons) StderrLine: {'line': b'  271 |                       \x1b[01;35m\x1b[Kconst double& tolerance\x1b[m\x1b[K)\n'}
[9.587882] (iit_commons) StderrLine: {'line': b'      |                       \x1b[01;35m\x1b[K~~~~~~~~~~~~~~^~~~~~~~~\x1b[m\x1b[K\n'}
[9.596956] (state_estimator_msgs) StdoutLine: {'line': b'[ 48%] \x1b[32mBuilding C object CMakeFiles/state_estimator_msgs__rosidl_typesupport_introspection_c.dir/rosidl_typesupport_introspection_c/state_estimator_msgs/srv/detail/get_active_estimators__type_support.c.o\x1b[0m\n'}
[9.624572] (state_estimator_msgs) StdoutLine: {'line': b'[ 49%] \x1b[32mBuilding CXX object CMakeFiles/state_estimator_msgs__rosidl_typesupport_fastrtps_c.dir/rosidl_typesupport_fastrtps_c/state_estimator_msgs/msg/detail/contact_detection__type_support_c.cpp.o\x1b[0m\n'}
[9.625829] (state_estimator_msgs) StdoutLine: {'line': b'[ 49%] Built target state_estimator_msgs__rosidl_typesupport_cpp\n'}
[9.641093] (kiss_icp) StdoutLine: {'line': b'-- Found rosidl_generator_c: 3.1.7 (/opt/ros/humble/share/rosidl_generator_c/cmake)\n'}
[9.645493] (-) TimerEvent: {}
[9.650440] (state_estimator_msgs) StdoutLine: {'line': b'[ 50%] \x1b[32mBuilding C object CMakeFiles/state_estimator_msgs__rosidl_typesupport_introspection_c.dir/rosidl_typesupport_introspection_c/state_estimator_msgs/srv/detail/get_blacklist__type_support.c.o\x1b[0m\n'}
[9.654613] (kiss_icp) StdoutLine: {'line': b'-- Found rosidl_adapter: 3.1.7 (/opt/ros/humble/share/rosidl_adapter/cmake)\n'}
[9.672862] (state_estimator_msgs) StdoutLine: {'line': b'[ 50%] \x1b[32mBuilding C object CMakeFiles/state_estimator_msgs__rosidl_typesupport_introspection_c.dir/rosidl_typesupport_introspection_c/state_estimator_msgs/srv/detail/get_estimator_description__type_support.c.o\x1b[0m\n'}
[9.687596] (kiss_icp) StdoutLine: {'line': b'-- Found rosidl_generator_cpp: 3.1.7 (/opt/ros/humble/share/rosidl_generator_cpp/cmake)\n'}
[9.711802] (state_estimator_msgs) StdoutLine: {'line': b'[ 51%] \x1b[32mBuilding CXX object CMakeFiles/state_estimator_msgs__rosidl_typesupport_fastrtps_cpp.dir/rosidl_typesupport_fastrtps_cpp/state_estimator_msgs/msg/detail/dds_fastrtps/leg_odometry__type_support.cpp.o\x1b[0m\n'}
[9.712144] (state_estimator_msgs) StdoutLine: {'line': b'[ 52%] \x1b[32mBuilding CXX object CMakeFiles/state_estimator_msgs__rosidl_typesupport_introspection_cpp.dir/rosidl_typesupport_introspection_cpp/state_estimator_msgs/srv/detail/get_blacklist__type_support.cpp.o\x1b[0m\n'}
[9.742211] (kiss_icp) StdoutLine: {'line': b'-- Using all available rosidl_typesupport_c: rosidl_typesupport_fastrtps_c;rosidl_typesupport_introspection_c\n'}
[9.745624] (-) TimerEvent: {}
[9.757120] (state_estimator_msgs) StdoutLine: {'line': b'[ 53%] \x1b[32mBuilding CXX object CMakeFiles/state_estimator_msgs__rosidl_typesupport_fastrtps_cpp.dir/rosidl_typesupport_fastrtps_cpp/state_estimator_msgs/msg/detail/dds_fastrtps/sensor_fusion__type_support.cpp.o\x1b[0m\n'}
[9.765446] (state_estimator_msgs) StdoutLine: {'line': b'[ 53%] Built target state_estimator_msgs__rosidl_typesupport_c\n'}
[9.793738] (kiss_icp) StdoutLine: {'line': b'-- Using all available rosidl_typesupport_cpp: rosidl_typesupport_fastrtps_cpp;rosidl_typesupport_introspection_cpp\n'}
[9.796254] (state_estimator_msgs) StdoutLine: {'line': b'[ 54%] \x1b[32mBuilding C object CMakeFiles/state_estimator_msgs__rosidl_typesupport_introspection_c.dir/rosidl_typesupport_introspection_c/state_estimator_msgs/srv/detail/get_whitelist__type_support.c.o\x1b[0m\n'}
[9.797962] (state_estimator_msgs) StdoutLine: {'line': b'[ 55%] \x1b[32mBuilding CXX object CMakeFiles/state_estimator_msgs__rosidl_typesupport_introspection_cpp.dir/rosidl_typesupport_introspection_cpp/state_estimator_msgs/srv/detail/get_estimator_description__type_support.cpp.o\x1b[0m\n'}
[9.801552] (state_estimator_msgs) StdoutLine: {'line': b'[ 56%] \x1b[32mBuilding CXX object CMakeFiles/state_estimator_msgs__rosidl_typesupport_fastrtps_c.dir/rosidl_typesupport_fastrtps_c/state_estimator_msgs/msg/detail/leg_odometry__type_support_c.cpp.o\x1b[0m\n'}
[9.826414] (state_estimator_msgs) StdoutLine: {'line': b'[ 56%] \x1b[32mBuilding CXX object CMakeFiles/state_estimator_msgs__rosidl_typesupport_introspection_cpp.dir/rosidl_typesupport_introspection_cpp/state_estimator_msgs/srv/detail/get_whitelist__type_support.cpp.o\x1b[0m\n'}
[9.848982] (-) TimerEvent: {}
[9.876079] (state_estimator_msgs) StdoutLine: {'line': b'[ 57%] \x1b[32mBuilding CXX object CMakeFiles/state_estimator_msgs__rosidl_typesupport_introspection_cpp.dir/rosidl_typesupport_introspection_cpp/state_estimator_msgs/srv/detail/list_all_estimators__type_support.cpp.o\x1b[0m\n'}
[9.896015] (state_estimator_msgs) StdoutLine: {'line': b'[ 57%] \x1b[32mBuilding CXX object CMakeFiles/state_estimator_msgs__rosidl_typesupport_fastrtps_cpp.dir/rosidl_typesupport_fastrtps_cpp/state_estimator_msgs/msg/detail/dds_fastrtps/joint_state_with_acceleration__type_support.cpp.o\x1b[0m\n'}
[9.949742] (-) TimerEvent: {}
[9.981085] (state_estimator_msgs) StdoutLine: {'line': b'[ 58%] \x1b[32mBuilding C object CMakeFiles/state_estimator_msgs__rosidl_typesupport_introspection_c.dir/rosidl_typesupport_introspection_c/state_estimator_msgs/srv/detail/list_all_estimators__type_support.c.o\x1b[0m\n'}
[10.010897] (kiss_icp) StdoutLine: {'line': b'-- Found rclcpp: 16.0.15 (/opt/ros/humble/share/rclcpp/cmake)\n'}
[10.050574] (-) TimerEvent: {}
[10.119350] (state_estimator_msgs) StdoutLine: {'line': b'[ 59%] \x1b[32mBuilding CXX object CMakeFiles/state_estimator_msgs__rosidl_typesupport_fastrtps_cpp.dir/rosidl_typesupport_fastrtps_cpp/state_estimator_msgs/srv/detail/dds_fastrtps/get_active_estimators__type_support.cpp.o\x1b[0m\n'}
[10.134009] (state_estimator_msgs) StdoutLine: {'line': b'[ 59%] \x1b[32mBuilding C object CMakeFiles/state_estimator_msgs__rosidl_typesupport_introspection_c.dir/rosidl_typesupport_introspection_c/state_estimator_msgs/srv/detail/pause_estimator__type_support.c.o\x1b[0m\n'}
[10.141814] (kiss_icp) StdoutLine: {'line': b'-- Found rmw_implementation_cmake: 6.1.2 (/opt/ros/humble/share/rmw_implementation_cmake/cmake)\n'}
[10.152282] (-) TimerEvent: {}
[10.156842] (state_estimator_msgs) StdoutLine: {'line': b'[ 60%] \x1b[32mBuilding CXX object CMakeFiles/state_estimator_msgs__rosidl_typesupport_fastrtps_cpp.dir/rosidl_typesupport_fastrtps_cpp/state_estimator_msgs/srv/detail/dds_fastrtps/get_blacklist__type_support.cpp.o\x1b[0m\n'}
[10.161061] (kiss_icp) StdoutLine: {'line': b'-- Found rmw_fastrtps_cpp: 6.2.8 (/opt/ros/humble/share/rmw_fastrtps_cpp/cmake)\n'}
[10.254721] (-) TimerEvent: {}
[10.302784] (state_estimator_msgs) StdoutLine: {'line': b'[ 61%] \x1b[32mBuilding C object CMakeFiles/state_estimator_msgs__rosidl_typesupport_introspection_c.dir/rosidl_typesupport_introspection_c/state_estimator_msgs/srv/detail/reset_estimator__type_support.c.o\x1b[0m\n'}
[10.354922] (-) TimerEvent: {}
[10.455319] (-) TimerEvent: {}
[10.476102] (state_estimator_msgs) StdoutLine: {'line': b'[ 62%] \x1b[32mBuilding C object CMakeFiles/state_estimator_msgs__rosidl_typesupport_introspection_c.dir/rosidl_typesupport_introspection_c/state_estimator_msgs/srv/detail/restart_estimator__type_support.c.o\x1b[0m\n'}
[10.513159] (state_estimator_msgs) StdoutLine: {'line': b'[ 63%] \x1b[32mBuilding CXX object CMakeFiles/state_estimator_msgs__rosidl_typesupport_introspection_cpp.dir/rosidl_typesupport_introspection_cpp/state_estimator_msgs/srv/detail/pause_estimator__type_support.cpp.o\x1b[0m\n'}
[10.555446] (-) TimerEvent: {}
[10.622899] (state_estimator_msgs) StdoutLine: {'line': b'[ 63%] \x1b[32mBuilding CXX object CMakeFiles/state_estimator_msgs__rosidl_typesupport_introspection_cpp.dir/rosidl_typesupport_introspection_cpp/state_estimator_msgs/srv/detail/reset_estimator__type_support.cpp.o\x1b[0m\n'}
[10.639822] (state_estimator_msgs) StdoutLine: {'line': b'[ 63%] \x1b[32mBuilding C object CMakeFiles/state_estimator_msgs__rosidl_typesupport_introspection_c.dir/rosidl_typesupport_introspection_c/state_estimator_msgs/srv/detail/resume_estimator__type_support.c.o\x1b[0m\n'}
[10.641770] (state_estimator_msgs) StdoutLine: {'line': b'[ 63%] \x1b[32mBuilding CXX object CMakeFiles/state_estimator_msgs__rosidl_typesupport_fastrtps_c.dir/rosidl_typesupport_fastrtps_c/state_estimator_msgs/msg/detail/sensor_fusion__type_support_c.cpp.o\x1b[0m\n'}
[10.655575] (-) TimerEvent: {}
[10.748307] (state_estimator_msgs) StdoutLine: {'line': b'[ 64%] \x1b[32mBuilding C object CMakeFiles/state_estimator_msgs__rosidl_typesupport_introspection_c.dir/rosidl_typesupport_introspection_c/state_estimator_msgs/srv/detail/start_estimator__type_support.c.o\x1b[0m\n'}
[10.755708] (-) TimerEvent: {}
[10.787795] (state_estimator_msgs) StdoutLine: {'line': b'[ 64%] \x1b[32mBuilding CXX object CMakeFiles/state_estimator_msgs__rosidl_typesupport_fastrtps_cpp.dir/rosidl_typesupport_fastrtps_cpp/state_estimator_msgs/srv/detail/dds_fastrtps/get_estimator_description__type_support.cpp.o\x1b[0m\n'}
[10.820977] (state_estimator_msgs) StdoutLine: {'line': b'[ 65%] \x1b[32mBuilding CXX object CMakeFiles/state_estimator_msgs__rosidl_typesupport_introspection_cpp.dir/rosidl_typesupport_introspection_cpp/state_estimator_msgs/srv/detail/restart_estimator__type_support.cpp.o\x1b[0m\n'}
[10.855878] (-) TimerEvent: {}
[10.908843] (state_estimator_msgs) StdoutLine: {'line': b'[ 66%] \x1b[32mBuilding C object CMakeFiles/state_estimator_msgs__rosidl_typesupport_introspection_c.dir/rosidl_typesupport_introspection_c/state_estimator_msgs/srv/detail/stop_estimator__type_support.c.o\x1b[0m\n'}
[10.933524] (state_estimator_msgs) StdoutLine: {'line': b'[ 67%] \x1b[32mBuilding CXX object CMakeFiles/state_estimator_msgs__rosidl_typesupport_fastrtps_c.dir/rosidl_typesupport_fastrtps_c/state_estimator_msgs/msg/detail/joint_state_with_acceleration__type_support_c.cpp.o\x1b[0m\n'}
[10.957552] (-) TimerEvent: {}
[11.058098] (-) TimerEvent: {}
[11.067389] (state_estimator_msgs) StdoutLine: {'line': b'[ 68%] \x1b[32mBuilding CXX object CMakeFiles/state_estimator_msgs__rosidl_typesupport_introspection_cpp.dir/rosidl_typesupport_introspection_cpp/state_estimator_msgs/srv/detail/resume_estimator__type_support.cpp.o\x1b[0m\n'}
[11.077730] (state_estimator_msgs) StdoutLine: {'line': b'[ 68%] \x1b[32m\x1b[1mLinking C shared library libstate_estimator_msgs__rosidl_typesupport_introspection_c.so\x1b[0m\n'}
[11.102624] (state_estimator_msgs) StdoutLine: {'line': b'[ 69%] \x1b[32mBuilding CXX object CMakeFiles/state_estimator_msgs__rosidl_typesupport_fastrtps_cpp.dir/rosidl_typesupport_fastrtps_cpp/state_estimator_msgs/srv/detail/dds_fastrtps/get_whitelist__type_support.cpp.o\x1b[0m\n'}
[11.159527] (-) TimerEvent: {}
[11.163898] (state_estimator_msgs) StdoutLine: {'line': b'[ 70%] \x1b[32mBuilding CXX object CMakeFiles/state_estimator_msgs__rosidl_typesupport_fastrtps_cpp.dir/rosidl_typesupport_fastrtps_cpp/state_estimator_msgs/srv/detail/dds_fastrtps/list_all_estimators__type_support.cpp.o\x1b[0m\n'}
[11.261999] (-) TimerEvent: {}
[11.363976] (-) TimerEvent: {}
[11.437982] (state_estimator_msgs) StdoutLine: {'line': b'[ 71%] \x1b[32mBuilding CXX object CMakeFiles/state_estimator_msgs__rosidl_typesupport_fastrtps_c.dir/rosidl_typesupport_fastrtps_c/state_estimator_msgs/srv/detail/get_active_estimators__type_support_c.cpp.o\x1b[0m\n'}
[11.438238] (state_estimator_msgs) StdoutLine: {'line': b'[ 71%] \x1b[32mBuilding CXX object CMakeFiles/state_estimator_msgs__rosidl_typesupport_fastrtps_cpp.dir/rosidl_typesupport_fastrtps_cpp/state_estimator_msgs/srv/detail/dds_fastrtps/pause_estimator__type_support.cpp.o\x1b[0m\n'}
[11.468041] (-) TimerEvent: {}
[11.504672] (state_estimator_msgs) StdoutLine: {'line': b'[ 71%] \x1b[32mBuilding CXX object CMakeFiles/state_estimator_msgs__rosidl_typesupport_introspection_cpp.dir/rosidl_typesupport_introspection_cpp/state_estimator_msgs/srv/detail/start_estimator__type_support.cpp.o\x1b[0m\n'}
[11.545757] (state_estimator_msgs) StdoutLine: {'line': b'[ 72%] \x1b[32mBuilding CXX object CMakeFiles/state_estimator_msgs__rosidl_typesupport_fastrtps_cpp.dir/rosidl_typesupport_fastrtps_cpp/state_estimator_msgs/srv/detail/dds_fastrtps/reset_estimator__type_support.cpp.o\x1b[0m\n'}
[11.568172] (-) TimerEvent: {}
[11.668559] (-) TimerEvent: {}
[11.772963] (-) TimerEvent: {}
[11.871564] (state_estimator_msgs) StdoutLine: {'line': b'[ 72%] \x1b[32mBuilding CXX object CMakeFiles/state_estimator_msgs__rosidl_typesupport_fastrtps_c.dir/rosidl_typesupport_fastrtps_c/state_estimator_msgs/srv/detail/get_blacklist__type_support_c.cpp.o\x1b[0m\n'}
[11.873712] (-) TimerEvent: {}
[11.944547] (state_estimator_msgs) StdoutLine: {'line': b'[ 73%] \x1b[32mBuilding CXX object CMakeFiles/state_estimator_msgs__rosidl_typesupport_fastrtps_cpp.dir/rosidl_typesupport_fastrtps_cpp/state_estimator_msgs/srv/detail/dds_fastrtps/restart_estimator__type_support.cpp.o\x1b[0m\n'}
[11.973635] (-) TimerEvent: {}
[11.996419] (state_estimator_msgs) StdoutLine: {'line': b'[ 74%] \x1b[32mBuilding CXX object CMakeFiles/state_estimator_msgs__rosidl_typesupport_fastrtps_c.dir/rosidl_typesupport_fastrtps_c/state_estimator_msgs/srv/detail/get_estimator_description__type_support_c.cpp.o\x1b[0m\n'}
[11.996953] (state_estimator_msgs) StdoutLine: {'line': b'[ 75%] \x1b[32mBuilding CXX object CMakeFiles/state_estimator_msgs__rosidl_typesupport_introspection_cpp.dir/rosidl_typesupport_introspection_cpp/state_estimator_msgs/srv/detail/stop_estimator__type_support.cpp.o\x1b[0m\n'}
[12.007770] (state_estimator_msgs) StdoutLine: {'line': b'[ 75%] Built target state_estimator_msgs__rosidl_typesupport_introspection_c\n'}
[12.048666] (state_estimator_msgs) StdoutLine: {'line': b'[ 76%] \x1b[32mBuilding CXX object CMakeFiles/state_estimator_msgs__rosidl_typesupport_fastrtps_c.dir/rosidl_typesupport_fastrtps_c/state_estimator_msgs/srv/detail/get_whitelist__type_support_c.cpp.o\x1b[0m\n'}
[12.078580] (-) TimerEvent: {}
[12.088964] (state_estimator_msgs) StdoutLine: {'line': b'[ 76%] \x1b[32mBuilding CXX object CMakeFiles/state_estimator_msgs__rosidl_typesupport_fastrtps_cpp.dir/rosidl_typesupport_fastrtps_cpp/state_estimator_msgs/srv/detail/dds_fastrtps/resume_estimator__type_support.cpp.o\x1b[0m\n'}
[12.176908] (state_estimator_msgs) StdoutLine: {'line': b'[ 77%] \x1b[32mBuilding CXX object CMakeFiles/state_estimator_msgs__rosidl_typesupport_fastrtps_cpp.dir/rosidl_typesupport_fastrtps_cpp/state_estimator_msgs/srv/detail/dds_fastrtps/start_estimator__type_support.cpp.o\x1b[0m\n'}
[12.178708] (-) TimerEvent: {}
[12.225990] (state_estimator_msgs) StdoutLine: {'line': b'[ 77%] \x1b[32mBuilding CXX object CMakeFiles/state_estimator_msgs__rosidl_typesupport_fastrtps_c.dir/rosidl_typesupport_fastrtps_c/state_estimator_msgs/srv/detail/list_all_estimators__type_support_c.cpp.o\x1b[0m\n'}
[12.278931] (-) TimerEvent: {}
[12.379354] (-) TimerEvent: {}
[12.453032] (state_estimator_msgs) StdoutLine: {'line': b'[ 78%] \x1b[32mBuilding CXX object CMakeFiles/state_estimator_msgs__rosidl_typesupport_fastrtps_cpp.dir/rosidl_typesupport_fastrtps_cpp/state_estimator_msgs/srv/detail/dds_fastrtps/stop_estimator__type_support.cpp.o\x1b[0m\n'}
[12.479487] (-) TimerEvent: {}
[12.526466] (state_estimator_msgs) StdoutLine: {'line': b'[ 79%] \x1b[32mBuilding CXX object CMakeFiles/state_estimator_msgs__rosidl_typesupport_fastrtps_c.dir/rosidl_typesupport_fastrtps_c/state_estimator_msgs/srv/detail/pause_estimator__type_support_c.cpp.o\x1b[0m\n'}
[12.579624] (-) TimerEvent: {}
[12.610563] (state_estimator_msgs) StdoutLine: {'line': b'[ 80%] \x1b[32mBuilding CXX object CMakeFiles/state_estimator_msgs__rosidl_typesupport_fastrtps_c.dir/rosidl_typesupport_fastrtps_c/state_estimator_msgs/srv/detail/reset_estimator__type_support_c.cpp.o\x1b[0m\n'}
[12.679768] (-) TimerEvent: {}
[12.780187] (-) TimerEvent: {}
[12.825180] (state_estimator_msgs) StdoutLine: {'line': b'[ 80%] \x1b[32mBuilding CXX object CMakeFiles/state_estimator_msgs__rosidl_typesupport_fastrtps_c.dir/rosidl_typesupport_fastrtps_c/state_estimator_msgs/srv/detail/restart_estimator__type_support_c.cpp.o\x1b[0m\n'}
[12.869533] (state_estimator_msgs) StdoutLine: {'line': b'[ 81%] \x1b[32mBuilding CXX object CMakeFiles/state_estimator_msgs__rosidl_typesupport_fastrtps_c.dir/rosidl_typesupport_fastrtps_c/state_estimator_msgs/srv/detail/resume_estimator__type_support_c.cpp.o\x1b[0m\n'}
[12.883080] (-) TimerEvent: {}
[12.983761] (-) TimerEvent: {}
[12.993443] (state_estimator_msgs) StdoutLine: {'line': b'[ 83%] \x1b[32m\x1b[1mLinking CXX shared library libstate_estimator_msgs__rosidl_typesupport_introspection_cpp.so\x1b[0m\n'}
[12.997129] (state_estimator_msgs) StdoutLine: {'line': b'[ 83%] \x1b[32mBuilding CXX object CMakeFiles/state_estimator_msgs__rosidl_typesupport_fastrtps_c.dir/rosidl_typesupport_fastrtps_c/state_estimator_msgs/srv/detail/start_estimator__type_support_c.cpp.o\x1b[0m\n'}
[13.015697] (state_estimator_msgs) StdoutLine: {'line': b'[ 83%] \x1b[32mBuilding CXX object CMakeFiles/state_estimator_msgs__rosidl_typesupport_fastrtps_c.dir/rosidl_typesupport_fastrtps_c/state_estimator_msgs/srv/detail/stop_estimator__type_support_c.cpp.o\x1b[0m\n'}
[13.083946] (-) TimerEvent: {}
[13.184547] (-) TimerEvent: {}
[13.288962] (-) TimerEvent: {}
[13.389374] (-) TimerEvent: {}
[13.398218] (state_estimator_msgs) StdoutLine: {'line': b'[ 83%] Built target state_estimator_msgs__rosidl_typesupport_introspection_cpp\n'}
[13.489537] (-) TimerEvent: {}
[13.490850] (state_estimator_msgs) StdoutLine: {'line': b'[ 83%] \x1b[32m\x1b[1mLinking CXX shared library libstate_estimator_msgs__rosidl_typesupport_fastrtps_cpp.so\x1b[0m\n'}
[13.589686] (-) TimerEvent: {}
[13.690157] (-) TimerEvent: {}
[13.712229] (state_estimator_msgs) StdoutLine: {'line': b'[ 83%] Built target state_estimator_msgs__rosidl_typesupport_fastrtps_cpp\n'}
[13.765926] (state_estimator_msgs) StdoutLine: {'line': b'[ 84%] \x1b[32m\x1b[1mLinking CXX shared library libstate_estimator_msgs__rosidl_typesupport_fastrtps_c.so\x1b[0m\n'}
[13.790280] (-) TimerEvent: {}
[13.855522] (kiss_icp) StdoutLine: {'line': b'-- Found OpenSSL: /usr/lib/x86_64-linux-gnu/libcrypto.so (found version "3.0.2")  \n'}
[13.890417] (-) TimerEvent: {}
[13.970262] (state_estimator_msgs) StdoutLine: {'line': b'[ 84%] Built target state_estimator_msgs__rosidl_typesupport_fastrtps_c\n'}
[13.990578] (-) TimerEvent: {}
[14.002853] (state_estimator_msgs) StdoutLine: {'line': b'[ 84%] Built target state_estimator_msgs\n'}
[14.033377] (state_estimator_msgs) StdoutLine: {'line': b'[ 85%] \x1b[34m\x1b[1mGenerating Python code for ROS interfaces\x1b[0m\n'}
[14.090770] (-) TimerEvent: {}
[14.191204] (-) TimerEvent: {}
[14.291561] (-) TimerEvent: {}
[14.391921] (-) TimerEvent: {}
[14.492296] (-) TimerEvent: {}
[14.592747] (-) TimerEvent: {}
[14.693116] (-) TimerEvent: {}
[14.793488] (-) TimerEvent: {}
[14.893817] (-) TimerEvent: {}
[14.897232] (kiss_icp) StdoutLine: {'line': b'-- Found FastRTPS: /opt/ros/humble/include  \n'}
[14.993954] (-) TimerEvent: {}
[15.094343] (-) TimerEvent: {}
[15.194682] (-) TimerEvent: {}
[15.295052] (-) TimerEvent: {}
[15.395494] (-) TimerEvent: {}
[15.495967] (-) TimerEvent: {}
[15.596449] (-) TimerEvent: {}
[15.696958] (-) TimerEvent: {}
[15.797335] (-) TimerEvent: {}
[15.897676] (-) TimerEvent: {}
[15.998032] (-) TimerEvent: {}
[16.098428] (-) TimerEvent: {}
[16.198773] (-) TimerEvent: {}
[16.299128] (-) TimerEvent: {}
[16.399496] (-) TimerEvent: {}
[16.499871] (-) TimerEvent: {}
[16.600219] (-) TimerEvent: {}
[16.696110] (kiss_icp) StdoutLine: {'line': b"-- Using RMW implementation 'rmw_fastrtps_cpp' as default\n"}
[16.700360] (-) TimerEvent: {}
[16.719705] (kiss_icp) StdoutLine: {'line': b'-- Looking for C++ include pthread.h\n'}
[16.800567] (-) TimerEvent: {}
[16.858577] (state_estimator_msgs) StdoutLine: {'line': b'[ 85%] Built target state_estimator_msgs__py\n'}
[16.893809] (state_estimator_msgs) StdoutLine: {'line': b'[ 86%] \x1b[32mBuilding C object CMakeFiles/state_estimator_msgs__rosidl_generator_py.dir/rosidl_generator_py/state_estimator_msgs/msg/_joint_state_with_acceleration_s.c.o\x1b[0m\n'}
[16.894079] (state_estimator_msgs) StdoutLine: {'line': b'[ 87%] \x1b[32mBuilding C object CMakeFiles/state_estimator_msgs__rosidl_generator_py.dir/rosidl_generator_py/state_estimator_msgs/srv/_get_active_estimators_s.c.o\x1b[0m\n'}
[16.894209] (state_estimator_msgs) StdoutLine: {'line': b'[ 87%] \x1b[32mBuilding C object CMakeFiles/state_estimator_msgs__rosidl_generator_py.dir/rosidl_generator_py/state_estimator_msgs/msg/_attitude_s.c.o\x1b[0m\n'}
[16.894326] (state_estimator_msgs) StdoutLine: {'line': b'[ 88%] \x1b[32mBuilding C object CMakeFiles/state_estimator_msgs__rosidl_generator_py.dir/rosidl_generator_py/state_estimator_msgs/srv/_get_estimator_description_s.c.o\x1b[0m\n'}
[16.894447] (state_estimator_msgs) StdoutLine: {'line': b'[ 88%] \x1b[32mBuilding C object CMakeFiles/state_estimator_msgs__rosidl_generator_py.dir/rosidl_generator_py/state_estimator_msgs/srv/_get_blacklist_s.c.o\x1b[0m\n'}
[16.895468] (state_estimator_msgs) StdoutLine: {'line': b'[ 90%] \x1b[32mBuilding C object CMakeFiles/state_estimator_msgs__rosidl_generator_py.dir/rosidl_generator_py/state_estimator_msgs/srv/_get_whitelist_s.c.o\x1b[0m\n'}
[16.895714] (state_estimator_msgs) StdoutLine: {'line': b'[ 90%] \x1b[32mBuilding C object CMakeFiles/state_estimator_msgs__rosidl_generator_py.dir/rosidl_generator_py/state_estimator_msgs/msg/_leg_odometry_s.c.o\x1b[0m\n'}
[16.897118] (state_estimator_msgs) StdoutLine: {'line': b'[ 90%] \x1b[32mBuilding C object CMakeFiles/state_estimator_msgs__rosidl_generator_py.dir/rosidl_generator_py/state_estimator_msgs/msg/_sensor_fusion_s.c.o\x1b[0m\n'}
[16.901287] (-) TimerEvent: {}
[16.901935] (state_estimator_msgs) StdoutLine: {'line': b'[ 91%] \x1b[32mBuilding C object CMakeFiles/state_estimator_msgs__rosidl_generator_py.dir/rosidl_generator_py/state_estimator_msgs/msg/_contact_detection_s.c.o\x1b[0m\n'}
[16.910972] (state_estimator_msgs) StdoutLine: {'line': b'[ 91%] \x1b[32mBuilding C object CMakeFiles/state_estimator_msgs__rosidl_generator_py.dir/rosidl_generator_py/state_estimator_msgs/srv/_list_all_estimators_s.c.o\x1b[0m\n'}
[16.911312] (state_estimator_msgs) StdoutLine: {'line': b'[ 92%] \x1b[32mBuilding C object CMakeFiles/state_estimator_msgs__rosidl_generator_py.dir/rosidl_generator_py/state_estimator_msgs/srv/_reset_estimator_s.c.o\x1b[0m\n'}
[16.911585] (state_estimator_msgs) StdoutLine: {'line': b'[ 93%] \x1b[32mBuilding C object CMakeFiles/state_estimator_msgs__rosidl_generator_py.dir/rosidl_generator_py/state_estimator_msgs/srv/_pause_estimator_s.c.o\x1b[0m\n'}
[16.997051] (kiss_icp) StdoutLine: {'line': b'-- Looking for C++ include pthread.h - found\n'}
[16.997345] (kiss_icp) StdoutLine: {'line': b'-- Performing Test CMAKE_HAVE_LIBC_PTHREAD\n'}
[17.001402] (-) TimerEvent: {}
[17.102025] (-) TimerEvent: {}
[17.205637] (-) TimerEvent: {}
[17.220583] (state_estimator_msgs) StdoutLine: {'line': b'[ 93%] \x1b[32mBuilding C object CMakeFiles/state_estimator_msgs__rosidl_generator_py.dir/rosidl_generator_py/state_estimator_msgs/srv/_restart_estimator_s.c.o\x1b[0m\n'}
[17.228643] (state_estimator_msgs) StdoutLine: {'line': b'[ 94%] \x1b[32mBuilding C object CMakeFiles/state_estimator_msgs__rosidl_generator_py.dir/rosidl_generator_py/state_estimator_msgs/srv/_resume_estimator_s.c.o\x1b[0m\n'}
[17.247396] (state_estimator_msgs) StdoutLine: {'line': b'[ 95%] \x1b[32mBuilding C object CMakeFiles/state_estimator_msgs__rosidl_generator_py.dir/rosidl_generator_py/state_estimator_msgs/srv/_start_estimator_s.c.o\x1b[0m\n'}
[17.251027] (state_estimator_msgs) StdoutLine: {'line': b'[ 95%] \x1b[32mBuilding C object CMakeFiles/state_estimator_msgs__rosidl_generator_py.dir/rosidl_generator_py/state_estimator_msgs/srv/_stop_estimator_s.c.o\x1b[0m\n'}
[17.305801] (-) TimerEvent: {}
[17.344718] (kiss_icp) StdoutLine: {'line': b'-- Performing Test CMAKE_HAVE_LIBC_PTHREAD - Success\n'}
[17.346454] (kiss_icp) StdoutLine: {'line': b'-- Found Threads: TRUE  \n'}
[17.405945] (-) TimerEvent: {}
[17.407852] (kiss_icp) StdoutLine: {'line': b'-- Found rclcpp_components: 16.0.15 (/opt/ros/humble/share/rclcpp_components/cmake)\n'}
[17.416238] (state_estimator_msgs) StdoutLine: {'line': b'[ 96%] \x1b[32m\x1b[1mLinking C shared library rosidl_generator_py/state_estimator_msgs/libstate_estimator_msgs__rosidl_generator_py.so\x1b[0m\n'}
[17.446624] (kiss_icp) StdoutLine: {'line': b'-- Found sensor_msgs: 4.9.0 (/opt/ros/humble/share/sensor_msgs/cmake)\n'}
[17.474012] (kiss_icp) StdoutLine: {'line': b'-- Found tf2_ros: 0.25.16 (/opt/ros/humble/share/tf2_ros/cmake)\n'}
[17.506081] (-) TimerEvent: {}
[17.541324] (state_estimator_msgs) StdoutLine: {'line': b'[ 96%] Built target state_estimator_msgs__rosidl_generator_py\n'}
[17.569677] (state_estimator_msgs) StdoutLine: {'line': b'[ 97%] \x1b[32mBuilding C object CMakeFiles/state_estimator_msgs__rosidl_typesupport_fastrtps_c__pyext.dir/rosidl_generator_py/state_estimator_msgs/_state_estimator_msgs_s.ep.rosidl_typesupport_fastrtps_c.c.o\x1b[0m\n'}
[17.572061] (state_estimator_msgs) StdoutLine: {'line': b'[ 98%] \x1b[32mBuilding C object CMakeFiles/state_estimator_msgs__rosidl_typesupport_introspection_c__pyext.dir/rosidl_generator_py/state_estimator_msgs/_state_estimator_msgs_s.ep.rosidl_typesupport_introspection_c.c.o\x1b[0m\n'}
[17.572500] (state_estimator_msgs) StdoutLine: {'line': b'[ 99%] \x1b[32mBuilding C object CMakeFiles/state_estimator_msgs__rosidl_typesupport_c__pyext.dir/rosidl_generator_py/state_estimator_msgs/_state_estimator_msgs_s.ep.rosidl_typesupport_c.c.o\x1b[0m\n'}
[17.606249] (-) TimerEvent: {}
[17.706723] (-) TimerEvent: {}
[17.743216] (kiss_icp) StdoutLine: {'line': b'-- Configuring done\n'}
[17.797387] (kiss_icp) StdoutLine: {'line': b'-- Generating done\n'}
[17.806864] (-) TimerEvent: {}
[17.813053] (kiss_icp) StdoutLine: {'line': b'-- Build files have been written to: /home/go2/go2_ws/src/muse/muse_ros2/muse_ws/build/kiss_icp\n'}
[17.835543] (kiss_icp) CommandEnded: {'returncode': 0}
[17.836529] (kiss_icp) JobProgress: {'identifier': 'kiss_icp', 'progress': 'build'}
[17.837742] (kiss_icp) Command: {'cmd': ['/usr/bin/cmake', '--build', '/home/go2/go2_ws/src/muse/muse_ros2/muse_ws/build/kiss_icp', '--', '-j12', '-l12'], 'cwd': '/home/go2/go2_ws/src/muse/muse_ros2/muse_ws/build/kiss_icp', 'env': OrderedDict([('LESSOPEN', '| /usr/bin/lesspipe %s'), ('USER', 'go2'), ('GIT_ASKPASS', '/home/go2/.vscode-server/bin/7d842fb85a0275a4a8e4d7e040d2625abbf7f084/extensions/git/dist/askpass.sh'), ('SHLVL', '2'), ('LD_LIBRARY_PATH', '/home/go2/go2_ws/src/muse/muse_ros2/muse_ws/install/state_estimator/lib:/home/go2/go2_ws/src/muse/muse_ros2/muse_ws/install/state_estimator_msgs/lib:/home/go2/go2_ws/src/muse/muse_ros2/muse_ws/install/kiss_icp/lib:/home/go2/go2_ws/src/muse/muse_ros2/muse_ws/install/iit_commons/lib:/opt/ros/humble/opt/rviz_ogre_vendor/lib:/opt/ros/humble/lib/x86_64-linux-gnu:/opt/ros/humble/lib'), ('HOME', '/home/go2'), ('OLDPWD', '/home/go2/go2_ws/src/muse/muse_ros2'), ('TERM_PROGRAM_VERSION', '1.105.1'), ('VSCODE_IPC_HOOK_CLI', '/run/user/1000/vscode-ipc-fd71f093-931c-4aa7-9729-3fcba30fa958.sock'), ('ROS_PYTHON_VERSION', '3'), ('VSCODE_GIT_ASKPASS_MAIN', '/home/go2/.vscode-server/bin/7d842fb85a0275a4a8e4d7e040d2625abbf7f084/extensions/git/dist/askpass-main.js'), ('VSCODE_GIT_ASKPASS_NODE', '/home/go2/.vscode-server/bin/7d842fb85a0275a4a8e4d7e040d2625abbf7f084/node'), ('VSCODE_PYTHON_AUTOACTIVATE_GUARD', '1'), ('DBUS_SESSION_BUS_ADDRESS', 'unix:path=/run/user/1000/bus'), ('COLORTERM', 'truecolor'), ('WSL_DISTRO_NAME', 'Ubuntu-22.04'), ('WAYLAND_DISPLAY', 'wayland-0'), ('COLCON_PREFIX_PATH', '/home/go2/go2_ws/src/muse/muse_ros2/muse_ws/install:/home/go2/go2_ws/install'), ('ROS_DISTRO', 'humble'), ('LOGNAME', 'go2'), ('NAME', 'Code'), ('WSL_INTEROP', '/run/WSL/705_interop'), ('PULSE_SERVER', 'unix:/mnt/wslg/PulseServer'), ('_', '/usr/bin/colcon'), ('ROS_VERSION', '2'), ('TERM', 'xterm-256color'), ('ROS_LOCALHOST_ONLY', '0'), ('PATH', '/home/go2/.vscode-server/bin/7d842fb85a0275a4a8e4d7e040d2625abbf7f084/bin/remote-cli:/opt/ros/humble/bin:/usr/local/sbin:/usr/local/bin:/usr/sbin:/usr/bin:/sbin:/bin:/usr/games:/usr/local/games:/usr/lib/wsl/lib:/mnt/c/Program Files/Common Files/Siemens/Automation/Simatic OAM/bin:/mnt/c/Program Files/Python310/Scripts/:/mnt/c/Program Files/Python310/:/mnt/c/Program Files (x86)/Razer/ChromaBroadcast/bin:/mnt/c/Program Files/Razer/ChromaBroadcast/bin:/mnt/c/WINDOWS/system32:/mnt/c/WINDOWS:/mnt/c/WINDOWS/System32/Wbem:/mnt/c/WINDOWS/System32/WindowsPowerShell/v1.0/:/mnt/c/WINDOWS/System32/OpenSSH/:/mnt/c/Program Files/dotnet/:/mnt/c/WINDOWS/system32:/mnt/c/WINDOWS:/mnt/c/WINDOWS/System32/Wbem:/mnt/c/WINDOWS/System32/WindowsPowerShell/v1.0/:/mnt/c/WINDOWS/System32/OpenSSH/:/mnt/c/Program Files/Git/cmd:/mnt/c/Users/LABID/AppData/Local/Microsoft/WindowsApps:/mnt/c/Program Files/Docker/Docker/resources/bin:/mnt/c/Users/LABID/AppData/Local/Programs/Microsoft VS Code/bin:/snap/bin'), ('XDG_RUNTIME_DIR', '/run/user/1000/'), ('DISPLAY', ':0'), ('LANG', 'en_US.UTF-8'), ('LS_COLORS', 'rs=0:di=01;34:ln=01;36:mh=00:pi=40;33:so=01;35:do=01;35:bd=40;33;01:cd=40;33;01:or=40;31;01:mi=00:su=37;41:sg=30;43:ca=30;41:tw=30;42:ow=34;42:st=37;44:ex=01;32:*.tar=01;31:*.tgz=01;31:*.arc=01;31:*.arj=01;31:*.taz=01;31:*.lha=01;31:*.lz4=01;31:*.lzh=01;31:*.lzma=01;31:*.tlz=01;31:*.txz=01;31:*.tzo=01;31:*.t7z=01;31:*.zip=01;31:*.z=01;31:*.dz=01;31:*.gz=01;31:*.lrz=01;31:*.lz=01;31:*.lzo=01;31:*.xz=01;31:*.zst=01;31:*.tzst=01;31:*.bz2=01;31:*.bz=01;31:*.tbz=01;31:*.tbz2=01;31:*.tz=01;31:*.deb=01;31:*.rpm=01;31:*.jar=01;31:*.war=01;31:*.ear=01;31:*.sar=01;31:*.rar=01;31:*.alz=01;31:*.ace=01;31:*.zoo=01;31:*.cpio=01;31:*.7z=01;31:*.rz=01;31:*.cab=01;31:*.wim=01;31:*.swm=01;31:*.dwm=01;31:*.esd=01;31:*.jpg=01;35:*.jpeg=01;35:*.mjpg=01;35:*.mjpeg=01;35:*.gif=01;35:*.bmp=01;35:*.pbm=01;35:*.pgm=01;35:*.ppm=01;35:*.tga=01;35:*.xbm=01;35:*.xpm=01;35:*.tif=01;35:*.tiff=01;35:*.png=01;35:*.svg=01;35:*.svgz=01;35:*.mng=01;35:*.pcx=01;35:*.mov=01;35:*.mpg=01;35:*.mpeg=01;35:*.m2v=01;35:*.mkv=01;35:*.webm=01;35:*.webp=01;35:*.ogm=01;35:*.mp4=01;35:*.m4v=01;35:*.mp4v=01;35:*.vob=01;35:*.qt=01;35:*.nuv=01;35:*.wmv=01;35:*.asf=01;35:*.rm=01;35:*.rmvb=01;35:*.flc=01;35:*.avi=01;35:*.fli=01;35:*.flv=01;35:*.gl=01;35:*.dl=01;35:*.xcf=01;35:*.xwd=01;35:*.yuv=01;35:*.cgm=01;35:*.emf=01;35:*.ogv=01;35:*.ogx=01;35:*.aac=00;36:*.au=00;36:*.flac=00;36:*.m4a=00;36:*.mid=00;36:*.midi=00;36:*.mka=00;36:*.mp3=00;36:*.mpc=00;36:*.ogg=00;36:*.ra=00;36:*.wav=00;36:*.oga=00;36:*.opus=00;36:*.spx=00;36:*.xspf=00;36:'), ('VSCODE_GIT_IPC_HANDLE', '/run/user/1000/vscode-git-791eacad74.sock'), ('TERM_PROGRAM', 'vscode'), ('AMENT_PREFIX_PATH', '/home/go2/go2_ws/install/go2_description:/home/go2/go2_ws/src/muse/muse_ros2/muse_ws/install/state_estimator:/home/go2/go2_ws/src/muse/muse_ros2/muse_ws/install/state_estimator_msgs:/home/go2/go2_ws/src/muse/muse_ros2/muse_ws/install/kiss_icp:/home/go2/go2_ws/src/muse/muse_ros2/muse_ws/install/iit_commons:/opt/ros/humble'), ('SHELL', '/bin/bash'), ('LESSCLOSE', '/usr/bin/lesspipe %s %s'), ('VSCODE_GIT_ASKPASS_EXTRA_ARGS', ''), ('PWD', '/home/go2/go2_ws/src/muse/muse_ros2/muse_ws/build/kiss_icp'), ('XDG_DATA_DIRS', '/usr/local/share:/usr/share:/var/lib/snapd/desktop'), ('PYTHONPATH', '/home/go2/go2_ws/src/muse/muse_ros2/muse_ws/install/state_estimator_msgs/local/lib/python3.10/dist-packages:/opt/ros/humble/lib/python3.10/site-packages:/opt/ros/humble/local/lib/python3.10/dist-packages'), ('COLCON', '1'), ('WSL2_GUI_APPS_ENABLED', '1'), ('HOSTTYPE', 'x86_64'), ('CMAKE_PREFIX_PATH', '/home/go2/go2_ws/install/go2_description:/home/go2/go2_ws/src/muse/muse_ros2/muse_ws/install/state_estimator:/home/go2/go2_ws/src/muse/muse_ros2/muse_ws/install/state_estimator_msgs:/home/go2/go2_ws/src/muse/muse_ros2/muse_ws/install/kiss_icp:/home/go2/go2_ws/src/muse/muse_ros2/muse_ws/install/iit_commons:/opt/ros/humble'), ('WSLENV', 'ELECTRON_RUN_AS_NODE/w:')]), 'shell': False}
[17.861789] (state_estimator_msgs) StdoutLine: {'line': b'[ 99%] \x1b[32m\x1b[1mLinking C shared library rosidl_generator_py/state_estimator_msgs/state_estimator_msgs_s__rosidl_typesupport_fastrtps_c.cpython-310-x86_64-linux-gnu.so\x1b[0m\n'}
[17.873776] (state_estimator_msgs) StdoutLine: {'line': b'[ 99%] \x1b[32m\x1b[1mLinking C shared library rosidl_generator_py/state_estimator_msgs/state_estimator_msgs_s__rosidl_typesupport_c.cpython-310-x86_64-linux-gnu.so\x1b[0m\n'}
[17.876694] (state_estimator_msgs) StdoutLine: {'line': b'[100%] \x1b[32m\x1b[1mLinking C shared library rosidl_generator_py/state_estimator_msgs/state_estimator_msgs_s__rosidl_typesupport_introspection_c.cpython-310-x86_64-linux-gnu.so\x1b[0m\n'}
[17.907007] (-) TimerEvent: {}
[17.907915] (kiss_icp) StdoutLine: {'line': b'[  7%] \x1b[32mBuilding CXX object kiss_icp/metrics/CMakeFiles/metrics.dir/Metrics.cpp.o\x1b[0m\n'}
[17.908464] (kiss_icp) StdoutLine: {'line': b'[ 21%] \x1b[32mBuilding CXX object kiss_icp/core/CMakeFiles/core.dir/Deskew.cpp.o\x1b[0m\n'}
[17.908891] (kiss_icp) StdoutLine: {'line': b'[ 21%] \x1b[32mBuilding CXX object kiss_icp/core/CMakeFiles/core.dir/Preprocessing.cpp.o\x1b[0m\n'}
[17.909921] (kiss_icp) StdoutLine: {'line': b'[ 28%] \x1b[32mBuilding CXX object kiss_icp/core/CMakeFiles/core.dir/VoxelHashMap.cpp.o\x1b[0m\n'}
[17.910497] (kiss_icp) StdoutLine: {'line': b'[ 35%] \x1b[32mBuilding CXX object kiss_icp/core/CMakeFiles/core.dir/Threshold.cpp.o\x1b[0m\n'}
[17.910755] (kiss_icp) StdoutLine: {'line': b'[ 42%] \x1b[32mBuilding CXX object kiss_icp/core/CMakeFiles/core.dir/Registration.cpp.o\x1b[0m\n'}
[17.910927] (kiss_icp) StdoutLine: {'line': b'[ 50%] \x1b[32mBuilding CXX object CMakeFiles/odometry_node.dir/rclcpp_components/node_main_odometry_node.cpp.o\x1b[0m\n'}
[18.009032] (-) TimerEvent: {}
[18.043346] (state_estimator_msgs) StdoutLine: {'line': b'[100%] Built target state_estimator_msgs__rosidl_typesupport_fastrtps_c__pyext\n'}
[18.044145] (state_estimator_msgs) StdoutLine: {'line': b'[100%] Built target state_estimator_msgs__rosidl_typesupport_c__pyext\n'}
[18.109150] (-) TimerEvent: {}
[18.147614] (state_estimator_msgs) StdoutLine: {'line': b'[100%] Built target state_estimator_msgs__rosidl_typesupport_introspection_c__pyext\n'}
[18.172647] (state_estimator_msgs) CommandEnded: {'returncode': 0}
[18.178928] (state_estimator_msgs) JobProgress: {'identifier': 'state_estimator_msgs', 'progress': 'install'}
[18.198955] (state_estimator_msgs) Command: {'cmd': ['/usr/bin/cmake', '--install', '/home/go2/go2_ws/src/muse/muse_ros2/muse_ws/build/state_estimator_msgs'], 'cwd': '/home/go2/go2_ws/src/muse/muse_ros2/muse_ws/build/state_estimator_msgs', 'env': OrderedDict([('LESSOPEN', '| /usr/bin/lesspipe %s'), ('USER', 'go2'), ('GIT_ASKPASS', '/home/go2/.vscode-server/bin/7d842fb85a0275a4a8e4d7e040d2625abbf7f084/extensions/git/dist/askpass.sh'), ('SHLVL', '2'), ('LD_LIBRARY_PATH', '/home/go2/go2_ws/src/muse/muse_ros2/muse_ws/install/state_estimator/lib:/home/go2/go2_ws/src/muse/muse_ros2/muse_ws/install/state_estimator_msgs/lib:/home/go2/go2_ws/src/muse/muse_ros2/muse_ws/install/kiss_icp/lib:/home/go2/go2_ws/src/muse/muse_ros2/muse_ws/install/iit_commons/lib:/opt/ros/humble/opt/rviz_ogre_vendor/lib:/opt/ros/humble/lib/x86_64-linux-gnu:/opt/ros/humble/lib'), ('HOME', '/home/go2'), ('OLDPWD', '/home/go2/go2_ws/src/muse/muse_ros2'), ('TERM_PROGRAM_VERSION', '1.105.1'), ('VSCODE_IPC_HOOK_CLI', '/run/user/1000/vscode-ipc-fd71f093-931c-4aa7-9729-3fcba30fa958.sock'), ('ROS_PYTHON_VERSION', '3'), ('VSCODE_GIT_ASKPASS_MAIN', '/home/go2/.vscode-server/bin/7d842fb85a0275a4a8e4d7e040d2625abbf7f084/extensions/git/dist/askpass-main.js'), ('VSCODE_GIT_ASKPASS_NODE', '/home/go2/.vscode-server/bin/7d842fb85a0275a4a8e4d7e040d2625abbf7f084/node'), ('VSCODE_PYTHON_AUTOACTIVATE_GUARD', '1'), ('DBUS_SESSION_BUS_ADDRESS', 'unix:path=/run/user/1000/bus'), ('COLORTERM', 'truecolor'), ('WSL_DISTRO_NAME', 'Ubuntu-22.04'), ('WAYLAND_DISPLAY', 'wayland-0'), ('COLCON_PREFIX_PATH', '/home/go2/go2_ws/src/muse/muse_ros2/muse_ws/install:/home/go2/go2_ws/install'), ('ROS_DISTRO', 'humble'), ('LOGNAME', 'go2'), ('NAME', 'Code'), ('WSL_INTEROP', '/run/WSL/705_interop'), ('PULSE_SERVER', 'unix:/mnt/wslg/PulseServer'), ('_', '/usr/bin/colcon'), ('ROS_VERSION', '2'), ('TERM', 'xterm-256color'), ('ROS_LOCALHOST_ONLY', '0'), ('PATH', '/home/go2/.vscode-server/bin/7d842fb85a0275a4a8e4d7e040d2625abbf7f084/bin/remote-cli:/opt/ros/humble/bin:/usr/local/sbin:/usr/local/bin:/usr/sbin:/usr/bin:/sbin:/bin:/usr/games:/usr/local/games:/usr/lib/wsl/lib:/mnt/c/Program Files/Common Files/Siemens/Automation/Simatic OAM/bin:/mnt/c/Program Files/Python310/Scripts/:/mnt/c/Program Files/Python310/:/mnt/c/Program Files (x86)/Razer/ChromaBroadcast/bin:/mnt/c/Program Files/Razer/ChromaBroadcast/bin:/mnt/c/WINDOWS/system32:/mnt/c/WINDOWS:/mnt/c/WINDOWS/System32/Wbem:/mnt/c/WINDOWS/System32/WindowsPowerShell/v1.0/:/mnt/c/WINDOWS/System32/OpenSSH/:/mnt/c/Program Files/dotnet/:/mnt/c/WINDOWS/system32:/mnt/c/WINDOWS:/mnt/c/WINDOWS/System32/Wbem:/mnt/c/WINDOWS/System32/WindowsPowerShell/v1.0/:/mnt/c/WINDOWS/System32/OpenSSH/:/mnt/c/Program Files/Git/cmd:/mnt/c/Users/LABID/AppData/Local/Microsoft/WindowsApps:/mnt/c/Program Files/Docker/Docker/resources/bin:/mnt/c/Users/LABID/AppData/Local/Programs/Microsoft VS Code/bin:/snap/bin'), ('XDG_RUNTIME_DIR', '/run/user/1000/'), ('DISPLAY', ':0'), ('LANG', 'en_US.UTF-8'), ('LS_COLORS', 'rs=0:di=01;34:ln=01;36:mh=00:pi=40;33:so=01;35:do=01;35:bd=40;33;01:cd=40;33;01:or=40;31;01:mi=00:su=37;41:sg=30;43:ca=30;41:tw=30;42:ow=34;42:st=37;44:ex=01;32:*.tar=01;31:*.tgz=01;31:*.arc=01;31:*.arj=01;31:*.taz=01;31:*.lha=01;31:*.lz4=01;31:*.lzh=01;31:*.lzma=01;31:*.tlz=01;31:*.txz=01;31:*.tzo=01;31:*.t7z=01;31:*.zip=01;31:*.z=01;31:*.dz=01;31:*.gz=01;31:*.lrz=01;31:*.lz=01;31:*.lzo=01;31:*.xz=01;31:*.zst=01;31:*.tzst=01;31:*.bz2=01;31:*.bz=01;31:*.tbz=01;31:*.tbz2=01;31:*.tz=01;31:*.deb=01;31:*.rpm=01;31:*.jar=01;31:*.war=01;31:*.ear=01;31:*.sar=01;31:*.rar=01;31:*.alz=01;31:*.ace=01;31:*.zoo=01;31:*.cpio=01;31:*.7z=01;31:*.rz=01;31:*.cab=01;31:*.wim=01;31:*.swm=01;31:*.dwm=01;31:*.esd=01;31:*.jpg=01;35:*.jpeg=01;35:*.mjpg=01;35:*.mjpeg=01;35:*.gif=01;35:*.bmp=01;35:*.pbm=01;35:*.pgm=01;35:*.ppm=01;35:*.tga=01;35:*.xbm=01;35:*.xpm=01;35:*.tif=01;35:*.tiff=01;35:*.png=01;35:*.svg=01;35:*.svgz=01;35:*.mng=01;35:*.pcx=01;35:*.mov=01;35:*.mpg=01;35:*.mpeg=01;35:*.m2v=01;35:*.mkv=01;35:*.webm=01;35:*.webp=01;35:*.ogm=01;35:*.mp4=01;35:*.m4v=01;35:*.mp4v=01;35:*.vob=01;35:*.qt=01;35:*.nuv=01;35:*.wmv=01;35:*.asf=01;35:*.rm=01;35:*.rmvb=01;35:*.flc=01;35:*.avi=01;35:*.fli=01;35:*.flv=01;35:*.gl=01;35:*.dl=01;35:*.xcf=01;35:*.xwd=01;35:*.yuv=01;35:*.cgm=01;35:*.emf=01;35:*.ogv=01;35:*.ogx=01;35:*.aac=00;36:*.au=00;36:*.flac=00;36:*.m4a=00;36:*.mid=00;36:*.midi=00;36:*.mka=00;36:*.mp3=00;36:*.mpc=00;36:*.ogg=00;36:*.ra=00;36:*.wav=00;36:*.oga=00;36:*.opus=00;36:*.spx=00;36:*.xspf=00;36:'), ('VSCODE_GIT_IPC_HANDLE', '/run/user/1000/vscode-git-791eacad74.sock'), ('TERM_PROGRAM', 'vscode'), ('AMENT_PREFIX_PATH', '/home/go2/go2_ws/install/go2_description:/home/go2/go2_ws/src/muse/muse_ros2/muse_ws/install/state_estimator:/home/go2/go2_ws/src/muse/muse_ros2/muse_ws/install/state_estimator_msgs:/home/go2/go2_ws/src/muse/muse_ros2/muse_ws/install/kiss_icp:/home/go2/go2_ws/src/muse/muse_ros2/muse_ws/install/iit_commons:/opt/ros/humble'), ('SHELL', '/bin/bash'), ('LESSCLOSE', '/usr/bin/lesspipe %s %s'), ('VSCODE_GIT_ASKPASS_EXTRA_ARGS', ''), ('PWD', '/home/go2/go2_ws/src/muse/muse_ros2/muse_ws/build/state_estimator_msgs'), ('XDG_DATA_DIRS', '/usr/local/share:/usr/share:/var/lib/snapd/desktop'), ('PYTHONPATH', '/home/go2/go2_ws/src/muse/muse_ros2/muse_ws/install/state_estimator_msgs/local/lib/python3.10/dist-packages:/opt/ros/humble/lib/python3.10/site-packages:/opt/ros/humble/local/lib/python3.10/dist-packages'), ('COLCON', '1'), ('WSL2_GUI_APPS_ENABLED', '1'), ('HOSTTYPE', 'x86_64'), ('CMAKE_PREFIX_PATH', '/home/go2/go2_ws/install/go2_description:/home/go2/go2_ws/src/muse/muse_ros2/muse_ws/install/state_estimator:/home/go2/go2_ws/src/muse/muse_ros2/muse_ws/install/state_estimator_msgs:/home/go2/go2_ws/src/muse/muse_ros2/muse_ws/install/kiss_icp:/home/go2/go2_ws/src/muse/muse_ros2/muse_ws/install/iit_commons:/opt/ros/humble'), ('WSLENV', 'ELECTRON_RUN_AS_NODE/w:')]), 'shell': False}
[18.209287] (-) TimerEvent: {}
[18.213623] (state_estimator_msgs) StdoutLine: {'line': b'-- Install configuration: ""\n'}
[18.219498] (state_estimator_msgs) StdoutLine: {'line': b'-- Installing: /home/go2/go2_ws/src/muse/muse_ros2/muse_ws/install/state_estimator_msgs/share/ament_index/resource_index/rosidl_interfaces/state_estimator_msgs\n'}
[18.220169] (state_estimator_msgs) StdoutLine: {'line': b'-- Installing: /home/go2/go2_ws/src/muse/muse_ros2/muse_ws/install/state_estimator_msgs/include/state_estimator_msgs/state_estimator_msgs\n'}
[18.224360] (state_estimator_msgs) StdoutLine: {'line': b'-- Installing: /home/go2/go2_ws/src/muse/muse_ros2/muse_ws/install/state_estimator_msgs/include/state_estimator_msgs/state_estimator_msgs/srv\n'}
[18.225467] (state_estimator_msgs) StdoutLine: {'line': b'-- Installing: /home/go2/go2_ws/src/muse/muse_ros2/muse_ws/install/state_estimator_msgs/include/state_estimator_msgs/state_estimator_msgs/srv/pause_estimator.h\n'}
[18.225827] (state_estimator_msgs) StdoutLine: {'line': b'-- Installing: /home/go2/go2_ws/src/muse/muse_ros2/muse_ws/install/state_estimator_msgs/include/state_estimator_msgs/state_estimator_msgs/srv/get_estimator_description.h\n'}
[18.226064] (state_estimator_msgs) StdoutLine: {'line': b'-- Installing: /home/go2/go2_ws/src/muse/muse_ros2/muse_ws/install/state_estimator_msgs/include/state_estimator_msgs/state_estimator_msgs/srv/get_whitelist.h\n'}
[18.226662] (state_estimator_msgs) StdoutLine: {'line': b'-- Installing: /home/go2/go2_ws/src/muse/muse_ros2/muse_ws/install/state_estimator_msgs/include/state_estimator_msgs/state_estimator_msgs/srv/stop_estimator.h\n'}
[18.228630] (state_estimator_msgs) StdoutLine: {'line': b'-- Installing: /home/go2/go2_ws/src/muse/muse_ros2/muse_ws/install/state_estimator_msgs/include/state_estimator_msgs/state_estimator_msgs/srv/restart_estimator.h\n'}
[18.228885] (state_estimator_msgs) StdoutLine: {'line': b'-- Installing: /home/go2/go2_ws/src/muse/muse_ros2/muse_ws/install/state_estimator_msgs/include/state_estimator_msgs/state_estimator_msgs/srv/resume_estimator.h\n'}
[18.229139] (state_estimator_msgs) StdoutLine: {'line': b'-- Installing: /home/go2/go2_ws/src/muse/muse_ros2/muse_ws/install/state_estimator_msgs/include/state_estimator_msgs/state_estimator_msgs/srv/get_active_estimators.h\n'}
[18.229284] (state_estimator_msgs) StdoutLine: {'line': b'-- Installing: /home/go2/go2_ws/src/muse/muse_ros2/muse_ws/install/state_estimator_msgs/include/state_estimator_msgs/state_estimator_msgs/srv/start_estimator.h\n'}
[18.229545] (state_estimator_msgs) StdoutLine: {'line': b'-- Installing: /home/go2/go2_ws/src/muse/muse_ros2/muse_ws/install/state_estimator_msgs/include/state_estimator_msgs/state_estimator_msgs/srv/list_all_estimators.h\n'}
[18.229706] (state_estimator_msgs) StdoutLine: {'line': b'-- Installing: /home/go2/go2_ws/src/muse/muse_ros2/muse_ws/install/state_estimator_msgs/include/state_estimator_msgs/state_estimator_msgs/srv/detail\n'}
[18.229905] (state_estimator_msgs) StdoutLine: {'line': b'-- Installing: /home/go2/go2_ws/src/muse/muse_ros2/muse_ws/install/state_estimator_msgs/include/state_estimator_msgs/state_estimator_msgs/srv/detail/get_whitelist__type_support.h\n'}
[18.230102] (state_estimator_msgs) StdoutLine: {'line': b'-- Installing: /home/go2/go2_ws/src/muse/muse_ros2/muse_ws/install/state_estimator_msgs/include/state_estimator_msgs/state_estimator_msgs/srv/detail/start_estimator__struct.h\n'}
[18.230224] (state_estimator_msgs) StdoutLine: {'line': b'-- Installing: /home/go2/go2_ws/src/muse/muse_ros2/muse_ws/install/state_estimator_msgs/include/state_estimator_msgs/state_estimator_msgs/srv/detail/restart_estimator__functions.c\n'}
[18.230403] (state_estimator_msgs) StdoutLine: {'line': b'-- Installing: /home/go2/go2_ws/src/muse/muse_ros2/muse_ws/install/state_estimator_msgs/include/state_estimator_msgs/state_estimator_msgs/srv/detail/resume_estimator__type_support.h\n'}
[18.230560] (state_estimator_msgs) StdoutLine: {'line': b'-- Installing: /home/go2/go2_ws/src/muse/muse_ros2/muse_ws/install/state_estimator_msgs/include/state_estimator_msgs/state_estimator_msgs/srv/detail/get_estimator_description__functions.h\n'}
[18.230710] (state_estimator_msgs) StdoutLine: {'line': b'-- Installing: /home/go2/go2_ws/src/muse/muse_ros2/muse_ws/install/state_estimator_msgs/include/state_estimator_msgs/state_estimator_msgs/srv/detail/stop_estimator__functions.c\n'}
[18.230888] (state_estimator_msgs) StdoutLine: {'line': b'-- Installing: /home/go2/go2_ws/src/muse/muse_ros2/muse_ws/install/state_estimator_msgs/include/state_estimator_msgs/state_estimator_msgs/srv/detail/resume_estimator__functions.h\n'}
[18.231074] (state_estimator_msgs) StdoutLine: {'line': b'-- Installing: /home/go2/go2_ws/src/muse/muse_ros2/muse_ws/install/state_estimator_msgs/include/state_estimator_msgs/state_estimator_msgs/srv/detail/list_all_estimators__type_support.h\n'}
[18.234468] (state_estimator_msgs) StdoutLine: {'line': b'-- Installing: /home/go2/go2_ws/src/muse/muse_ros2/muse_ws/install/state_estimator_msgs/include/state_estimator_msgs/state_estimator_msgs/srv/detail/get_estimator_description__struct.h\n'}
[18.234756] (state_estimator_msgs) StdoutLine: {'line': b'-- Installing: /home/go2/go2_ws/src/muse/muse_ros2/muse_ws/install/state_estimator_msgs/include/state_estimator_msgs/state_estimator_msgs/srv/detail/resume_estimator__functions.c\n'}
[18.235001] (state_estimator_msgs) StdoutLine: {'line': b'-- Installing: /home/go2/go2_ws/src/muse/muse_ros2/muse_ws/install/state_estimator_msgs/include/state_estimator_msgs/state_estimator_msgs/srv/detail/list_all_estimators__struct.h\n'}
[18.235268] (state_estimator_msgs) StdoutLine: {'line': b'-- Installing: /home/go2/go2_ws/src/muse/muse_ros2/muse_ws/install/state_estimator_msgs/include/state_estimator_msgs/state_estimator_msgs/srv/detail/restart_estimator__type_support.h\n'}
[18.235420] (state_estimator_msgs) StdoutLine: {'line': b'-- Installing: /home/go2/go2_ws/src/muse/muse_ros2/muse_ws/install/state_estimator_msgs/include/state_estimator_msgs/state_estimator_msgs/srv/detail/reset_estimator__functions.h\n'}
[18.235576] (state_estimator_msgs) StdoutLine: {'line': b'-- Installing: /home/go2/go2_ws/src/muse/muse_ros2/muse_ws/install/state_estimator_msgs/include/state_estimator_msgs/state_estimator_msgs/srv/detail/get_blacklist__functions.h\n'}
[18.235745] (state_estimator_msgs) StdoutLine: {'line': b'-- Installing: /home/go2/go2_ws/src/muse/muse_ros2/muse_ws/install/state_estimator_msgs/include/state_estimator_msgs/state_estimator_msgs/srv/detail/start_estimator__type_support.h\n'}
[18.235917] (state_estimator_msgs) StdoutLine: {'line': b'-- Installing: /home/go2/go2_ws/src/muse/muse_ros2/muse_ws/install/state_estimator_msgs/include/state_estimator_msgs/state_estimator_msgs/srv/detail/get_active_estimators__struct.h\n'}
[18.236025] (state_estimator_msgs) StdoutLine: {'line': b'-- Installing: /home/go2/go2_ws/src/muse/muse_ros2/muse_ws/install/state_estimator_msgs/include/state_estimator_msgs/state_estimator_msgs/srv/detail/list_all_estimators__functions.c\n'}
[18.236135] (state_estimator_msgs) StdoutLine: {'line': b'-- Installing: /home/go2/go2_ws/src/muse/muse_ros2/muse_ws/install/state_estimator_msgs/include/state_estimator_msgs/state_estimator_msgs/srv/detail/reset_estimator__type_support.h\n'}
[18.236229] (state_estimator_msgs) StdoutLine: {'line': b'-- Installing: /home/go2/go2_ws/src/muse/muse_ros2/muse_ws/install/state_estimator_msgs/include/state_estimator_msgs/state_estimator_msgs/srv/detail/start_estimator__functions.h\n'}
[18.236322] (state_estimator_msgs) StdoutLine: {'line': b'-- Installing: /home/go2/go2_ws/src/muse/muse_ros2/muse_ws/install/state_estimator_msgs/include/state_estimator_msgs/state_estimator_msgs/srv/detail/list_all_estimators__functions.h\n'}
[18.236416] (state_estimator_msgs) StdoutLine: {'line': b'-- Installing: /home/go2/go2_ws/src/muse/muse_ros2/muse_ws/install/state_estimator_msgs/include/state_estimator_msgs/state_estimator_msgs/srv/detail/reset_estimator__functions.c\n'}
[18.236551] (state_estimator_msgs) StdoutLine: {'line': b'-- Installing: /home/go2/go2_ws/src/muse/muse_ros2/muse_ws/install/state_estimator_msgs/include/state_estimator_msgs/state_estimator_msgs/srv/detail/get_blacklist__functions.c\n'}
[18.236776] (state_estimator_msgs) StdoutLine: {'line': b'-- Installing: /home/go2/go2_ws/src/muse/muse_ros2/muse_ws/install/state_estimator_msgs/include/state_estimator_msgs/state_estimator_msgs/srv/detail/get_active_estimators__functions.h\n'}
[18.236943] (state_estimator_msgs) StdoutLine: {'line': b'-- Installing: /home/go2/go2_ws/src/muse/muse_ros2/muse_ws/install/state_estimator_msgs/include/state_estimator_msgs/state_estimator_msgs/srv/detail/get_estimator_description__type_support.h\n'}
[18.237131] (state_estimator_msgs) StdoutLine: {'line': b'-- Installing: /home/go2/go2_ws/src/muse/muse_ros2/muse_ws/install/state_estimator_msgs/include/state_estimator_msgs/state_estimator_msgs/srv/detail/get_blacklist__struct.h\n'}
[18.237241] (state_estimator_msgs) StdoutLine: {'line': b'-- Installing: /home/go2/go2_ws/src/muse/muse_ros2/muse_ws/install/state_estimator_msgs/include/state_estimator_msgs/state_estimator_msgs/srv/detail/get_blacklist__type_support.h\n'}
[18.237650] (state_estimator_msgs) StdoutLine: {'line': b'-- Installing: /home/go2/go2_ws/src/muse/muse_ros2/muse_ws/install/state_estimator_msgs/include/state_estimator_msgs/state_estimator_msgs/srv/detail/restart_estimator__struct.h\n'}
[18.237902] (state_estimator_msgs) StdoutLine: {'line': b'-- Installing: /home/go2/go2_ws/src/muse/muse_ros2/muse_ws/install/state_estimator_msgs/include/state_estimator_msgs/state_estimator_msgs/srv/detail/stop_estimator__type_support.h\n'}
[18.238071] (state_estimator_msgs) StdoutLine: {'line': b'-- Installing: /home/go2/go2_ws/src/muse/muse_ros2/muse_ws/install/state_estimator_msgs/include/state_estimator_msgs/state_estimator_msgs/srv/detail/pause_estimator__functions.h\n'}
[18.238368] (state_estimator_msgs) StdoutLine: {'line': b'-- Installing: /home/go2/go2_ws/src/muse/muse_ros2/muse_ws/install/state_estimator_msgs/include/state_estimator_msgs/state_estimator_msgs/srv/detail/get_whitelist__functions.h\n'}
[18.238706] (state_estimator_msgs) StdoutLine: {'line': b'-- Installing: /home/go2/go2_ws/src/muse/muse_ros2/muse_ws/install/state_estimator_msgs/include/state_estimator_msgs/state_estimator_msgs/srv/detail/get_whitelist__functions.c\n'}
[18.238934] (state_estimator_msgs) StdoutLine: {'line': b'-- Installing: /home/go2/go2_ws/src/muse/muse_ros2/muse_ws/install/state_estimator_msgs/include/state_estimator_msgs/state_estimator_msgs/srv/detail/get_active_estimators__type_support.h\n'}
[18.239146] (state_estimator_msgs) StdoutLine: {'line': b'-- Installing: /home/go2/go2_ws/src/muse/muse_ros2/muse_ws/install/state_estimator_msgs/include/state_estimator_msgs/state_estimator_msgs/srv/detail/stop_estimator__functions.h\n'}
[18.239454] (state_estimator_msgs) StdoutLine: {'line': b'-- Installing: /home/go2/go2_ws/src/muse/muse_ros2/muse_ws/install/state_estimator_msgs/include/state_estimator_msgs/state_estimator_msgs/srv/detail/get_active_estimators__functions.c\n'}
[18.239724] (state_estimator_msgs) StdoutLine: {'line': b'-- Installing: /home/go2/go2_ws/src/muse/muse_ros2/muse_ws/install/state_estimator_msgs/include/state_estimator_msgs/state_estimator_msgs/srv/detail/pause_estimator__type_support.h\n'}
[18.239985] (state_estimator_msgs) StdoutLine: {'line': b'-- Installing: /home/go2/go2_ws/src/muse/muse_ros2/muse_ws/install/state_estimator_msgs/include/state_estimator_msgs/state_estimator_msgs/srv/detail/pause_estimator__functions.c\n'}
[18.240285] (state_estimator_msgs) StdoutLine: {'line': b'-- Installing: /home/go2/go2_ws/src/muse/muse_ros2/muse_ws/install/state_estimator_msgs/include/state_estimator_msgs/state_estimator_msgs/srv/detail/start_estimator__functions.c\n'}
[18.240510] (state_estimator_msgs) StdoutLine: {'line': b'-- Installing: /home/go2/go2_ws/src/muse/muse_ros2/muse_ws/install/state_estimator_msgs/include/state_estimator_msgs/state_estimator_msgs/srv/detail/resume_estimator__struct.h\n'}
[18.240765] (state_estimator_msgs) StdoutLine: {'line': b'-- Installing: /home/go2/go2_ws/src/muse/muse_ros2/muse_ws/install/state_estimator_msgs/include/state_estimator_msgs/state_estimator_msgs/srv/detail/get_estimator_description__functions.c\n'}
[18.241123] (state_estimator_msgs) StdoutLine: {'line': b'-- Installing: /home/go2/go2_ws/src/muse/muse_ros2/muse_ws/install/state_estimator_msgs/include/state_estimator_msgs/state_estimator_msgs/srv/detail/reset_estimator__struct.h\n'}
[18.241656] (state_estimator_msgs) StdoutLine: {'line': b'-- Installing: /home/go2/go2_ws/src/muse/muse_ros2/muse_ws/install/state_estimator_msgs/include/state_estimator_msgs/state_estimator_msgs/srv/detail/get_whitelist__struct.h\n'}
[18.241917] (state_estimator_msgs) StdoutLine: {'line': b'-- Installing: /home/go2/go2_ws/src/muse/muse_ros2/muse_ws/install/state_estimator_msgs/include/state_estimator_msgs/state_estimator_msgs/srv/detail/pause_estimator__struct.h\n'}
[18.242555] (state_estimator_msgs) StdoutLine: {'line': b'-- Installing: /home/go2/go2_ws/src/muse/muse_ros2/muse_ws/install/state_estimator_msgs/include/state_estimator_msgs/state_estimator_msgs/srv/detail/stop_estimator__struct.h\n'}
[18.242780] (state_estimator_msgs) StdoutLine: {'line': b'-- Installing: /home/go2/go2_ws/src/muse/muse_ros2/muse_ws/install/state_estimator_msgs/include/state_estimator_msgs/state_estimator_msgs/srv/detail/restart_estimator__functions.h\n'}
[18.243050] (state_estimator_msgs) StdoutLine: {'line': b'-- Installing: /home/go2/go2_ws/src/muse/muse_ros2/muse_ws/install/state_estimator_msgs/include/state_estimator_msgs/state_estimator_msgs/srv/reset_estimator.h\n'}
[18.243263] (state_estimator_msgs) StdoutLine: {'line': b'-- Installing: /home/go2/go2_ws/src/muse/muse_ros2/muse_ws/install/state_estimator_msgs/include/state_estimator_msgs/state_estimator_msgs/srv/get_blacklist.h\n'}
[18.243467] (state_estimator_msgs) StdoutLine: {'line': b'-- Installing: /home/go2/go2_ws/src/muse/muse_ros2/muse_ws/install/state_estimator_msgs/include/state_estimator_msgs/state_estimator_msgs/msg\n'}
[18.244321] (state_estimator_msgs) StdoutLine: {'line': b'-- Installing: /home/go2/go2_ws/src/muse/muse_ros2/muse_ws/install/state_estimator_msgs/include/state_estimator_msgs/state_estimator_msgs/msg/attitude.h\n'}
[18.244817] (state_estimator_msgs) StdoutLine: {'line': b'-- Installing: /home/go2/go2_ws/src/muse/muse_ros2/muse_ws/install/state_estimator_msgs/include/state_estimator_msgs/state_estimator_msgs/msg/rosidl_generator_c__visibility_control.h\n'}
[18.245003] (state_estimator_msgs) StdoutLine: {'line': b'-- Installing: /home/go2/go2_ws/src/muse/muse_ros2/muse_ws/install/state_estimator_msgs/include/state_estimator_msgs/state_estimator_msgs/msg/contact_detection.h\n'}
[18.245200] (state_estimator_msgs) StdoutLine: {'line': b'-- Installing: /home/go2/go2_ws/src/muse/muse_ros2/muse_ws/install/state_estimator_msgs/include/state_estimator_msgs/state_estimator_msgs/msg/joint_state_with_acceleration.h\n'}
[18.245388] (state_estimator_msgs) StdoutLine: {'line': b'-- Installing: /home/go2/go2_ws/src/muse/muse_ros2/muse_ws/install/state_estimator_msgs/include/state_estimator_msgs/state_estimator_msgs/msg/sensor_fusion.h\n'}
[18.245570] (state_estimator_msgs) StdoutLine: {'line': b'-- Installing: /home/go2/go2_ws/src/muse/muse_ros2/muse_ws/install/state_estimator_msgs/include/state_estimator_msgs/state_estimator_msgs/msg/detail\n'}
[18.246628] (state_estimator_msgs) StdoutLine: {'line': b'-- Installing: /home/go2/go2_ws/src/muse/muse_ros2/muse_ws/install/state_estimator_msgs/include/state_estimator_msgs/state_estimator_msgs/msg/detail/leg_odometry__functions.h\n'}
[18.246936] (state_estimator_msgs) StdoutLine: {'line': b'-- Installing: /home/go2/go2_ws/src/muse/muse_ros2/muse_ws/install/state_estimator_msgs/include/state_estimator_msgs/state_estimator_msgs/msg/detail/leg_odometry__functions.c\n'}
[18.247069] (state_estimator_msgs) StdoutLine: {'line': b'-- Installing: /home/go2/go2_ws/src/muse/muse_ros2/muse_ws/install/state_estimator_msgs/include/state_estimator_msgs/state_estimator_msgs/msg/detail/joint_state_with_acceleration__functions.h\n'}
[18.247219] (state_estimator_msgs) StdoutLine: {'line': b'-- Installing: /home/go2/go2_ws/src/muse/muse_ros2/muse_ws/install/state_estimator_msgs/include/state_estimator_msgs/state_estimator_msgs/msg/detail/sensor_fusion__functions.c\n'}
[18.247499] (state_estimator_msgs) StdoutLine: {'line': b'-- Installing: /home/go2/go2_ws/src/muse/muse_ros2/muse_ws/install/state_estimator_msgs/include/state_estimator_msgs/state_estimator_msgs/msg/detail/leg_odometry__struct.h\n'}
[18.247747] (state_estimator_msgs) StdoutLine: {'line': b'-- Installing: /home/go2/go2_ws/src/muse/muse_ros2/muse_ws/install/state_estimator_msgs/include/state_estimator_msgs/state_estimator_msgs/msg/detail/contact_detection__type_support.h\n'}
[18.247956] (state_estimator_msgs) StdoutLine: {'line': b'-- Installing: /home/go2/go2_ws/src/muse/muse_ros2/muse_ws/install/state_estimator_msgs/include/state_estimator_msgs/state_estimator_msgs/msg/detail/contact_detection__functions.c\n'}
[18.248267] (state_estimator_msgs) StdoutLine: {'line': b'-- Installing: /home/go2/go2_ws/src/muse/muse_ros2/muse_ws/install/state_estimator_msgs/include/state_estimator_msgs/state_estimator_msgs/msg/detail/joint_state_with_acceleration__struct.h\n'}
[18.248926] (state_estimator_msgs) StdoutLine: {'line': b'-- Installing: /home/go2/go2_ws/src/muse/muse_ros2/muse_ws/install/state_estimator_msgs/include/state_estimator_msgs/state_estimator_msgs/msg/detail/sensor_fusion__functions.h\n'}
[18.249158] (state_estimator_msgs) StdoutLine: {'line': b'-- Installing: /home/go2/go2_ws/src/muse/muse_ros2/muse_ws/install/state_estimator_msgs/include/state_estimator_msgs/state_estimator_msgs/msg/detail/leg_odometry__type_support.h\n'}
[18.249304] (state_estimator_msgs) StdoutLine: {'line': b'-- Installing: /home/go2/go2_ws/src/muse/muse_ros2/muse_ws/install/state_estimator_msgs/include/state_estimator_msgs/state_estimator_msgs/msg/detail/sensor_fusion__struct.h\n'}
[18.249599] (state_estimator_msgs) StdoutLine: {'line': b'-- Installing: /home/go2/go2_ws/src/muse/muse_ros2/muse_ws/install/state_estimator_msgs/include/state_estimator_msgs/state_estimator_msgs/msg/detail/contact_detection__functions.h\n'}
[18.250137] (state_estimator_msgs) StdoutLine: {'line': b'-- Installing: /home/go2/go2_ws/src/muse/muse_ros2/muse_ws/install/state_estimator_msgs/include/state_estimator_msgs/state_estimator_msgs/msg/detail/sensor_fusion__type_support.h\n'}
[18.250242] (state_estimator_msgs) StdoutLine: {'line': b'-- Installing: /home/go2/go2_ws/src/muse/muse_ros2/muse_ws/install/state_estimator_msgs/include/state_estimator_msgs/state_estimator_msgs/msg/detail/attitude__functions.c\n'}
[18.250414] (state_estimator_msgs) StdoutLine: {'line': b'-- Installing: /home/go2/go2_ws/src/muse/muse_ros2/muse_ws/install/state_estimator_msgs/include/state_estimator_msgs/state_estimator_msgs/msg/detail/joint_state_with_acceleration__type_support.h\n'}
[18.250534] (state_estimator_msgs) StdoutLine: {'line': b'-- Installing: /home/go2/go2_ws/src/muse/muse_ros2/muse_ws/install/state_estimator_msgs/include/state_estimator_msgs/state_estimator_msgs/msg/detail/contact_detection__struct.h\n'}
[18.250618] (state_estimator_msgs) StdoutLine: {'line': b'-- Installing: /home/go2/go2_ws/src/muse/muse_ros2/muse_ws/install/state_estimator_msgs/include/state_estimator_msgs/state_estimator_msgs/msg/detail/attitude__functions.h\n'}
[18.250774] (state_estimator_msgs) StdoutLine: {'line': b'-- Installing: /home/go2/go2_ws/src/muse/muse_ros2/muse_ws/install/state_estimator_msgs/include/state_estimator_msgs/state_estimator_msgs/msg/detail/attitude__type_support.h\n'}
[18.250928] (state_estimator_msgs) StdoutLine: {'line': b'-- Installing: /home/go2/go2_ws/src/muse/muse_ros2/muse_ws/install/state_estimator_msgs/include/state_estimator_msgs/state_estimator_msgs/msg/detail/attitude__struct.h\n'}
[18.251203] (state_estimator_msgs) StdoutLine: {'line': b'-- Installing: /home/go2/go2_ws/src/muse/muse_ros2/muse_ws/install/state_estimator_msgs/include/state_estimator_msgs/state_estimator_msgs/msg/detail/joint_state_with_acceleration__functions.c\n'}
[18.251485] (state_estimator_msgs) StdoutLine: {'line': b'-- Installing: /home/go2/go2_ws/src/muse/muse_ros2/muse_ws/install/state_estimator_msgs/include/state_estimator_msgs/state_estimator_msgs/msg/leg_odometry.h\n'}
[18.254535] (state_estimator_msgs) StdoutLine: {'line': b'-- Installing: /home/go2/go2_ws/src/muse/muse_ros2/muse_ws/install/state_estimator_msgs/share/state_estimator_msgs/environment/library_path.sh\n'}
[18.254766] (state_estimator_msgs) StdoutLine: {'line': b'-- Installing: /home/go2/go2_ws/src/muse/muse_ros2/muse_ws/install/state_estimator_msgs/share/state_estimator_msgs/environment/library_path.dsv\n'}
[18.255901] (state_estimator_msgs) StdoutLine: {'line': b'-- Installing: /home/go2/go2_ws/src/muse/muse_ros2/muse_ws/install/state_estimator_msgs/lib/libstate_estimator_msgs__rosidl_generator_c.so\n'}
[18.256220] (state_estimator_msgs) StdoutLine: {'line': b'-- Set runtime path of "/home/go2/go2_ws/src/muse/muse_ros2/muse_ws/install/state_estimator_msgs/lib/libstate_estimator_msgs__rosidl_generator_c.so" to ""\n'}
[18.256342] (state_estimator_msgs) StdoutLine: {'line': b'-- Up-to-date: /home/go2/go2_ws/src/muse/muse_ros2/muse_ws/install/state_estimator_msgs/include/state_estimator_msgs/state_estimator_msgs\n'}
[18.256440] (state_estimator_msgs) StdoutLine: {'line': b'-- Up-to-date: /home/go2/go2_ws/src/muse/muse_ros2/muse_ws/install/state_estimator_msgs/include/state_estimator_msgs/state_estimator_msgs/srv\n'}
[18.256684] (state_estimator_msgs) StdoutLine: {'line': b'-- Up-to-date: /home/go2/go2_ws/src/muse/muse_ros2/muse_ws/install/state_estimator_msgs/include/state_estimator_msgs/state_estimator_msgs/srv/detail\n'}
[18.256905] (state_estimator_msgs) StdoutLine: {'line': b'-- Installing: /home/go2/go2_ws/src/muse/muse_ros2/muse_ws/install/state_estimator_msgs/include/state_estimator_msgs/state_estimator_msgs/srv/detail/start_estimator__rosidl_typesupport_fastrtps_c.h\n'}
[18.257101] (state_estimator_msgs) StdoutLine: {'line': b'-- Installing: /home/go2/go2_ws/src/muse/muse_ros2/muse_ws/install/state_estimator_msgs/include/state_estimator_msgs/state_estimator_msgs/srv/detail/get_estimator_description__rosidl_typesupport_fastrtps_c.h\n'}
[18.257244] (state_estimator_msgs) StdoutLine: {'line': b'-- Installing: /home/go2/go2_ws/src/muse/muse_ros2/muse_ws/install/state_estimator_msgs/include/state_estimator_msgs/state_estimator_msgs/srv/detail/stop_estimator__rosidl_typesupport_fastrtps_c.h\n'}
[18.257421] (state_estimator_msgs) StdoutLine: {'line': b'-- Installing: /home/go2/go2_ws/src/muse/muse_ros2/muse_ws/install/state_estimator_msgs/include/state_estimator_msgs/state_estimator_msgs/srv/detail/get_active_estimators__rosidl_typesupport_fastrtps_c.h\n'}
[18.257602] (state_estimator_msgs) StdoutLine: {'line': b'-- Installing: /home/go2/go2_ws/src/muse/muse_ros2/muse_ws/install/state_estimator_msgs/include/state_estimator_msgs/state_estimator_msgs/srv/detail/get_blacklist__rosidl_typesupport_fastrtps_c.h\n'}
[18.257784] (state_estimator_msgs) StdoutLine: {'line': b'-- Installing: /home/go2/go2_ws/src/muse/muse_ros2/muse_ws/install/state_estimator_msgs/include/state_estimator_msgs/state_estimator_msgs/srv/detail/list_all_estimators__rosidl_typesupport_fastrtps_c.h\n'}
[18.257996] (state_estimator_msgs) StdoutLine: {'line': b'-- Installing: /home/go2/go2_ws/src/muse/muse_ros2/muse_ws/install/state_estimator_msgs/include/state_estimator_msgs/state_estimator_msgs/srv/detail/resume_estimator__rosidl_typesupport_fastrtps_c.h\n'}
[18.258171] (state_estimator_msgs) StdoutLine: {'line': b'-- Installing: /home/go2/go2_ws/src/muse/muse_ros2/muse_ws/install/state_estimator_msgs/include/state_estimator_msgs/state_estimator_msgs/srv/detail/pause_estimator__rosidl_typesupport_fastrtps_c.h\n'}
[18.258356] (state_estimator_msgs) StdoutLine: {'line': b'-- Installing: /home/go2/go2_ws/src/muse/muse_ros2/muse_ws/install/state_estimator_msgs/include/state_estimator_msgs/state_estimator_msgs/srv/detail/get_whitelist__rosidl_typesupport_fastrtps_c.h\n'}
[18.258499] (state_estimator_msgs) StdoutLine: {'line': b'-- Installing: /home/go2/go2_ws/src/muse/muse_ros2/muse_ws/install/state_estimator_msgs/include/state_estimator_msgs/state_estimator_msgs/srv/detail/restart_estimator__rosidl_typesupport_fastrtps_c.h\n'}
[18.258661] (state_estimator_msgs) StdoutLine: {'line': b'-- Installing: /home/go2/go2_ws/src/muse/muse_ros2/muse_ws/install/state_estimator_msgs/include/state_estimator_msgs/state_estimator_msgs/srv/detail/reset_estimator__rosidl_typesupport_fastrtps_c.h\n'}
[18.258901] (state_estimator_msgs) StdoutLine: {'line': b'-- Up-to-date: /home/go2/go2_ws/src/muse/muse_ros2/muse_ws/install/state_estimator_msgs/include/state_estimator_msgs/state_estimator_msgs/msg\n'}
[18.259084] (state_estimator_msgs) StdoutLine: {'line': b'-- Installing: /home/go2/go2_ws/src/muse/muse_ros2/muse_ws/install/state_estimator_msgs/include/state_estimator_msgs/state_estimator_msgs/msg/rosidl_typesupport_fastrtps_c__visibility_control.h\n'}
[18.259265] (state_estimator_msgs) StdoutLine: {'line': b'-- Up-to-date: /home/go2/go2_ws/src/muse/muse_ros2/muse_ws/install/state_estimator_msgs/include/state_estimator_msgs/state_estimator_msgs/msg/detail\n'}
[18.259428] (state_estimator_msgs) StdoutLine: {'line': b'-- Installing: /home/go2/go2_ws/src/muse/muse_ros2/muse_ws/install/state_estimator_msgs/include/state_estimator_msgs/state_estimator_msgs/msg/detail/attitude__rosidl_typesupport_fastrtps_c.h\n'}
[18.259554] (state_estimator_msgs) StdoutLine: {'line': b'-- Installing: /home/go2/go2_ws/src/muse/muse_ros2/muse_ws/install/state_estimator_msgs/include/state_estimator_msgs/state_estimator_msgs/msg/detail/leg_odometry__rosidl_typesupport_fastrtps_c.h\n'}
[18.259731] (state_estimator_msgs) StdoutLine: {'line': b'-- Installing: /home/go2/go2_ws/src/muse/muse_ros2/muse_ws/install/state_estimator_msgs/include/state_estimator_msgs/state_estimator_msgs/msg/detail/joint_state_with_acceleration__rosidl_typesupport_fastrtps_c.h\n'}
[18.259929] (state_estimator_msgs) StdoutLine: {'line': b'-- Installing: /home/go2/go2_ws/src/muse/muse_ros2/muse_ws/install/state_estimator_msgs/include/state_estimator_msgs/state_estimator_msgs/msg/detail/contact_detection__rosidl_typesupport_fastrtps_c.h\n'}
[18.260096] (state_estimator_msgs) StdoutLine: {'line': b'-- Installing: /home/go2/go2_ws/src/muse/muse_ros2/muse_ws/install/state_estimator_msgs/include/state_estimator_msgs/state_estimator_msgs/msg/detail/sensor_fusion__rosidl_typesupport_fastrtps_c.h\n'}
[18.263231] (state_estimator_msgs) StdoutLine: {'line': b'-- Installing: /home/go2/go2_ws/src/muse/muse_ros2/muse_ws/install/state_estimator_msgs/lib/libstate_estimator_msgs__rosidl_typesupport_fastrtps_c.so\n'}
[18.263477] (state_estimator_msgs) StdoutLine: {'line': b'-- Set runtime path of "/home/go2/go2_ws/src/muse/muse_ros2/muse_ws/install/state_estimator_msgs/lib/libstate_estimator_msgs__rosidl_typesupport_fastrtps_c.so" to ""\n'}
[18.264676] (state_estimator_msgs) StdoutLine: {'line': b'-- Up-to-date: /home/go2/go2_ws/src/muse/muse_ros2/muse_ws/install/state_estimator_msgs/include/state_estimator_msgs/state_estimator_msgs\n'}
[18.264903] (state_estimator_msgs) StdoutLine: {'line': b'-- Up-to-date: /home/go2/go2_ws/src/muse/muse_ros2/muse_ws/install/state_estimator_msgs/include/state_estimator_msgs/state_estimator_msgs/srv\n'}
[18.265076] (state_estimator_msgs) StdoutLine: {'line': b'-- Installing: /home/go2/go2_ws/src/muse/muse_ros2/muse_ws/install/state_estimator_msgs/include/state_estimator_msgs/state_estimator_msgs/srv/restart_estimator.hpp\n'}
[18.265184] (state_estimator_msgs) StdoutLine: {'line': b'-- Installing: /home/go2/go2_ws/src/muse/muse_ros2/muse_ws/install/state_estimator_msgs/include/state_estimator_msgs/state_estimator_msgs/srv/resume_estimator.hpp\n'}
[18.265289] (state_estimator_msgs) StdoutLine: {'line': b'-- Installing: /home/go2/go2_ws/src/muse/muse_ros2/muse_ws/install/state_estimator_msgs/include/state_estimator_msgs/state_estimator_msgs/srv/start_estimator.hpp\n'}
[18.265420] (state_estimator_msgs) StdoutLine: {'line': b'-- Installing: /home/go2/go2_ws/src/muse/muse_ros2/muse_ws/install/state_estimator_msgs/include/state_estimator_msgs/state_estimator_msgs/srv/get_blacklist.hpp\n'}
[18.265518] (state_estimator_msgs) StdoutLine: {'line': b'-- Installing: /home/go2/go2_ws/src/muse/muse_ros2/muse_ws/install/state_estimator_msgs/include/state_estimator_msgs/state_estimator_msgs/srv/get_active_estimators.hpp\n'}
[18.265613] (state_estimator_msgs) StdoutLine: {'line': b'-- Installing: /home/go2/go2_ws/src/muse/muse_ros2/muse_ws/install/state_estimator_msgs/include/state_estimator_msgs/state_estimator_msgs/srv/get_whitelist.hpp\n'}
[18.265724] (state_estimator_msgs) StdoutLine: {'line': b'-- Up-to-date: /home/go2/go2_ws/src/muse/muse_ros2/muse_ws/install/state_estimator_msgs/include/state_estimator_msgs/state_estimator_msgs/srv/detail\n'}
[18.265839] (state_estimator_msgs) StdoutLine: {'line': b'-- Installing: /home/go2/go2_ws/src/muse/muse_ros2/muse_ws/install/state_estimator_msgs/include/state_estimator_msgs/state_estimator_msgs/srv/detail/list_all_estimators__struct.hpp\n'}
[18.265948] (state_estimator_msgs) StdoutLine: {'line': b'-- Installing: /home/go2/go2_ws/src/muse/muse_ros2/muse_ws/install/state_estimator_msgs/include/state_estimator_msgs/state_estimator_msgs/srv/detail/get_estimator_description__traits.hpp\n'}
[18.266052] (state_estimator_msgs) StdoutLine: {'line': b'-- Installing: /home/go2/go2_ws/src/muse/muse_ros2/muse_ws/install/state_estimator_msgs/include/state_estimator_msgs/state_estimator_msgs/srv/detail/stop_estimator__builder.hpp\n'}
[18.267282] (state_estimator_msgs) StdoutLine: {'line': b'-- Installing: /home/go2/go2_ws/src/muse/muse_ros2/muse_ws/install/state_estimator_msgs/include/state_estimator_msgs/state_estimator_msgs/srv/detail/reset_estimator__traits.hpp\n'}
[18.267527] (state_estimator_msgs) StdoutLine: {'line': b'-- Installing: /home/go2/go2_ws/src/muse/muse_ros2/muse_ws/install/state_estimator_msgs/include/state_estimator_msgs/state_estimator_msgs/srv/detail/resume_estimator__builder.hpp\n'}
[18.267681] (state_estimator_msgs) StdoutLine: {'line': b'-- Installing: /home/go2/go2_ws/src/muse/muse_ros2/muse_ws/install/state_estimator_msgs/include/state_estimator_msgs/state_estimator_msgs/srv/detail/start_estimator__struct.hpp\n'}
[18.267814] (state_estimator_msgs) StdoutLine: {'line': b'-- Installing: /home/go2/go2_ws/src/muse/muse_ros2/muse_ws/install/state_estimator_msgs/include/state_estimator_msgs/state_estimator_msgs/srv/detail/start_estimator__traits.hpp\n'}
[18.267944] (state_estimator_msgs) StdoutLine: {'line': b'-- Installing: /home/go2/go2_ws/src/muse/muse_ros2/muse_ws/install/state_estimator_msgs/include/state_estimator_msgs/state_estimator_msgs/srv/detail/resume_estimator__struct.hpp\n'}
[18.268061] (state_estimator_msgs) StdoutLine: {'line': b'-- Installing: /home/go2/go2_ws/src/muse/muse_ros2/muse_ws/install/state_estimator_msgs/include/state_estimator_msgs/state_estimator_msgs/srv/detail/get_blacklist__struct.hpp\n'}
[18.268158] (state_estimator_msgs) StdoutLine: {'line': b'-- Installing: /home/go2/go2_ws/src/muse/muse_ros2/muse_ws/install/state_estimator_msgs/include/state_estimator_msgs/state_estimator_msgs/srv/detail/get_whitelist__traits.hpp\n'}
[18.268285] (state_estimator_msgs) StdoutLine: {'line': b'-- Installing: /home/go2/go2_ws/src/muse/muse_ros2/muse_ws/install/state_estimator_msgs/include/state_estimator_msgs/state_estimator_msgs/srv/detail/get_blacklist__traits.hpp\n'}
[18.268394] (state_estimator_msgs) StdoutLine: {'line': b'-- Installing: /home/go2/go2_ws/src/muse/muse_ros2/muse_ws/install/state_estimator_msgs/include/state_estimator_msgs/state_estimator_msgs/srv/detail/restart_estimator__builder.hpp\n'}
[18.268515] (state_estimator_msgs) StdoutLine: {'line': b'-- Installing: /home/go2/go2_ws/src/muse/muse_ros2/muse_ws/install/state_estimator_msgs/include/state_estimator_msgs/state_estimator_msgs/srv/detail/stop_estimator__traits.hpp\n'}
[18.268654] (state_estimator_msgs) StdoutLine: {'line': b'-- Installing: /home/go2/go2_ws/src/muse/muse_ros2/muse_ws/install/state_estimator_msgs/include/state_estimator_msgs/state_estimator_msgs/srv/detail/list_all_estimators__type_support.hpp\n'}
[18.268776] (state_estimator_msgs) StdoutLine: {'line': b'-- Installing: /home/go2/go2_ws/src/muse/muse_ros2/muse_ws/install/state_estimator_msgs/include/state_estimator_msgs/state_estimator_msgs/srv/detail/stop_estimator__struct.hpp\n'}
[18.269111] (state_estimator_msgs) StdoutLine: {'line': b'-- Installing: /home/go2/go2_ws/src/muse/muse_ros2/muse_ws/install/state_estimator_msgs/include/state_estimator_msgs/state_estimator_msgs/srv/detail/get_estimator_description__builder.hpp\n'}
[18.269280] (state_estimator_msgs) StdoutLine: {'line': b'-- Installing: /home/go2/go2_ws/src/muse/muse_ros2/muse_ws/install/state_estimator_msgs/include/state_estimator_msgs/state_estimator_msgs/srv/detail/pause_estimator__builder.hpp\n'}
[18.269496] (state_estimator_msgs) StdoutLine: {'line': b'-- Installing: /home/go2/go2_ws/src/muse/muse_ros2/muse_ws/install/state_estimator_msgs/include/state_estimator_msgs/state_estimator_msgs/srv/detail/start_estimator__type_support.hpp\n'}
[18.269674] (state_estimator_msgs) StdoutLine: {'line': b'-- Installing: /home/go2/go2_ws/src/muse/muse_ros2/muse_ws/install/state_estimator_msgs/include/state_estimator_msgs/state_estimator_msgs/srv/detail/get_active_estimators__type_support.hpp\n'}
[18.269803] (state_estimator_msgs) StdoutLine: {'line': b'-- Installing: /home/go2/go2_ws/src/muse/muse_ros2/muse_ws/install/state_estimator_msgs/include/state_estimator_msgs/state_estimator_msgs/srv/detail/get_estimator_description__type_support.hpp\n'}
[18.270010] (state_estimator_msgs) StdoutLine: {'line': b'-- Installing: /home/go2/go2_ws/src/muse/muse_ros2/muse_ws/install/state_estimator_msgs/include/state_estimator_msgs/state_estimator_msgs/srv/detail/restart_estimator__traits.hpp\n'}
[18.270211] (state_estimator_msgs) StdoutLine: {'line': b'-- Installing: /home/go2/go2_ws/src/muse/muse_ros2/muse_ws/install/state_estimator_msgs/include/state_estimator_msgs/state_estimator_msgs/srv/detail/reset_estimator__type_support.hpp\n'}
[18.270429] (state_estimator_msgs) StdoutLine: {'line': b'-- Installing: /home/go2/go2_ws/src/muse/muse_ros2/muse_ws/install/state_estimator_msgs/include/state_estimator_msgs/state_estimator_msgs/srv/detail/get_blacklist__type_support.hpp\n'}
[18.270623] (state_estimator_msgs) StdoutLine: {'line': b'-- Installing: /home/go2/go2_ws/src/muse/muse_ros2/muse_ws/install/state_estimator_msgs/include/state_estimator_msgs/state_estimator_msgs/srv/detail/get_whitelist__struct.hpp\n'}
[18.270801] (state_estimator_msgs) StdoutLine: {'line': b'-- Installing: /home/go2/go2_ws/src/muse/muse_ros2/muse_ws/install/state_estimator_msgs/include/state_estimator_msgs/state_estimator_msgs/srv/detail/get_whitelist__type_support.hpp\n'}
[18.271005] (state_estimator_msgs) StdoutLine: {'line': b'-- Installing: /home/go2/go2_ws/src/muse/muse_ros2/muse_ws/install/state_estimator_msgs/include/state_estimator_msgs/state_estimator_msgs/srv/detail/pause_estimator__type_support.hpp\n'}
[18.271233] (state_estimator_msgs) StdoutLine: {'line': b'-- Installing: /home/go2/go2_ws/src/muse/muse_ros2/muse_ws/install/state_estimator_msgs/include/state_estimator_msgs/state_estimator_msgs/srv/detail/resume_estimator__type_support.hpp\n'}
[18.271386] (state_estimator_msgs) StdoutLine: {'line': b'-- Installing: /home/go2/go2_ws/src/muse/muse_ros2/muse_ws/install/state_estimator_msgs/include/state_estimator_msgs/state_estimator_msgs/srv/detail/restart_estimator__type_support.hpp\n'}
[18.271536] (state_estimator_msgs) StdoutLine: {'line': b'-- Installing: /home/go2/go2_ws/src/muse/muse_ros2/muse_ws/install/state_estimator_msgs/include/state_estimator_msgs/state_estimator_msgs/srv/detail/reset_estimator__builder.hpp\n'}
[18.271676] (state_estimator_msgs) StdoutLine: {'line': b'-- Installing: /home/go2/go2_ws/src/muse/muse_ros2/muse_ws/install/state_estimator_msgs/include/state_estimator_msgs/state_estimator_msgs/srv/detail/get_active_estimators__traits.hpp\n'}
[18.271792] (state_estimator_msgs) StdoutLine: {'line': b'-- Installing: /home/go2/go2_ws/src/muse/muse_ros2/muse_ws/install/state_estimator_msgs/include/state_estimator_msgs/state_estimator_msgs/srv/detail/start_estimator__builder.hpp\n'}
[18.271926] (state_estimator_msgs) StdoutLine: {'line': b'-- Installing: /home/go2/go2_ws/src/muse/muse_ros2/muse_ws/install/state_estimator_msgs/include/state_estimator_msgs/state_estimator_msgs/srv/detail/reset_estimator__struct.hpp\n'}
[18.275128] (state_estimator_msgs) StdoutLine: {'line': b'-- Installing: /home/go2/go2_ws/src/muse/muse_ros2/muse_ws/install/state_estimator_msgs/include/state_estimator_msgs/state_estimator_msgs/srv/detail/pause_estimator__traits.hpp\n'}
[18.275457] (state_estimator_msgs) StdoutLine: {'line': b'-- Installing: /home/go2/go2_ws/src/muse/muse_ros2/muse_ws/install/state_estimator_msgs/include/state_estimator_msgs/state_estimator_msgs/srv/detail/get_active_estimators__builder.hpp\n'}
[18.275657] (state_estimator_msgs) StdoutLine: {'line': b'-- Installing: /home/go2/go2_ws/src/muse/muse_ros2/muse_ws/install/state_estimator_msgs/include/state_estimator_msgs/state_estimator_msgs/srv/detail/get_blacklist__builder.hpp\n'}
[18.275908] (state_estimator_msgs) StdoutLine: {'line': b'-- Installing: /home/go2/go2_ws/src/muse/muse_ros2/muse_ws/install/state_estimator_msgs/include/state_estimator_msgs/state_estimator_msgs/srv/detail/pause_estimator__struct.hpp\n'}
[18.276193] (state_estimator_msgs) StdoutLine: {'line': b'-- Installing: /home/go2/go2_ws/src/muse/muse_ros2/muse_ws/install/state_estimator_msgs/include/state_estimator_msgs/state_estimator_msgs/srv/detail/get_active_estimators__struct.hpp\n'}
[18.277306] (state_estimator_msgs) StdoutLine: {'line': b'-- Installing: /home/go2/go2_ws/src/muse/muse_ros2/muse_ws/install/state_estimator_msgs/include/state_estimator_msgs/state_estimator_msgs/srv/detail/stop_estimator__type_support.hpp\n'}
[18.279050] (state_estimator_msgs) StdoutLine: {'line': b'-- Installing: /home/go2/go2_ws/src/muse/muse_ros2/muse_ws/install/state_estimator_msgs/include/state_estimator_msgs/state_estimator_msgs/srv/detail/restart_estimator__struct.hpp\n'}
[18.279250] (state_estimator_msgs) StdoutLine: {'line': b'-- Installing: /home/go2/go2_ws/src/muse/muse_ros2/muse_ws/install/state_estimator_msgs/include/state_estimator_msgs/state_estimator_msgs/srv/detail/get_whitelist__builder.hpp\n'}
[18.279438] (state_estimator_msgs) StdoutLine: {'line': b'-- Installing: /home/go2/go2_ws/src/muse/muse_ros2/muse_ws/install/state_estimator_msgs/include/state_estimator_msgs/state_estimator_msgs/srv/detail/list_all_estimators__traits.hpp\n'}
[18.279601] (state_estimator_msgs) StdoutLine: {'line': b'-- Installing: /home/go2/go2_ws/src/muse/muse_ros2/muse_ws/install/state_estimator_msgs/include/state_estimator_msgs/state_estimator_msgs/srv/detail/get_estimator_description__struct.hpp\n'}
[18.279733] (state_estimator_msgs) StdoutLine: {'line': b'-- Installing: /home/go2/go2_ws/src/muse/muse_ros2/muse_ws/install/state_estimator_msgs/include/state_estimator_msgs/state_estimator_msgs/srv/detail/list_all_estimators__builder.hpp\n'}
[18.279856] (state_estimator_msgs) StdoutLine: {'line': b'-- Installing: /home/go2/go2_ws/src/muse/muse_ros2/muse_ws/install/state_estimator_msgs/include/state_estimator_msgs/state_estimator_msgs/srv/detail/resume_estimator__traits.hpp\n'}
[18.279973] (state_estimator_msgs) StdoutLine: {'line': b'-- Installing: /home/go2/go2_ws/src/muse/muse_ros2/muse_ws/install/state_estimator_msgs/include/state_estimator_msgs/state_estimator_msgs/srv/pause_estimator.hpp\n'}
[18.280097] (state_estimator_msgs) StdoutLine: {'line': b'-- Installing: /home/go2/go2_ws/src/muse/muse_ros2/muse_ws/install/state_estimator_msgs/include/state_estimator_msgs/state_estimator_msgs/srv/stop_estimator.hpp\n'}
[18.280212] (state_estimator_msgs) StdoutLine: {'line': b'-- Installing: /home/go2/go2_ws/src/muse/muse_ros2/muse_ws/install/state_estimator_msgs/include/state_estimator_msgs/state_estimator_msgs/srv/reset_estimator.hpp\n'}
[18.280349] (state_estimator_msgs) StdoutLine: {'line': b'-- Installing: /home/go2/go2_ws/src/muse/muse_ros2/muse_ws/install/state_estimator_msgs/include/state_estimator_msgs/state_estimator_msgs/srv/get_estimator_description.hpp\n'}
[18.280467] (state_estimator_msgs) StdoutLine: {'line': b'-- Installing: /home/go2/go2_ws/src/muse/muse_ros2/muse_ws/install/state_estimator_msgs/include/state_estimator_msgs/state_estimator_msgs/srv/list_all_estimators.hpp\n'}
[18.280586] (state_estimator_msgs) StdoutLine: {'line': b'-- Up-to-date: /home/go2/go2_ws/src/muse/muse_ros2/muse_ws/install/state_estimator_msgs/include/state_estimator_msgs/state_estimator_msgs/msg\n'}
[18.280824] (state_estimator_msgs) StdoutLine: {'line': b'-- Installing: /home/go2/go2_ws/src/muse/muse_ros2/muse_ws/install/state_estimator_msgs/include/state_estimator_msgs/state_estimator_msgs/msg/joint_state_with_acceleration.hpp\n'}
[18.281164] (state_estimator_msgs) StdoutLine: {'line': b'-- Installing: /home/go2/go2_ws/src/muse/muse_ros2/muse_ws/install/state_estimator_msgs/include/state_estimator_msgs/state_estimator_msgs/msg/leg_odometry.hpp\n'}
[18.281317] (state_estimator_msgs) StdoutLine: {'line': b'-- Installing: /home/go2/go2_ws/src/muse/muse_ros2/muse_ws/install/state_estimator_msgs/include/state_estimator_msgs/state_estimator_msgs/msg/rosidl_generator_cpp__visibility_control.hpp\n'}
[18.281487] (state_estimator_msgs) StdoutLine: {'line': b'-- Installing: /home/go2/go2_ws/src/muse/muse_ros2/muse_ws/install/state_estimator_msgs/include/state_estimator_msgs/state_estimator_msgs/msg/attitude.hpp\n'}
[18.281616] (state_estimator_msgs) StdoutLine: {'line': b'-- Installing: /home/go2/go2_ws/src/muse/muse_ros2/muse_ws/install/state_estimator_msgs/include/state_estimator_msgs/state_estimator_msgs/msg/sensor_fusion.hpp\n'}
[18.281749] (state_estimator_msgs) StdoutLine: {'line': b'-- Up-to-date: /home/go2/go2_ws/src/muse/muse_ros2/muse_ws/install/state_estimator_msgs/include/state_estimator_msgs/state_estimator_msgs/msg/detail\n'}
[18.281875] (state_estimator_msgs) StdoutLine: {'line': b'-- Installing: /home/go2/go2_ws/src/muse/muse_ros2/muse_ws/install/state_estimator_msgs/include/state_estimator_msgs/state_estimator_msgs/msg/detail/contact_detection__struct.hpp\n'}
[18.282020] (state_estimator_msgs) StdoutLine: {'line': b'-- Installing: /home/go2/go2_ws/src/muse/muse_ros2/muse_ws/install/state_estimator_msgs/include/state_estimator_msgs/state_estimator_msgs/msg/detail/attitude__traits.hpp\n'}
[18.282184] (state_estimator_msgs) StdoutLine: {'line': b'-- Installing: /home/go2/go2_ws/src/muse/muse_ros2/muse_ws/install/state_estimator_msgs/include/state_estimator_msgs/state_estimator_msgs/msg/detail/sensor_fusion__struct.hpp\n'}
[18.282328] (state_estimator_msgs) StdoutLine: {'line': b'-- Installing: /home/go2/go2_ws/src/muse/muse_ros2/muse_ws/install/state_estimator_msgs/include/state_estimator_msgs/state_estimator_msgs/msg/detail/contact_detection__traits.hpp\n'}
[18.282463] (state_estimator_msgs) StdoutLine: {'line': b'-- Installing: /home/go2/go2_ws/src/muse/muse_ros2/muse_ws/install/state_estimator_msgs/include/state_estimator_msgs/state_estimator_msgs/msg/detail/leg_odometry__builder.hpp\n'}
[18.282556] (state_estimator_msgs) StdoutLine: {'line': b'-- Installing: /home/go2/go2_ws/src/muse/muse_ros2/muse_ws/install/state_estimator_msgs/include/state_estimator_msgs/state_estimator_msgs/msg/detail/leg_odometry__traits.hpp\n'}
[18.282684] (state_estimator_msgs) StdoutLine: {'line': b'-- Installing: /home/go2/go2_ws/src/muse/muse_ros2/muse_ws/install/state_estimator_msgs/include/state_estimator_msgs/state_estimator_msgs/msg/detail/leg_odometry__type_support.hpp\n'}
[18.282793] (state_estimator_msgs) StdoutLine: {'line': b'-- Installing: /home/go2/go2_ws/src/muse/muse_ros2/muse_ws/install/state_estimator_msgs/include/state_estimator_msgs/state_estimator_msgs/msg/detail/joint_state_with_acceleration__builder.hpp\n'}
[18.282885] (state_estimator_msgs) StdoutLine: {'line': b'-- Installing: /home/go2/go2_ws/src/muse/muse_ros2/muse_ws/install/state_estimator_msgs/include/state_estimator_msgs/state_estimator_msgs/msg/detail/joint_state_with_acceleration__traits.hpp\n'}
[18.282976] (state_estimator_msgs) StdoutLine: {'line': b'-- Installing: /home/go2/go2_ws/src/muse/muse_ros2/muse_ws/install/state_estimator_msgs/include/state_estimator_msgs/state_estimator_msgs/msg/detail/leg_odometry__struct.hpp\n'}
[18.283075] (state_estimator_msgs) StdoutLine: {'line': b'-- Installing: /home/go2/go2_ws/src/muse/muse_ros2/muse_ws/install/state_estimator_msgs/include/state_estimator_msgs/state_estimator_msgs/msg/detail/sensor_fusion__type_support.hpp\n'}
[18.283168] (state_estimator_msgs) StdoutLine: {'line': b'-- Installing: /home/go2/go2_ws/src/muse/muse_ros2/muse_ws/install/state_estimator_msgs/include/state_estimator_msgs/state_estimator_msgs/msg/detail/contact_detection__builder.hpp\n'}
[18.283329] (state_estimator_msgs) StdoutLine: {'line': b'-- Installing: /home/go2/go2_ws/src/muse/muse_ros2/muse_ws/install/state_estimator_msgs/include/state_estimator_msgs/state_estimator_msgs/msg/detail/joint_state_with_acceleration__type_support.hpp\n'}
[18.283458] (state_estimator_msgs) StdoutLine: {'line': b'-- Installing: /home/go2/go2_ws/src/muse/muse_ros2/muse_ws/install/state_estimator_msgs/include/state_estimator_msgs/state_estimator_msgs/msg/detail/attitude__builder.hpp\n'}
[18.283588] (state_estimator_msgs) StdoutLine: {'line': b'-- Installing: /home/go2/go2_ws/src/muse/muse_ros2/muse_ws/install/state_estimator_msgs/include/state_estimator_msgs/state_estimator_msgs/msg/detail/joint_state_with_acceleration__struct.hpp\n'}
[18.283713] (state_estimator_msgs) StdoutLine: {'line': b'-- Installing: /home/go2/go2_ws/src/muse/muse_ros2/muse_ws/install/state_estimator_msgs/include/state_estimator_msgs/state_estimator_msgs/msg/detail/contact_detection__type_support.hpp\n'}
[18.283826] (state_estimator_msgs) StdoutLine: {'line': b'-- Installing: /home/go2/go2_ws/src/muse/muse_ros2/muse_ws/install/state_estimator_msgs/include/state_estimator_msgs/state_estimator_msgs/msg/detail/attitude__type_support.hpp\n'}
[18.283977] (state_estimator_msgs) StdoutLine: {'line': b'-- Installing: /home/go2/go2_ws/src/muse/muse_ros2/muse_ws/install/state_estimator_msgs/include/state_estimator_msgs/state_estimator_msgs/msg/detail/attitude__struct.hpp\n'}
[18.284122] (state_estimator_msgs) StdoutLine: {'line': b'-- Installing: /home/go2/go2_ws/src/muse/muse_ros2/muse_ws/install/state_estimator_msgs/include/state_estimator_msgs/state_estimator_msgs/msg/detail/sensor_fusion__traits.hpp\n'}
[18.284423] (state_estimator_msgs) StdoutLine: {'line': b'-- Installing: /home/go2/go2_ws/src/muse/muse_ros2/muse_ws/install/state_estimator_msgs/include/state_estimator_msgs/state_estimator_msgs/msg/detail/sensor_fusion__builder.hpp\n'}
[18.284685] (state_estimator_msgs) StdoutLine: {'line': b'-- Installing: /home/go2/go2_ws/src/muse/muse_ros2/muse_ws/install/state_estimator_msgs/include/state_estimator_msgs/state_estimator_msgs/msg/contact_detection.hpp\n'}
[18.285206] (state_estimator_msgs) StdoutLine: {'line': b'-- Up-to-date: /home/go2/go2_ws/src/muse/muse_ros2/muse_ws/install/state_estimator_msgs/include/state_estimator_msgs/state_estimator_msgs\n'}
[18.285569] (state_estimator_msgs) StdoutLine: {'line': b'-- Up-to-date: /home/go2/go2_ws/src/muse/muse_ros2/muse_ws/install/state_estimator_msgs/include/state_estimator_msgs/state_estimator_msgs/srv\n'}
[18.285769] (state_estimator_msgs) StdoutLine: {'line': b'-- Up-to-date: /home/go2/go2_ws/src/muse/muse_ros2/muse_ws/install/state_estimator_msgs/include/state_estimator_msgs/state_estimator_msgs/srv/detail\n'}
[18.285946] (state_estimator_msgs) StdoutLine: {'line': b'-- Installing: /home/go2/go2_ws/src/muse/muse_ros2/muse_ws/install/state_estimator_msgs/include/state_estimator_msgs/state_estimator_msgs/srv/detail/get_estimator_description__rosidl_typesupport_fastrtps_cpp.hpp\n'}
[18.286843] (state_estimator_msgs) StdoutLine: {'line': b'-- Installing: /home/go2/go2_ws/src/muse/muse_ros2/muse_ws/install/state_estimator_msgs/include/state_estimator_msgs/state_estimator_msgs/srv/detail/pause_estimator__rosidl_typesupport_fastrtps_cpp.hpp\n'}
[18.287020] (state_estimator_msgs) StdoutLine: {'line': b'-- Installing: /home/go2/go2_ws/src/muse/muse_ros2/muse_ws/install/state_estimator_msgs/include/state_estimator_msgs/state_estimator_msgs/srv/detail/restart_estimator__rosidl_typesupport_fastrtps_cpp.hpp\n'}
[18.287597] (state_estimator_msgs) StdoutLine: {'line': b'-- Installing: /home/go2/go2_ws/src/muse/muse_ros2/muse_ws/install/state_estimator_msgs/include/state_estimator_msgs/state_estimator_msgs/srv/detail/list_all_estimators__rosidl_typesupport_fastrtps_cpp.hpp\n'}
[18.287814] (state_estimator_msgs) StdoutLine: {'line': b'-- Installing: /home/go2/go2_ws/src/muse/muse_ros2/muse_ws/install/state_estimator_msgs/include/state_estimator_msgs/state_estimator_msgs/srv/detail/get_active_estimators__rosidl_typesupport_fastrtps_cpp.hpp\n'}
[18.287976] (state_estimator_msgs) StdoutLine: {'line': b'-- Installing: /home/go2/go2_ws/src/muse/muse_ros2/muse_ws/install/state_estimator_msgs/include/state_estimator_msgs/state_estimator_msgs/srv/detail/resume_estimator__rosidl_typesupport_fastrtps_cpp.hpp\n'}
[18.288420] (state_estimator_msgs) StdoutLine: {'line': b'-- Installing: /home/go2/go2_ws/src/muse/muse_ros2/muse_ws/install/state_estimator_msgs/include/state_estimator_msgs/state_estimator_msgs/srv/detail/dds_fastrtps\n'}
[18.289215] (state_estimator_msgs) StdoutLine: {'line': b'-- Installing: /home/go2/go2_ws/src/muse/muse_ros2/muse_ws/install/state_estimator_msgs/include/state_estimator_msgs/state_estimator_msgs/srv/detail/stop_estimator__rosidl_typesupport_fastrtps_cpp.hpp\n'}
[18.289542] (state_estimator_msgs) StdoutLine: {'line': b'-- Installing: /home/go2/go2_ws/src/muse/muse_ros2/muse_ws/install/state_estimator_msgs/include/state_estimator_msgs/state_estimator_msgs/srv/detail/start_estimator__rosidl_typesupport_fastrtps_cpp.hpp\n'}
[18.290130] (state_estimator_msgs) StdoutLine: {'line': b'-- Installing: /home/go2/go2_ws/src/muse/muse_ros2/muse_ws/install/state_estimator_msgs/include/state_estimator_msgs/state_estimator_msgs/srv/detail/get_whitelist__rosidl_typesupport_fastrtps_cpp.hpp\n'}
[18.290342] (state_estimator_msgs) StdoutLine: {'line': b'-- Installing: /home/go2/go2_ws/src/muse/muse_ros2/muse_ws/install/state_estimator_msgs/include/state_estimator_msgs/state_estimator_msgs/srv/detail/reset_estimator__rosidl_typesupport_fastrtps_cpp.hpp\n'}
[18.291449] (state_estimator_msgs) StdoutLine: {'line': b'-- Installing: /home/go2/go2_ws/src/muse/muse_ros2/muse_ws/install/state_estimator_msgs/include/state_estimator_msgs/state_estimator_msgs/srv/detail/get_blacklist__rosidl_typesupport_fastrtps_cpp.hpp\n'}
[18.291843] (state_estimator_msgs) StdoutLine: {'line': b'-- Up-to-date: /home/go2/go2_ws/src/muse/muse_ros2/muse_ws/install/state_estimator_msgs/include/state_estimator_msgs/state_estimator_msgs/msg\n'}
[18.291985] (state_estimator_msgs) StdoutLine: {'line': b'-- Installing: /home/go2/go2_ws/src/muse/muse_ros2/muse_ws/install/state_estimator_msgs/include/state_estimator_msgs/state_estimator_msgs/msg/rosidl_typesupport_fastrtps_cpp__visibility_control.h\n'}
[18.292086] (state_estimator_msgs) StdoutLine: {'line': b'-- Up-to-date: /home/go2/go2_ws/src/muse/muse_ros2/muse_ws/install/state_estimator_msgs/include/state_estimator_msgs/state_estimator_msgs/msg/detail\n'}
[18.292180] (state_estimator_msgs) StdoutLine: {'line': b'-- Installing: /home/go2/go2_ws/src/muse/muse_ros2/muse_ws/install/state_estimator_msgs/include/state_estimator_msgs/state_estimator_msgs/msg/detail/leg_odometry__rosidl_typesupport_fastrtps_cpp.hpp\n'}
[18.292278] (state_estimator_msgs) StdoutLine: {'line': b'-- Installing: /home/go2/go2_ws/src/muse/muse_ros2/muse_ws/install/state_estimator_msgs/include/state_estimator_msgs/state_estimator_msgs/msg/detail/dds_fastrtps\n'}
[18.293106] (state_estimator_msgs) StdoutLine: {'line': b'-- Installing: /home/go2/go2_ws/src/muse/muse_ros2/muse_ws/install/state_estimator_msgs/include/state_estimator_msgs/state_estimator_msgs/msg/detail/sensor_fusion__rosidl_typesupport_fastrtps_cpp.hpp\n'}
[18.293352] (state_estimator_msgs) StdoutLine: {'line': b'-- Installing: /home/go2/go2_ws/src/muse/muse_ros2/muse_ws/install/state_estimator_msgs/include/state_estimator_msgs/state_estimator_msgs/msg/detail/attitude__rosidl_typesupport_fastrtps_cpp.hpp\n'}
[18.293582] (state_estimator_msgs) StdoutLine: {'line': b'-- Installing: /home/go2/go2_ws/src/muse/muse_ros2/muse_ws/install/state_estimator_msgs/include/state_estimator_msgs/state_estimator_msgs/msg/detail/contact_detection__rosidl_typesupport_fastrtps_cpp.hpp\n'}
[18.293738] (state_estimator_msgs) StdoutLine: {'line': b'-- Installing: /home/go2/go2_ws/src/muse/muse_ros2/muse_ws/install/state_estimator_msgs/include/state_estimator_msgs/state_estimator_msgs/msg/detail/joint_state_with_acceleration__rosidl_typesupport_fastrtps_cpp.hpp\n'}
[18.293915] (state_estimator_msgs) StdoutLine: {'line': b'-- Installing: /home/go2/go2_ws/src/muse/muse_ros2/muse_ws/install/state_estimator_msgs/lib/libstate_estimator_msgs__rosidl_typesupport_fastrtps_cpp.so\n'}
[18.296380] (state_estimator_msgs) StdoutLine: {'line': b'-- Set runtime path of "/home/go2/go2_ws/src/muse/muse_ros2/muse_ws/install/state_estimator_msgs/lib/libstate_estimator_msgs__rosidl_typesupport_fastrtps_cpp.so" to ""\n'}
[18.296620] (state_estimator_msgs) StdoutLine: {'line': b'-- Up-to-date: /home/go2/go2_ws/src/muse/muse_ros2/muse_ws/install/state_estimator_msgs/include/state_estimator_msgs/state_estimator_msgs\n'}
[18.296738] (state_estimator_msgs) StdoutLine: {'line': b'-- Up-to-date: /home/go2/go2_ws/src/muse/muse_ros2/muse_ws/install/state_estimator_msgs/include/state_estimator_msgs/state_estimator_msgs/srv\n'}
[18.296857] (state_estimator_msgs) StdoutLine: {'line': b'-- Up-to-date: /home/go2/go2_ws/src/muse/muse_ros2/muse_ws/install/state_estimator_msgs/include/state_estimator_msgs/state_estimator_msgs/srv/detail\n'}
[18.297160] (state_estimator_msgs) StdoutLine: {'line': b'-- Installing: /home/go2/go2_ws/src/muse/muse_ros2/muse_ws/install/state_estimator_msgs/include/state_estimator_msgs/state_estimator_msgs/srv/detail/restart_estimator__rosidl_typesupport_introspection_c.h\n'}
[18.301223] (state_estimator_msgs) StdoutLine: {'line': b'-- Installing: /home/go2/go2_ws/src/muse/muse_ros2/muse_ws/install/state_estimator_msgs/include/state_estimator_msgs/state_estimator_msgs/srv/detail/resume_estimator__rosidl_typesupport_introspection_c.h\n'}
[18.301718] (state_estimator_msgs) StdoutLine: {'line': b'-- Installing: /home/go2/go2_ws/src/muse/muse_ros2/muse_ws/install/state_estimator_msgs/include/state_estimator_msgs/state_estimator_msgs/srv/detail/get_whitelist__rosidl_typesupport_introspection_c.h\n'}
[18.301986] (state_estimator_msgs) StdoutLine: {'line': b'-- Installing: /home/go2/go2_ws/src/muse/muse_ros2/muse_ws/install/state_estimator_msgs/include/state_estimator_msgs/state_estimator_msgs/srv/detail/get_active_estimators__rosidl_typesupport_introspection_c.h\n'}
[18.302640] (state_estimator_msgs) StdoutLine: {'line': b'-- Installing: /home/go2/go2_ws/src/muse/muse_ros2/muse_ws/install/state_estimator_msgs/include/state_estimator_msgs/state_estimator_msgs/srv/detail/reset_estimator__type_support.c\n'}
[18.302866] (state_estimator_msgs) StdoutLine: {'line': b'-- Installing: /home/go2/go2_ws/src/muse/muse_ros2/muse_ws/install/state_estimator_msgs/include/state_estimator_msgs/state_estimator_msgs/srv/detail/reset_estimator__rosidl_typesupport_introspection_c.h\n'}
[18.302976] (state_estimator_msgs) StdoutLine: {'line': b'-- Installing: /home/go2/go2_ws/src/muse/muse_ros2/muse_ws/install/state_estimator_msgs/include/state_estimator_msgs/state_estimator_msgs/srv/detail/restart_estimator__type_support.c\n'}
[18.303615] (state_estimator_msgs) StdoutLine: {'line': b'-- Installing: /home/go2/go2_ws/src/muse/muse_ros2/muse_ws/install/state_estimator_msgs/include/state_estimator_msgs/state_estimator_msgs/srv/detail/pause_estimator__type_support.c\n'}
[18.303753] (state_estimator_msgs) StdoutLine: {'line': b'-- Installing: /home/go2/go2_ws/src/muse/muse_ros2/muse_ws/install/state_estimator_msgs/include/state_estimator_msgs/state_estimator_msgs/srv/detail/get_blacklist__rosidl_typesupport_introspection_c.h\n'}
[18.303936] (state_estimator_msgs) StdoutLine: {'line': b'-- Installing: /home/go2/go2_ws/src/muse/muse_ros2/muse_ws/install/state_estimator_msgs/include/state_estimator_msgs/state_estimator_msgs/srv/detail/stop_estimator__type_support.c\n'}
[18.304078] (state_estimator_msgs) StdoutLine: {'line': b'-- Installing: /home/go2/go2_ws/src/muse/muse_ros2/muse_ws/install/state_estimator_msgs/include/state_estimator_msgs/state_estimator_msgs/srv/detail/get_active_estimators__type_support.c\n'}
[18.304191] (state_estimator_msgs) StdoutLine: {'line': b'-- Installing: /home/go2/go2_ws/src/muse/muse_ros2/muse_ws/install/state_estimator_msgs/include/state_estimator_msgs/state_estimator_msgs/srv/detail/get_blacklist__type_support.c\n'}
[18.305108] (state_estimator_msgs) StdoutLine: {'line': b'-- Installing: /home/go2/go2_ws/src/muse/muse_ros2/muse_ws/install/state_estimator_msgs/include/state_estimator_msgs/state_estimator_msgs/srv/detail/stop_estimator__rosidl_typesupport_introspection_c.h\n'}
[18.305333] (state_estimator_msgs) StdoutLine: {'line': b'-- Installing: /home/go2/go2_ws/src/muse/muse_ros2/muse_ws/install/state_estimator_msgs/include/state_estimator_msgs/state_estimator_msgs/srv/detail/start_estimator__type_support.c\n'}
[18.305543] (state_estimator_msgs) StdoutLine: {'line': b'-- Installing: /home/go2/go2_ws/src/muse/muse_ros2/muse_ws/install/state_estimator_msgs/include/state_estimator_msgs/state_estimator_msgs/srv/detail/get_estimator_description__rosidl_typesupport_introspection_c.h\n'}
[18.305720] (state_estimator_msgs) StdoutLine: {'line': b'-- Installing: /home/go2/go2_ws/src/muse/muse_ros2/muse_ws/install/state_estimator_msgs/include/state_estimator_msgs/state_estimator_msgs/srv/detail/list_all_estimators__rosidl_typesupport_introspection_c.h\n'}
[18.305927] (state_estimator_msgs) StdoutLine: {'line': b'-- Installing: /home/go2/go2_ws/src/muse/muse_ros2/muse_ws/install/state_estimator_msgs/include/state_estimator_msgs/state_estimator_msgs/srv/detail/start_estimator__rosidl_typesupport_introspection_c.h\n'}
[18.307021] (state_estimator_msgs) StdoutLine: {'line': b'-- Installing: /home/go2/go2_ws/src/muse/muse_ros2/muse_ws/install/state_estimator_msgs/include/state_estimator_msgs/state_estimator_msgs/srv/detail/list_all_estimators__type_support.c\n'}
[18.307151] (state_estimator_msgs) StdoutLine: {'line': b'-- Installing: /home/go2/go2_ws/src/muse/muse_ros2/muse_ws/install/state_estimator_msgs/include/state_estimator_msgs/state_estimator_msgs/srv/detail/pause_estimator__rosidl_typesupport_introspection_c.h\n'}
[18.307271] (state_estimator_msgs) StdoutLine: {'line': b'-- Installing: /home/go2/go2_ws/src/muse/muse_ros2/muse_ws/install/state_estimator_msgs/include/state_estimator_msgs/state_estimator_msgs/srv/detail/get_whitelist__type_support.c\n'}
[18.308017] (state_estimator_msgs) StdoutLine: {'line': b'-- Installing: /home/go2/go2_ws/src/muse/muse_ros2/muse_ws/install/state_estimator_msgs/include/state_estimator_msgs/state_estimator_msgs/srv/detail/resume_estimator__type_support.c\n'}
[18.308220] (state_estimator_msgs) StdoutLine: {'line': b'-- Installing: /home/go2/go2_ws/src/muse/muse_ros2/muse_ws/install/state_estimator_msgs/include/state_estimator_msgs/state_estimator_msgs/srv/detail/get_estimator_description__type_support.c\n'}
[18.308351] (state_estimator_msgs) StdoutLine: {'line': b'-- Up-to-date: /home/go2/go2_ws/src/muse/muse_ros2/muse_ws/install/state_estimator_msgs/include/state_estimator_msgs/state_estimator_msgs/msg\n'}
[18.309951] (-) TimerEvent: {}
[18.310684] (state_estimator_msgs) StdoutLine: {'line': b'-- Installing: /home/go2/go2_ws/src/muse/muse_ros2/muse_ws/install/state_estimator_msgs/include/state_estimator_msgs/state_estimator_msgs/msg/rosidl_typesupport_introspection_c__visibility_control.h\n'}
[18.310926] (state_estimator_msgs) StdoutLine: {'line': b'-- Up-to-date: /home/go2/go2_ws/src/muse/muse_ros2/muse_ws/install/state_estimator_msgs/include/state_estimator_msgs/state_estimator_msgs/msg/detail\n'}
[18.311058] (state_estimator_msgs) StdoutLine: {'line': b'-- Installing: /home/go2/go2_ws/src/muse/muse_ros2/muse_ws/install/state_estimator_msgs/include/state_estimator_msgs/state_estimator_msgs/msg/detail/contact_detection__rosidl_typesupport_introspection_c.h\n'}
[18.311187] (state_estimator_msgs) StdoutLine: {'line': b'-- Installing: /home/go2/go2_ws/src/muse/muse_ros2/muse_ws/install/state_estimator_msgs/include/state_estimator_msgs/state_estimator_msgs/msg/detail/attitude__type_support.c\n'}
[18.311290] (state_estimator_msgs) StdoutLine: {'line': b'-- Installing: /home/go2/go2_ws/src/muse/muse_ros2/muse_ws/install/state_estimator_msgs/include/state_estimator_msgs/state_estimator_msgs/msg/detail/joint_state_with_acceleration__type_support.c\n'}
[18.311455] (state_estimator_msgs) StdoutLine: {'line': b'-- Installing: /home/go2/go2_ws/src/muse/muse_ros2/muse_ws/install/state_estimator_msgs/include/state_estimator_msgs/state_estimator_msgs/msg/detail/sensor_fusion__rosidl_typesupport_introspection_c.h\n'}
[18.311570] (state_estimator_msgs) StdoutLine: {'line': b'-- Installing: /home/go2/go2_ws/src/muse/muse_ros2/muse_ws/install/state_estimator_msgs/include/state_estimator_msgs/state_estimator_msgs/msg/detail/sensor_fusion__type_support.c\n'}
[18.311693] (state_estimator_msgs) StdoutLine: {'line': b'-- Installing: /home/go2/go2_ws/src/muse/muse_ros2/muse_ws/install/state_estimator_msgs/include/state_estimator_msgs/state_estimator_msgs/msg/detail/joint_state_with_acceleration__rosidl_typesupport_introspection_c.h\n'}
[18.311775] (state_estimator_msgs) StdoutLine: {'line': b'-- Installing: /home/go2/go2_ws/src/muse/muse_ros2/muse_ws/install/state_estimator_msgs/include/state_estimator_msgs/state_estimator_msgs/msg/detail/leg_odometry__type_support.c\n'}
[18.311938] (state_estimator_msgs) StdoutLine: {'line': b'-- Installing: /home/go2/go2_ws/src/muse/muse_ros2/muse_ws/install/state_estimator_msgs/include/state_estimator_msgs/state_estimator_msgs/msg/detail/attitude__rosidl_typesupport_introspection_c.h\n'}
[18.312043] (state_estimator_msgs) StdoutLine: {'line': b'-- Installing: /home/go2/go2_ws/src/muse/muse_ros2/muse_ws/install/state_estimator_msgs/include/state_estimator_msgs/state_estimator_msgs/msg/detail/contact_detection__type_support.c\n'}
[18.312172] (state_estimator_msgs) StdoutLine: {'line': b'-- Installing: /home/go2/go2_ws/src/muse/muse_ros2/muse_ws/install/state_estimator_msgs/include/state_estimator_msgs/state_estimator_msgs/msg/detail/leg_odometry__rosidl_typesupport_introspection_c.h\n'}
[18.312252] (state_estimator_msgs) StdoutLine: {'line': b'-- Installing: /home/go2/go2_ws/src/muse/muse_ros2/muse_ws/install/state_estimator_msgs/lib/libstate_estimator_msgs__rosidl_typesupport_introspection_c.so\n'}
[18.312354] (state_estimator_msgs) StdoutLine: {'line': b'-- Set runtime path of "/home/go2/go2_ws/src/muse/muse_ros2/muse_ws/install/state_estimator_msgs/lib/libstate_estimator_msgs__rosidl_typesupport_introspection_c.so" to ""\n'}
[18.312478] (state_estimator_msgs) StdoutLine: {'line': b'-- Installing: /home/go2/go2_ws/src/muse/muse_ros2/muse_ws/install/state_estimator_msgs/lib/libstate_estimator_msgs__rosidl_typesupport_c.so\n'}
[18.312556] (state_estimator_msgs) StdoutLine: {'line': b'-- Set runtime path of "/home/go2/go2_ws/src/muse/muse_ros2/muse_ws/install/state_estimator_msgs/lib/libstate_estimator_msgs__rosidl_typesupport_c.so" to ""\n'}
[18.312683] (state_estimator_msgs) StdoutLine: {'line': b'-- Up-to-date: /home/go2/go2_ws/src/muse/muse_ros2/muse_ws/install/state_estimator_msgs/include/state_estimator_msgs/state_estimator_msgs\n'}
[18.312761] (state_estimator_msgs) StdoutLine: {'line': b'-- Up-to-date: /home/go2/go2_ws/src/muse/muse_ros2/muse_ws/install/state_estimator_msgs/include/state_estimator_msgs/state_estimator_msgs/srv\n'}
[18.312837] (state_estimator_msgs) StdoutLine: {'line': b'-- Up-to-date: /home/go2/go2_ws/src/muse/muse_ros2/muse_ws/install/state_estimator_msgs/include/state_estimator_msgs/state_estimator_msgs/srv/detail\n'}
[18.313023] (state_estimator_msgs) StdoutLine: {'line': b'-- Installing: /home/go2/go2_ws/src/muse/muse_ros2/muse_ws/install/state_estimator_msgs/include/state_estimator_msgs/state_estimator_msgs/srv/detail/get_active_estimators__type_support.cpp\n'}
[18.313187] (state_estimator_msgs) StdoutLine: {'line': b'-- Installing: /home/go2/go2_ws/src/muse/muse_ros2/muse_ws/install/state_estimator_msgs/include/state_estimator_msgs/state_estimator_msgs/srv/detail/restart_estimator__rosidl_typesupport_introspection_cpp.hpp\n'}
[18.313336] (state_estimator_msgs) StdoutLine: {'line': b'-- Installing: /home/go2/go2_ws/src/muse/muse_ros2/muse_ws/install/state_estimator_msgs/include/state_estimator_msgs/state_estimator_msgs/srv/detail/stop_estimator__type_support.cpp\n'}
[18.313489] (state_estimator_msgs) StdoutLine: {'line': b'-- Installing: /home/go2/go2_ws/src/muse/muse_ros2/muse_ws/install/state_estimator_msgs/include/state_estimator_msgs/state_estimator_msgs/srv/detail/get_estimator_description__rosidl_typesupport_introspection_cpp.hpp\n'}
[18.313602] (state_estimator_msgs) StdoutLine: {'line': b'-- Installing: /home/go2/go2_ws/src/muse/muse_ros2/muse_ws/install/state_estimator_msgs/include/state_estimator_msgs/state_estimator_msgs/srv/detail/get_estimator_description__type_support.cpp\n'}
[18.313764] (state_estimator_msgs) StdoutLine: {'line': b'-- Installing: /home/go2/go2_ws/src/muse/muse_ros2/muse_ws/install/state_estimator_msgs/include/state_estimator_msgs/state_estimator_msgs/srv/detail/list_all_estimators__type_support.cpp\n'}
[18.313873] (state_estimator_msgs) StdoutLine: {'line': b'-- Installing: /home/go2/go2_ws/src/muse/muse_ros2/muse_ws/install/state_estimator_msgs/include/state_estimator_msgs/state_estimator_msgs/srv/detail/get_active_estimators__rosidl_typesupport_introspection_cpp.hpp\n'}
[18.314087] (state_estimator_msgs) StdoutLine: {'line': b'-- Installing: /home/go2/go2_ws/src/muse/muse_ros2/muse_ws/install/state_estimator_msgs/include/state_estimator_msgs/state_estimator_msgs/srv/detail/pause_estimator__rosidl_typesupport_introspection_cpp.hpp\n'}
[18.314198] (state_estimator_msgs) StdoutLine: {'line': b'-- Installing: /home/go2/go2_ws/src/muse/muse_ros2/muse_ws/install/state_estimator_msgs/include/state_estimator_msgs/state_estimator_msgs/srv/detail/start_estimator__type_support.cpp\n'}
[18.314391] (state_estimator_msgs) StdoutLine: {'line': b'-- Installing: /home/go2/go2_ws/src/muse/muse_ros2/muse_ws/install/state_estimator_msgs/include/state_estimator_msgs/state_estimator_msgs/srv/detail/get_blacklist__rosidl_typesupport_introspection_cpp.hpp\n'}
[18.314518] (state_estimator_msgs) StdoutLine: {'line': b'-- Installing: /home/go2/go2_ws/src/muse/muse_ros2/muse_ws/install/state_estimator_msgs/include/state_estimator_msgs/state_estimator_msgs/srv/detail/reset_estimator__type_support.cpp\n'}
[18.314670] (state_estimator_msgs) StdoutLine: {'line': b'-- Installing: /home/go2/go2_ws/src/muse/muse_ros2/muse_ws/install/state_estimator_msgs/include/state_estimator_msgs/state_estimator_msgs/srv/detail/list_all_estimators__rosidl_typesupport_introspection_cpp.hpp\n'}
[18.314798] (state_estimator_msgs) StdoutLine: {'line': b'-- Installing: /home/go2/go2_ws/src/muse/muse_ros2/muse_ws/install/state_estimator_msgs/include/state_estimator_msgs/state_estimator_msgs/srv/detail/resume_estimator__type_support.cpp\n'}
[18.314954] (state_estimator_msgs) StdoutLine: {'line': b'-- Installing: /home/go2/go2_ws/src/muse/muse_ros2/muse_ws/install/state_estimator_msgs/include/state_estimator_msgs/state_estimator_msgs/srv/detail/get_blacklist__type_support.cpp\n'}
[18.315145] (state_estimator_msgs) StdoutLine: {'line': b'-- Installing: /home/go2/go2_ws/src/muse/muse_ros2/muse_ws/install/state_estimator_msgs/include/state_estimator_msgs/state_estimator_msgs/srv/detail/resume_estimator__rosidl_typesupport_introspection_cpp.hpp\n'}
[18.315265] (state_estimator_msgs) StdoutLine: {'line': b'-- Installing: /home/go2/go2_ws/src/muse/muse_ros2/muse_ws/install/state_estimator_msgs/include/state_estimator_msgs/state_estimator_msgs/srv/detail/stop_estimator__rosidl_typesupport_introspection_cpp.hpp\n'}
[18.315432] (state_estimator_msgs) StdoutLine: {'line': b'-- Installing: /home/go2/go2_ws/src/muse/muse_ros2/muse_ws/install/state_estimator_msgs/include/state_estimator_msgs/state_estimator_msgs/srv/detail/restart_estimator__type_support.cpp\n'}
[18.315527] (state_estimator_msgs) StdoutLine: {'line': b'-- Installing: /home/go2/go2_ws/src/muse/muse_ros2/muse_ws/install/state_estimator_msgs/include/state_estimator_msgs/state_estimator_msgs/srv/detail/start_estimator__rosidl_typesupport_introspection_cpp.hpp\n'}
[18.315673] (state_estimator_msgs) StdoutLine: {'line': b'-- Installing: /home/go2/go2_ws/src/muse/muse_ros2/muse_ws/install/state_estimator_msgs/include/state_estimator_msgs/state_estimator_msgs/srv/detail/reset_estimator__rosidl_typesupport_introspection_cpp.hpp\n'}
[18.315773] (state_estimator_msgs) StdoutLine: {'line': b'-- Installing: /home/go2/go2_ws/src/muse/muse_ros2/muse_ws/install/state_estimator_msgs/include/state_estimator_msgs/state_estimator_msgs/srv/detail/get_whitelist__type_support.cpp\n'}
[18.315968] (state_estimator_msgs) StdoutLine: {'line': b'-- Installing: /home/go2/go2_ws/src/muse/muse_ros2/muse_ws/install/state_estimator_msgs/include/state_estimator_msgs/state_estimator_msgs/srv/detail/get_whitelist__rosidl_typesupport_introspection_cpp.hpp\n'}
[18.316074] (state_estimator_msgs) StdoutLine: {'line': b'-- Installing: /home/go2/go2_ws/src/muse/muse_ros2/muse_ws/install/state_estimator_msgs/include/state_estimator_msgs/state_estimator_msgs/srv/detail/pause_estimator__type_support.cpp\n'}
[18.316223] (state_estimator_msgs) StdoutLine: {'line': b'-- Up-to-date: /home/go2/go2_ws/src/muse/muse_ros2/muse_ws/install/state_estimator_msgs/include/state_estimator_msgs/state_estimator_msgs/msg\n'}
[18.316423] (state_estimator_msgs) StdoutLine: {'line': b'-- Up-to-date: /home/go2/go2_ws/src/muse/muse_ros2/muse_ws/install/state_estimator_msgs/include/state_estimator_msgs/state_estimator_msgs/msg/detail\n'}
[18.316527] (state_estimator_msgs) StdoutLine: {'line': b'-- Installing: /home/go2/go2_ws/src/muse/muse_ros2/muse_ws/install/state_estimator_msgs/include/state_estimator_msgs/state_estimator_msgs/msg/detail/attitude__rosidl_typesupport_introspection_cpp.hpp\n'}
[18.316686] (state_estimator_msgs) StdoutLine: {'line': b'-- Installing: /home/go2/go2_ws/src/muse/muse_ros2/muse_ws/install/state_estimator_msgs/include/state_estimator_msgs/state_estimator_msgs/msg/detail/contact_detection__type_support.cpp\n'}
[18.316948] (state_estimator_msgs) StdoutLine: {'line': b'-- Installing: /home/go2/go2_ws/src/muse/muse_ros2/muse_ws/install/state_estimator_msgs/include/state_estimator_msgs/state_estimator_msgs/msg/detail/joint_state_with_acceleration__rosidl_typesupport_introspection_cpp.hpp\n'}
[18.317266] (state_estimator_msgs) StdoutLine: {'line': b'-- Installing: /home/go2/go2_ws/src/muse/muse_ros2/muse_ws/install/state_estimator_msgs/include/state_estimator_msgs/state_estimator_msgs/msg/detail/leg_odometry__type_support.cpp\n'}
[18.317541] (state_estimator_msgs) StdoutLine: {'line': b'-- Installing: /home/go2/go2_ws/src/muse/muse_ros2/muse_ws/install/state_estimator_msgs/include/state_estimator_msgs/state_estimator_msgs/msg/detail/contact_detection__rosidl_typesupport_introspection_cpp.hpp\n'}
[18.317804] (state_estimator_msgs) StdoutLine: {'line': b'-- Installing: /home/go2/go2_ws/src/muse/muse_ros2/muse_ws/install/state_estimator_msgs/include/state_estimator_msgs/state_estimator_msgs/msg/detail/sensor_fusion__rosidl_typesupport_introspection_cpp.hpp\n'}
[18.318241] (state_estimator_msgs) StdoutLine: {'line': b'-- Installing: /home/go2/go2_ws/src/muse/muse_ros2/muse_ws/install/state_estimator_msgs/include/state_estimator_msgs/state_estimator_msgs/msg/detail/sensor_fusion__type_support.cpp\n'}
[18.318494] (state_estimator_msgs) StdoutLine: {'line': b'-- Installing: /home/go2/go2_ws/src/muse/muse_ros2/muse_ws/install/state_estimator_msgs/include/state_estimator_msgs/state_estimator_msgs/msg/detail/leg_odometry__rosidl_typesupport_introspection_cpp.hpp\n'}
[18.321585] (state_estimator_msgs) StdoutLine: {'line': b'-- Installing: /home/go2/go2_ws/src/muse/muse_ros2/muse_ws/install/state_estimator_msgs/include/state_estimator_msgs/state_estimator_msgs/msg/detail/joint_state_with_acceleration__type_support.cpp\n'}
[18.321825] (state_estimator_msgs) StdoutLine: {'line': b'-- Installing: /home/go2/go2_ws/src/muse/muse_ros2/muse_ws/install/state_estimator_msgs/include/state_estimator_msgs/state_estimator_msgs/msg/detail/attitude__type_support.cpp\n'}
[18.321970] (state_estimator_msgs) StdoutLine: {'line': b'-- Installing: /home/go2/go2_ws/src/muse/muse_ros2/muse_ws/install/state_estimator_msgs/lib/libstate_estimator_msgs__rosidl_typesupport_introspection_cpp.so\n'}
[18.322079] (state_estimator_msgs) StdoutLine: {'line': b'-- Set runtime path of "/home/go2/go2_ws/src/muse/muse_ros2/muse_ws/install/state_estimator_msgs/lib/libstate_estimator_msgs__rosidl_typesupport_introspection_cpp.so" to ""\n'}
[18.322191] (state_estimator_msgs) StdoutLine: {'line': b'-- Installing: /home/go2/go2_ws/src/muse/muse_ros2/muse_ws/install/state_estimator_msgs/lib/libstate_estimator_msgs__rosidl_typesupport_cpp.so\n'}
[18.325162] (state_estimator_msgs) StdoutLine: {'line': b'-- Set runtime path of "/home/go2/go2_ws/src/muse/muse_ros2/muse_ws/install/state_estimator_msgs/lib/libstate_estimator_msgs__rosidl_typesupport_cpp.so" to ""\n'}
[18.325773] (state_estimator_msgs) StdoutLine: {'line': b'-- Installing: /home/go2/go2_ws/src/muse/muse_ros2/muse_ws/install/state_estimator_msgs/share/state_estimator_msgs/environment/pythonpath.sh\n'}
[18.326871] (state_estimator_msgs) StdoutLine: {'line': b'-- Installing: /home/go2/go2_ws/src/muse/muse_ros2/muse_ws/install/state_estimator_msgs/share/state_estimator_msgs/environment/pythonpath.dsv\n'}
[18.327703] (state_estimator_msgs) StdoutLine: {'line': b'-- Installing: /home/go2/go2_ws/src/muse/muse_ros2/muse_ws/install/state_estimator_msgs/local/lib/python3.10/dist-packages/state_estimator_msgs-0.0.1-py3.10.egg-info\n'}
[18.332635] (state_estimator_msgs) StdoutLine: {'line': b'-- Installing: /home/go2/go2_ws/src/muse/muse_ros2/muse_ws/install/state_estimator_msgs/local/lib/python3.10/dist-packages/state_estimator_msgs-0.0.1-py3.10.egg-info/top_level.txt\n'}
[18.333001] (state_estimator_msgs) StdoutLine: {'line': b'-- Installing: /home/go2/go2_ws/src/muse/muse_ros2/muse_ws/install/state_estimator_msgs/local/lib/python3.10/dist-packages/state_estimator_msgs-0.0.1-py3.10.egg-info/SOURCES.txt\n'}
[18.333947] (state_estimator_msgs) StdoutLine: {'line': b'-- Installing: /home/go2/go2_ws/src/muse/muse_ros2/muse_ws/install/state_estimator_msgs/local/lib/python3.10/dist-packages/state_estimator_msgs-0.0.1-py3.10.egg-info/PKG-INFO\n'}
[18.334085] (state_estimator_msgs) StdoutLine: {'line': b'-- Installing: /home/go2/go2_ws/src/muse/muse_ros2/muse_ws/install/state_estimator_msgs/local/lib/python3.10/dist-packages/state_estimator_msgs-0.0.1-py3.10.egg-info/dependency_links.txt\n'}
[18.334234] (state_estimator_msgs) StdoutLine: {'line': b'-- Installing: /home/go2/go2_ws/src/muse/muse_ros2/muse_ws/install/state_estimator_msgs/local/lib/python3.10/dist-packages/state_estimator_msgs\n'}
[18.337036] (state_estimator_msgs) StdoutLine: {'line': b'-- Installing: /home/go2/go2_ws/src/muse/muse_ros2/muse_ws/install/state_estimator_msgs/local/lib/python3.10/dist-packages/state_estimator_msgs/_state_estimator_msgs_s.ep.rosidl_typesupport_c.c\n'}
[18.337416] (state_estimator_msgs) StdoutLine: {'line': b'-- Installing: /home/go2/go2_ws/src/muse/muse_ros2/muse_ws/install/state_estimator_msgs/local/lib/python3.10/dist-packages/state_estimator_msgs/state_estimator_msgs_s__rosidl_typesupport_introspection_c.cpython-310-x86_64-linux-gnu.so\n'}
[18.337590] (state_estimator_msgs) StdoutLine: {'line': b'-- Installing: /home/go2/go2_ws/src/muse/muse_ros2/muse_ws/install/state_estimator_msgs/local/lib/python3.10/dist-packages/state_estimator_msgs/_state_estimator_msgs_s.ep.rosidl_typesupport_introspection_c.c\n'}
[18.337748] (state_estimator_msgs) StdoutLine: {'line': b'-- Installing: /home/go2/go2_ws/src/muse/muse_ros2/muse_ws/install/state_estimator_msgs/local/lib/python3.10/dist-packages/state_estimator_msgs/_state_estimator_msgs_s.ep.rosidl_typesupport_fastrtps_c.c\n'}
[18.337914] (state_estimator_msgs) StdoutLine: {'line': b'-- Installing: /home/go2/go2_ws/src/muse/muse_ros2/muse_ws/install/state_estimator_msgs/local/lib/python3.10/dist-packages/state_estimator_msgs/libstate_estimator_msgs__rosidl_generator_py.so\n'}
[18.338014] (state_estimator_msgs) StdoutLine: {'line': b'-- Installing: /home/go2/go2_ws/src/muse/muse_ros2/muse_ws/install/state_estimator_msgs/local/lib/python3.10/dist-packages/state_estimator_msgs/srv\n'}
[18.338873] (state_estimator_msgs) StdoutLine: {'line': b'-- Installing: /home/go2/go2_ws/src/muse/muse_ros2/muse_ws/install/state_estimator_msgs/local/lib/python3.10/dist-packages/state_estimator_msgs/srv/_resume_estimator.py\n'}
[18.340167] (state_estimator_msgs) StdoutLine: {'line': b'-- Installing: /home/go2/go2_ws/src/muse/muse_ros2/muse_ws/install/state_estimator_msgs/local/lib/python3.10/dist-packages/state_estimator_msgs/srv/_get_whitelist.py\n'}
[18.340419] (state_estimator_msgs) StdoutLine: {'line': b'-- Installing: /home/go2/go2_ws/src/muse/muse_ros2/muse_ws/install/state_estimator_msgs/local/lib/python3.10/dist-packages/state_estimator_msgs/srv/_start_estimator.py\n'}
[18.340620] (state_estimator_msgs) StdoutLine: {'line': b'-- Installing: /home/go2/go2_ws/src/muse/muse_ros2/muse_ws/install/state_estimator_msgs/local/lib/python3.10/dist-packages/state_estimator_msgs/srv/_stop_estimator_s.c\n'}
[18.340864] (state_estimator_msgs) StdoutLine: {'line': b'-- Installing: /home/go2/go2_ws/src/muse/muse_ros2/muse_ws/install/state_estimator_msgs/local/lib/python3.10/dist-packages/state_estimator_msgs/srv/_list_all_estimators.py\n'}
[18.341719] (state_estimator_msgs) StdoutLine: {'line': b'-- Installing: /home/go2/go2_ws/src/muse/muse_ros2/muse_ws/install/state_estimator_msgs/local/lib/python3.10/dist-packages/state_estimator_msgs/srv/_get_active_estimators.py\n'}
[18.344438] (state_estimator_msgs) StdoutLine: {'line': b'-- Installing: /home/go2/go2_ws/src/muse/muse_ros2/muse_ws/install/state_estimator_msgs/local/lib/python3.10/dist-packages/state_estimator_msgs/srv/_list_all_estimators_s.c\n'}
[18.345070] (state_estimator_msgs) StdoutLine: {'line': b'-- Installing: /home/go2/go2_ws/src/muse/muse_ros2/muse_ws/install/state_estimator_msgs/local/lib/python3.10/dist-packages/state_estimator_msgs/srv/_start_estimator_s.c\n'}
[18.345278] (state_estimator_msgs) StdoutLine: {'line': b'-- Installing: /home/go2/go2_ws/src/muse/muse_ros2/muse_ws/install/state_estimator_msgs/local/lib/python3.10/dist-packages/state_estimator_msgs/srv/_resume_estimator_s.c\n'}
[18.345446] (state_estimator_msgs) StdoutLine: {'line': b'-- Installing: /home/go2/go2_ws/src/muse/muse_ros2/muse_ws/install/state_estimator_msgs/local/lib/python3.10/dist-packages/state_estimator_msgs/srv/_get_blacklist_s.c\n'}
[18.345596] (state_estimator_msgs) StdoutLine: {'line': b'-- Installing: /home/go2/go2_ws/src/muse/muse_ros2/muse_ws/install/state_estimator_msgs/local/lib/python3.10/dist-packages/state_estimator_msgs/srv/_get_estimator_description.py\n'}
[18.345753] (state_estimator_msgs) StdoutLine: {'line': b'-- Installing: /home/go2/go2_ws/src/muse/muse_ros2/muse_ws/install/state_estimator_msgs/local/lib/python3.10/dist-packages/state_estimator_msgs/srv/_get_active_estimators_s.c\n'}
[18.345904] (state_estimator_msgs) StdoutLine: {'line': b'-- Installing: /home/go2/go2_ws/src/muse/muse_ros2/muse_ws/install/state_estimator_msgs/local/lib/python3.10/dist-packages/state_estimator_msgs/srv/_stop_estimator.py\n'}
[18.346053] (state_estimator_msgs) StdoutLine: {'line': b'-- Installing: /home/go2/go2_ws/src/muse/muse_ros2/muse_ws/install/state_estimator_msgs/local/lib/python3.10/dist-packages/state_estimator_msgs/srv/_restart_estimator.py\n'}
[18.346200] (state_estimator_msgs) StdoutLine: {'line': b'-- Installing: /home/go2/go2_ws/src/muse/muse_ros2/muse_ws/install/state_estimator_msgs/local/lib/python3.10/dist-packages/state_estimator_msgs/srv/_pause_estimator.py\n'}
[18.347541] (state_estimator_msgs) StdoutLine: {'line': b'-- Installing: /home/go2/go2_ws/src/muse/muse_ros2/muse_ws/install/state_estimator_msgs/local/lib/python3.10/dist-packages/state_estimator_msgs/srv/__init__.py\n'}
[18.347783] (state_estimator_msgs) StdoutLine: {'line': b'-- Installing: /home/go2/go2_ws/src/muse/muse_ros2/muse_ws/install/state_estimator_msgs/local/lib/python3.10/dist-packages/state_estimator_msgs/srv/_reset_estimator_s.c\n'}
[18.348662] (state_estimator_msgs) StdoutLine: {'line': b'-- Installing: /home/go2/go2_ws/src/muse/muse_ros2/muse_ws/install/state_estimator_msgs/local/lib/python3.10/dist-packages/state_estimator_msgs/srv/_get_blacklist.py\n'}
[18.348838] (state_estimator_msgs) StdoutLine: {'line': b'-- Installing: /home/go2/go2_ws/src/muse/muse_ros2/muse_ws/install/state_estimator_msgs/local/lib/python3.10/dist-packages/state_estimator_msgs/srv/_reset_estimator.py\n'}
[18.349182] (state_estimator_msgs) StdoutLine: {'line': b'-- Installing: /home/go2/go2_ws/src/muse/muse_ros2/muse_ws/install/state_estimator_msgs/local/lib/python3.10/dist-packages/state_estimator_msgs/srv/_restart_estimator_s.c\n'}
[18.349372] (state_estimator_msgs) StdoutLine: {'line': b'-- Installing: /home/go2/go2_ws/src/muse/muse_ros2/muse_ws/install/state_estimator_msgs/local/lib/python3.10/dist-packages/state_estimator_msgs/srv/_pause_estimator_s.c\n'}
[18.349545] (state_estimator_msgs) StdoutLine: {'line': b'-- Installing: /home/go2/go2_ws/src/muse/muse_ros2/muse_ws/install/state_estimator_msgs/local/lib/python3.10/dist-packages/state_estimator_msgs/srv/_get_estimator_description_s.c\n'}
[18.351552] (state_estimator_msgs) StdoutLine: {'line': b'-- Installing: /home/go2/go2_ws/src/muse/muse_ros2/muse_ws/install/state_estimator_msgs/local/lib/python3.10/dist-packages/state_estimator_msgs/srv/_get_whitelist_s.c\n'}
[18.351843] (state_estimator_msgs) StdoutLine: {'line': b'-- Installing: /home/go2/go2_ws/src/muse/muse_ros2/muse_ws/install/state_estimator_msgs/local/lib/python3.10/dist-packages/state_estimator_msgs/__init__.py\n'}
[18.352411] (state_estimator_msgs) StdoutLine: {'line': b'-- Installing: /home/go2/go2_ws/src/muse/muse_ros2/muse_ws/install/state_estimator_msgs/local/lib/python3.10/dist-packages/state_estimator_msgs/state_estimator_msgs_s__rosidl_typesupport_fastrtps_c.cpython-310-x86_64-linux-gnu.so\n'}
[18.352681] (state_estimator_msgs) StdoutLine: {'line': b'-- Installing: /home/go2/go2_ws/src/muse/muse_ros2/muse_ws/install/state_estimator_msgs/local/lib/python3.10/dist-packages/state_estimator_msgs/msg\n'}
[18.352850] (state_estimator_msgs) StdoutLine: {'line': b'-- Installing: /home/go2/go2_ws/src/muse/muse_ros2/muse_ws/install/state_estimator_msgs/local/lib/python3.10/dist-packages/state_estimator_msgs/msg/_attitude.py\n'}
[18.353053] (state_estimator_msgs) StdoutLine: {'line': b'-- Installing: /home/go2/go2_ws/src/muse/muse_ros2/muse_ws/install/state_estimator_msgs/local/lib/python3.10/dist-packages/state_estimator_msgs/msg/_sensor_fusion.py\n'}
[18.353211] (state_estimator_msgs) StdoutLine: {'line': b'-- Installing: /home/go2/go2_ws/src/muse/muse_ros2/muse_ws/install/state_estimator_msgs/local/lib/python3.10/dist-packages/state_estimator_msgs/msg/_contact_detection.py\n'}
[18.353924] (state_estimator_msgs) StdoutLine: {'line': b'-- Installing: /home/go2/go2_ws/src/muse/muse_ros2/muse_ws/install/state_estimator_msgs/local/lib/python3.10/dist-packages/state_estimator_msgs/msg/_joint_state_with_acceleration_s.c\n'}
[18.354127] (state_estimator_msgs) StdoutLine: {'line': b'-- Installing: /home/go2/go2_ws/src/muse/muse_ros2/muse_ws/install/state_estimator_msgs/local/lib/python3.10/dist-packages/state_estimator_msgs/msg/_leg_odometry_s.c\n'}
[18.354609] (state_estimator_msgs) StdoutLine: {'line': b'-- Installing: /home/go2/go2_ws/src/muse/muse_ros2/muse_ws/install/state_estimator_msgs/local/lib/python3.10/dist-packages/state_estimator_msgs/msg/_leg_odometry.py\n'}
[18.355004] (state_estimator_msgs) StdoutLine: {'line': b'-- Installing: /home/go2/go2_ws/src/muse/muse_ros2/muse_ws/install/state_estimator_msgs/local/lib/python3.10/dist-packages/state_estimator_msgs/msg/_joint_state_with_acceleration.py\n'}
[18.355227] (state_estimator_msgs) StdoutLine: {'line': b'-- Installing: /home/go2/go2_ws/src/muse/muse_ros2/muse_ws/install/state_estimator_msgs/local/lib/python3.10/dist-packages/state_estimator_msgs/msg/__init__.py\n'}
[18.356126] (state_estimator_msgs) StdoutLine: {'line': b'-- Installing: /home/go2/go2_ws/src/muse/muse_ros2/muse_ws/install/state_estimator_msgs/local/lib/python3.10/dist-packages/state_estimator_msgs/msg/_contact_detection_s.c\n'}
[18.356301] (state_estimator_msgs) StdoutLine: {'line': b'-- Installing: /home/go2/go2_ws/src/muse/muse_ros2/muse_ws/install/state_estimator_msgs/local/lib/python3.10/dist-packages/state_estimator_msgs/msg/_attitude_s.c\n'}
[18.356458] (state_estimator_msgs) StdoutLine: {'line': b'-- Installing: /home/go2/go2_ws/src/muse/muse_ros2/muse_ws/install/state_estimator_msgs/local/lib/python3.10/dist-packages/state_estimator_msgs/msg/_sensor_fusion_s.c\n'}
[18.356621] (state_estimator_msgs) StdoutLine: {'line': b'-- Installing: /home/go2/go2_ws/src/muse/muse_ros2/muse_ws/install/state_estimator_msgs/local/lib/python3.10/dist-packages/state_estimator_msgs/state_estimator_msgs_s__rosidl_typesupport_c.cpython-310-x86_64-linux-gnu.so\n'}
[18.410312] (-) TimerEvent: {}
[18.489145] (state_estimator_msgs) StdoutLine: {'line': b"Listing '/home/go2/go2_ws/src/muse/muse_ros2/muse_ws/install/state_estimator_msgs/local/lib/python3.10/dist-packages/state_estimator_msgs'...\n"}
[18.489412] (state_estimator_msgs) StdoutLine: {'line': b"Compiling '/home/go2/go2_ws/src/muse/muse_ros2/muse_ws/install/state_estimator_msgs/local/lib/python3.10/dist-packages/state_estimator_msgs/__init__.py'...\n"}
[18.489546] (state_estimator_msgs) StdoutLine: {'line': b"Listing '/home/go2/go2_ws/src/muse/muse_ros2/muse_ws/install/state_estimator_msgs/local/lib/python3.10/dist-packages/state_estimator_msgs/msg'...\n"}
[18.489708] (state_estimator_msgs) StdoutLine: {'line': b"Compiling '/home/go2/go2_ws/src/muse/muse_ros2/muse_ws/install/state_estimator_msgs/local/lib/python3.10/dist-packages/state_estimator_msgs/msg/__init__.py'...\n"}
[18.489844] (state_estimator_msgs) StdoutLine: {'line': b"Compiling '/home/go2/go2_ws/src/muse/muse_ros2/muse_ws/install/state_estimator_msgs/local/lib/python3.10/dist-packages/state_estimator_msgs/msg/_attitude.py'...\n"}
[18.489952] (state_estimator_msgs) StdoutLine: {'line': b"Compiling '/home/go2/go2_ws/src/muse/muse_ros2/muse_ws/install/state_estimator_msgs/local/lib/python3.10/dist-packages/state_estimator_msgs/msg/_contact_detection.py'...\n"}
[18.490070] (state_estimator_msgs) StdoutLine: {'line': b"Compiling '/home/go2/go2_ws/src/muse/muse_ros2/muse_ws/install/state_estimator_msgs/local/lib/python3.10/dist-packages/state_estimator_msgs/msg/_joint_state_with_acceleration.py'...\n"}
[18.490215] (state_estimator_msgs) StdoutLine: {'line': b"Compiling '/home/go2/go2_ws/src/muse/muse_ros2/muse_ws/install/state_estimator_msgs/local/lib/python3.10/dist-packages/state_estimator_msgs/msg/_leg_odometry.py'...\n"}
[18.490343] (state_estimator_msgs) StdoutLine: {'line': b"Compiling '/home/go2/go2_ws/src/muse/muse_ros2/muse_ws/install/state_estimator_msgs/local/lib/python3.10/dist-packages/state_estimator_msgs/msg/_sensor_fusion.py'...\n"}
[18.490465] (state_estimator_msgs) StdoutLine: {'line': b"Listing '/home/go2/go2_ws/src/muse/muse_ros2/muse_ws/install/state_estimator_msgs/local/lib/python3.10/dist-packages/state_estimator_msgs/srv'...\n"}
[18.490576] (state_estimator_msgs) StdoutLine: {'line': b"Compiling '/home/go2/go2_ws/src/muse/muse_ros2/muse_ws/install/state_estimator_msgs/local/lib/python3.10/dist-packages/state_estimator_msgs/srv/__init__.py'...\n"}
[18.490843] (state_estimator_msgs) StdoutLine: {'line': b"Compiling '/home/go2/go2_ws/src/muse/muse_ros2/muse_ws/install/state_estimator_msgs/local/lib/python3.10/dist-packages/state_estimator_msgs/srv/_get_active_estimators.py'...\n"}
[18.490959] (state_estimator_msgs) StdoutLine: {'line': b"Compiling '/home/go2/go2_ws/src/muse/muse_ros2/muse_ws/install/state_estimator_msgs/local/lib/python3.10/dist-packages/state_estimator_msgs/srv/_get_blacklist.py'...\n"}
[18.491063] (state_estimator_msgs) StdoutLine: {'line': b"Compiling '/home/go2/go2_ws/src/muse/muse_ros2/muse_ws/install/state_estimator_msgs/local/lib/python3.10/dist-packages/state_estimator_msgs/srv/_get_estimator_description.py'...\n"}
[18.491167] (state_estimator_msgs) StdoutLine: {'line': b"Compiling '/home/go2/go2_ws/src/muse/muse_ros2/muse_ws/install/state_estimator_msgs/local/lib/python3.10/dist-packages/state_estimator_msgs/srv/_get_whitelist.py'...\n"}
[18.491270] (state_estimator_msgs) StdoutLine: {'line': b"Compiling '/home/go2/go2_ws/src/muse/muse_ros2/muse_ws/install/state_estimator_msgs/local/lib/python3.10/dist-packages/state_estimator_msgs/srv/_list_all_estimators.py'...\n"}
[18.491379] (state_estimator_msgs) StdoutLine: {'line': b"Compiling '/home/go2/go2_ws/src/muse/muse_ros2/muse_ws/install/state_estimator_msgs/local/lib/python3.10/dist-packages/state_estimator_msgs/srv/_pause_estimator.py'...\n"}
[18.491493] (state_estimator_msgs) StdoutLine: {'line': b"Compiling '/home/go2/go2_ws/src/muse/muse_ros2/muse_ws/install/state_estimator_msgs/local/lib/python3.10/dist-packages/state_estimator_msgs/srv/_reset_estimator.py'...\n"}
[18.491748] (state_estimator_msgs) StdoutLine: {'line': b"Compiling '/home/go2/go2_ws/src/muse/muse_ros2/muse_ws/install/state_estimator_msgs/local/lib/python3.10/dist-packages/state_estimator_msgs/srv/_restart_estimator.py'...\n"}
[18.491879] (state_estimator_msgs) StdoutLine: {'line': b"Compiling '/home/go2/go2_ws/src/muse/muse_ros2/muse_ws/install/state_estimator_msgs/local/lib/python3.10/dist-packages/state_estimator_msgs/srv/_resume_estimator.py'...\n"}
[18.491991] (state_estimator_msgs) StdoutLine: {'line': b"Compiling '/home/go2/go2_ws/src/muse/muse_ros2/muse_ws/install/state_estimator_msgs/local/lib/python3.10/dist-packages/state_estimator_msgs/srv/_start_estimator.py'...\n"}
[18.492102] (state_estimator_msgs) StdoutLine: {'line': b"Compiling '/home/go2/go2_ws/src/muse/muse_ros2/muse_ws/install/state_estimator_msgs/local/lib/python3.10/dist-packages/state_estimator_msgs/srv/_stop_estimator.py'...\n"}
[18.495526] (state_estimator_msgs) StdoutLine: {'line': b'-- Installing: /home/go2/go2_ws/src/muse/muse_ros2/muse_ws/install/state_estimator_msgs/local/lib/python3.10/dist-packages/state_estimator_msgs/state_estimator_msgs_s__rosidl_typesupport_fastrtps_c.cpython-310-x86_64-linux-gnu.so\n'}
[18.495766] (state_estimator_msgs) StdoutLine: {'line': b'-- Set runtime path of "/home/go2/go2_ws/src/muse/muse_ros2/muse_ws/install/state_estimator_msgs/local/lib/python3.10/dist-packages/state_estimator_msgs/state_estimator_msgs_s__rosidl_typesupport_fastrtps_c.cpython-310-x86_64-linux-gnu.so" to ""\n'}
[18.495877] (state_estimator_msgs) StdoutLine: {'line': b'-- Installing: /home/go2/go2_ws/src/muse/muse_ros2/muse_ws/install/state_estimator_msgs/local/lib/python3.10/dist-packages/state_estimator_msgs/state_estimator_msgs_s__rosidl_typesupport_introspection_c.cpython-310-x86_64-linux-gnu.so\n'}
[18.495971] (state_estimator_msgs) StdoutLine: {'line': b'-- Set runtime path of "/home/go2/go2_ws/src/muse/muse_ros2/muse_ws/install/state_estimator_msgs/local/lib/python3.10/dist-packages/state_estimator_msgs/state_estimator_msgs_s__rosidl_typesupport_introspection_c.cpython-310-x86_64-linux-gnu.so" to ""\n'}
[18.496064] (state_estimator_msgs) StdoutLine: {'line': b'-- Installing: /home/go2/go2_ws/src/muse/muse_ros2/muse_ws/install/state_estimator_msgs/local/lib/python3.10/dist-packages/state_estimator_msgs/state_estimator_msgs_s__rosidl_typesupport_c.cpython-310-x86_64-linux-gnu.so\n'}
[18.496153] (state_estimator_msgs) StdoutLine: {'line': b'-- Set runtime path of "/home/go2/go2_ws/src/muse/muse_ros2/muse_ws/install/state_estimator_msgs/local/lib/python3.10/dist-packages/state_estimator_msgs/state_estimator_msgs_s__rosidl_typesupport_c.cpython-310-x86_64-linux-gnu.so" to ""\n'}
[18.496241] (state_estimator_msgs) StdoutLine: {'line': b'-- Installing: /home/go2/go2_ws/src/muse/muse_ros2/muse_ws/install/state_estimator_msgs/lib/libstate_estimator_msgs__rosidl_generator_py.so\n'}
[18.501899] (state_estimator_msgs) StdoutLine: {'line': b'-- Set runtime path of "/home/go2/go2_ws/src/muse/muse_ros2/muse_ws/install/state_estimator_msgs/lib/libstate_estimator_msgs__rosidl_generator_py.so" to ""\n'}
[18.502226] (state_estimator_msgs) StdoutLine: {'line': b'-- Installing: /home/go2/go2_ws/src/muse/muse_ros2/muse_ws/install/state_estimator_msgs/share/state_estimator_msgs/msg/Attitude.idl\n'}
[18.502418] (state_estimator_msgs) StdoutLine: {'line': b'-- Installing: /home/go2/go2_ws/src/muse/muse_ros2/muse_ws/install/state_estimator_msgs/share/state_estimator_msgs/msg/ContactDetection.idl\n'}
[18.502527] (state_estimator_msgs) StdoutLine: {'line': b'-- Installing: /home/go2/go2_ws/src/muse/muse_ros2/muse_ws/install/state_estimator_msgs/share/state_estimator_msgs/msg/LegOdometry.idl\n'}
[18.502668] (state_estimator_msgs) StdoutLine: {'line': b'-- Installing: /home/go2/go2_ws/src/muse/muse_ros2/muse_ws/install/state_estimator_msgs/share/state_estimator_msgs/msg/SensorFusion.idl\n'}
[18.502783] (state_estimator_msgs) StdoutLine: {'line': b'-- Installing: /home/go2/go2_ws/src/muse/muse_ros2/muse_ws/install/state_estimator_msgs/share/state_estimator_msgs/msg/JointStateWithAcceleration.idl\n'}
[18.503199] (state_estimator_msgs) StdoutLine: {'line': b'-- Installing: /home/go2/go2_ws/src/muse/muse_ros2/muse_ws/install/state_estimator_msgs/share/state_estimator_msgs/srv/GetActiveEstimators.idl\n'}
[18.503448] (state_estimator_msgs) StdoutLine: {'line': b'-- Installing: /home/go2/go2_ws/src/muse/muse_ros2/muse_ws/install/state_estimator_msgs/share/state_estimator_msgs/srv/GetBlacklist.idl\n'}
[18.503577] (state_estimator_msgs) StdoutLine: {'line': b'-- Installing: /home/go2/go2_ws/src/muse/muse_ros2/muse_ws/install/state_estimator_msgs/share/state_estimator_msgs/srv/GetEstimatorDescription.idl\n'}
[18.503698] (state_estimator_msgs) StdoutLine: {'line': b'-- Installing: /home/go2/go2_ws/src/muse/muse_ros2/muse_ws/install/state_estimator_msgs/share/state_estimator_msgs/srv/GetWhitelist.idl\n'}
[18.503907] (state_estimator_msgs) StdoutLine: {'line': b'-- Installing: /home/go2/go2_ws/src/muse/muse_ros2/muse_ws/install/state_estimator_msgs/share/state_estimator_msgs/srv/ListAllEstimators.idl\n'}
[18.504071] (state_estimator_msgs) StdoutLine: {'line': b'-- Installing: /home/go2/go2_ws/src/muse/muse_ros2/muse_ws/install/state_estimator_msgs/share/state_estimator_msgs/srv/PauseEstimator.idl\n'}
[18.504191] (state_estimator_msgs) StdoutLine: {'line': b'-- Installing: /home/go2/go2_ws/src/muse/muse_ros2/muse_ws/install/state_estimator_msgs/share/state_estimator_msgs/srv/ResetEstimator.idl\n'}
[18.504737] (state_estimator_msgs) StdoutLine: {'line': b'-- Installing: /home/go2/go2_ws/src/muse/muse_ros2/muse_ws/install/state_estimator_msgs/share/state_estimator_msgs/srv/RestartEstimator.idl\n'}
[18.504909] (state_estimator_msgs) StdoutLine: {'line': b'-- Installing: /home/go2/go2_ws/src/muse/muse_ros2/muse_ws/install/state_estimator_msgs/share/state_estimator_msgs/srv/ResumeEstimator.idl\n'}
[18.506902] (state_estimator_msgs) StdoutLine: {'line': b'-- Installing: /home/go2/go2_ws/src/muse/muse_ros2/muse_ws/install/state_estimator_msgs/share/state_estimator_msgs/srv/StartEstimator.idl\n'}
[18.507068] (state_estimator_msgs) StdoutLine: {'line': b'-- Installing: /home/go2/go2_ws/src/muse/muse_ros2/muse_ws/install/state_estimator_msgs/share/state_estimator_msgs/srv/StopEstimator.idl\n'}
[18.507164] (state_estimator_msgs) StdoutLine: {'line': b'-- Installing: /home/go2/go2_ws/src/muse/muse_ros2/muse_ws/install/state_estimator_msgs/share/state_estimator_msgs/msg/Attitude.msg\n'}
[18.507270] (state_estimator_msgs) StdoutLine: {'line': b'-- Installing: /home/go2/go2_ws/src/muse/muse_ros2/muse_ws/install/state_estimator_msgs/share/state_estimator_msgs/msg/ContactDetection.msg\n'}
[18.507460] (state_estimator_msgs) StdoutLine: {'line': b'-- Installing: /home/go2/go2_ws/src/muse/muse_ros2/muse_ws/install/state_estimator_msgs/share/state_estimator_msgs/msg/LegOdometry.msg\n'}
[18.507564] (state_estimator_msgs) StdoutLine: {'line': b'-- Installing: /home/go2/go2_ws/src/muse/muse_ros2/muse_ws/install/state_estimator_msgs/share/state_estimator_msgs/msg/SensorFusion.msg\n'}
[18.507653] (state_estimator_msgs) StdoutLine: {'line': b'-- Installing: /home/go2/go2_ws/src/muse/muse_ros2/muse_ws/install/state_estimator_msgs/share/state_estimator_msgs/msg/JointStateWithAcceleration.msg\n'}
[18.507740] (state_estimator_msgs) StdoutLine: {'line': b'-- Installing: /home/go2/go2_ws/src/muse/muse_ros2/muse_ws/install/state_estimator_msgs/share/state_estimator_msgs/srv/GetActiveEstimators.srv\n'}
[18.513097] (state_estimator_msgs) StdoutLine: {'line': b'-- Installing: /home/go2/go2_ws/src/muse/muse_ros2/muse_ws/install/state_estimator_msgs/share/state_estimator_msgs/srv/GetActiveEstimators_Request.msg\n'}
[18.513340] (-) TimerEvent: {}
[18.513569] (state_estimator_msgs) StdoutLine: {'line': b'-- Installing: /home/go2/go2_ws/src/muse/muse_ros2/muse_ws/install/state_estimator_msgs/share/state_estimator_msgs/srv/GetActiveEstimators_Response.msg\n'}
[18.513712] (state_estimator_msgs) StdoutLine: {'line': b'-- Installing: /home/go2/go2_ws/src/muse/muse_ros2/muse_ws/install/state_estimator_msgs/share/state_estimator_msgs/srv/GetBlacklist.srv\n'}
[18.513844] (state_estimator_msgs) StdoutLine: {'line': b'-- Installing: /home/go2/go2_ws/src/muse/muse_ros2/muse_ws/install/state_estimator_msgs/share/state_estimator_msgs/srv/GetBlacklist_Request.msg\n'}
[18.513975] (state_estimator_msgs) StdoutLine: {'line': b'-- Installing: /home/go2/go2_ws/src/muse/muse_ros2/muse_ws/install/state_estimator_msgs/share/state_estimator_msgs/srv/GetBlacklist_Response.msg\n'}
[18.514084] (state_estimator_msgs) StdoutLine: {'line': b'-- Installing: /home/go2/go2_ws/src/muse/muse_ros2/muse_ws/install/state_estimator_msgs/share/state_estimator_msgs/srv/GetEstimatorDescription.srv\n'}
[18.514226] (state_estimator_msgs) StdoutLine: {'line': b'-- Installing: /home/go2/go2_ws/src/muse/muse_ros2/muse_ws/install/state_estimator_msgs/share/state_estimator_msgs/srv/GetEstimatorDescription_Request.msg\n'}
[18.514350] (state_estimator_msgs) StdoutLine: {'line': b'-- Installing: /home/go2/go2_ws/src/muse/muse_ros2/muse_ws/install/state_estimator_msgs/share/state_estimator_msgs/srv/GetEstimatorDescription_Response.msg\n'}
[18.514459] (state_estimator_msgs) StdoutLine: {'line': b'-- Installing: /home/go2/go2_ws/src/muse/muse_ros2/muse_ws/install/state_estimator_msgs/share/state_estimator_msgs/srv/GetWhitelist.srv\n'}
[18.514610] (state_estimator_msgs) StdoutLine: {'line': b'-- Installing: /home/go2/go2_ws/src/muse/muse_ros2/muse_ws/install/state_estimator_msgs/share/state_estimator_msgs/srv/GetWhitelist_Request.msg\n'}
[18.514734] (state_estimator_msgs) StdoutLine: {'line': b'-- Installing: /home/go2/go2_ws/src/muse/muse_ros2/muse_ws/install/state_estimator_msgs/share/state_estimator_msgs/srv/GetWhitelist_Response.msg\n'}
[18.514843] (state_estimator_msgs) StdoutLine: {'line': b'-- Installing: /home/go2/go2_ws/src/muse/muse_ros2/muse_ws/install/state_estimator_msgs/share/state_estimator_msgs/srv/ListAllEstimators.srv\n'}
[18.514943] (state_estimator_msgs) StdoutLine: {'line': b'-- Installing: /home/go2/go2_ws/src/muse/muse_ros2/muse_ws/install/state_estimator_msgs/share/state_estimator_msgs/srv/ListAllEstimators_Request.msg\n'}
[18.515045] (state_estimator_msgs) StdoutLine: {'line': b'-- Installing: /home/go2/go2_ws/src/muse/muse_ros2/muse_ws/install/state_estimator_msgs/share/state_estimator_msgs/srv/ListAllEstimators_Response.msg\n'}
[18.515149] (state_estimator_msgs) StdoutLine: {'line': b'-- Installing: /home/go2/go2_ws/src/muse/muse_ros2/muse_ws/install/state_estimator_msgs/share/state_estimator_msgs/srv/PauseEstimator.srv\n'}
[18.519414] (state_estimator_msgs) StdoutLine: {'line': b'-- Installing: /home/go2/go2_ws/src/muse/muse_ros2/muse_ws/install/state_estimator_msgs/share/state_estimator_msgs/srv/PauseEstimator_Request.msg\n'}
[18.519664] (state_estimator_msgs) StdoutLine: {'line': b'-- Installing: /home/go2/go2_ws/src/muse/muse_ros2/muse_ws/install/state_estimator_msgs/share/state_estimator_msgs/srv/PauseEstimator_Response.msg\n'}
[18.519816] (state_estimator_msgs) StdoutLine: {'line': b'-- Installing: /home/go2/go2_ws/src/muse/muse_ros2/muse_ws/install/state_estimator_msgs/share/state_estimator_msgs/srv/ResetEstimator.srv\n'}
[18.520036] (state_estimator_msgs) StdoutLine: {'line': b'-- Installing: /home/go2/go2_ws/src/muse/muse_ros2/muse_ws/install/state_estimator_msgs/share/state_estimator_msgs/srv/ResetEstimator_Request.msg\n'}
[18.520182] (state_estimator_msgs) StdoutLine: {'line': b'-- Installing: /home/go2/go2_ws/src/muse/muse_ros2/muse_ws/install/state_estimator_msgs/share/state_estimator_msgs/srv/ResetEstimator_Response.msg\n'}
[18.520304] (state_estimator_msgs) StdoutLine: {'line': b'-- Installing: /home/go2/go2_ws/src/muse/muse_ros2/muse_ws/install/state_estimator_msgs/share/state_estimator_msgs/srv/RestartEstimator.srv\n'}
[18.520456] (state_estimator_msgs) StdoutLine: {'line': b'-- Installing: /home/go2/go2_ws/src/muse/muse_ros2/muse_ws/install/state_estimator_msgs/share/state_estimator_msgs/srv/RestartEstimator_Request.msg\n'}
[18.520592] (state_estimator_msgs) StdoutLine: {'line': b'-- Installing: /home/go2/go2_ws/src/muse/muse_ros2/muse_ws/install/state_estimator_msgs/share/state_estimator_msgs/srv/RestartEstimator_Response.msg\n'}
[18.520818] (state_estimator_msgs) StdoutLine: {'line': b'-- Installing: /home/go2/go2_ws/src/muse/muse_ros2/muse_ws/install/state_estimator_msgs/share/state_estimator_msgs/srv/ResumeEstimator.srv\n'}
[18.521196] (state_estimator_msgs) StdoutLine: {'line': b'-- Installing: /home/go2/go2_ws/src/muse/muse_ros2/muse_ws/install/state_estimator_msgs/share/state_estimator_msgs/srv/ResumeEstimator_Request.msg\n'}
[18.521381] (state_estimator_msgs) StdoutLine: {'line': b'-- Installing: /home/go2/go2_ws/src/muse/muse_ros2/muse_ws/install/state_estimator_msgs/share/state_estimator_msgs/srv/ResumeEstimator_Response.msg\n'}
[18.521487] (state_estimator_msgs) StdoutLine: {'line': b'-- Installing: /home/go2/go2_ws/src/muse/muse_ros2/muse_ws/install/state_estimator_msgs/share/state_estimator_msgs/srv/StartEstimator.srv\n'}
[18.521590] (state_estimator_msgs) StdoutLine: {'line': b'-- Installing: /home/go2/go2_ws/src/muse/muse_ros2/muse_ws/install/state_estimator_msgs/share/state_estimator_msgs/srv/StartEstimator_Request.msg\n'}
[18.522095] (state_estimator_msgs) StdoutLine: {'line': b'-- Installing: /home/go2/go2_ws/src/muse/muse_ros2/muse_ws/install/state_estimator_msgs/share/state_estimator_msgs/srv/StartEstimator_Response.msg\n'}
[18.522490] (state_estimator_msgs) StdoutLine: {'line': b'-- Installing: /home/go2/go2_ws/src/muse/muse_ros2/muse_ws/install/state_estimator_msgs/share/state_estimator_msgs/srv/StopEstimator.srv\n'}
[18.523006] (state_estimator_msgs) StdoutLine: {'line': b'-- Installing: /home/go2/go2_ws/src/muse/muse_ros2/muse_ws/install/state_estimator_msgs/share/state_estimator_msgs/srv/StopEstimator_Request.msg\n'}
[18.523638] (state_estimator_msgs) StdoutLine: {'line': b'-- Installing: /home/go2/go2_ws/src/muse/muse_ros2/muse_ws/install/state_estimator_msgs/share/state_estimator_msgs/srv/StopEstimator_Response.msg\n'}
[18.528768] (state_estimator_msgs) StdoutLine: {'line': b'-- Installing: /home/go2/go2_ws/src/muse/muse_ros2/muse_ws/install/state_estimator_msgs/share/ament_index/resource_index/package_run_dependencies/state_estimator_msgs\n'}
[18.529951] (state_estimator_msgs) StdoutLine: {'line': b'-- Installing: /home/go2/go2_ws/src/muse/muse_ros2/muse_ws/install/state_estimator_msgs/share/ament_index/resource_index/parent_prefix_path/state_estimator_msgs\n'}
[18.530349] (state_estimator_msgs) StdoutLine: {'line': b'-- Installing: /home/go2/go2_ws/src/muse/muse_ros2/muse_ws/install/state_estimator_msgs/share/state_estimator_msgs/environment/ament_prefix_path.sh\n'}
[18.530727] (state_estimator_msgs) StdoutLine: {'line': b'-- Installing: /home/go2/go2_ws/src/muse/muse_ros2/muse_ws/install/state_estimator_msgs/share/state_estimator_msgs/environment/ament_prefix_path.dsv\n'}
[18.531123] (state_estimator_msgs) StdoutLine: {'line': b'-- Installing: /home/go2/go2_ws/src/muse/muse_ros2/muse_ws/install/state_estimator_msgs/share/state_estimator_msgs/environment/path.sh\n'}
[18.531439] (state_estimator_msgs) StdoutLine: {'line': b'-- Installing: /home/go2/go2_ws/src/muse/muse_ros2/muse_ws/install/state_estimator_msgs/share/state_estimator_msgs/environment/path.dsv\n'}
[18.531791] (state_estimator_msgs) StdoutLine: {'line': b'-- Installing: /home/go2/go2_ws/src/muse/muse_ros2/muse_ws/install/state_estimator_msgs/share/state_estimator_msgs/local_setup.bash\n'}
[18.532162] (state_estimator_msgs) StdoutLine: {'line': b'-- Installing: /home/go2/go2_ws/src/muse/muse_ros2/muse_ws/install/state_estimator_msgs/share/state_estimator_msgs/local_setup.sh\n'}
[18.533002] (state_estimator_msgs) StdoutLine: {'line': b'-- Installing: /home/go2/go2_ws/src/muse/muse_ros2/muse_ws/install/state_estimator_msgs/share/state_estimator_msgs/local_setup.zsh\n'}
[18.533379] (state_estimator_msgs) StdoutLine: {'line': b'-- Installing: /home/go2/go2_ws/src/muse/muse_ros2/muse_ws/install/state_estimator_msgs/share/state_estimator_msgs/local_setup.dsv\n'}
[18.533814] (state_estimator_msgs) StdoutLine: {'line': b'-- Installing: /home/go2/go2_ws/src/muse/muse_ros2/muse_ws/install/state_estimator_msgs/share/state_estimator_msgs/package.dsv\n'}
[18.535427] (state_estimator_msgs) StdoutLine: {'line': b'-- Installing: /home/go2/go2_ws/src/muse/muse_ros2/muse_ws/install/state_estimator_msgs/share/ament_index/resource_index/packages/state_estimator_msgs\n'}
[18.541092] (state_estimator_msgs) StdoutLine: {'line': b'-- Installing: /home/go2/go2_ws/src/muse/muse_ros2/muse_ws/install/state_estimator_msgs/share/state_estimator_msgs/cmake/export_state_estimator_msgs__rosidl_generator_cExport.cmake\n'}
[18.541547] (state_estimator_msgs) StdoutLine: {'line': b'-- Installing: /home/go2/go2_ws/src/muse/muse_ros2/muse_ws/install/state_estimator_msgs/share/state_estimator_msgs/cmake/export_state_estimator_msgs__rosidl_generator_cExport-noconfig.cmake\n'}
[18.541809] (state_estimator_msgs) StdoutLine: {'line': b'-- Installing: /home/go2/go2_ws/src/muse/muse_ros2/muse_ws/install/state_estimator_msgs/share/state_estimator_msgs/cmake/export_state_estimator_msgs__rosidl_typesupport_fastrtps_cExport.cmake\n'}
[18.541958] (state_estimator_msgs) StdoutLine: {'line': b'-- Installing: /home/go2/go2_ws/src/muse/muse_ros2/muse_ws/install/state_estimator_msgs/share/state_estimator_msgs/cmake/export_state_estimator_msgs__rosidl_typesupport_fastrtps_cExport-noconfig.cmake\n'}
[18.542099] (state_estimator_msgs) StdoutLine: {'line': b'-- Installing: /home/go2/go2_ws/src/muse/muse_ros2/muse_ws/install/state_estimator_msgs/share/state_estimator_msgs/cmake/export_state_estimator_msgs__rosidl_generator_cppExport.cmake\n'}
[18.542234] (state_estimator_msgs) StdoutLine: {'line': b'-- Installing: /home/go2/go2_ws/src/muse/muse_ros2/muse_ws/install/state_estimator_msgs/share/state_estimator_msgs/cmake/export_state_estimator_msgs__rosidl_typesupport_fastrtps_cppExport.cmake\n'}
[18.542344] (state_estimator_msgs) StdoutLine: {'line': b'-- Installing: /home/go2/go2_ws/src/muse/muse_ros2/muse_ws/install/state_estimator_msgs/share/state_estimator_msgs/cmake/export_state_estimator_msgs__rosidl_typesupport_fastrtps_cppExport-noconfig.cmake\n'}
[18.542480] (state_estimator_msgs) StdoutLine: {'line': b'-- Installing: /home/go2/go2_ws/src/muse/muse_ros2/muse_ws/install/state_estimator_msgs/share/state_estimator_msgs/cmake/state_estimator_msgs__rosidl_typesupport_introspection_cExport.cmake\n'}
[18.542627] (state_estimator_msgs) StdoutLine: {'line': b'-- Installing: /home/go2/go2_ws/src/muse/muse_ros2/muse_ws/install/state_estimator_msgs/share/state_estimator_msgs/cmake/state_estimator_msgs__rosidl_typesupport_introspection_cExport-noconfig.cmake\n'}
[18.542766] (state_estimator_msgs) StdoutLine: {'line': b'-- Installing: /home/go2/go2_ws/src/muse/muse_ros2/muse_ws/install/state_estimator_msgs/share/state_estimator_msgs/cmake/state_estimator_msgs__rosidl_typesupport_cExport.cmake\n'}
[18.542920] (state_estimator_msgs) StdoutLine: {'line': b'-- Installing: /home/go2/go2_ws/src/muse/muse_ros2/muse_ws/install/state_estimator_msgs/share/state_estimator_msgs/cmake/state_estimator_msgs__rosidl_typesupport_cExport-noconfig.cmake\n'}
[18.543057] (state_estimator_msgs) StdoutLine: {'line': b'-- Installing: /home/go2/go2_ws/src/muse/muse_ros2/muse_ws/install/state_estimator_msgs/share/state_estimator_msgs/cmake/state_estimator_msgs__rosidl_typesupport_introspection_cppExport.cmake\n'}
[18.543310] (state_estimator_msgs) StdoutLine: {'line': b'-- Installing: /home/go2/go2_ws/src/muse/muse_ros2/muse_ws/install/state_estimator_msgs/share/state_estimator_msgs/cmake/state_estimator_msgs__rosidl_typesupport_introspection_cppExport-noconfig.cmake\n'}
[18.543463] (state_estimator_msgs) StdoutLine: {'line': b'-- Installing: /home/go2/go2_ws/src/muse/muse_ros2/muse_ws/install/state_estimator_msgs/share/state_estimator_msgs/cmake/state_estimator_msgs__rosidl_typesupport_cppExport.cmake\n'}
[18.543599] (state_estimator_msgs) StdoutLine: {'line': b'-- Installing: /home/go2/go2_ws/src/muse/muse_ros2/muse_ws/install/state_estimator_msgs/share/state_estimator_msgs/cmake/state_estimator_msgs__rosidl_typesupport_cppExport-noconfig.cmake\n'}
[18.543732] (state_estimator_msgs) StdoutLine: {'line': b'-- Installing: /home/go2/go2_ws/src/muse/muse_ros2/muse_ws/install/state_estimator_msgs/share/state_estimator_msgs/cmake/export_state_estimator_msgs__rosidl_generator_pyExport.cmake\n'}
[18.543851] (state_estimator_msgs) StdoutLine: {'line': b'-- Installing: /home/go2/go2_ws/src/muse/muse_ros2/muse_ws/install/state_estimator_msgs/share/state_estimator_msgs/cmake/export_state_estimator_msgs__rosidl_generator_pyExport-noconfig.cmake\n'}
[18.544173] (state_estimator_msgs) StdoutLine: {'line': b'-- Installing: /home/go2/go2_ws/src/muse/muse_ros2/muse_ws/install/state_estimator_msgs/share/state_estimator_msgs/cmake/rosidl_cmake-extras.cmake\n'}
[18.544686] (state_estimator_msgs) StdoutLine: {'line': b'-- Installing: /home/go2/go2_ws/src/muse/muse_ros2/muse_ws/install/state_estimator_msgs/share/state_estimator_msgs/cmake/ament_cmake_export_dependencies-extras.cmake\n'}
[18.545313] (state_estimator_msgs) StdoutLine: {'line': b'-- Installing: /home/go2/go2_ws/src/muse/muse_ros2/muse_ws/install/state_estimator_msgs/share/state_estimator_msgs/cmake/ament_cmake_export_include_directories-extras.cmake\n'}
[18.546771] (state_estimator_msgs) StdoutLine: {'line': b'-- Installing: /home/go2/go2_ws/src/muse/muse_ros2/muse_ws/install/state_estimator_msgs/share/state_estimator_msgs/cmake/ament_cmake_export_libraries-extras.cmake\n'}
[18.547195] (state_estimator_msgs) StdoutLine: {'line': b'-- Installing: /home/go2/go2_ws/src/muse/muse_ros2/muse_ws/install/state_estimator_msgs/share/state_estimator_msgs/cmake/ament_cmake_export_targets-extras.cmake\n'}
[18.547497] (state_estimator_msgs) StdoutLine: {'line': b'-- Installing: /home/go2/go2_ws/src/muse/muse_ros2/muse_ws/install/state_estimator_msgs/share/state_estimator_msgs/cmake/rosidl_cmake_export_typesupport_targets-extras.cmake\n'}
[18.547902] (state_estimator_msgs) StdoutLine: {'line': b'-- Installing: /home/go2/go2_ws/src/muse/muse_ros2/muse_ws/install/state_estimator_msgs/share/state_estimator_msgs/cmake/rosidl_cmake_export_typesupport_libraries-extras.cmake\n'}
[18.548272] (state_estimator_msgs) StdoutLine: {'line': b'-- Installing: /home/go2/go2_ws/src/muse/muse_ros2/muse_ws/install/state_estimator_msgs/share/state_estimator_msgs/cmake/state_estimator_msgsConfig.cmake\n'}
[18.548508] (state_estimator_msgs) StdoutLine: {'line': b'-- Installing: /home/go2/go2_ws/src/muse/muse_ros2/muse_ws/install/state_estimator_msgs/share/state_estimator_msgs/cmake/state_estimator_msgsConfig-version.cmake\n'}
[18.548883] (state_estimator_msgs) StdoutLine: {'line': b'-- Installing: /home/go2/go2_ws/src/muse/muse_ros2/muse_ws/install/state_estimator_msgs/share/state_estimator_msgs/package.xml\n'}
[18.553372] (state_estimator_msgs) CommandEnded: {'returncode': 0}
[18.611679] (state_estimator_msgs) JobEnded: {'identifier': 'state_estimator_msgs', 'rc': 0}
[18.612648] (state_estimator) JobStarted: {'identifier': 'state_estimator'}
[18.613505] (-) TimerEvent: {}
[18.714345] (-) TimerEvent: {}
[18.745084] (state_estimator) JobProgress: {'identifier': 'state_estimator', 'progress': 'cmake'}
[18.746410] (state_estimator) Command: {'cmd': ['/usr/bin/cmake', '/home/go2/go2_ws/src/muse/muse_ros2/muse_ws/src/state_estimator', '-DCMAKE_INSTALL_PREFIX=/home/go2/go2_ws/src/muse/muse_ros2/muse_ws/install/state_estimator'], 'cwd': '/home/go2/go2_ws/src/muse/muse_ros2/muse_ws/build/state_estimator', 'env': OrderedDict([('LESSOPEN', '| /usr/bin/lesspipe %s'), ('USER', 'go2'), ('GIT_ASKPASS', '/home/go2/.vscode-server/bin/7d842fb85a0275a4a8e4d7e040d2625abbf7f084/extensions/git/dist/askpass.sh'), ('SHLVL', '2'), ('LD_LIBRARY_PATH', '/home/go2/go2_ws/src/muse/muse_ros2/muse_ws/install/state_estimator_msgs/lib:/home/go2/go2_ws/src/muse/muse_ros2/muse_ws/install/state_estimator/lib:/home/go2/go2_ws/src/muse/muse_ros2/muse_ws/install/kiss_icp/lib:/home/go2/go2_ws/src/muse/muse_ros2/muse_ws/install/iit_commons/lib:/opt/ros/humble/opt/rviz_ogre_vendor/lib:/opt/ros/humble/lib/x86_64-linux-gnu:/opt/ros/humble/lib'), ('HOME', '/home/go2'), ('OLDPWD', '/home/go2/go2_ws/src/muse/muse_ros2'), ('TERM_PROGRAM_VERSION', '1.105.1'), ('VSCODE_IPC_HOOK_CLI', '/run/user/1000/vscode-ipc-fd71f093-931c-4aa7-9729-3fcba30fa958.sock'), ('ROS_PYTHON_VERSION', '3'), ('VSCODE_GIT_ASKPASS_MAIN', '/home/go2/.vscode-server/bin/7d842fb85a0275a4a8e4d7e040d2625abbf7f084/extensions/git/dist/askpass-main.js'), ('VSCODE_GIT_ASKPASS_NODE', '/home/go2/.vscode-server/bin/7d842fb85a0275a4a8e4d7e040d2625abbf7f084/node'), ('VSCODE_PYTHON_AUTOACTIVATE_GUARD', '1'), ('DBUS_SESSION_BUS_ADDRESS', 'unix:path=/run/user/1000/bus'), ('COLORTERM', 'truecolor'), ('WSL_DISTRO_NAME', 'Ubuntu-22.04'), ('WAYLAND_DISPLAY', 'wayland-0'), ('COLCON_PREFIX_PATH', '/home/go2/go2_ws/src/muse/muse_ros2/muse_ws/install:/home/go2/go2_ws/install'), ('ROS_DISTRO', 'humble'), ('LOGNAME', 'go2'), ('NAME', 'Code'), ('WSL_INTEROP', '/run/WSL/705_interop'), ('PULSE_SERVER', 'unix:/mnt/wslg/PulseServer'), ('_', '/usr/bin/colcon'), ('ROS_VERSION', '2'), ('TERM', 'xterm-256color'), ('ROS_LOCALHOST_ONLY', '0'), ('PATH', '/home/go2/.vscode-server/bin/7d842fb85a0275a4a8e4d7e040d2625abbf7f084/bin/remote-cli:/opt/ros/humble/bin:/usr/local/sbin:/usr/local/bin:/usr/sbin:/usr/bin:/sbin:/bin:/usr/games:/usr/local/games:/usr/lib/wsl/lib:/mnt/c/Program Files/Common Files/Siemens/Automation/Simatic OAM/bin:/mnt/c/Program Files/Python310/Scripts/:/mnt/c/Program Files/Python310/:/mnt/c/Program Files (x86)/Razer/ChromaBroadcast/bin:/mnt/c/Program Files/Razer/ChromaBroadcast/bin:/mnt/c/WINDOWS/system32:/mnt/c/WINDOWS:/mnt/c/WINDOWS/System32/Wbem:/mnt/c/WINDOWS/System32/WindowsPowerShell/v1.0/:/mnt/c/WINDOWS/System32/OpenSSH/:/mnt/c/Program Files/dotnet/:/mnt/c/WINDOWS/system32:/mnt/c/WINDOWS:/mnt/c/WINDOWS/System32/Wbem:/mnt/c/WINDOWS/System32/WindowsPowerShell/v1.0/:/mnt/c/WINDOWS/System32/OpenSSH/:/mnt/c/Program Files/Git/cmd:/mnt/c/Users/LABID/AppData/Local/Microsoft/WindowsApps:/mnt/c/Program Files/Docker/Docker/resources/bin:/mnt/c/Users/LABID/AppData/Local/Programs/Microsoft VS Code/bin:/snap/bin'), ('XDG_RUNTIME_DIR', '/run/user/1000/'), ('DISPLAY', ':0'), ('LANG', 'en_US.UTF-8'), ('LS_COLORS', 'rs=0:di=01;34:ln=01;36:mh=00:pi=40;33:so=01;35:do=01;35:bd=40;33;01:cd=40;33;01:or=40;31;01:mi=00:su=37;41:sg=30;43:ca=30;41:tw=30;42:ow=34;42:st=37;44:ex=01;32:*.tar=01;31:*.tgz=01;31:*.arc=01;31:*.arj=01;31:*.taz=01;31:*.lha=01;31:*.lz4=01;31:*.lzh=01;31:*.lzma=01;31:*.tlz=01;31:*.txz=01;31:*.tzo=01;31:*.t7z=01;31:*.zip=01;31:*.z=01;31:*.dz=01;31:*.gz=01;31:*.lrz=01;31:*.lz=01;31:*.lzo=01;31:*.xz=01;31:*.zst=01;31:*.tzst=01;31:*.bz2=01;31:*.bz=01;31:*.tbz=01;31:*.tbz2=01;31:*.tz=01;31:*.deb=01;31:*.rpm=01;31:*.jar=01;31:*.war=01;31:*.ear=01;31:*.sar=01;31:*.rar=01;31:*.alz=01;31:*.ace=01;31:*.zoo=01;31:*.cpio=01;31:*.7z=01;31:*.rz=01;31:*.cab=01;31:*.wim=01;31:*.swm=01;31:*.dwm=01;31:*.esd=01;31:*.jpg=01;35:*.jpeg=01;35:*.mjpg=01;35:*.mjpeg=01;35:*.gif=01;35:*.bmp=01;35:*.pbm=01;35:*.pgm=01;35:*.ppm=01;35:*.tga=01;35:*.xbm=01;35:*.xpm=01;35:*.tif=01;35:*.tiff=01;35:*.png=01;35:*.svg=01;35:*.svgz=01;35:*.mng=01;35:*.pcx=01;35:*.mov=01;35:*.mpg=01;35:*.mpeg=01;35:*.m2v=01;35:*.mkv=01;35:*.webm=01;35:*.webp=01;35:*.ogm=01;35:*.mp4=01;35:*.m4v=01;35:*.mp4v=01;35:*.vob=01;35:*.qt=01;35:*.nuv=01;35:*.wmv=01;35:*.asf=01;35:*.rm=01;35:*.rmvb=01;35:*.flc=01;35:*.avi=01;35:*.fli=01;35:*.flv=01;35:*.gl=01;35:*.dl=01;35:*.xcf=01;35:*.xwd=01;35:*.yuv=01;35:*.cgm=01;35:*.emf=01;35:*.ogv=01;35:*.ogx=01;35:*.aac=00;36:*.au=00;36:*.flac=00;36:*.m4a=00;36:*.mid=00;36:*.midi=00;36:*.mka=00;36:*.mp3=00;36:*.mpc=00;36:*.ogg=00;36:*.ra=00;36:*.wav=00;36:*.oga=00;36:*.opus=00;36:*.spx=00;36:*.xspf=00;36:'), ('VSCODE_GIT_IPC_HANDLE', '/run/user/1000/vscode-git-791eacad74.sock'), ('TERM_PROGRAM', 'vscode'), ('AMENT_PREFIX_PATH', '/home/go2/go2_ws/install/go2_description:/home/go2/go2_ws/src/muse/muse_ros2/muse_ws/install/state_estimator:/home/go2/go2_ws/src/muse/muse_ros2/muse_ws/install/state_estimator_msgs:/home/go2/go2_ws/src/muse/muse_ros2/muse_ws/install/kiss_icp:/home/go2/go2_ws/src/muse/muse_ros2/muse_ws/install/iit_commons:/opt/ros/humble'), ('SHELL', '/bin/bash'), ('LESSCLOSE', '/usr/bin/lesspipe %s %s'), ('VSCODE_GIT_ASKPASS_EXTRA_ARGS', ''), ('PWD', '/home/go2/go2_ws/src/muse/muse_ros2/muse_ws/build/state_estimator'), ('XDG_DATA_DIRS', '/usr/local/share:/usr/share:/var/lib/snapd/desktop'), ('PYTHONPATH', '/home/go2/go2_ws/src/muse/muse_ros2/muse_ws/install/state_estimator_msgs/local/lib/python3.10/dist-packages:/opt/ros/humble/lib/python3.10/site-packages:/opt/ros/humble/local/lib/python3.10/dist-packages'), ('COLCON', '1'), ('WSL2_GUI_APPS_ENABLED', '1'), ('HOSTTYPE', 'x86_64'), ('CMAKE_PREFIX_PATH', '/home/go2/go2_ws/src/muse/muse_ros2/muse_ws/install/state_estimator_msgs:/home/go2/go2_ws/install/go2_description:/home/go2/go2_ws/src/muse/muse_ros2/muse_ws/install/state_estimator:/home/go2/go2_ws/src/muse/muse_ros2/muse_ws/install/kiss_icp:/home/go2/go2_ws/src/muse/muse_ros2/muse_ws/install/iit_commons:/opt/ros/humble'), ('WSLENV', 'ELECTRON_RUN_AS_NODE/w:')]), 'shell': False}
[18.814478] (-) TimerEvent: {}
[18.914928] (-) TimerEvent: {}
[18.956084] (state_estimator) StdoutLine: {'line': b'-- The C compiler identification is GNU 11.4.0\n'}
[19.015081] (-) TimerEvent: {}
[19.115545] (-) TimerEvent: {}
[19.216005] (-) TimerEvent: {}
[19.316438] (-) TimerEvent: {}
[19.416826] (-) TimerEvent: {}
[19.491426] (state_estimator) StdoutLine: {'line': b'-- The CXX compiler identification is GNU 11.4.0\n'}
[19.517051] (-) TimerEvent: {}
[19.617474] (-) TimerEvent: {}
[19.717916] (-) TimerEvent: {}
[19.814939] (state_estimator) StdoutLine: {'line': b'-- Detecting C compiler ABI info\n'}
[19.818068] (-) TimerEvent: {}
[19.924965] (-) TimerEvent: {}
[20.025392] (-) TimerEvent: {}
[20.105394] (state_estimator) StdoutLine: {'line': b'-- Detecting C compiler ABI info - done\n'}
[20.118360] (state_estimator) StdoutLine: {'line': b'-- Check for working C compiler: /usr/bin/cc - skipped\n'}
[20.119151] (state_estimator) StdoutLine: {'line': b'-- Detecting C compile features\n'}
[20.120219] (state_estimator) StdoutLine: {'line': b'-- Detecting C compile features - done\n'}
[20.125518] (-) TimerEvent: {}
[20.129278] (state_estimator) StdoutLine: {'line': b'-- Detecting CXX compiler ABI info\n'}
[20.225666] (-) TimerEvent: {}
[20.326094] (-) TimerEvent: {}
[20.432466] (-) TimerEvent: {}
[20.456511] (state_estimator) StdoutLine: {'line': b'-- Detecting CXX compiler ABI info - done\n'}
[20.472114] (state_estimator) StdoutLine: {'line': b'-- Check for working CXX compiler: /usr/bin/c++ - skipped\n'}
[20.472556] (state_estimator) StdoutLine: {'line': b'-- Detecting CXX compile features\n'}
[20.473395] (state_estimator) StdoutLine: {'line': b'-- Detecting CXX compile features - done\n'}
[20.477378] (state_estimator) StdoutLine: {'line': b'-- Found ament_cmake: 1.3.12 (/opt/ros/humble/share/ament_cmake/cmake)\n'}
[20.532997] (-) TimerEvent: {}
[20.633599] (-) TimerEvent: {}
[20.734160] (-) TimerEvent: {}
[20.763900] (state_estimator) StdoutLine: {'line': b'-- Found Python3: /usr/bin/python3 (found version "3.10.12") found components: Interpreter \n'}
[20.836976] (-) TimerEvent: {}
[20.937411] (-) TimerEvent: {}
[20.939391] (state_estimator) StdoutLine: {'line': b'-- Found rclcpp: 16.0.15 (/opt/ros/humble/share/rclcpp/cmake)\n'}
[21.037621] (-) TimerEvent: {}
[21.140993] (-) TimerEvent: {}
[21.141446] (state_estimator) StdoutLine: {'line': b'-- Found rosidl_generator_c: 3.1.7 (/opt/ros/humble/share/rosidl_generator_c/cmake)\n'}
[21.148557] (state_estimator) StdoutLine: {'line': b'-- Found rosidl_adapter: 3.1.7 (/opt/ros/humble/share/rosidl_adapter/cmake)\n'}
[21.164076] (state_estimator) StdoutLine: {'line': b'-- Found rosidl_generator_cpp: 3.1.7 (/opt/ros/humble/share/rosidl_generator_cpp/cmake)\n'}
[21.187381] (state_estimator) StdoutLine: {'line': b'-- Using all available rosidl_typesupport_c: rosidl_typesupport_fastrtps_c;rosidl_typesupport_introspection_c\n'}
[21.223225] (state_estimator) StdoutLine: {'line': b'-- Using all available rosidl_typesupport_cpp: rosidl_typesupport_fastrtps_cpp;rosidl_typesupport_introspection_cpp\n'}
[21.241135] (-) TimerEvent: {}
[21.299035] (state_estimator) StdoutLine: {'line': b'-- Found rmw_implementation_cmake: 6.1.2 (/opt/ros/humble/share/rmw_implementation_cmake/cmake)\n'}
[21.303614] (state_estimator) StdoutLine: {'line': b'-- Found rmw_fastrtps_cpp: 6.2.8 (/opt/ros/humble/share/rmw_fastrtps_cpp/cmake)\n'}
[21.341287] (-) TimerEvent: {}
[21.441885] (-) TimerEvent: {}
[21.542308] (-) TimerEvent: {}
[21.642672] (-) TimerEvent: {}
[21.743096] (-) TimerEvent: {}
[21.843771] (-) TimerEvent: {}
[21.944226] (-) TimerEvent: {}
[22.045261] (-) TimerEvent: {}
[22.146427] (-) TimerEvent: {}
[22.247290] (-) TimerEvent: {}
[22.347845] (-) TimerEvent: {}
[22.449809] (-) TimerEvent: {}
[22.550258] (-) TimerEvent: {}
[22.652151] (-) TimerEvent: {}
[22.745130] (state_estimator) StdoutLine: {'line': b'-- Found OpenSSL: /usr/lib/x86_64-linux-gnu/libcrypto.so (found version "3.0.2")  \n'}
[22.752309] (-) TimerEvent: {}
[22.852974] (-) TimerEvent: {}
[22.953742] (-) TimerEvent: {}
[23.055237] (-) TimerEvent: {}
[23.156023] (-) TimerEvent: {}
[23.256509] (-) TimerEvent: {}
[23.357101] (-) TimerEvent: {}
[23.457537] (-) TimerEvent: {}
[23.557890] (-) TimerEvent: {}
[23.658264] (-) TimerEvent: {}
[23.758724] (-) TimerEvent: {}
[23.818286] (state_estimator) StdoutLine: {'line': b'-- Found FastRTPS: /opt/ros/humble/include  \n'}
[23.858889] (-) TimerEvent: {}
[23.959342] (-) TimerEvent: {}
[24.059803] (-) TimerEvent: {}
[24.160236] (-) TimerEvent: {}
[24.260692] (-) TimerEvent: {}
[24.361184] (-) TimerEvent: {}
[24.461703] (-) TimerEvent: {}
[24.562144] (-) TimerEvent: {}
[24.662522] (-) TimerEvent: {}
[24.762942] (-) TimerEvent: {}
[24.863269] (-) TimerEvent: {}
[24.963705] (-) TimerEvent: {}
[25.039886] (kiss_icp) StdoutLine: {'line': b'[ 57%] \x1b[32m\x1b[1mLinking CXX executable odometry_node\x1b[0m\n'}
[25.063872] (-) TimerEvent: {}
[25.164303] (-) TimerEvent: {}
[25.264751] (-) TimerEvent: {}
[25.314454] (kiss_icp) StdoutLine: {'line': b'[ 57%] Built target odometry_node\n'}
[25.364965] (-) TimerEvent: {}
[25.465410] (-) TimerEvent: {}
[25.565834] (-) TimerEvent: {}
[25.666274] (-) TimerEvent: {}
[25.733289] (state_estimator) StdoutLine: {'line': b"-- Using RMW implementation 'rmw_fastrtps_cpp' as default\n"}
[25.742414] (state_estimator) StdoutLine: {'line': b'-- Looking for pthread.h\n'}
[25.766462] (-) TimerEvent: {}
[25.866889] (-) TimerEvent: {}
[25.876367] (iit_commons) StderrLine: {'line': b'In file included from \x1b[01m\x1b[K/home/go2/go2_ws/src/muse/muse_ros2/muse_ws/src/iit_commons/src/planning.cpp:2\x1b[m\x1b[K:\n'}
[25.876558] (iit_commons) StderrLine: {'line': b'\x1b[01m\x1b[K/home/go2/go2_ws/src/muse/muse_ros2/muse_ws/src/iit_commons/include/iit_commons/commons/planning/planning.h:\x1b[m\x1b[K At global scope:\n'}
[25.876622] (iit_commons) StderrLine: {'line': b'\x1b[01m\x1b[K/home/go2/go2_ws/src/muse/muse_ros2/muse_ws/src/iit_commons/include/iit_commons/commons/planning/planning.h:207:13:\x1b[m\x1b[K \x1b[01;35m\x1b[Kwarning: \x1b[m\x1b[K\xe2\x80\x98\x1b[01m\x1b[Kvoid iit::planning::CounterClockwiseSort(std::vector<Eigen::Matrix<double, 3, 1> >&, std::vector<int>&)\x1b[m\x1b[K\xe2\x80\x99 defined but not used [\x1b[01;35m\x1b[K\x1b]8;;https://gcc.gnu.org/onlinedocs/gcc/Warning-Options.html#index-Wunused-function\x07-Wunused-function\x1b]8;;\x07\x1b[m\x1b[K]\n'}
[25.876716] (iit_commons) StderrLine: {'line': b'  207 | static void \x1b[01;35m\x1b[KCounterClockwiseSort\x1b[m\x1b[K(std::vector<Eigen::Vector3d>& p, std::vector<int> & index_map)\n'}
[25.876770] (iit_commons) StderrLine: {'line': b'      |             \x1b[01;35m\x1b[K^~~~~~~~~~~~~~~~~~~~\x1b[m\x1b[K\n'}
[25.898653] (state_estimator) StdoutLine: {'line': b'-- Looking for pthread.h - found\n'}
[25.899205] (state_estimator) StdoutLine: {'line': b'-- Performing Test CMAKE_HAVE_LIBC_PTHREAD\n'}
[25.967044] (-) TimerEvent: {}
[25.991201] (iit_commons) StdoutLine: {'line': b'[ 47%] \x1b[32m\x1b[1mLinking CXX executable algebra-test\x1b[0m\n'}
[26.059095] (state_estimator) StdoutLine: {'line': b'-- Performing Test CMAKE_HAVE_LIBC_PTHREAD - Success\n'}
[26.060333] (state_estimator) StdoutLine: {'line': b'-- Found Threads: TRUE  \n'}
[26.067209] (-) TimerEvent: {}
[26.139386] (state_estimator) StdoutLine: {'line': b'-- Found sensor_msgs: 4.9.0 (/opt/ros/humble/share/sensor_msgs/cmake)\n'}
[26.167403] (-) TimerEvent: {}
[26.174880] (state_estimator) StdoutLine: {'line': b'-- Found nav_msgs: 4.9.0 (/opt/ros/humble/share/nav_msgs/cmake)\n'}
[26.204293] (state_estimator) StdoutLine: {'line': b'-- Found pluginlib: 5.1.0 (/opt/ros/humble/share/pluginlib/cmake)\n'}
[26.258197] (iit_commons) StdoutLine: {'line': b'[ 47%] Built target algebra-test\n'}
[26.267546] (-) TimerEvent: {}
[26.367972] (-) TimerEvent: {}
[26.468342] (-) TimerEvent: {}
[26.568766] (-) TimerEvent: {}
[26.669245] (-) TimerEvent: {}
[26.769726] (-) TimerEvent: {}
[26.870125] (-) TimerEvent: {}
[26.970491] (-) TimerEvent: {}
[27.070887] (-) TimerEvent: {}
[27.148476] (state_estimator) StdoutLine: {'line': b'-- Found message_filters: 4.3.8 (/opt/ros/humble/share/message_filters/cmake)\n'}
[27.152790] (state_estimator) StdoutLine: {'line': b'-- Found rosidl_default_generators: 1.2.0 (/opt/ros/humble/share/rosidl_default_generators/cmake)\n'}
[27.163324] (state_estimator) StdoutLine: {'line': b'-- Found state_estimator_msgs: 0.0.1 (/home/go2/go2_ws/src/muse/muse_ros2/muse_ws/install/state_estimator_msgs/share/state_estimator_msgs/cmake)\n'}
[27.171055] (-) TimerEvent: {}
[27.184522] (state_estimator) StdoutLine: {'line': b'-- Found rclcpp_components: 16.0.15 (/opt/ros/humble/share/rclcpp_components/cmake)\n'}
[27.213991] (state_estimator) StdoutLine: {'line': b'-- Found Boost: /usr/lib/x86_64-linux-gnu/cmake/Boost-1.74.0/BoostConfig.cmake (found version "1.74.0") found components: system program_options \n'}
[27.223869] (state_estimator) StdoutLine: {'line': b'-- Found PkgConfig: /usr/bin/pkg-config (found version "0.29.2") \n'}
[27.225659] (state_estimator) StdoutLine: {'line': b'-- pinocchio_default FOUND. pinocchio_default at /opt/ros/humble/lib/x86_64-linux-gnu/libpinocchio_default.so\n'}
[27.225913] (state_estimator) StdoutLine: {'line': b'-- pinocchio_parsers FOUND. pinocchio_parsers at /opt/ros/humble/lib/x86_64-linux-gnu/libpinocchio_parsers.so\n'}
[27.226332] (state_estimator) StdoutLine: {'line': b'-- boost_filesystem FOUND. boost_filesystem at /lib/x86_64-linux-gnu/libboost_filesystem.so\n'}
[27.271192] (-) TimerEvent: {}
[27.371541] (-) TimerEvent: {}
[27.437510] (state_estimator) StdoutLine: {'line': b'-- Found Boost: /usr/include (found version "1.74.0") found components: filesystem serialization system \n'}
[27.439785] (state_estimator) StdoutLine: {'line': b'-- eigenpy FOUND. eigenpy at /opt/ros/humble/lib/x86_64-linux-gnu/libeigenpy.so\n'}
[27.471081] (state_estimator) StdoutLine: {'line': b'-- Checking for NumPy\n'}
[27.471692] (-) TimerEvent: {}
[27.572045] (-) TimerEvent: {}
[27.672420] (-) TimerEvent: {}
[27.741560] (state_estimator) StdoutLine: {'line': b'--   NUMPY_INCLUDE_DIRS=/usr/lib/python3/dist-packages/numpy/core/include\n'}
[27.772619] (-) TimerEvent: {}
[27.873032] (-) TimerEvent: {}
[27.881383] (state_estimator) StdoutLine: {'line': b'--   NUMPY_VERSION=1.21.5\n'}
[27.973168] (-) TimerEvent: {}
[28.035710] (kiss_icp) StdoutLine: {'line': b'[ 64%] \x1b[32m\x1b[1mLinking CXX static library libcore.a\x1b[0m\n'}
[28.073288] (-) TimerEvent: {}
[28.081387] (kiss_icp) StdoutLine: {'line': b'[ 64%] Built target core\n'}
[28.106188] (kiss_icp) StdoutLine: {'line': b'[ 71%] \x1b[32mBuilding CXX object kiss_icp/pipeline/CMakeFiles/pipeline.dir/KissICP.cpp.o\x1b[0m\n'}
[28.173408] (-) TimerEvent: {}
[28.223899] (state_estimator) StdoutLine: {'line': b'-- Found Python3: /usr/bin/python3 (found version "3.10.12") found components: Interpreter Development.Module NumPy \n'}
[28.224653] (state_estimator) StdoutLine: {'line': b'-- PythonLibraryDirs: \n'}
[28.224757] (state_estimator) StdoutLine: {'line': b'-- PythonLibVersionString: 3.10.12\n'}
[28.249904] (state_estimator) StdoutLine: {'line': b'-- Python site lib: lib/python3.10/site-packages\n'}
[28.250088] (state_estimator) StdoutLine: {'line': b'-- Python include dirs: /usr/include/python3.10\n'}
[28.273567] (-) TimerEvent: {}
[28.296681] (state_estimator) StdoutLine: {'line': b'-- Checking for NumPy\n'}
[28.373703] (-) TimerEvent: {}
[28.442412] (state_estimator) StdoutLine: {'line': b'--   NUMPY_INCLUDE_DIRS=/usr/lib/python3/dist-packages/numpy/core/include\n'}
[28.473873] (-) TimerEvent: {}
[28.574297] (-) TimerEvent: {}
[28.589931] (state_estimator) StdoutLine: {'line': b'--   NUMPY_VERSION=1.21.5\n'}
[28.590113] (state_estimator) StdoutLine: {'line': b'-- NumPy include dir: /usr/lib/python3/dist-packages/numpy/core/include\n'}
[28.595256] (state_estimator) StderrLine: {'line': b'\x1b[33mCMake Warning at /usr/share/cmake-3.22/Modules/FindBoost.cmake:2201 (message):\n'}
[28.595481] (state_estimator) StderrLine: {'line': b'  No header defined for python310; skipping header check (note: header-only\n'}
[28.595597] (state_estimator) StderrLine: {'line': b'  libraries have no designated component)\n'}
[28.595685] (state_estimator) StderrLine: {'line': b'Call Stack (most recent call first):\n'}
[28.595763] (state_estimator) StderrLine: {'line': b'  /opt/ros/humble/lib/x86_64-linux-gnu/cmake/eigenpy/boost.cmake:148 (find_package)\n'}
[28.595838] (state_estimator) StderrLine: {'line': b'  /opt/ros/humble/lib/x86_64-linux-gnu/cmake/eigenpy/eigenpyConfig.cmake:149 (SEARCH_FOR_BOOST_PYTHON)\n'}
[28.595914] (state_estimator) StderrLine: {'line': b'  /usr/share/cmake-3.22/Modules/CMakeFindDependencyMacro.cmake:47 (find_package)\n'}
[28.595995] (state_estimator) StderrLine: {'line': b'  /opt/ros/humble/lib/x86_64-linux-gnu/cmake/pinocchio/pinocchioConfig.cmake:161 (find_dependency)\n'}
[28.596069] (state_estimator) StderrLine: {'line': b'  CMakeLists.txt:30 (find_package)\n'}
[28.596142] (state_estimator) StderrLine: {'line': b'\n'}
[28.596215] (state_estimator) StderrLine: {'line': b'\x1b[0m\n'}
[28.598536] (state_estimator) StdoutLine: {'line': b'-- Found Boost: /usr/include (found version "1.74.0") found components: python310 \n'}
[28.674473] (-) TimerEvent: {}
[28.774833] (-) TimerEvent: {}
[28.875237] (-) TimerEvent: {}
[28.975589] (-) TimerEvent: {}
[29.076044] (-) TimerEvent: {}
[29.094731] (state_estimator) StdoutLine: {'line': b'-- Default C++ standard: 201703\n'}
[29.095052] (state_estimator) StdoutLine: {'line': b'-- Minimal C++ standard upgraded to 11\n'}
[29.095131] (state_estimator) StdoutLine: {'line': b'-- C++ standard sufficient: Minimal required 11, currently defined: 17\n'}
[29.097124] (state_estimator) StdoutLine: {'line': b'-- hpp-fcl FOUND. hpp-fcl at /opt/ros/humble/lib/x86_64-linux-gnu/libhpp-fcl.so\n'}
[29.106886] (state_estimator) StdoutLine: {'line': b'-- Found Boost: /usr/include (found version "1.74.0") found components: chrono serialization filesystem \n'}
[29.111625] (state_estimator) StdoutLine: {'line': b'-- C++ standard sufficient: Minimal required 11, currently defined: 17\n'}
[29.112385] (state_estimator) StdoutLine: {'line': b'-- C++ standard sufficient: Minimal required 11, currently defined: 17\n'}
[29.120347] (state_estimator) StdoutLine: {'line': b'-- Found ament_lint_auto: 0.12.14 (/opt/ros/humble/share/ament_lint_auto/cmake)\n'}
[29.176203] (-) TimerEvent: {}
[29.220853] (state_estimator) StdoutLine: {'line': b"-- Added test 'cppcheck' to perform static code analysis on C / C++ code\n"}
[29.221464] (state_estimator) StdoutLine: {'line': b'-- Configured cppcheck include dirs: /home/go2/go2_ws/src/muse/muse_ros2/muse_ws/src/state_estimator/include\n'}
[29.221555] (state_estimator) StdoutLine: {'line': b'-- Configured cppcheck exclude dirs and/or files: \n'}
[29.223698] (state_estimator) StdoutLine: {'line': b"-- Added test 'flake8' to check Python code syntax and style conventions\n"}
[29.226452] (state_estimator) StdoutLine: {'line': b"-- Added test 'lint_cmake' to check CMake code style\n"}
[29.228578] (state_estimator) StdoutLine: {'line': b"-- Added test 'pep257' to check Python code against some of the docstring style conventions in PEP 257\n"}
[29.233872] (state_estimator) StdoutLine: {'line': b"-- Added test 'uncrustify' to check C / C++ code style\n"}
[29.234022] (state_estimator) StdoutLine: {'line': b'-- Configured uncrustify additional arguments: \n'}
[29.235370] (state_estimator) StdoutLine: {'line': b"-- Added test 'xmllint' to check XML markup files\n"}
[29.240481] (state_estimator) StdoutLine: {'line': b'-- Configuring done\n'}
[29.272218] (state_estimator) StdoutLine: {'line': b'-- Generating done\n'}
[29.276345] (-) TimerEvent: {}
[29.283869] (state_estimator) StdoutLine: {'line': b'-- Build files have been written to: /home/go2/go2_ws/src/muse/muse_ros2/muse_ws/build/state_estimator\n'}
[29.300911] (state_estimator) CommandEnded: {'returncode': 0}
[29.302012] (state_estimator) JobProgress: {'identifier': 'state_estimator', 'progress': 'build'}
[29.302388] (state_estimator) Command: {'cmd': ['/usr/bin/cmake', '--build', '/home/go2/go2_ws/src/muse/muse_ros2/muse_ws/build/state_estimator', '--', '-j12', '-l12'], 'cwd': '/home/go2/go2_ws/src/muse/muse_ros2/muse_ws/build/state_estimator', 'env': OrderedDict([('LESSOPEN', '| /usr/bin/lesspipe %s'), ('USER', 'go2'), ('GIT_ASKPASS', '/home/go2/.vscode-server/bin/7d842fb85a0275a4a8e4d7e040d2625abbf7f084/extensions/git/dist/askpass.sh'), ('SHLVL', '2'), ('LD_LIBRARY_PATH', '/home/go2/go2_ws/src/muse/muse_ros2/muse_ws/install/state_estimator_msgs/lib:/home/go2/go2_ws/src/muse/muse_ros2/muse_ws/install/state_estimator/lib:/home/go2/go2_ws/src/muse/muse_ros2/muse_ws/install/kiss_icp/lib:/home/go2/go2_ws/src/muse/muse_ros2/muse_ws/install/iit_commons/lib:/opt/ros/humble/opt/rviz_ogre_vendor/lib:/opt/ros/humble/lib/x86_64-linux-gnu:/opt/ros/humble/lib'), ('HOME', '/home/go2'), ('OLDPWD', '/home/go2/go2_ws/src/muse/muse_ros2'), ('TERM_PROGRAM_VERSION', '1.105.1'), ('VSCODE_IPC_HOOK_CLI', '/run/user/1000/vscode-ipc-fd71f093-931c-4aa7-9729-3fcba30fa958.sock'), ('ROS_PYTHON_VERSION', '3'), ('VSCODE_GIT_ASKPASS_MAIN', '/home/go2/.vscode-server/bin/7d842fb85a0275a4a8e4d7e040d2625abbf7f084/extensions/git/dist/askpass-main.js'), ('VSCODE_GIT_ASKPASS_NODE', '/home/go2/.vscode-server/bin/7d842fb85a0275a4a8e4d7e040d2625abbf7f084/node'), ('VSCODE_PYTHON_AUTOACTIVATE_GUARD', '1'), ('DBUS_SESSION_BUS_ADDRESS', 'unix:path=/run/user/1000/bus'), ('COLORTERM', 'truecolor'), ('WSL_DISTRO_NAME', 'Ubuntu-22.04'), ('WAYLAND_DISPLAY', 'wayland-0'), ('COLCON_PREFIX_PATH', '/home/go2/go2_ws/src/muse/muse_ros2/muse_ws/install:/home/go2/go2_ws/install'), ('ROS_DISTRO', 'humble'), ('LOGNAME', 'go2'), ('NAME', 'Code'), ('WSL_INTEROP', '/run/WSL/705_interop'), ('PULSE_SERVER', 'unix:/mnt/wslg/PulseServer'), ('_', '/usr/bin/colcon'), ('ROS_VERSION', '2'), ('TERM', 'xterm-256color'), ('ROS_LOCALHOST_ONLY', '0'), ('PATH', '/home/go2/.vscode-server/bin/7d842fb85a0275a4a8e4d7e040d2625abbf7f084/bin/remote-cli:/opt/ros/humble/bin:/usr/local/sbin:/usr/local/bin:/usr/sbin:/usr/bin:/sbin:/bin:/usr/games:/usr/local/games:/usr/lib/wsl/lib:/mnt/c/Program Files/Common Files/Siemens/Automation/Simatic OAM/bin:/mnt/c/Program Files/Python310/Scripts/:/mnt/c/Program Files/Python310/:/mnt/c/Program Files (x86)/Razer/ChromaBroadcast/bin:/mnt/c/Program Files/Razer/ChromaBroadcast/bin:/mnt/c/WINDOWS/system32:/mnt/c/WINDOWS:/mnt/c/WINDOWS/System32/Wbem:/mnt/c/WINDOWS/System32/WindowsPowerShell/v1.0/:/mnt/c/WINDOWS/System32/OpenSSH/:/mnt/c/Program Files/dotnet/:/mnt/c/WINDOWS/system32:/mnt/c/WINDOWS:/mnt/c/WINDOWS/System32/Wbem:/mnt/c/WINDOWS/System32/WindowsPowerShell/v1.0/:/mnt/c/WINDOWS/System32/OpenSSH/:/mnt/c/Program Files/Git/cmd:/mnt/c/Users/LABID/AppData/Local/Microsoft/WindowsApps:/mnt/c/Program Files/Docker/Docker/resources/bin:/mnt/c/Users/LABID/AppData/Local/Programs/Microsoft VS Code/bin:/snap/bin'), ('XDG_RUNTIME_DIR', '/run/user/1000/'), ('DISPLAY', ':0'), ('LANG', 'en_US.UTF-8'), ('LS_COLORS', 'rs=0:di=01;34:ln=01;36:mh=00:pi=40;33:so=01;35:do=01;35:bd=40;33;01:cd=40;33;01:or=40;31;01:mi=00:su=37;41:sg=30;43:ca=30;41:tw=30;42:ow=34;42:st=37;44:ex=01;32:*.tar=01;31:*.tgz=01;31:*.arc=01;31:*.arj=01;31:*.taz=01;31:*.lha=01;31:*.lz4=01;31:*.lzh=01;31:*.lzma=01;31:*.tlz=01;31:*.txz=01;31:*.tzo=01;31:*.t7z=01;31:*.zip=01;31:*.z=01;31:*.dz=01;31:*.gz=01;31:*.lrz=01;31:*.lz=01;31:*.lzo=01;31:*.xz=01;31:*.zst=01;31:*.tzst=01;31:*.bz2=01;31:*.bz=01;31:*.tbz=01;31:*.tbz2=01;31:*.tz=01;31:*.deb=01;31:*.rpm=01;31:*.jar=01;31:*.war=01;31:*.ear=01;31:*.sar=01;31:*.rar=01;31:*.alz=01;31:*.ace=01;31:*.zoo=01;31:*.cpio=01;31:*.7z=01;31:*.rz=01;31:*.cab=01;31:*.wim=01;31:*.swm=01;31:*.dwm=01;31:*.esd=01;31:*.jpg=01;35:*.jpeg=01;35:*.mjpg=01;35:*.mjpeg=01;35:*.gif=01;35:*.bmp=01;35:*.pbm=01;35:*.pgm=01;35:*.ppm=01;35:*.tga=01;35:*.xbm=01;35:*.xpm=01;35:*.tif=01;35:*.tiff=01;35:*.png=01;35:*.svg=01;35:*.svgz=01;35:*.mng=01;35:*.pcx=01;35:*.mov=01;35:*.mpg=01;35:*.mpeg=01;35:*.m2v=01;35:*.mkv=01;35:*.webm=01;35:*.webp=01;35:*.ogm=01;35:*.mp4=01;35:*.m4v=01;35:*.mp4v=01;35:*.vob=01;35:*.qt=01;35:*.nuv=01;35:*.wmv=01;35:*.asf=01;35:*.rm=01;35:*.rmvb=01;35:*.flc=01;35:*.avi=01;35:*.fli=01;35:*.flv=01;35:*.gl=01;35:*.dl=01;35:*.xcf=01;35:*.xwd=01;35:*.yuv=01;35:*.cgm=01;35:*.emf=01;35:*.ogv=01;35:*.ogx=01;35:*.aac=00;36:*.au=00;36:*.flac=00;36:*.m4a=00;36:*.mid=00;36:*.midi=00;36:*.mka=00;36:*.mp3=00;36:*.mpc=00;36:*.ogg=00;36:*.ra=00;36:*.wav=00;36:*.oga=00;36:*.opus=00;36:*.spx=00;36:*.xspf=00;36:'), ('VSCODE_GIT_IPC_HANDLE', '/run/user/1000/vscode-git-791eacad74.sock'), ('TERM_PROGRAM', 'vscode'), ('AMENT_PREFIX_PATH', '/home/go2/go2_ws/install/go2_description:/home/go2/go2_ws/src/muse/muse_ros2/muse_ws/install/state_estimator:/home/go2/go2_ws/src/muse/muse_ros2/muse_ws/install/state_estimator_msgs:/home/go2/go2_ws/src/muse/muse_ros2/muse_ws/install/kiss_icp:/home/go2/go2_ws/src/muse/muse_ros2/muse_ws/install/iit_commons:/opt/ros/humble'), ('SHELL', '/bin/bash'), ('LESSCLOSE', '/usr/bin/lesspipe %s %s'), ('VSCODE_GIT_ASKPASS_EXTRA_ARGS', ''), ('PWD', '/home/go2/go2_ws/src/muse/muse_ros2/muse_ws/build/state_estimator'), ('XDG_DATA_DIRS', '/usr/local/share:/usr/share:/var/lib/snapd/desktop'), ('PYTHONPATH', '/home/go2/go2_ws/src/muse/muse_ros2/muse_ws/install/state_estimator_msgs/local/lib/python3.10/dist-packages:/opt/ros/humble/lib/python3.10/site-packages:/opt/ros/humble/local/lib/python3.10/dist-packages'), ('COLCON', '1'), ('WSL2_GUI_APPS_ENABLED', '1'), ('HOSTTYPE', 'x86_64'), ('CMAKE_PREFIX_PATH', '/home/go2/go2_ws/src/muse/muse_ros2/muse_ws/install/state_estimator_msgs:/home/go2/go2_ws/install/go2_description:/home/go2/go2_ws/src/muse/muse_ros2/muse_ws/install/state_estimator:/home/go2/go2_ws/src/muse/muse_ros2/muse_ws/install/kiss_icp:/home/go2/go2_ws/src/muse/muse_ros2/muse_ws/install/iit_commons:/opt/ros/humble'), ('WSLENV', 'ELECTRON_RUN_AS_NODE/w:')]), 'shell': False}
[29.370070] (state_estimator) StdoutLine: {'line': b'[ 12%] \x1b[32mBuilding CXX object CMakeFiles/state_estimator_plugins.dir/src/plugins/attitude_estimation_plugin.cpp.o\x1b[0m\n'}
[29.373330] (state_estimator) StdoutLine: {'line': b'[ 25%] \x1b[32mBuilding CXX object CMakeFiles/state_estimator_plugins.dir/src/plugins/contact_detection_plugin.cpp.o\x1b[0m\n'}
[29.373750] (state_estimator) StdoutLine: {'line': b'[ 37%] \x1b[32mBuilding CXX object CMakeFiles/state_estimator_plugins.dir/src/plugins/leg_odometry_plugin.cpp.o\x1b[0m\n'}
[29.374074] (state_estimator) StdoutLine: {'line': b'[ 50%] \x1b[32mBuilding CXX object CMakeFiles/state_estimator_plugins.dir/src/plugins/sensor_fusion_plugin.cpp.o\x1b[0m\n'}
[29.376514] (-) TimerEvent: {}
[29.476960] (-) TimerEvent: {}
[29.577427] (-) TimerEvent: {}
[29.677861] (-) TimerEvent: {}
[29.778283] (-) TimerEvent: {}
[29.878648] (-) TimerEvent: {}
[29.979120] (-) TimerEvent: {}
[30.056164] (iit_commons) StderrLine: {'line': b'In file included from \x1b[01m\x1b[K/home/go2/go2_ws/src/muse/muse_ros2/muse_ws/src/iit_commons/include/iit_commons/commons/control/VirtualModel.hpp:7\x1b[m\x1b[K,\n'}
[30.056430] (iit_commons) StderrLine: {'line': b'                 from \x1b[01m\x1b[K/home/go2/go2_ws/src/muse/muse_ros2/muse_ws/src/iit_commons/src/control/VirtualModel.cpp:1\x1b[m\x1b[K:\n'}
[30.056548] (iit_commons) StderrLine: {'line': b'\x1b[01m\x1b[K/home/go2/go2_ws/src/muse/muse_ros2/muse_ws/src/iit_commons/include/iit_commons/commons/planning/planning.h:\x1b[m\x1b[K At global scope:\n'}
[30.056654] (iit_commons) StderrLine: {'line': b'\x1b[01m\x1b[K/home/go2/go2_ws/src/muse/muse_ros2/muse_ws/src/iit_commons/include/iit_commons/commons/planning/planning.h:207:13:\x1b[m\x1b[K \x1b[01;35m\x1b[Kwarning: \x1b[m\x1b[K\xe2\x80\x98\x1b[01m\x1b[Kvoid iit::planning::CounterClockwiseSort(std::vector<Eigen::Matrix<double, 3, 1> >&, std::vector<int>&)\x1b[m\x1b[K\xe2\x80\x99 defined but not used [\x1b[01;35m\x1b[K\x1b]8;;https://gcc.gnu.org/onlinedocs/gcc/Warning-Options.html#index-Wunused-function\x07-Wunused-function\x1b]8;;\x07\x1b[m\x1b[K]\n'}
[30.056761] (iit_commons) StderrLine: {'line': b'  207 | static void \x1b[01;35m\x1b[KCounterClockwiseSort\x1b[m\x1b[K(std::vector<Eigen::Vector3d>& p, std::vector<int> & index_map)\n'}
[30.056865] (iit_commons) StderrLine: {'line': b'      |             \x1b[01;35m\x1b[K^~~~~~~~~~~~~~~~~~~~\x1b[m\x1b[K\n'}
[30.057020] (iit_commons) StderrLine: {'line': b'\x1b[01m\x1b[K/home/go2/go2_ws/src/muse/muse_ros2/muse_ws/src/iit_commons/include/iit_commons/commons/planning/planning.h:158:13:\x1b[m\x1b[K \x1b[01;35m\x1b[Kwarning: \x1b[m\x1b[K\xe2\x80\x98\x1b[01m\x1b[Kvoid iit::planning::ClockwiseSort(std::vector<Eigen::Matrix<double, 3, 1> >&)\x1b[m\x1b[K\xe2\x80\x99 defined but not used [\x1b[01;35m\x1b[K\x1b]8;;https://gcc.gnu.org/onlinedocs/gcc/Warning-Options.html#index-Wunused-function\x07-Wunused-function\x1b]8;;\x07\x1b[m\x1b[K]\n'}
[30.057144] (iit_commons) StderrLine: {'line': b'  158 | static void \x1b[01;35m\x1b[KClockwiseSort\x1b[m\x1b[K(std::vector<Eigen::Vector3d>& p)\n'}
[30.057247] (iit_commons) StderrLine: {'line': b'      |             \x1b[01;35m\x1b[K^~~~~~~~~~~~~\x1b[m\x1b[K\n'}
[30.079246] (-) TimerEvent: {}
[30.179727] (-) TimerEvent: {}
[30.280223] (-) TimerEvent: {}
[30.380707] (-) TimerEvent: {}
[30.421352] (kiss_icp) StdoutLine: {'line': b'[ 78%] \x1b[32m\x1b[1mLinking CXX static library libpipeline.a\x1b[0m\n'}
[30.473902] (kiss_icp) StdoutLine: {'line': b'[ 78%] Built target pipeline\n'}
[30.480928] (-) TimerEvent: {}
[30.509289] (kiss_icp) StdoutLine: {'line': b'[ 85%] \x1b[32mBuilding CXX object CMakeFiles/odometry_component.dir/ros2/OdometryServer.cpp.o\x1b[0m\n'}
[30.581016] (-) TimerEvent: {}
[30.681461] (-) TimerEvent: {}
[30.781911] (-) TimerEvent: {}
[30.882331] (-) TimerEvent: {}
[30.982799] (-) TimerEvent: {}
[31.083254] (-) TimerEvent: {}
[31.183640] (-) TimerEvent: {}
[31.284043] (-) TimerEvent: {}
[31.384474] (-) TimerEvent: {}
[31.484964] (-) TimerEvent: {}
[31.585414] (-) TimerEvent: {}
[31.685871] (-) TimerEvent: {}
[31.786308] (-) TimerEvent: {}
[31.886780] (-) TimerEvent: {}
[31.927691] (iit_commons) StdoutLine: {'line': b'[ 52%] \x1b[32m\x1b[1mLinking CXX shared library libiitcommons.so\x1b[0m\n'}
[31.986970] (-) TimerEvent: {}
[32.087453] (-) TimerEvent: {}
[32.187936] (-) TimerEvent: {}
[32.288363] (-) TimerEvent: {}
[32.297524] (iit_commons) StdoutLine: {'line': b'[ 52%] Built target iitcommons\n'}
[32.334587] (iit_commons) StdoutLine: {'line': b'[ 61%] \x1b[32mBuilding CXX object CMakeFiles/filt-test.dir/src/test-filters.cpp.o\x1b[0m\n'}
[32.334850] (iit_commons) StdoutLine: {'line': b'[ 66%] \x1b[32mBuilding CXX object CMakeFiles/planning-test.dir/src/planning_test.cpp.o\x1b[0m\n'}
[32.336568] (iit_commons) StdoutLine: {'line': b'[ 66%] \x1b[32mBuilding CXX object CMakeFiles/vm-test.dir/src/control/testVirtualModel.cpp.o\x1b[0m\n'}
[32.336807] (iit_commons) StdoutLine: {'line': b'[ 76%] \x1b[32mBuilding CXX object CMakeFiles/rotation-test.dir/src/rotation_test.cpp.o\x1b[0m\n'}
[32.336976] (iit_commons) StdoutLine: {'line': b'[ 76%] \x1b[32mBuilding CXX object CMakeFiles/legboolmap-test.dir/src/legboolmap_test.cpp.o\x1b[0m\n'}
[32.388503] (-) TimerEvent: {}
[32.489013] (-) TimerEvent: {}
[32.589403] (-) TimerEvent: {}
[32.689859] (-) TimerEvent: {}
[32.790320] (-) TimerEvent: {}
[32.895985] (-) TimerEvent: {}
[32.996365] (-) TimerEvent: {}
[33.096764] (-) TimerEvent: {}
[33.205574] (-) TimerEvent: {}
[33.305992] (-) TimerEvent: {}
[33.323205] (state_estimator) StderrLine: {'line': b'In file included from \x1b[01m\x1b[K/home/go2/go2_ws/src/muse/muse_ros2/muse_ws/src/state_estimator/include/state_estimator/plugin.hpp:5\x1b[m\x1b[K,\n'}
[33.323948] (state_estimator) StderrLine: {'line': b'                 from \x1b[01m\x1b[K/home/go2/go2_ws/src/muse/muse_ros2/muse_ws/src/state_estimator/src/plugins/contact_detection_plugin.cpp:1\x1b[m\x1b[K:\n'}
[33.324182] (state_estimator) StderrLine: {'line': b'\x1b[01m\x1b[K/home/go2/go2_ws/src/muse/muse_ros2/muse_ws/src/state_estimator/include/state_estimator/Robot.hpp:\x1b[m\x1b[K In constructor \xe2\x80\x98\x1b[01m\x1b[Kstate_estimator::Robot::Robot(state_estimator::Robot&&)\x1b[m\x1b[K\xe2\x80\x99:\n'}
[33.324591] (state_estimator) StderrLine: {'line': b'\x1b[01m\x1b[K/home/go2/go2_ws/src/muse/muse_ros2/muse_ws/src/state_estimator/include/state_estimator/Robot.hpp:25:23:\x1b[m\x1b[K \x1b[01;35m\x1b[Kwarning: \x1b[m\x1b[Kunused parameter \xe2\x80\x98\x1b[01m\x1b[Kthat\x1b[m\x1b[K\xe2\x80\x99 [\x1b[01;35m\x1b[K\x1b]8;;https://gcc.gnu.org/onlinedocs/gcc/Warning-Options.html#index-Wunused-parameter\x07-Wunused-parameter\x1b]8;;\x07\x1b[m\x1b[K]\n'}
[33.324920] (state_estimator) StderrLine: {'line': b'   25 |         Robot(\x1b[01;35m\x1b[KRobot&& that\x1b[m\x1b[K) { }\n'}
[33.325171] (state_estimator) StderrLine: {'line': b'      |               \x1b[01;35m\x1b[K~~~~~~~~^~~~\x1b[m\x1b[K\n'}
[33.406437] (-) TimerEvent: {}
[33.480044] (state_estimator) StderrLine: {'line': b'\x1b[01m\x1b[K/home/go2/go2_ws/src/muse/muse_ros2/muse_ws/src/state_estimator/src/plugins/contact_detection_plugin.cpp:\x1b[m\x1b[K In constructor \xe2\x80\x98\x1b[01m\x1b[Kstate_estimator_plugins::ContactDetectionPlugin::ContactDetectionPlugin()\x1b[m\x1b[K\xe2\x80\x99:\n'}
[33.480360] (state_estimator) StderrLine: {'line': b'\x1b[01m\x1b[K/home/go2/go2_ws/src/muse/muse_ros2/muse_ws/src/state_estimator/src/plugins/contact_detection_plugin.cpp:141:91:\x1b[m\x1b[K \x1b[01;35m\x1b[Kwarning: \x1b[m\x1b[K\xe2\x80\x98\x1b[01m\x1b[Kstate_estimator_plugins::ContactDetectionPlugin::pub_\x1b[m\x1b[K\xe2\x80\x99 will be initialized after [\x1b[01;35m\x1b[K\x1b]8;;https://gcc.gnu.org/onlinedocs/gcc/Warning-Options.html#index-Wreorder\x07-Wreorder\x1b]8;;\x07\x1b[m\x1b[K]\n'}
[33.481740] (state_estimator) StderrLine: {'line': b'  141 |                 rclcpp::Publisher<state_estimator_msgs::msg::ContactDetection>::SharedPtr \x1b[01;35m\x1b[Kpub_\x1b[m\x1b[K;\n'}
[33.481922] (state_estimator) StderrLine: {'line': b'      |                                                                                           \x1b[01;35m\x1b[K^~~~\x1b[m\x1b[K\n'}
[33.488979] (state_estimator) StderrLine: {'line': b'\x1b[01m\x1b[K/home/go2/go2_ws/src/muse/muse_ros2/muse_ws/src/state_estimator/src/plugins/contact_detection_plugin.cpp:140:78:\x1b[m\x1b[K \x1b[01;35m\x1b[Kwarning: \x1b[m\x1b[K  \xe2\x80\x98\x1b[01m\x1b[Kstd::shared_ptr<message_filters::Synchronizer<message_filters::sync_policies::ApproximateTime<geometry_msgs::msg::WrenchStamped_<std::allocator<void> >, geometry_msgs::msg::WrenchStamped_<std::allocator<void> >, geometry_msgs::msg::WrenchStamped_<std::allocator<void> >, geometry_msgs::msg::WrenchStamped_<std::allocator<void> > > > > state_estimator_plugins::ContactDetectionPlugin::sync_\x1b[m\x1b[K\xe2\x80\x99 [\x1b[01;35m\x1b[K\x1b]8;;https://gcc.gnu.org/onlinedocs/gcc/Warning-Options.html#index-Wreorder\x07-Wreorder\x1b]8;;\x07\x1b[m\x1b[K]\n'}
[33.489330] (state_estimator) StderrLine: {'line': b'  140 |                 std::shared_ptr<message_filters::Synchronizer<MySyncPolicy>> \x1b[01;35m\x1b[Ksync_\x1b[m\x1b[K;\n'}
[33.489472] (state_estimator) StderrLine: {'line': b'      |                                                                              \x1b[01;35m\x1b[K^~~~~\x1b[m\x1b[K\n'}
[33.489682] (state_estimator) StderrLine: {'line': b'\x1b[01m\x1b[K/home/go2/go2_ws/src/muse/muse_ros2/muse_ws/src/state_estimator/src/plugins/contact_detection_plugin.cpp:43:17:\x1b[m\x1b[K \x1b[01;35m\x1b[Kwarning: \x1b[m\x1b[K  when initialized here [\x1b[01;35m\x1b[K\x1b]8;;https://gcc.gnu.org/onlinedocs/gcc/Warning-Options.html#index-Wreorder\x07-Wreorder\x1b]8;;\x07\x1b[m\x1b[K]\n'}
[33.489837] (state_estimator) StderrLine: {'line': b'   43 |                 \x1b[01;35m\x1b[KContactDetectionPlugin\x1b[m\x1b[K():\n'}
[33.489961] (state_estimator) StderrLine: {'line': b'      |                 \x1b[01;35m\x1b[K^~~~~~~~~~~~~~~~~~~~~~\x1b[m\x1b[K\n'}
[33.506704] (-) TimerEvent: {}
[33.607107] (-) TimerEvent: {}
[33.707720] (-) TimerEvent: {}
[33.808440] (-) TimerEvent: {}
[33.907987] (state_estimator) StderrLine: {'line': b'In file included from \x1b[01m\x1b[K/home/go2/go2_ws/src/muse/muse_ros2/muse_ws/src/state_estimator/include/state_estimator/plugin.hpp:5\x1b[m\x1b[K,\n'}
[33.908416] (state_estimator) StderrLine: {'line': b'                 from \x1b[01m\x1b[K/home/go2/go2_ws/src/muse/muse_ros2/muse_ws/src/state_estimator/src/plugins/attitude_estimation_plugin.cpp:350\x1b[m\x1b[K:\n'}
[33.908560] (-) TimerEvent: {}
[33.908753] (state_estimator) StderrLine: {'line': b'\x1b[01m\x1b[K/home/go2/go2_ws/src/muse/muse_ros2/muse_ws/src/state_estimator/include/state_estimator/Robot.hpp:\x1b[m\x1b[K In constructor \xe2\x80\x98\x1b[01m\x1b[Kstate_estimator::Robot::Robot(state_estimator::Robot&&)\x1b[m\x1b[K\xe2\x80\x99:\n'}
[33.908963] (state_estimator) StderrLine: {'line': b'\x1b[01m\x1b[K/home/go2/go2_ws/src/muse/muse_ros2/muse_ws/src/state_estimator/include/state_estimator/Robot.hpp:25:23:\x1b[m\x1b[K \x1b[01;35m\x1b[Kwarning: \x1b[m\x1b[Kunused parameter \xe2\x80\x98\x1b[01m\x1b[Kthat\x1b[m\x1b[K\xe2\x80\x99 [\x1b[01;35m\x1b[K\x1b]8;;https://gcc.gnu.org/onlinedocs/gcc/Warning-Options.html#index-Wunused-parameter\x07-Wunused-parameter\x1b]8;;\x07\x1b[m\x1b[K]\n'}
[33.909124] (state_estimator) StderrLine: {'line': b'   25 |         Robot(\x1b[01;35m\x1b[KRobot&& that\x1b[m\x1b[K) { }\n'}
[33.912017] (state_estimator) StderrLine: {'line': b'      |               \x1b[01;35m\x1b[K~~~~~~~~^~~~\x1b[m\x1b[K\n'}
[34.012971] (-) TimerEvent: {}
[34.113382] (-) TimerEvent: {}
[34.213791] (-) TimerEvent: {}
[34.316422] (-) TimerEvent: {}
[34.425589] (-) TimerEvent: {}
[34.511497] (iit_commons) StdoutLine: {'line': b'[ 80%] \x1b[32m\x1b[1mLinking CXX executable filt-test\x1b[0m\n'}
[34.519515] (iit_commons) StdoutLine: {'line': b'[ 85%] \x1b[32m\x1b[1mLinking CXX executable legboolmap-test\x1b[0m\n'}
[34.525818] (-) TimerEvent: {}
[34.626457] (-) TimerEvent: {}
[34.728969] (-) TimerEvent: {}
[34.829393] (-) TimerEvent: {}
[34.932961] (-) TimerEvent: {}
[34.945021] (iit_commons) StdoutLine: {'line': b'[ 85%] Built target filt-test\n'}
[34.964535] (iit_commons) StdoutLine: {'line': b'[ 85%] Built target legboolmap-test\n'}
[35.021066] (iit_commons) StderrLine: {'line': b'In file included from \x1b[01m\x1b[K/home/go2/go2_ws/src/muse/muse_ros2/muse_ws/src/iit_commons/include/iit_commons/commons/geometry/rotations.h:5\x1b[m\x1b[K,\n'}
[35.021306] (iit_commons) StderrLine: {'line': b'                 from \x1b[01m\x1b[K/home/go2/go2_ws/src/muse/muse_ros2/muse_ws/src/iit_commons/src/rotation_test.cpp:1\x1b[m\x1b[K:\n'}
[35.021419] (iit_commons) StderrLine: {'line': b'\x1b[01m\x1b[K/home/go2/go2_ws/src/muse/muse_ros2/muse_ws/src/iit_commons/include/iit_commons/commons/geometry/algebra.h:\x1b[m\x1b[K In function \xe2\x80\x98\x1b[01m\x1b[Kvoid iit::commons::computeQR(const MatrixXR&, MatrixXR&, MatrixXR&, const double&)\x1b[m\x1b[K\xe2\x80\x99:\n'}
[35.021521] (iit_commons) StderrLine: {'line': b'\x1b[01m\x1b[K/home/go2/go2_ws/src/muse/muse_ros2/muse_ws/src/iit_commons/include/iit_commons/commons/geometry/algebra.h:271:37:\x1b[m\x1b[K \x1b[01;35m\x1b[Kwarning: \x1b[m\x1b[Kunused parameter \xe2\x80\x98\x1b[01m\x1b[Ktolerance\x1b[m\x1b[K\xe2\x80\x99 [\x1b[01;35m\x1b[K\x1b]8;;https://gcc.gnu.org/onlinedocs/gcc/Warning-Options.html#index-Wunused-parameter\x07-Wunused-parameter\x1b]8;;\x07\x1b[m\x1b[K]\n'}
[35.021637] (iit_commons) StderrLine: {'line': b'  271 |                       \x1b[01;35m\x1b[Kconst double& tolerance\x1b[m\x1b[K)\n'}
[35.021730] (iit_commons) StderrLine: {'line': b'      |                       \x1b[01;35m\x1b[K~~~~~~~~~~~~~~^~~~~~~~~\x1b[m\x1b[K\n'}
[35.033129] (-) TimerEvent: {}
[35.061234] (state_estimator) StderrLine: {'line': b'In file included from \x1b[01m\x1b[K/home/go2/go2_ws/src/muse/muse_ros2/muse_ws/src/state_estimator/include/state_estimator/Estimator.hpp:4\x1b[m\x1b[K,\n'}
[35.061542] (state_estimator) StderrLine: {'line': b'                 from \x1b[01m\x1b[K/home/go2/go2_ws/src/muse/muse_ros2/muse_ws/src/state_estimator/include/state_estimator/Observers/Observer.hpp:7\x1b[m\x1b[K,\n'}
[35.061714] (state_estimator) StderrLine: {'line': b'                 from \x1b[01m\x1b[K/home/go2/go2_ws/src/muse/muse_ros2/muse_ws/src/state_estimator/include/state_estimator/Observers/EKF.hpp:6\x1b[m\x1b[K,\n'}
[35.061862] (state_estimator) StderrLine: {'line': b'                 from \x1b[01m\x1b[K/home/go2/go2_ws/src/muse/muse_ros2/muse_ws/src/state_estimator/include/state_estimator/Models/sensor_fusion.hpp:4\x1b[m\x1b[K,\n'}
[35.062019] (state_estimator) StderrLine: {'line': b'                 from \x1b[01m\x1b[K/home/go2/go2_ws/src/muse/muse_ros2/muse_ws/src/state_estimator/src/plugins/sensor_fusion_plugin.cpp:1\x1b[m\x1b[K:\n'}
[35.062242] (state_estimator) StderrLine: {'line': b'\x1b[01m\x1b[K/home/go2/go2_ws/src/muse/muse_ros2/muse_ws/src/state_estimator/include/state_estimator/lib.hpp:\x1b[m\x1b[K In function \xe2\x80\x98\x1b[01m\x1b[KEigen::Matrix<double, 3, 3> state_estimator::calc_Rzyx(const Eigen::Matrix<double, 3, 1>&)\x1b[m\x1b[K\xe2\x80\x99:\n'}
[35.062443] (state_estimator) StderrLine: {'line': b'\x1b[01m\x1b[K/home/go2/go2_ws/src/muse/muse_ros2/muse_ws/src/state_estimator/include/state_estimator/lib.hpp:46:43:\x1b[m\x1b[K \x1b[01;35m\x1b[Kwarning: \x1b[m\x1b[Kvariable \xe2\x80\x98\x1b[01m\x1b[Ku1\x1b[m\x1b[K\xe2\x80\x99 set but not used [\x1b[01;35m\x1b[K\x1b]8;;https://gcc.gnu.org/onlinedocs/gcc/Warning-Options.html#index-Wunused-but-set-variable\x07-Wunused-but-set-variable\x1b]8;;\x07\x1b[m\x1b[K]\n'}
[35.066651] (state_estimator) StderrLine: {'line': b'   46 |                 Eigen::Matrix<double,3,1> \x1b[01;35m\x1b[Ku1\x1b[m\x1b[K = R.block(0,0,3,1);\n'}
[35.066952] (state_estimator) StderrLine: {'line': b'      |                                           \x1b[01;35m\x1b[K^~\x1b[m\x1b[K\n'}
[35.067117] (state_estimator) StderrLine: {'line': b'\x1b[01m\x1b[K/home/go2/go2_ws/src/muse/muse_ros2/muse_ws/src/state_estimator/include/state_estimator/lib.hpp:47:43:\x1b[m\x1b[K \x1b[01;35m\x1b[Kwarning: \x1b[m\x1b[Kvariable \xe2\x80\x98\x1b[01m\x1b[Ku2\x1b[m\x1b[K\xe2\x80\x99 set but not used [\x1b[01;35m\x1b[K\x1b]8;;https://gcc.gnu.org/onlinedocs/gcc/Warning-Options.html#index-Wunused-but-set-variable\x07-Wunused-but-set-variable\x1b]8;;\x07\x1b[m\x1b[K]\n'}
[35.067250] (state_estimator) StderrLine: {'line': b'   47 |                 Eigen::Matrix<double,3,1> \x1b[01;35m\x1b[Ku2\x1b[m\x1b[K = R.block(0,1,3,1);\n'}
[35.067363] (state_estimator) StderrLine: {'line': b'      |                                           \x1b[01;35m\x1b[K^~\x1b[m\x1b[K\n'}
[35.067479] (state_estimator) StderrLine: {'line': b'\x1b[01m\x1b[K/home/go2/go2_ws/src/muse/muse_ros2/muse_ws/src/state_estimator/include/state_estimator/lib.hpp:48:43:\x1b[m\x1b[K \x1b[01;35m\x1b[Kwarning: \x1b[m\x1b[Kvariable \xe2\x80\x98\x1b[01m\x1b[Ku3\x1b[m\x1b[K\xe2\x80\x99 set but not used [\x1b[01;35m\x1b[K\x1b]8;;https://gcc.gnu.org/onlinedocs/gcc/Warning-Options.html#index-Wunused-but-set-variable\x07-Wunused-but-set-variable\x1b]8;;\x07\x1b[m\x1b[K]\n'}
[35.067618] (state_estimator) StderrLine: {'line': b'   48 |                 Eigen::Matrix<double,3,1> \x1b[01;35m\x1b[Ku3\x1b[m\x1b[K = R.block(0,2,3,1);\n'}
[35.067728] (state_estimator) StderrLine: {'line': b'      |                                           \x1b[01;35m\x1b[K^~\x1b[m\x1b[K\n'}
[35.070498] (iit_commons) StderrLine: {'line': b'In file included from \x1b[01m\x1b[K/home/go2/go2_ws/src/muse/muse_ros2/muse_ws/src/iit_commons/src/rotation_test.cpp:1\x1b[m\x1b[K:\n'}
[35.070764] (iit_commons) StderrLine: {'line': b'\x1b[01m\x1b[K/home/go2/go2_ws/src/muse/muse_ros2/muse_ws/src/iit_commons/include/iit_commons/commons/geometry/rotations.h:\x1b[m\x1b[K In function \xe2\x80\x98\x1b[01m\x1b[KEigen::Matrix3d iit::commons::rpyToEar(const Vector3d&)\x1b[m\x1b[K\xe2\x80\x99:\n'}
[35.070906] (iit_commons) StderrLine: {'line': b'\x1b[01m\x1b[K/home/go2/go2_ws/src/muse/muse_ros2/muse_ws/src/iit_commons/include/iit_commons/commons/geometry/rotations.h:143:12:\x1b[m\x1b[K \x1b[01;35m\x1b[Kwarning: \x1b[m\x1b[Kunused variable \xe2\x80\x98\x1b[01m\x1b[Kyaw\x1b[m\x1b[K\xe2\x80\x99 [\x1b[01;35m\x1b[K\x1b]8;;https://gcc.gnu.org/onlinedocs/gcc/Warning-Options.html#index-Wunused-variable\x07-Wunused-variable\x1b]8;;\x07\x1b[m\x1b[K]\n'}
[35.071044] (iit_commons) StderrLine: {'line': b'  143 |     double \x1b[01;35m\x1b[Kyaw\x1b[m\x1b[K = rpy(2);\n'}
[35.071170] (iit_commons) StderrLine: {'line': b'      |            \x1b[01;35m\x1b[K^~~\x1b[m\x1b[K\n'}
[35.073167] (iit_commons) StderrLine: {'line': b'\x1b[01m\x1b[K/home/go2/go2_ws/src/muse/muse_ros2/muse_ws/src/iit_commons/include/iit_commons/commons/geometry/rotations.h:\x1b[m\x1b[K In function \xe2\x80\x98\x1b[01m\x1b[KEigen::Matrix3d iit::commons::rpyToEarInv_dot(const Vector3d&, const Vector3d&)\x1b[m\x1b[K\xe2\x80\x99:\n'}
[35.073449] (iit_commons) StderrLine: {'line': b'\x1b[01m\x1b[K/home/go2/go2_ws/src/muse/muse_ros2/muse_ws/src/iit_commons/include/iit_commons/commons/geometry/rotations.h:163:12:\x1b[m\x1b[K \x1b[01;35m\x1b[Kwarning: \x1b[m\x1b[Kunused variable \xe2\x80\x98\x1b[01m\x1b[Kroll\x1b[m\x1b[K\xe2\x80\x99 [\x1b[01;35m\x1b[K\x1b]8;;https://gcc.gnu.org/onlinedocs/gcc/Warning-Options.html#index-Wunused-variable\x07-Wunused-variable\x1b]8;;\x07\x1b[m\x1b[K]\n'}
[35.073601] (iit_commons) StderrLine: {'line': b'  163 |     double \x1b[01;35m\x1b[Kroll\x1b[m\x1b[K = rpy(0);\n'}
[35.073729] (iit_commons) StderrLine: {'line': b'      |            \x1b[01;35m\x1b[K^~~~\x1b[m\x1b[K\n'}
[35.073848] (iit_commons) StderrLine: {'line': b'\x1b[01m\x1b[K/home/go2/go2_ws/src/muse/muse_ros2/muse_ws/src/iit_commons/include/iit_commons/commons/geometry/rotations.h:166:12:\x1b[m\x1b[K \x1b[01;35m\x1b[Kwarning: \x1b[m\x1b[Kunused variable \xe2\x80\x98\x1b[01m\x1b[Krolld\x1b[m\x1b[K\xe2\x80\x99 [\x1b[01;35m\x1b[K\x1b]8;;https://gcc.gnu.org/onlinedocs/gcc/Warning-Options.html#index-Wunused-variable\x07-Wunused-variable\x1b]8;;\x07\x1b[m\x1b[K]\n'}
[35.073990] (iit_commons) StderrLine: {'line': b'  166 |     double \x1b[01;35m\x1b[Krolld\x1b[m\x1b[K = rpyd(0);\n'}
[35.074109] (iit_commons) StderrLine: {'line': b'      |            \x1b[01;35m\x1b[K^~~~~\x1b[m\x1b[K\n'}
[35.133303] (-) TimerEvent: {}
[35.196728] (state_estimator) StderrLine: {'line': b'In file included from \x1b[01m\x1b[K/home/go2/go2_ws/src/muse/muse_ros2/muse_ws/src/state_estimator/include/state_estimator/Estimator.hpp:4\x1b[m\x1b[K,\n'}
[35.197039] (state_estimator) StderrLine: {'line': b'                 from \x1b[01m\x1b[K/home/go2/go2_ws/src/muse/muse_ros2/muse_ws/src/state_estimator/include/state_estimator/Observers/Observer.hpp:7\x1b[m\x1b[K,\n'}
[35.197199] (state_estimator) StderrLine: {'line': b'                 from \x1b[01m\x1b[K/home/go2/go2_ws/src/muse/muse_ros2/muse_ws/src/state_estimator/include/state_estimator/Observers/NLO.hpp:4\x1b[m\x1b[K,\n'}
[35.197320] (state_estimator) StderrLine: {'line': b'                 from \x1b[01m\x1b[K/home/go2/go2_ws/src/muse/muse_ros2/muse_ws/src/state_estimator/include/state_estimator/Models/attitude_bias_NLO.hpp:4\x1b[m\x1b[K,\n'}
[35.197430] (state_estimator) StderrLine: {'line': b'                 from \x1b[01m\x1b[K/home/go2/go2_ws/src/muse/muse_ros2/muse_ws/src/state_estimator/src/plugins/attitude_estimation_plugin.cpp:351\x1b[m\x1b[K:\n'}
[35.197535] (state_estimator) StderrLine: {'line': b'\x1b[01m\x1b[K/home/go2/go2_ws/src/muse/muse_ros2/muse_ws/src/state_estimator/include/state_estimator/lib.hpp:\x1b[m\x1b[K In function \xe2\x80\x98\x1b[01m\x1b[KEigen::Matrix<double, 3, 3> state_estimator::calc_Rzyx(const Eigen::Matrix<double, 3, 1>&)\x1b[m\x1b[K\xe2\x80\x99:\n'}
[35.197646] (state_estimator) StderrLine: {'line': b'\x1b[01m\x1b[K/home/go2/go2_ws/src/muse/muse_ros2/muse_ws/src/state_estimator/include/state_estimator/lib.hpp:46:43:\x1b[m\x1b[K \x1b[01;35m\x1b[Kwarning: \x1b[m\x1b[Kvariable \xe2\x80\x98\x1b[01m\x1b[Ku1\x1b[m\x1b[K\xe2\x80\x99 set but not used [\x1b[01;35m\x1b[K\x1b]8;;https://gcc.gnu.org/onlinedocs/gcc/Warning-Options.html#index-Wunused-but-set-variable\x07-Wunused-but-set-variable\x1b]8;;\x07\x1b[m\x1b[K]\n'}
[35.197778] (state_estimator) StderrLine: {'line': b'   46 |                 Eigen::Matrix<double,3,1> \x1b[01;35m\x1b[Ku1\x1b[m\x1b[K = R.block(0,0,3,1);\n'}
[35.197889] (state_estimator) StderrLine: {'line': b'      |                                           \x1b[01;35m\x1b[K^~\x1b[m\x1b[K\n'}
[35.197994] (state_estimator) StderrLine: {'line': b'\x1b[01m\x1b[K/home/go2/go2_ws/src/muse/muse_ros2/muse_ws/src/state_estimator/include/state_estimator/lib.hpp:47:43:\x1b[m\x1b[K \x1b[01;35m\x1b[Kwarning: \x1b[m\x1b[Kvariable \xe2\x80\x98\x1b[01m\x1b[Ku2\x1b[m\x1b[K\xe2\x80\x99 set but not used [\x1b[01;35m\x1b[K\x1b]8;;https://gcc.gnu.org/onlinedocs/gcc/Warning-Options.html#index-Wunused-but-set-variable\x07-Wunused-but-set-variable\x1b]8;;\x07\x1b[m\x1b[K]\n'}
[35.198119] (state_estimator) StderrLine: {'line': b'   47 |                 Eigen::Matrix<double,3,1> \x1b[01;35m\x1b[Ku2\x1b[m\x1b[K = R.block(0,1,3,1);\n'}
[35.198223] (state_estimator) StderrLine: {'line': b'      |                                           \x1b[01;35m\x1b[K^~\x1b[m\x1b[K\n'}
[35.198330] (state_estimator) StderrLine: {'line': b'\x1b[01m\x1b[K/home/go2/go2_ws/src/muse/muse_ros2/muse_ws/src/state_estimator/include/state_estimator/lib.hpp:48:43:\x1b[m\x1b[K \x1b[01;35m\x1b[Kwarning: \x1b[m\x1b[Kvariable \xe2\x80\x98\x1b[01m\x1b[Ku3\x1b[m\x1b[K\xe2\x80\x99 set but not used [\x1b[01;35m\x1b[K\x1b]8;;https://gcc.gnu.org/onlinedocs/gcc/Warning-Options.html#index-Wunused-but-set-variable\x07-Wunused-but-set-variable\x1b]8;;\x07\x1b[m\x1b[K]\n'}
[35.198441] (state_estimator) StderrLine: {'line': b'   48 |                 Eigen::Matrix<double,3,1> \x1b[01;35m\x1b[Ku3\x1b[m\x1b[K = R.block(0,2,3,1);\n'}
[35.198548] (state_estimator) StderrLine: {'line': b'      |                                           \x1b[01;35m\x1b[K^~\x1b[m\x1b[K\n'}
[35.233463] (-) TimerEvent: {}
[35.333930] (-) TimerEvent: {}
[35.434368] (-) TimerEvent: {}
[35.435614] (iit_commons) StderrLine: {'line': b'In file included from \x1b[01m\x1b[K/home/go2/go2_ws/src/muse/muse_ros2/muse_ws/src/iit_commons/include/iit_commons/commons/geometry/rotations.h:5\x1b[m\x1b[K,\n'}
[35.435902] (iit_commons) StderrLine: {'line': b'                 from \x1b[01m\x1b[K/home/go2/go2_ws/src/muse/muse_ros2/muse_ws/src/iit_commons/include/iit_commons/commons/planning/planning.h:6\x1b[m\x1b[K,\n'}
[35.436077] (iit_commons) StderrLine: {'line': b'                 from \x1b[01m\x1b[K/home/go2/go2_ws/src/muse/muse_ros2/muse_ws/src/iit_commons/src/planning_test.cpp:1\x1b[m\x1b[K:\n'}
[35.436222] (iit_commons) StderrLine: {'line': b'\x1b[01m\x1b[K/home/go2/go2_ws/src/muse/muse_ros2/muse_ws/src/iit_commons/include/iit_commons/commons/geometry/algebra.h:\x1b[m\x1b[K In function \xe2\x80\x98\x1b[01m\x1b[Kvoid iit::commons::computeQR(const MatrixXR&, MatrixXR&, MatrixXR&, const double&)\x1b[m\x1b[K\xe2\x80\x99:\n'}
[35.436338] (iit_commons) StderrLine: {'line': b'\x1b[01m\x1b[K/home/go2/go2_ws/src/muse/muse_ros2/muse_ws/src/iit_commons/include/iit_commons/commons/geometry/algebra.h:271:37:\x1b[m\x1b[K \x1b[01;35m\x1b[Kwarning: \x1b[m\x1b[Kunused parameter \xe2\x80\x98\x1b[01m\x1b[Ktolerance\x1b[m\x1b[K\xe2\x80\x99 [\x1b[01;35m\x1b[K\x1b]8;;https://gcc.gnu.org/onlinedocs/gcc/Warning-Options.html#index-Wunused-parameter\x07-Wunused-parameter\x1b]8;;\x07\x1b[m\x1b[K]\n'}
[35.436454] (iit_commons) StderrLine: {'line': b'  271 |                       \x1b[01;35m\x1b[Kconst double& tolerance\x1b[m\x1b[K)\n'}
[35.436566] (iit_commons) StderrLine: {'line': b'      |                       \x1b[01;35m\x1b[K~~~~~~~~~~~~~~^~~~~~~~~\x1b[m\x1b[K\n'}
[35.454080] (state_estimator) StderrLine: {'line': b'In file included from \x1b[01m\x1b[K/home/go2/go2_ws/src/muse/muse_ros2/muse_ws/src/state_estimator/include/state_estimator/Estimator.hpp:4\x1b[m\x1b[K,\n'}
[35.454321] (state_estimator) StderrLine: {'line': b'                 from \x1b[01m\x1b[K/home/go2/go2_ws/src/muse/muse_ros2/muse_ws/src/state_estimator/include/state_estimator/Observers/Observer.hpp:7\x1b[m\x1b[K,\n'}
[35.454428] (state_estimator) StderrLine: {'line': b'                 from \x1b[01m\x1b[K/home/go2/go2_ws/src/muse/muse_ros2/muse_ws/src/state_estimator/include/state_estimator/Observers/NLO.hpp:4\x1b[m\x1b[K,\n'}
[35.454523] (state_estimator) StderrLine: {'line': b'                 from \x1b[01m\x1b[K/home/go2/go2_ws/src/muse/muse_ros2/muse_ws/src/state_estimator/include/state_estimator/Models/attitude_bias_NLO.hpp:4\x1b[m\x1b[K,\n'}
[35.454613] (state_estimator) StderrLine: {'line': b'                 from \x1b[01m\x1b[K/home/go2/go2_ws/src/muse/muse_ros2/muse_ws/src/state_estimator/src/plugins/attitude_estimation_plugin.cpp:351\x1b[m\x1b[K:\n'}
[35.454720] (state_estimator) StderrLine: {'line': b'\x1b[01m\x1b[K/home/go2/go2_ws/src/muse/muse_ros2/muse_ws/src/state_estimator/include/state_estimator/lib.hpp:\x1b[m\x1b[K In function \xe2\x80\x98\x1b[01m\x1b[Kstd::string state_estimator::ns2str(uint64_t)\x1b[m\x1b[K\xe2\x80\x99:\n'}
[35.454812] (state_estimator) StderrLine: {'line': b'\x1b[01m\x1b[K/home/go2/go2_ws/src/muse/muse_ros2/muse_ws/src/state_estimator/include/state_estimator/lib.hpp:163:18:\x1b[m\x1b[K \x1b[01;35m\x1b[Kwarning: \x1b[m\x1b[Kunused variable \xe2\x80\x98\x1b[01m\x1b[Kns\x1b[m\x1b[K\xe2\x80\x99 [\x1b[01;35m\x1b[K\x1b]8;;https://gcc.gnu.org/onlinedocs/gcc/Warning-Options.html#index-Wunused-variable\x07-Wunused-variable\x1b]8;;\x07\x1b[m\x1b[K]\n'}
[35.454958] (state_estimator) StderrLine: {'line': b'  163 |         uint64_t \x1b[01;35m\x1b[Kns\x1b[m\x1b[K =  t-y*31536000000000000-d*86400000000000-h*3600000000000-m*60000000000-s*1000000000-ms*1000000-us*1000;\n'}
[35.455093] (state_estimator) StderrLine: {'line': b'      |                  \x1b[01;35m\x1b[K^~\x1b[m\x1b[K\n'}
[35.455192] (state_estimator) StderrLine: {'line': b'\x1b[01m\x1b[K/home/go2/go2_ws/src/muse/muse_ros2/muse_ws/src/state_estimator/include/state_estimator/lib.hpp:168:26:\x1b[m\x1b[K \x1b[01;35m\x1b[Kwarning: \x1b[m\x1b[Kunused variable \xe2\x80\x98\x1b[01m\x1b[Kx\x1b[m\x1b[K\xe2\x80\x99 [\x1b[01;35m\x1b[K\x1b]8;;https://gcc.gnu.org/onlinedocs/gcc/Warning-Options.html#index-Wunused-variable\x07-Wunused-variable\x1b]8;;\x07\x1b[m\x1b[K]\n'}
[35.455306] (state_estimator) StderrLine: {'line': b'  168 |                 uint64_t \x1b[01;35m\x1b[Kx\x1b[m\x1b[K = 1;\n'}
[35.455445] (state_estimator) StderrLine: {'line': b'      |                          \x1b[01;35m\x1b[K^\x1b[m\x1b[K\n'}
[35.482561] (state_estimator) StderrLine: {'line': b'In file included from \x1b[01m\x1b[K/home/go2/go2_ws/src/muse/muse_ros2/muse_ws/src/state_estimator/include/state_estimator/Observers/Observer.hpp:7\x1b[m\x1b[K,\n'}
[35.482807] (state_estimator) StderrLine: {'line': b'                 from \x1b[01m\x1b[K/home/go2/go2_ws/src/muse/muse_ros2/muse_ws/src/state_estimator/include/state_estimator/Observers/NLO.hpp:4\x1b[m\x1b[K,\n'}
[35.482911] (state_estimator) StderrLine: {'line': b'                 from \x1b[01m\x1b[K/home/go2/go2_ws/src/muse/muse_ros2/muse_ws/src/state_estimator/include/state_estimator/Models/attitude_bias_NLO.hpp:4\x1b[m\x1b[K,\n'}
[35.483003] (state_estimator) StderrLine: {'line': b'                 from \x1b[01m\x1b[K/home/go2/go2_ws/src/muse/muse_ros2/muse_ws/src/state_estimator/src/plugins/attitude_estimation_plugin.cpp:351\x1b[m\x1b[K:\n'}
[35.483092] (state_estimator) StderrLine: {'line': b'\x1b[01m\x1b[K/home/go2/go2_ws/src/muse/muse_ros2/muse_ws/src/state_estimator/include/state_estimator/Estimator.hpp:\x1b[m\x1b[K In member function \xe2\x80\x98\x1b[01m\x1b[Kvirtual void state_estimator::EstimatorBase::updateGen(double, Eigen::MatrixXd&, Eigen::MatrixXd&)\x1b[m\x1b[K\xe2\x80\x99:\n'}
[35.483181] (state_estimator) StderrLine: {'line': b'\x1b[01m\x1b[K/home/go2/go2_ws/src/muse/muse_ros2/muse_ws/src/state_estimator/include/state_estimator/Estimator.hpp:39:31:\x1b[m\x1b[K \x1b[01;35m\x1b[Kwarning: \x1b[m\x1b[Kunused parameter \xe2\x80\x98\x1b[01m\x1b[Kt\x1b[m\x1b[K\xe2\x80\x99 [\x1b[01;35m\x1b[K\x1b]8;;https://gcc.gnu.org/onlinedocs/gcc/Warning-Options.html#index-Wunused-parameter\x07-Wunused-parameter\x1b]8;;\x07\x1b[m\x1b[K]\n'}
[35.483309] (state_estimator) StderrLine: {'line': b'   39 | virtual void updateGen(\x1b[01;35m\x1b[Kdouble t\x1b[m\x1b[K, Eigen::MatrixXd &u, Eigen::MatrixXd &z) { }\n'}
[35.483404] (state_estimator) StderrLine: {'line': b'      |                        \x1b[01;35m\x1b[K~~~~~~~^\x1b[m\x1b[K\n'}
[35.483491] (state_estimator) StderrLine: {'line': b'\x1b[01m\x1b[K/home/go2/go2_ws/src/muse/muse_ros2/muse_ws/src/state_estimator/include/state_estimator/Estimator.hpp:39:51:\x1b[m\x1b[K \x1b[01;35m\x1b[Kwarning: \x1b[m\x1b[Kunused parameter \xe2\x80\x98\x1b[01m\x1b[Ku\x1b[m\x1b[K\xe2\x80\x99 [\x1b[01;35m\x1b[K\x1b]8;;https://gcc.gnu.org/onlinedocs/gcc/Warning-Options.html#index-Wunused-parameter\x07-Wunused-parameter\x1b]8;;\x07\x1b[m\x1b[K]\n'}
[35.483596] (state_estimator) StderrLine: {'line': b'   39 | virtual void updateGen(double t, \x1b[01;35m\x1b[KEigen::MatrixXd &u\x1b[m\x1b[K, Eigen::MatrixXd &z) { }\n'}
[35.483682] (state_estimator) StderrLine: {'line': b'      |                                  \x1b[01;35m\x1b[K~~~~~~~~~~~~~~~~~^\x1b[m\x1b[K\n'}
[35.483770] (state_estimator) StderrLine: {'line': b'\x1b[01m\x1b[K/home/go2/go2_ws/src/muse/muse_ros2/muse_ws/src/state_estimator/include/state_estimator/Estimator.hpp:39:71:\x1b[m\x1b[K \x1b[01;35m\x1b[Kwarning: \x1b[m\x1b[Kunused parameter \xe2\x80\x98\x1b[01m\x1b[Kz\x1b[m\x1b[K\xe2\x80\x99 [\x1b[01;35m\x1b[K\x1b]8;;https://gcc.gnu.org/onlinedocs/gcc/Warning-Options.html#index-Wunused-parameter\x07-Wunused-parameter\x1b]8;;\x07\x1b[m\x1b[K]\n'}
[35.483861] (state_estimator) StderrLine: {'line': b'   39 | virtual void updateGen(double t, Eigen::MatrixXd &u, \x1b[01;35m\x1b[KEigen::MatrixXd &z\x1b[m\x1b[K) { }\n'}
[35.483946] (state_estimator) StderrLine: {'line': b'      |                                                      \x1b[01;35m\x1b[K~~~~~~~~~~~~~~~~~^\x1b[m\x1b[K\n'}
[35.500849] (iit_commons) StderrLine: {'line': b'In file included from \x1b[01m\x1b[K/home/go2/go2_ws/src/muse/muse_ros2/muse_ws/src/iit_commons/include/iit_commons/commons/planning/planning.h:6\x1b[m\x1b[K,\n'}
[35.501140] (iit_commons) StderrLine: {'line': b'                 from \x1b[01m\x1b[K/home/go2/go2_ws/src/muse/muse_ros2/muse_ws/src/iit_commons/src/planning_test.cpp:1\x1b[m\x1b[K:\n'}
[35.501294] (iit_commons) StderrLine: {'line': b'\x1b[01m\x1b[K/home/go2/go2_ws/src/muse/muse_ros2/muse_ws/src/iit_commons/include/iit_commons/commons/geometry/rotations.h:\x1b[m\x1b[K In function \xe2\x80\x98\x1b[01m\x1b[KEigen::Matrix3d iit::commons::rpyToEar(const Vector3d&)\x1b[m\x1b[K\xe2\x80\x99:\n'}
[35.501417] (iit_commons) StderrLine: {'line': b'\x1b[01m\x1b[K/home/go2/go2_ws/src/muse/muse_ros2/muse_ws/src/iit_commons/include/iit_commons/commons/geometry/rotations.h:143:12:\x1b[m\x1b[K \x1b[01;35m\x1b[Kwarning: \x1b[m\x1b[Kunused variable \xe2\x80\x98\x1b[01m\x1b[Kyaw\x1b[m\x1b[K\xe2\x80\x99 [\x1b[01;35m\x1b[K\x1b]8;;https://gcc.gnu.org/onlinedocs/gcc/Warning-Options.html#index-Wunused-variable\x07-Wunused-variable\x1b]8;;\x07\x1b[m\x1b[K]\n'}
[35.501554] (iit_commons) StderrLine: {'line': b'  143 |     double \x1b[01;35m\x1b[Kyaw\x1b[m\x1b[K = rpy(2);\n'}
[35.501666] (iit_commons) StderrLine: {'line': b'      |            \x1b[01;35m\x1b[K^~~\x1b[m\x1b[K\n'}
[35.505718] (iit_commons) StderrLine: {'line': b'\x1b[01m\x1b[K/home/go2/go2_ws/src/muse/muse_ros2/muse_ws/src/iit_commons/include/iit_commons/commons/geometry/rotations.h:\x1b[m\x1b[K In function \xe2\x80\x98\x1b[01m\x1b[KEigen::Matrix3d iit::commons::rpyToEarInv_dot(const Vector3d&, const Vector3d&)\x1b[m\x1b[K\xe2\x80\x99:\n'}
[35.505981] (iit_commons) StderrLine: {'line': b'\x1b[01m\x1b[K/home/go2/go2_ws/src/muse/muse_ros2/muse_ws/src/iit_commons/include/iit_commons/commons/geometry/rotations.h:163:12:\x1b[m\x1b[K \x1b[01;35m\x1b[Kwarning: \x1b[m\x1b[Kunused variable \xe2\x80\x98\x1b[01m\x1b[Kroll\x1b[m\x1b[K\xe2\x80\x99 [\x1b[01;35m\x1b[K\x1b]8;;https://gcc.gnu.org/onlinedocs/gcc/Warning-Options.html#index-Wunused-variable\x07-Wunused-variable\x1b]8;;\x07\x1b[m\x1b[K]\n'}
[35.506126] (iit_commons) StderrLine: {'line': b'  163 |     double \x1b[01;35m\x1b[Kroll\x1b[m\x1b[K = rpy(0);\n'}
[35.506257] (iit_commons) StderrLine: {'line': b'      |            \x1b[01;35m\x1b[K^~~~\x1b[m\x1b[K\n'}
[35.506493] (iit_commons) StderrLine: {'line': b'\x1b[01m\x1b[K/home/go2/go2_ws/src/muse/muse_ros2/muse_ws/src/iit_commons/include/iit_commons/commons/geometry/rotations.h:166:12:\x1b[m\x1b[K \x1b[01;35m\x1b[Kwarning: \x1b[m\x1b[Kunused variable \xe2\x80\x98\x1b[01m\x1b[Krolld\x1b[m\x1b[K\xe2\x80\x99 [\x1b[01;35m\x1b[K\x1b]8;;https://gcc.gnu.org/onlinedocs/gcc/Warning-Options.html#index-Wunused-variable\x07-Wunused-variable\x1b]8;;\x07\x1b[m\x1b[K]\n'}
[35.506639] (iit_commons) StderrLine: {'line': b'  166 |     double \x1b[01;35m\x1b[Krolld\x1b[m\x1b[K = rpyd(0);\n'}
[35.506771] (iit_commons) StderrLine: {'line': b'      |            \x1b[01;35m\x1b[K^~~~~\x1b[m\x1b[K\n'}
[35.534537] (-) TimerEvent: {}
[35.541514] (state_estimator) StderrLine: {'line': b'In file included from \x1b[01m\x1b[K/home/go2/go2_ws/src/muse/muse_ros2/muse_ws/src/state_estimator/src/plugins/attitude_estimation_plugin.cpp:351\x1b[m\x1b[K:\n'}
[35.541837] (state_estimator) StderrLine: {'line': b'\x1b[01m\x1b[K/home/go2/go2_ws/src/muse/muse_ros2/muse_ws/src/state_estimator/include/state_estimator/Models/attitude_bias_NLO.hpp:\x1b[m\x1b[K In member function \xe2\x80\x98\x1b[01m\x1b[Kvirtual void state_estimator::AttitudeBiasNLO::predict(double, const Vector3d&)\x1b[m\x1b[K\xe2\x80\x99:\n'}
[35.542002] (state_estimator) StderrLine: {'line': b'\x1b[01m\x1b[K/home/go2/go2_ws/src/muse/muse_ros2/muse_ws/src/state_estimator/include/state_estimator/Models/attitude_bias_NLO.hpp:22:45:\x1b[m\x1b[K \x1b[01;35m\x1b[Kwarning: \x1b[m\x1b[Kunused parameter \xe2\x80\x98\x1b[01m\x1b[Kt\x1b[m\x1b[K\xe2\x80\x99 [\x1b[01;35m\x1b[K\x1b]8;;https://gcc.gnu.org/onlinedocs/gcc/Warning-Options.html#index-Wunused-parameter\x07-Wunused-parameter\x1b]8;;\x07\x1b[m\x1b[K]\n'}
[35.542172] (state_estimator) StderrLine: {'line': b'   22 |                 virtual void predict(\x1b[01;35m\x1b[Kdouble t\x1b[m\x1b[K, const Eigen::Vector3d &u) override {}\n'}
[35.542353] (state_estimator) StderrLine: {'line': b'      |                                      \x1b[01;35m\x1b[K~~~~~~~^\x1b[m\x1b[K\n'}
[35.542487] (state_estimator) StderrLine: {'line': b'\x1b[01m\x1b[K/home/go2/go2_ws/src/muse/muse_ros2/muse_ws/src/state_estimator/include/state_estimator/Models/attitude_bias_NLO.hpp:22:71:\x1b[m\x1b[K \x1b[01;35m\x1b[Kwarning: \x1b[m\x1b[Kunused parameter \xe2\x80\x98\x1b[01m\x1b[Ku\x1b[m\x1b[K\xe2\x80\x99 [\x1b[01;35m\x1b[K\x1b]8;;https://gcc.gnu.org/onlinedocs/gcc/Warning-Options.html#index-Wunused-parameter\x07-Wunused-parameter\x1b]8;;\x07\x1b[m\x1b[K]\n'}
[35.542667] (state_estimator) StderrLine: {'line': b'   22 |                 virtual void predict(double t, \x1b[01;35m\x1b[Kconst Eigen::Vector3d &u\x1b[m\x1b[K) override {}\n'}
[35.542825] (state_estimator) StderrLine: {'line': b'      |                                                \x1b[01;35m\x1b[K~~~~~~~~~~~~~~~~~~~~~~~^\x1b[m\x1b[K\n'}
[35.542965] (state_estimator) StderrLine: {'line': b'\x1b[01m\x1b[K/home/go2/go2_ws/src/muse/muse_ros2/muse_ws/src/state_estimator/include/state_estimator/Models/attitude_bias_NLO.hpp:\x1b[m\x1b[K In member function \xe2\x80\x98\x1b[01m\x1b[Kvirtual void state_estimator::AttitudeBiasNLO::update(double, const Vector6d&)\x1b[m\x1b[K\xe2\x80\x99:\n'}
[35.543149] (state_estimator) StderrLine: {'line': b'\x1b[01m\x1b[K/home/go2/go2_ws/src/muse/muse_ros2/muse_ws/src/state_estimator/include/state_estimator/Models/attitude_bias_NLO.hpp:24:44:\x1b[m\x1b[K \x1b[01;35m\x1b[Kwarning: \x1b[m\x1b[Kunused parameter \xe2\x80\x98\x1b[01m\x1b[Kt\x1b[m\x1b[K\xe2\x80\x99 [\x1b[01;35m\x1b[K\x1b]8;;https://gcc.gnu.org/onlinedocs/gcc/Warning-Options.html#index-Wunused-parameter\x07-Wunused-parameter\x1b]8;;\x07\x1b[m\x1b[K]\n'}
[35.543287] (state_estimator) StderrLine: {'line': b'   24 |                 virtual void update(\x1b[01;35m\x1b[Kdouble t\x1b[m\x1b[K, const Eigen::Vector6d &z) override {}\n'}
[35.543441] (state_estimator) StderrLine: {'line': b'      |                                     \x1b[01;35m\x1b[K~~~~~~~^\x1b[m\x1b[K\n'}
[35.543581] (state_estimator) StderrLine: {'line': b'\x1b[01m\x1b[K/home/go2/go2_ws/src/muse/muse_ros2/muse_ws/src/state_estimator/include/state_estimator/Models/attitude_bias_NLO.hpp:24:70:\x1b[m\x1b[K \x1b[01;35m\x1b[Kwarning: \x1b[m\x1b[Kunused parameter \xe2\x80\x98\x1b[01m\x1b[Kz\x1b[m\x1b[K\xe2\x80\x99 [\x1b[01;35m\x1b[K\x1b]8;;https://gcc.gnu.org/onlinedocs/gcc/Warning-Options.html#index-Wunused-parameter\x07-Wunused-parameter\x1b]8;;\x07\x1b[m\x1b[K]\n'}
[35.543706] (state_estimator) StderrLine: {'line': b'   24 |                 virtual void update(double t, \x1b[01;35m\x1b[Kconst Eigen::Vector6d &z\x1b[m\x1b[K) override {}\n'}
[35.543826] (state_estimator) StderrLine: {'line': b'      |                                               \x1b[01;35m\x1b[K~~~~~~~~~~~~~~~~~~~~~~~^\x1b[m\x1b[K\n'}
[35.634737] (-) TimerEvent: {}
[35.735237] (-) TimerEvent: {}
[35.835721] (-) TimerEvent: {}
[35.864123] (state_estimator) StderrLine: {'line': b'In file included from \x1b[01m\x1b[K/home/go2/go2_ws/src/muse/muse_ros2/muse_ws/src/state_estimator/include/state_estimator/Estimator.hpp:4\x1b[m\x1b[K,\n'}
[35.864367] (state_estimator) StderrLine: {'line': b'                 from \x1b[01m\x1b[K/home/go2/go2_ws/src/muse/muse_ros2/muse_ws/src/state_estimator/include/state_estimator/Observers/Observer.hpp:7\x1b[m\x1b[K,\n'}
[35.864492] (state_estimator) StderrLine: {'line': b'                 from \x1b[01m\x1b[K/home/go2/go2_ws/src/muse/muse_ros2/muse_ws/src/state_estimator/include/state_estimator/Observers/EKF.hpp:6\x1b[m\x1b[K,\n'}
[35.864598] (state_estimator) StderrLine: {'line': b'                 from \x1b[01m\x1b[K/home/go2/go2_ws/src/muse/muse_ros2/muse_ws/src/state_estimator/include/state_estimator/Models/sensor_fusion.hpp:4\x1b[m\x1b[K,\n'}
[35.864699] (state_estimator) StderrLine: {'line': b'                 from \x1b[01m\x1b[K/home/go2/go2_ws/src/muse/muse_ros2/muse_ws/src/state_estimator/src/plugins/sensor_fusion_plugin.cpp:1\x1b[m\x1b[K:\n'}
[35.864805] (state_estimator) StderrLine: {'line': b'\x1b[01m\x1b[K/home/go2/go2_ws/src/muse/muse_ros2/muse_ws/src/state_estimator/include/state_estimator/lib.hpp:\x1b[m\x1b[K In function \xe2\x80\x98\x1b[01m\x1b[Kstd::string state_estimator::ns2str(uint64_t)\x1b[m\x1b[K\xe2\x80\x99:\n'}
[35.864956] (state_estimator) StderrLine: {'line': b'\x1b[01m\x1b[K/home/go2/go2_ws/src/muse/muse_ros2/muse_ws/src/state_estimator/include/state_estimator/lib.hpp:163:18:\x1b[m\x1b[K \x1b[01;35m\x1b[Kwarning: \x1b[m\x1b[Kunused variable \xe2\x80\x98\x1b[01m\x1b[Kns\x1b[m\x1b[K\xe2\x80\x99 [\x1b[01;35m\x1b[K\x1b]8;;https://gcc.gnu.org/onlinedocs/gcc/Warning-Options.html#index-Wunused-variable\x07-Wunused-variable\x1b]8;;\x07\x1b[m\x1b[K]\n'}
[35.865078] (state_estimator) StderrLine: {'line': b'  163 |         uint64_t \x1b[01;35m\x1b[Kns\x1b[m\x1b[K =  t-y*31536000000000000-d*86400000000000-h*3600000000000-m*60000000000-s*1000000000-ms*1000000-us*1000;\n'}
[35.865188] (state_estimator) StderrLine: {'line': b'      |                  \x1b[01;35m\x1b[K^~\x1b[m\x1b[K\n'}
[35.865292] (state_estimator) StderrLine: {'line': b'\x1b[01m\x1b[K/home/go2/go2_ws/src/muse/muse_ros2/muse_ws/src/state_estimator/include/state_estimator/lib.hpp:168:26:\x1b[m\x1b[K \x1b[01;35m\x1b[Kwarning: \x1b[m\x1b[Kunused variable \xe2\x80\x98\x1b[01m\x1b[Kx\x1b[m\x1b[K\xe2\x80\x99 [\x1b[01;35m\x1b[K\x1b]8;;https://gcc.gnu.org/onlinedocs/gcc/Warning-Options.html#index-Wunused-variable\x07-Wunused-variable\x1b]8;;\x07\x1b[m\x1b[K]\n'}
[35.865403] (state_estimator) StderrLine: {'line': b'  168 |                 uint64_t \x1b[01;35m\x1b[Kx\x1b[m\x1b[K = 1;\n'}
[35.865509] (state_estimator) StderrLine: {'line': b'      |                          \x1b[01;35m\x1b[K^\x1b[m\x1b[K\n'}
[35.884059] (state_estimator) StderrLine: {'line': b'In file included from \x1b[01m\x1b[K/home/go2/go2_ws/src/muse/muse_ros2/muse_ws/src/state_estimator/include/state_estimator/Observers/Observer.hpp:7\x1b[m\x1b[K,\n'}
[35.884322] (state_estimator) StderrLine: {'line': b'                 from \x1b[01m\x1b[K/home/go2/go2_ws/src/muse/muse_ros2/muse_ws/src/state_estimator/include/state_estimator/Observers/EKF.hpp:6\x1b[m\x1b[K,\n'}
[35.884451] (state_estimator) StderrLine: {'line': b'                 from \x1b[01m\x1b[K/home/go2/go2_ws/src/muse/muse_ros2/muse_ws/src/state_estimator/include/state_estimator/Models/sensor_fusion.hpp:4\x1b[m\x1b[K,\n'}
[35.884565] (state_estimator) StderrLine: {'line': b'                 from \x1b[01m\x1b[K/home/go2/go2_ws/src/muse/muse_ros2/muse_ws/src/state_estimator/src/plugins/sensor_fusion_plugin.cpp:1\x1b[m\x1b[K:\n'}
[35.884675] (state_estimator) StderrLine: {'line': b'\x1b[01m\x1b[K/home/go2/go2_ws/src/muse/muse_ros2/muse_ws/src/state_estimator/include/state_estimator/Estimator.hpp:\x1b[m\x1b[K In member function \xe2\x80\x98\x1b[01m\x1b[Kvirtual void state_estimator::EstimatorBase::updateGen(double, Eigen::MatrixXd&, Eigen::MatrixXd&)\x1b[m\x1b[K\xe2\x80\x99:\n'}
[35.884823] (state_estimator) StderrLine: {'line': b'\x1b[01m\x1b[K/home/go2/go2_ws/src/muse/muse_ros2/muse_ws/src/state_estimator/include/state_estimator/Estimator.hpp:39:31:\x1b[m\x1b[K \x1b[01;35m\x1b[Kwarning: \x1b[m\x1b[Kunused parameter \xe2\x80\x98\x1b[01m\x1b[Kt\x1b[m\x1b[K\xe2\x80\x99 [\x1b[01;35m\x1b[K\x1b]8;;https://gcc.gnu.org/onlinedocs/gcc/Warning-Options.html#index-Wunused-parameter\x07-Wunused-parameter\x1b]8;;\x07\x1b[m\x1b[K]\n'}
[35.885028] (state_estimator) StderrLine: {'line': b'   39 | virtual void updateGen(\x1b[01;35m\x1b[Kdouble t\x1b[m\x1b[K, Eigen::MatrixXd &u, Eigen::MatrixXd &z) { }\n'}
[35.885155] (state_estimator) StderrLine: {'line': b'      |                        \x1b[01;35m\x1b[K~~~~~~~^\x1b[m\x1b[K\n'}
[35.885263] (state_estimator) StderrLine: {'line': b'\x1b[01m\x1b[K/home/go2/go2_ws/src/muse/muse_ros2/muse_ws/src/state_estimator/include/state_estimator/Estimator.hpp:39:51:\x1b[m\x1b[K \x1b[01;35m\x1b[Kwarning: \x1b[m\x1b[Kunused parameter \xe2\x80\x98\x1b[01m\x1b[Ku\x1b[m\x1b[K\xe2\x80\x99 [\x1b[01;35m\x1b[K\x1b]8;;https://gcc.gnu.org/onlinedocs/gcc/Warning-Options.html#index-Wunused-parameter\x07-Wunused-parameter\x1b]8;;\x07\x1b[m\x1b[K]\n'}
[35.885389] (state_estimator) StderrLine: {'line': b'   39 | virtual void updateGen(double t, \x1b[01;35m\x1b[KEigen::MatrixXd &u\x1b[m\x1b[K, Eigen::MatrixXd &z) { }\n'}
[35.885508] (state_estimator) StderrLine: {'line': b'      |                                  \x1b[01;35m\x1b[K~~~~~~~~~~~~~~~~~^\x1b[m\x1b[K\n'}
[35.885657] (state_estimator) StderrLine: {'line': b'\x1b[01m\x1b[K/home/go2/go2_ws/src/muse/muse_ros2/muse_ws/src/state_estimator/include/state_estimator/Estimator.hpp:39:71:\x1b[m\x1b[K \x1b[01;35m\x1b[Kwarning: \x1b[m\x1b[Kunused parameter \xe2\x80\x98\x1b[01m\x1b[Kz\x1b[m\x1b[K\xe2\x80\x99 [\x1b[01;35m\x1b[K\x1b]8;;https://gcc.gnu.org/onlinedocs/gcc/Warning-Options.html#index-Wunused-parameter\x07-Wunused-parameter\x1b]8;;\x07\x1b[m\x1b[K]\n'}
[35.885776] (state_estimator) StderrLine: {'line': b'   39 | virtual void updateGen(double t, Eigen::MatrixXd &u, \x1b[01;35m\x1b[KEigen::MatrixXd &z\x1b[m\x1b[K) { }\n'}
[35.885905] (state_estimator) StderrLine: {'line': b'      |                                                      \x1b[01;35m\x1b[K~~~~~~~~~~~~~~~~~^\x1b[m\x1b[K\n'}
[35.913032] (iit_commons) StderrLine: {'line': b'In file included from \x1b[01m\x1b[K/home/go2/go2_ws/src/muse/muse_ros2/muse_ws/src/iit_commons/include/iit_commons/commons/geometry/rotations.h:5\x1b[m\x1b[K,\n'}
[35.913296] (iit_commons) StderrLine: {'line': b'                 from \x1b[01m\x1b[K/home/go2/go2_ws/src/muse/muse_ros2/muse_ws/src/iit_commons/include/iit_commons/commons/planning/planning.h:6\x1b[m\x1b[K,\n'}
[35.913436] (iit_commons) StderrLine: {'line': b'                 from \x1b[01m\x1b[K/home/go2/go2_ws/src/muse/muse_ros2/muse_ws/src/iit_commons/include/iit_commons/commons/control/VirtualModel.hpp:7\x1b[m\x1b[K,\n'}
[35.913555] (iit_commons) StderrLine: {'line': b'                 from \x1b[01m\x1b[K/home/go2/go2_ws/src/muse/muse_ros2/muse_ws/src/iit_commons/src/control/testVirtualModel.cpp:14\x1b[m\x1b[K:\n'}
[35.913671] (iit_commons) StderrLine: {'line': b'\x1b[01m\x1b[K/home/go2/go2_ws/src/muse/muse_ros2/muse_ws/src/iit_commons/include/iit_commons/commons/geometry/algebra.h:\x1b[m\x1b[K In function \xe2\x80\x98\x1b[01m\x1b[Kvoid iit::commons::computeQR(const MatrixXR&, MatrixXR&, MatrixXR&, const double&)\x1b[m\x1b[K\xe2\x80\x99:\n'}
[35.913901] (iit_commons) StderrLine: {'line': b'\x1b[01m\x1b[K/home/go2/go2_ws/src/muse/muse_ros2/muse_ws/src/iit_commons/include/iit_commons/commons/geometry/algebra.h:271:37:\x1b[m\x1b[K \x1b[01;35m\x1b[Kwarning: \x1b[m\x1b[Kunused parameter \xe2\x80\x98\x1b[01m\x1b[Ktolerance\x1b[m\x1b[K\xe2\x80\x99 [\x1b[01;35m\x1b[K\x1b]8;;https://gcc.gnu.org/onlinedocs/gcc/Warning-Options.html#index-Wunused-parameter\x07-Wunused-parameter\x1b]8;;\x07\x1b[m\x1b[K]\n'}
[35.914057] (iit_commons) StderrLine: {'line': b'  271 |                       \x1b[01;35m\x1b[Kconst double& tolerance\x1b[m\x1b[K)\n'}
[35.914190] (iit_commons) StderrLine: {'line': b'      |                       \x1b[01;35m\x1b[K~~~~~~~~~~~~~~^~~~~~~~~\x1b[m\x1b[K\n'}
[35.935909] (-) TimerEvent: {}
[35.967179] (iit_commons) StderrLine: {'line': b'In file included from \x1b[01m\x1b[K/home/go2/go2_ws/src/muse/muse_ros2/muse_ws/src/iit_commons/include/iit_commons/commons/planning/planning.h:6\x1b[m\x1b[K,\n'}
[35.967475] (iit_commons) StderrLine: {'line': b'                 from \x1b[01m\x1b[K/home/go2/go2_ws/src/muse/muse_ros2/muse_ws/src/iit_commons/include/iit_commons/commons/control/VirtualModel.hpp:7\x1b[m\x1b[K,\n'}
[35.967633] (iit_commons) StderrLine: {'line': b'                 from \x1b[01m\x1b[K/home/go2/go2_ws/src/muse/muse_ros2/muse_ws/src/iit_commons/src/control/testVirtualModel.cpp:14\x1b[m\x1b[K:\n'}
[35.967771] (iit_commons) StderrLine: {'line': b'\x1b[01m\x1b[K/home/go2/go2_ws/src/muse/muse_ros2/muse_ws/src/iit_commons/include/iit_commons/commons/geometry/rotations.h:\x1b[m\x1b[K In function \xe2\x80\x98\x1b[01m\x1b[KEigen::Matrix3d iit::commons::rpyToEar(const Vector3d&)\x1b[m\x1b[K\xe2\x80\x99:\n'}
[35.967890] (iit_commons) StderrLine: {'line': b'\x1b[01m\x1b[K/home/go2/go2_ws/src/muse/muse_ros2/muse_ws/src/iit_commons/include/iit_commons/commons/geometry/rotations.h:143:12:\x1b[m\x1b[K \x1b[01;35m\x1b[Kwarning: \x1b[m\x1b[Kunused variable \xe2\x80\x98\x1b[01m\x1b[Kyaw\x1b[m\x1b[K\xe2\x80\x99 [\x1b[01;35m\x1b[K\x1b]8;;https://gcc.gnu.org/onlinedocs/gcc/Warning-Options.html#index-Wunused-variable\x07-Wunused-variable\x1b]8;;\x07\x1b[m\x1b[K]\n'}
[35.968016] (iit_commons) StderrLine: {'line': b'  143 |     double \x1b[01;35m\x1b[Kyaw\x1b[m\x1b[K = rpy(2);\n'}
[35.968128] (iit_commons) StderrLine: {'line': b'      |            \x1b[01;35m\x1b[K^~~\x1b[m\x1b[K\n'}
[35.969740] (iit_commons) StderrLine: {'line': b'\x1b[01m\x1b[K/home/go2/go2_ws/src/muse/muse_ros2/muse_ws/src/iit_commons/include/iit_commons/commons/geometry/rotations.h:\x1b[m\x1b[K In function \xe2\x80\x98\x1b[01m\x1b[KEigen::Matrix3d iit::commons::rpyToEarInv_dot(const Vector3d&, const Vector3d&)\x1b[m\x1b[K\xe2\x80\x99:\n'}
[35.970009] (iit_commons) StderrLine: {'line': b'\x1b[01m\x1b[K/home/go2/go2_ws/src/muse/muse_ros2/muse_ws/src/iit_commons/include/iit_commons/commons/geometry/rotations.h:163:12:\x1b[m\x1b[K \x1b[01;35m\x1b[Kwarning: \x1b[m\x1b[Kunused variable \xe2\x80\x98\x1b[01m\x1b[Kroll\x1b[m\x1b[K\xe2\x80\x99 [\x1b[01;35m\x1b[K\x1b]8;;https://gcc.gnu.org/onlinedocs/gcc/Warning-Options.html#index-Wunused-variable\x07-Wunused-variable\x1b]8;;\x07\x1b[m\x1b[K]\n'}
[35.970153] (iit_commons) StderrLine: {'line': b'  163 |     double \x1b[01;35m\x1b[Kroll\x1b[m\x1b[K = rpy(0);\n'}
[35.970265] (iit_commons) StderrLine: {'line': b'      |            \x1b[01;35m\x1b[K^~~~\x1b[m\x1b[K\n'}
[35.970368] (iit_commons) StderrLine: {'line': b'\x1b[01m\x1b[K/home/go2/go2_ws/src/muse/muse_ros2/muse_ws/src/iit_commons/include/iit_commons/commons/geometry/rotations.h:166:12:\x1b[m\x1b[K \x1b[01;35m\x1b[Kwarning: \x1b[m\x1b[Kunused variable \xe2\x80\x98\x1b[01m\x1b[Krolld\x1b[m\x1b[K\xe2\x80\x99 [\x1b[01;35m\x1b[K\x1b]8;;https://gcc.gnu.org/onlinedocs/gcc/Warning-Options.html#index-Wunused-variable\x07-Wunused-variable\x1b]8;;\x07\x1b[m\x1b[K]\n'}
[35.970488] (iit_commons) StderrLine: {'line': b'  166 |     double \x1b[01;35m\x1b[Krolld\x1b[m\x1b[K = rpyd(0);\n'}
[35.970591] (iit_commons) StderrLine: {'line': b'      |            \x1b[01;35m\x1b[K^~~~~\x1b[m\x1b[K\n'}
[36.036095] (-) TimerEvent: {}
[36.136603] (-) TimerEvent: {}
[36.147268] (state_estimator) StderrLine: {'line': b'In file included from \x1b[01m\x1b[K/home/go2/go2_ws/src/muse/muse_ros2/muse_ws/src/state_estimator/src/plugins/attitude_estimation_plugin.cpp:352\x1b[m\x1b[K:\n'}
[36.147535] (state_estimator) StderrLine: {'line': b'\x1b[01m\x1b[K/home/go2/go2_ws/src/muse/muse_ros2/muse_ws/src/state_estimator/include/state_estimator/Models/attitude_bias_XKF.hpp:\x1b[m\x1b[K In destructor \xe2\x80\x98\x1b[01m\x1b[Kstate_estimator::AttitudeBiasXKF::~AttitudeBiasXKF()\x1b[m\x1b[K\xe2\x80\x99:\n'}
[36.147684] (state_estimator) StderrLine: {'line': b'\x1b[01m\x1b[K/home/go2/go2_ws/src/muse/muse_ros2/muse_ws/src/state_estimator/include/state_estimator/Models/attitude_bias_XKF.hpp:30:49:\x1b[m\x1b[K \x1b[01;35m\x1b[Kwarning: \x1b[m\x1b[Kdeleting object of abstract class type \xe2\x80\x98\x1b[01m\x1b[Kstate_estimator::NLO<double, 7, 3, 6>\x1b[m\x1b[K\xe2\x80\x99 which has non-virtual destructor will cause undefined behavior [\x1b[01;35m\x1b[K\x1b]8;;https://gcc.gnu.org/onlinedocs/gcc/Warning-Options.html#index-Wdelete-non-virtual-dtor\x07-Wdelete-non-virtual-dtor\x1b]8;;\x07\x1b[m\x1b[K]\n'}
[36.147806] (state_estimator) StderrLine: {'line': b'   30 |                         if (this->nlo!=nullptr) \x1b[01;35m\x1b[Kdelete(this->nlo)\x1b[m\x1b[K;\n'}
[36.147952] (state_estimator) StderrLine: {'line': b'      |                                                 \x1b[01;35m\x1b[K^~~~~~~~~~~~~~~~~\x1b[m\x1b[K\n'}
[36.202384] (state_estimator) StderrLine: {'line': b'In file included from \x1b[01m\x1b[K/home/go2/go2_ws/src/muse/muse_ros2/muse_ws/src/state_estimator/src/plugins/sensor_fusion_plugin.cpp:1\x1b[m\x1b[K:\n'}
[36.202614] (state_estimator) StderrLine: {'line': b'\x1b[01m\x1b[K/home/go2/go2_ws/src/muse/muse_ros2/muse_ws/src/state_estimator/include/state_estimator/Models/sensor_fusion.hpp:\x1b[m\x1b[K In constructor \xe2\x80\x98\x1b[01m\x1b[Kstate_estimator::KFSensorFusion::KFSensorFusion(double, const Eigen::Matrix<double, 6, 1>&, const Eigen::Matrix<double, 6, 6>&, const Eigen::Matrix<double, 6, 6>&, const Eigen::Matrix<double, 3, 3>&, bool, bool)\x1b[m\x1b[K\xe2\x80\x99:\n'}
[36.202725] (state_estimator) StderrLine: {'line': b'\x1b[01m\x1b[K/home/go2/go2_ws/src/muse/muse_ros2/muse_ws/src/state_estimator/include/state_estimator/Models/sensor_fusion.hpp:52:84:\x1b[m\x1b[K \x1b[01;35m\x1b[Kwarning: \x1b[m\x1b[Kunused parameter \xe2\x80\x98\x1b[01m\x1b[Klidar\x1b[m\x1b[K\xe2\x80\x99 [\x1b[01;35m\x1b[K\x1b]8;;https://gcc.gnu.org/onlinedocs/gcc/Warning-Options.html#index-Wunused-parameter\x07-Wunused-parameter\x1b]8;;\x07\x1b[m\x1b[K]\n'}
[36.202840] (state_estimator) StderrLine: {'line': b'   52 |                                           const Eigen::Matrix<double,3,3> &R, \x1b[01;35m\x1b[Kbool lidar\x1b[m\x1b[K, bool slippage)\n'}
[36.202933] (state_estimator) StderrLine: {'line': b'      |                                                                               \x1b[01;35m\x1b[K~~~~~^~~~~\x1b[m\x1b[K\n'}
[36.203029] (state_estimator) StderrLine: {'line': b'\x1b[01m\x1b[K/home/go2/go2_ws/src/muse/muse_ros2/muse_ws/src/state_estimator/include/state_estimator/Models/sensor_fusion.hpp:52:96:\x1b[m\x1b[K \x1b[01;35m\x1b[Kwarning: \x1b[m\x1b[Kunused parameter \xe2\x80\x98\x1b[01m\x1b[Kslippage\x1b[m\x1b[K\xe2\x80\x99 [\x1b[01;35m\x1b[K\x1b]8;;https://gcc.gnu.org/onlinedocs/gcc/Warning-Options.html#index-Wunused-parameter\x07-Wunused-parameter\x1b]8;;\x07\x1b[m\x1b[K]\n'}
[36.203121] (state_estimator) StderrLine: {'line': b'   52 |                                           const Eigen::Matrix<double,3,3> &R, bool lidar, \x1b[01;35m\x1b[Kbool slippage\x1b[m\x1b[K)\n'}
[36.203218] (state_estimator) StderrLine: {'line': b'      |                                                                                           \x1b[01;35m\x1b[K~~~~~^~~~~~~~\x1b[m\x1b[K\n'}
[36.236792] (-) TimerEvent: {}
[36.337306] (-) TimerEvent: {}
[36.437763] (-) TimerEvent: {}
[36.538274] (-) TimerEvent: {}
[36.638740] (-) TimerEvent: {}
[36.673216] (iit_commons) StderrLine: {'line': b'In file included from \x1b[01m\x1b[K/home/go2/go2_ws/src/muse/muse_ros2/muse_ws/src/iit_commons/src/planning_test.cpp:1\x1b[m\x1b[K:\n'}
[36.673489] (iit_commons) StderrLine: {'line': b'\x1b[01m\x1b[K/home/go2/go2_ws/src/muse/muse_ros2/muse_ws/src/iit_commons/include/iit_commons/commons/planning/planning.h:\x1b[m\x1b[K In function \xe2\x80\x98\x1b[01m\x1b[Kvoid iit::planning::ClockwiseSort(std::vector<Eigen::Matrix<double, 3, 1> >&)\x1b[m\x1b[K\xe2\x80\x99:\n'}
[36.673739] (iit_commons) StderrLine: {'line': b'\x1b[01m\x1b[K/home/go2/go2_ws/src/muse/muse_ros2/muse_ws/src/iit_commons/include/iit_commons/commons/planning/planning.h:162:23:\x1b[m\x1b[K \x1b[01;35m\x1b[Kwarning: \x1b[m\x1b[Kcomparison of integer expressions of different signedness: \xe2\x80\x98\x1b[01m\x1b[Kint\x1b[m\x1b[K\xe2\x80\x99 and \xe2\x80\x98\x1b[01m\x1b[Kstd::vector<Eigen::Matrix<double, 3, 1> >::size_type\x1b[m\x1b[K\xe2\x80\x99 {aka \xe2\x80\x98\x1b[01m\x1b[Klong unsigned int\x1b[m\x1b[K\xe2\x80\x99} [\x1b[01;35m\x1b[K\x1b]8;;https://gcc.gnu.org/onlinedocs/gcc/Warning-Options.html#index-Wsign-compare\x07-Wsign-compare\x1b]8;;\x07\x1b[m\x1b[K]\n'}
[36.673897] (iit_commons) StderrLine: {'line': b'  162 |     for (int i = 1; \x1b[01;35m\x1b[Ki < p.size() - 1\x1b[m\x1b[K; i++) {\n'}
[36.674012] (iit_commons) StderrLine: {'line': b'      |                     \x1b[01;35m\x1b[K~~^~~~~~~~~~~~~~\x1b[m\x1b[K\n'}
[36.674113] (iit_commons) StderrLine: {'line': b'\x1b[01m\x1b[K/home/go2/go2_ws/src/muse/muse_ros2/muse_ws/src/iit_commons/include/iit_commons/commons/planning/planning.h:163:31:\x1b[m\x1b[K \x1b[01;35m\x1b[Kwarning: \x1b[m\x1b[Kcomparison of integer expressions of different signedness: \xe2\x80\x98\x1b[01m\x1b[Kint\x1b[m\x1b[K\xe2\x80\x99 and \xe2\x80\x98\x1b[01m\x1b[Kstd::vector<Eigen::Matrix<double, 3, 1> >::size_type\x1b[m\x1b[K\xe2\x80\x99 {aka \xe2\x80\x98\x1b[01m\x1b[Klong unsigned int\x1b[m\x1b[K\xe2\x80\x99} [\x1b[01;35m\x1b[K\x1b]8;;https://gcc.gnu.org/onlinedocs/gcc/Warning-Options.html#index-Wsign-compare\x07-Wsign-compare\x1b]8;;\x07\x1b[m\x1b[K]\n'}
[36.674214] (iit_commons) StderrLine: {'line': b'  163 |         for (int j = i + 1; \x1b[01;35m\x1b[Kj < p.size()\x1b[m\x1b[K; j++) {\n'}
[36.674326] (iit_commons) StderrLine: {'line': b'      |                             \x1b[01;35m\x1b[K~~^~~~~~~~~~\x1b[m\x1b[K\n'}
[36.674753] (iit_commons) StderrLine: {'line': b'\x1b[01m\x1b[K/home/go2/go2_ws/src/muse/muse_ros2/muse_ws/src/iit_commons/include/iit_commons/commons/planning/planning.h:\x1b[m\x1b[K In function \xe2\x80\x98\x1b[01m\x1b[Kvoid iit::planning::CounterClockwiseSort(std::vector<Eigen::Matrix<double, 3, 1> >&)\x1b[m\x1b[K\xe2\x80\x99:\n'}
[36.674908] (iit_commons) StderrLine: {'line': b'\x1b[01m\x1b[K/home/go2/go2_ws/src/muse/muse_ros2/muse_ws/src/iit_commons/include/iit_commons/commons/planning/planning.h:186:23:\x1b[m\x1b[K \x1b[01;35m\x1b[Kwarning: \x1b[m\x1b[Kcomparison of integer expressions of different signedness: \xe2\x80\x98\x1b[01m\x1b[Kint\x1b[m\x1b[K\xe2\x80\x99 and \xe2\x80\x98\x1b[01m\x1b[Kstd::vector<Eigen::Matrix<double, 3, 1> >::size_type\x1b[m\x1b[K\xe2\x80\x99 {aka \xe2\x80\x98\x1b[01m\x1b[Klong unsigned int\x1b[m\x1b[K\xe2\x80\x99} [\x1b[01;35m\x1b[K\x1b]8;;https://gcc.gnu.org/onlinedocs/gcc/Warning-Options.html#index-Wsign-compare\x07-Wsign-compare\x1b]8;;\x07\x1b[m\x1b[K]\n'}
[36.675048] (iit_commons) StderrLine: {'line': b'  186 |     for (int i = 1; \x1b[01;35m\x1b[Ki < p.size() - 1\x1b[m\x1b[K; i++) {\n'}
[36.675164] (iit_commons) StderrLine: {'line': b'      |                     \x1b[01;35m\x1b[K~~^~~~~~~~~~~~~~\x1b[m\x1b[K\n'}
[36.675268] (iit_commons) StderrLine: {'line': b'\x1b[01m\x1b[K/home/go2/go2_ws/src/muse/muse_ros2/muse_ws/src/iit_commons/include/iit_commons/commons/planning/planning.h:187:31:\x1b[m\x1b[K \x1b[01;35m\x1b[Kwarning: \x1b[m\x1b[Kcomparison of integer expressions of different signedness: \xe2\x80\x98\x1b[01m\x1b[Kint\x1b[m\x1b[K\xe2\x80\x99 and \xe2\x80\x98\x1b[01m\x1b[Kstd::vector<Eigen::Matrix<double, 3, 1> >::size_type\x1b[m\x1b[K\xe2\x80\x99 {aka \xe2\x80\x98\x1b[01m\x1b[Klong unsigned int\x1b[m\x1b[K\xe2\x80\x99} [\x1b[01;35m\x1b[K\x1b]8;;https://gcc.gnu.org/onlinedocs/gcc/Warning-Options.html#index-Wsign-compare\x07-Wsign-compare\x1b]8;;\x07\x1b[m\x1b[K]\n'}
[36.675380] (iit_commons) StderrLine: {'line': b'  187 |         for (int j = i + 1; \x1b[01;35m\x1b[Kj < p.size()\x1b[m\x1b[K; j++) {\n'}
[36.675495] (iit_commons) StderrLine: {'line': b'      |                             \x1b[01;35m\x1b[K~~^~~~~~~~~~\x1b[m\x1b[K\n'}
[36.675606] (iit_commons) StderrLine: {'line': b'\x1b[01m\x1b[K/home/go2/go2_ws/src/muse/muse_ros2/muse_ws/src/iit_commons/include/iit_commons/commons/planning/planning.h:\x1b[m\x1b[K In function \xe2\x80\x98\x1b[01m\x1b[Kvoid iit::planning::CounterClockwiseSort(std::vector<Eigen::Matrix<double, 3, 1> >&, std::vector<int>&)\x1b[m\x1b[K\xe2\x80\x99:\n'}
[36.675720] (iit_commons) StderrLine: {'line': b'\x1b[01m\x1b[K/home/go2/go2_ws/src/muse/muse_ros2/muse_ws/src/iit_commons/include/iit_commons/commons/planning/planning.h:211:23:\x1b[m\x1b[K \x1b[01;35m\x1b[Kwarning: \x1b[m\x1b[Kcomparison of integer expressions of different signedness: \xe2\x80\x98\x1b[01m\x1b[Kint\x1b[m\x1b[K\xe2\x80\x99 and \xe2\x80\x98\x1b[01m\x1b[Kstd::vector<Eigen::Matrix<double, 3, 1> >::size_type\x1b[m\x1b[K\xe2\x80\x99 {aka \xe2\x80\x98\x1b[01m\x1b[Klong unsigned int\x1b[m\x1b[K\xe2\x80\x99} [\x1b[01;35m\x1b[K\x1b]8;;https://gcc.gnu.org/onlinedocs/gcc/Warning-Options.html#index-Wsign-compare\x07-Wsign-compare\x1b]8;;\x07\x1b[m\x1b[K]\n'}
[36.675845] (iit_commons) StderrLine: {'line': b'  211 |     for (int i = 0; \x1b[01;35m\x1b[Ki < p.size()\x1b[m\x1b[K; i++)\n'}
[36.675949] (iit_commons) StderrLine: {'line': b'      |                     \x1b[01;35m\x1b[K~~^~~~~~~~~~\x1b[m\x1b[K\n'}
[36.677555] (iit_commons) StderrLine: {'line': b'\x1b[01m\x1b[K/home/go2/go2_ws/src/muse/muse_ros2/muse_ws/src/iit_commons/include/iit_commons/commons/planning/planning.h:213:23:\x1b[m\x1b[K \x1b[01;35m\x1b[Kwarning: \x1b[m\x1b[Kcomparison of integer expressions of different signedness: \xe2\x80\x98\x1b[01m\x1b[Kint\x1b[m\x1b[K\xe2\x80\x99 and \xe2\x80\x98\x1b[01m\x1b[Kstd::vector<Eigen::Matrix<double, 3, 1> >::size_type\x1b[m\x1b[K\xe2\x80\x99 {aka \xe2\x80\x98\x1b[01m\x1b[Klong unsigned int\x1b[m\x1b[K\xe2\x80\x99} [\x1b[01;35m\x1b[K\x1b]8;;https://gcc.gnu.org/onlinedocs/gcc/Warning-Options.html#index-Wsign-compare\x07-Wsign-compare\x1b]8;;\x07\x1b[m\x1b[K]\n'}
[36.677836] (iit_commons) StderrLine: {'line': b'  213 |     for (int i = 1; \x1b[01;35m\x1b[Ki < p.size() - 1\x1b[m\x1b[K; i++) {\n'}
[36.677964] (iit_commons) StderrLine: {'line': b'      |                     \x1b[01;35m\x1b[K~~^~~~~~~~~~~~~~\x1b[m\x1b[K\n'}
[36.678079] (iit_commons) StderrLine: {'line': b'\x1b[01m\x1b[K/home/go2/go2_ws/src/muse/muse_ros2/muse_ws/src/iit_commons/include/iit_commons/commons/planning/planning.h:214:31:\x1b[m\x1b[K \x1b[01;35m\x1b[Kwarning: \x1b[m\x1b[Kcomparison of integer expressions of different signedness: \xe2\x80\x98\x1b[01m\x1b[Kint\x1b[m\x1b[K\xe2\x80\x99 and \xe2\x80\x98\x1b[01m\x1b[Kstd::vector<Eigen::Matrix<double, 3, 1> >::size_type\x1b[m\x1b[K\xe2\x80\x99 {aka \xe2\x80\x98\x1b[01m\x1b[Klong unsigned int\x1b[m\x1b[K\xe2\x80\x99} [\x1b[01;35m\x1b[K\x1b]8;;https://gcc.gnu.org/onlinedocs/gcc/Warning-Options.html#index-Wsign-compare\x07-Wsign-compare\x1b]8;;\x07\x1b[m\x1b[K]\n'}
[36.678187] (iit_commons) StderrLine: {'line': b'  214 |         for (int j = i + 1; \x1b[01;35m\x1b[Kj < p.size()\x1b[m\x1b[K; j++) {\n'}
[36.678324] (iit_commons) StderrLine: {'line': b'      |                             \x1b[01;35m\x1b[K~~^~~~~~~~~~\x1b[m\x1b[K\n'}
[36.699488] (state_estimator) StderrLine: {'line': b'\x1b[01m\x1b[K/home/go2/go2_ws/src/muse/muse_ros2/muse_ws/src/state_estimator/include/state_estimator/Models/sensor_fusion.hpp:\x1b[m\x1b[K In member function \xe2\x80\x98\x1b[01m\x1b[Kvirtual Eigen::Matrix<double, 6, 1> state_estimator::KFSensorFusion::calc_f(double, const Eigen::Matrix<double, 6, 1>&, const Eigen::Matrix<double, 3, 1>&)\x1b[m\x1b[K\xe2\x80\x99:\n'}
[36.699743] (state_estimator) StderrLine: {'line': b'\x1b[01m\x1b[K/home/go2/go2_ws/src/muse/muse_ros2/muse_ws/src/state_estimator/include/state_estimator/Models/sensor_fusion.hpp:109:68:\x1b[m\x1b[K \x1b[01;35m\x1b[Kwarning: \x1b[m\x1b[Kunused parameter \xe2\x80\x98\x1b[01m\x1b[Kt\x1b[m\x1b[K\xe2\x80\x99 [\x1b[01;35m\x1b[K\x1b]8;;https://gcc.gnu.org/onlinedocs/gcc/Warning-Options.html#index-Wunused-parameter\x07-Wunused-parameter\x1b]8;;\x07\x1b[m\x1b[K]\n'}
[36.699910] (state_estimator) StderrLine: {'line': b'  109 |     inline Eigen::Matrix<double,6,1> KFSensorFusion::calc_f(\x1b[01;35m\x1b[Kdouble t\x1b[m\x1b[K, const Eigen::Matrix<double,6,1> &x, const Eigen::Matrix<double,3,1> &u)\n'}
[36.700018] (state_estimator) StderrLine: {'line': b'      |                                                             \x1b[01;35m\x1b[K~~~~~~~^\x1b[m\x1b[K\n'}
[36.701545] (state_estimator) StderrLine: {'line': b'\x1b[01m\x1b[K/home/go2/go2_ws/src/muse/muse_ros2/muse_ws/src/state_estimator/include/state_estimator/Models/sensor_fusion.hpp:\x1b[m\x1b[K In member function \xe2\x80\x98\x1b[01m\x1b[Kvirtual Eigen::Matrix<double, 6, 6> state_estimator::KFSensorFusion::calc_F(double, const Eigen::Matrix<double, 6, 1>&, const Eigen::Matrix<double, 3, 1>&)\x1b[m\x1b[K\xe2\x80\x99:\n'}
[36.701774] (state_estimator) StderrLine: {'line': b'\x1b[01m\x1b[K/home/go2/go2_ws/src/muse/muse_ros2/muse_ws/src/state_estimator/include/state_estimator/Models/sensor_fusion.hpp:118:68:\x1b[m\x1b[K \x1b[01;35m\x1b[Kwarning: \x1b[m\x1b[Kunused parameter \xe2\x80\x98\x1b[01m\x1b[Kt\x1b[m\x1b[K\xe2\x80\x99 [\x1b[01;35m\x1b[K\x1b]8;;https://gcc.gnu.org/onlinedocs/gcc/Warning-Options.html#index-Wunused-parameter\x07-Wunused-parameter\x1b]8;;\x07\x1b[m\x1b[K]\n'}
[36.702070] (state_estimator) StderrLine: {'line': b'  118 |     inline Eigen::Matrix<double,6,6> KFSensorFusion::calc_F(\x1b[01;35m\x1b[Kdouble t\x1b[m\x1b[K, const Eigen::Matrix<double,6,1> &x, const Eigen::Matrix<double,3,1> &u)\n'}
[36.702319] (state_estimator) StderrLine: {'line': b'      |                                                             \x1b[01;35m\x1b[K~~~~~~~^\x1b[m\x1b[K\n'}
[36.702565] (state_estimator) StderrLine: {'line': b'\x1b[01m\x1b[K/home/go2/go2_ws/src/muse/muse_ros2/muse_ws/src/state_estimator/include/state_estimator/Models/sensor_fusion.hpp:118:104:\x1b[m\x1b[K \x1b[01;35m\x1b[Kwarning: \x1b[m\x1b[Kunused parameter \xe2\x80\x98\x1b[01m\x1b[Kx\x1b[m\x1b[K\xe2\x80\x99 [\x1b[01;35m\x1b[K\x1b]8;;https://gcc.gnu.org/onlinedocs/gcc/Warning-Options.html#index-Wunused-parameter\x07-Wunused-parameter\x1b]8;;\x07\x1b[m\x1b[K]\n'}
[36.702814] (state_estimator) StderrLine: {'line': b'  118 |     inline Eigen::Matrix<double,6,6> KFSensorFusion::calc_F(double t, \x1b[01;35m\x1b[Kconst Eigen::Matrix<double,6,1> &x\x1b[m\x1b[K, const Eigen::Matrix<double,3,1> &u)\n'}
[36.703098] (state_estimator) StderrLine: {'line': b'      |                                                                       \x1b[01;35m\x1b[K~~~~~~~~~~~~~~~~~~~~~~~~~~~~~~~~~^\x1b[m\x1b[K\n'}
[36.703282] (state_estimator) StderrLine: {'line': b'\x1b[01m\x1b[K/home/go2/go2_ws/src/muse/muse_ros2/muse_ws/src/state_estimator/include/state_estimator/Models/sensor_fusion.hpp:118:140:\x1b[m\x1b[K \x1b[01;35m\x1b[Kwarning: \x1b[m\x1b[Kunused parameter \xe2\x80\x98\x1b[01m\x1b[Ku\x1b[m\x1b[K\xe2\x80\x99 [\x1b[01;35m\x1b[K\x1b]8;;https://gcc.gnu.org/onlinedocs/gcc/Warning-Options.html#index-Wunused-parameter\x07-Wunused-parameter\x1b]8;;\x07\x1b[m\x1b[K]\n'}
[36.703718] (state_estimator) StderrLine: {'line': b'  118 |     inline Eigen::Matrix<double,6,6> KFSensorFusion::calc_F(double t, const Eigen::Matrix<double,6,1> &x, \x1b[01;35m\x1b[Kconst Eigen::Matrix<double,3,1> &u\x1b[m\x1b[K)\n'}
[36.703841] (state_estimator) StderrLine: {'line': b'      |                                                                                                           \x1b[01;35m\x1b[K~~~~~~~~~~~~~~~~~~~~~~~~~~~~~~~~~^\x1b[m\x1b[K\n'}
[36.704176] (state_estimator) StderrLine: {'line': b'\x1b[01m\x1b[K/home/go2/go2_ws/src/muse/muse_ros2/muse_ws/src/state_estimator/include/state_estimator/Models/sensor_fusion.hpp:\x1b[m\x1b[K In member function \xe2\x80\x98\x1b[01m\x1b[Kvirtual Eigen::Matrix<double, 3, 1> state_estimator::KFSensorFusion::calc_h(double, const Eigen::Matrix<double, 6, 1>&)\x1b[m\x1b[K\xe2\x80\x99:\n'}
[36.704449] (state_estimator) StderrLine: {'line': b'\x1b[01m\x1b[K/home/go2/go2_ws/src/muse/muse_ros2/muse_ws/src/state_estimator/include/state_estimator/Models/sensor_fusion.hpp:130:68:\x1b[m\x1b[K \x1b[01;35m\x1b[Kwarning: \x1b[m\x1b[Kunused parameter \xe2\x80\x98\x1b[01m\x1b[Kt\x1b[m\x1b[K\xe2\x80\x99 [\x1b[01;35m\x1b[K\x1b]8;;https://gcc.gnu.org/onlinedocs/gcc/Warning-Options.html#index-Wunused-parameter\x07-Wunused-parameter\x1b]8;;\x07\x1b[m\x1b[K]\n'}
[36.704853] (state_estimator) StderrLine: {'line': b'  130 |     inline Eigen::Matrix<double,3,1> KFSensorFusion::calc_h(\x1b[01;35m\x1b[Kdouble t\x1b[m\x1b[K, const Eigen::Matrix<double,6,1> &x)\n'}
[36.705080] (state_estimator) StderrLine: {'line': b'      |                                                             \x1b[01;35m\x1b[K~~~~~~~^\x1b[m\x1b[K\n'}
[36.705222] (state_estimator) StderrLine: {'line': b'\x1b[01m\x1b[K/home/go2/go2_ws/src/muse/muse_ros2/muse_ws/src/state_estimator/include/state_estimator/Models/sensor_fusion.hpp:\x1b[m\x1b[K In member function \xe2\x80\x98\x1b[01m\x1b[Kvirtual Eigen::Matrix<double, 3, 6, 0, 3, 6> state_estimator::KFSensorFusion::calc_H(double, const Eigen::Matrix<double, 6, 1>&)\x1b[m\x1b[K\xe2\x80\x99:\n'}
[36.705338] (state_estimator) StderrLine: {'line': b'\x1b[01m\x1b[K/home/go2/go2_ws/src/muse/muse_ros2/muse_ws/src/state_estimator/include/state_estimator/Models/sensor_fusion.hpp:136:68:\x1b[m\x1b[K \x1b[01;35m\x1b[Kwarning: \x1b[m\x1b[Kunused parameter \xe2\x80\x98\x1b[01m\x1b[Kt\x1b[m\x1b[K\xe2\x80\x99 [\x1b[01;35m\x1b[K\x1b]8;;https://gcc.gnu.org/onlinedocs/gcc/Warning-Options.html#index-Wunused-parameter\x07-Wunused-parameter\x1b]8;;\x07\x1b[m\x1b[K]\n'}
[36.705521] (state_estimator) StderrLine: {'line': b'  136 |     inline Eigen::Matrix<double,3,6> KFSensorFusion::calc_H(\x1b[01;35m\x1b[Kdouble t\x1b[m\x1b[K, const Eigen::Matrix<double,6,1> &x)\n'}
[36.705634] (state_estimator) StderrLine: {'line': b'      |                                                             \x1b[01;35m\x1b[K~~~~~~~^\x1b[m\x1b[K\n'}
[36.705739] (state_estimator) StderrLine: {'line': b'\x1b[01m\x1b[K/home/go2/go2_ws/src/muse/muse_ros2/muse_ws/src/state_estimator/include/state_estimator/Models/sensor_fusion.hpp:136:104:\x1b[m\x1b[K \x1b[01;35m\x1b[Kwarning: \x1b[m\x1b[Kunused parameter \xe2\x80\x98\x1b[01m\x1b[Kx\x1b[m\x1b[K\xe2\x80\x99 [\x1b[01;35m\x1b[K\x1b]8;;https://gcc.gnu.org/onlinedocs/gcc/Warning-Options.html#index-Wunused-parameter\x07-Wunused-parameter\x1b]8;;\x07\x1b[m\x1b[K]\n'}
[36.705859] (state_estimator) StderrLine: {'line': b'  136 |     inline Eigen::Matrix<double,3,6> KFSensorFusion::calc_H(double t, \x1b[01;35m\x1b[Kconst Eigen::Matrix<double,6,1> &x\x1b[m\x1b[K)\n'}
[36.705990] (state_estimator) StderrLine: {'line': b'      |                                                                       \x1b[01;35m\x1b[K~~~~~~~~~~~~~~~~~~~~~~~~~~~~~~~~~^\x1b[m\x1b[K\n'}
[36.706114] (state_estimator) StderrLine: {'line': b'\x1b[01m\x1b[K/home/go2/go2_ws/src/muse/muse_ros2/muse_ws/src/state_estimator/include/state_estimator/Models/sensor_fusion.hpp:\x1b[m\x1b[K In member function \xe2\x80\x98\x1b[01m\x1b[Kvoid state_estimator::KFSensorFusion::setMatricesSF(bool)\x1b[m\x1b[K\xe2\x80\x99:\n'}
[36.706230] (state_estimator) StderrLine: {'line': b'\x1b[01m\x1b[K/home/go2/go2_ws/src/muse/muse_ros2/muse_ws/src/state_estimator/include/state_estimator/Models/sensor_fusion.hpp:146:52:\x1b[m\x1b[K \x1b[01;35m\x1b[Kwarning: \x1b[m\x1b[Kunused parameter \xe2\x80\x98\x1b[01m\x1b[Kslippage\x1b[m\x1b[K\xe2\x80\x99 [\x1b[01;35m\x1b[K\x1b]8;;https://gcc.gnu.org/onlinedocs/gcc/Warning-Options.html#index-Wunused-parameter\x07-Wunused-parameter\x1b]8;;\x07\x1b[m\x1b[K]\n'}
[36.706339] (state_estimator) StderrLine: {'line': b'  146 |     inline void KFSensorFusion::setMatricesSF(\x1b[01;35m\x1b[Kbool slippage\x1b[m\x1b[K)\n'}
[36.706446] (state_estimator) StderrLine: {'line': b'      |                                               \x1b[01;35m\x1b[K~~~~~^~~~~~~~\x1b[m\x1b[K\n'}
[36.706578] (state_estimator) StderrLine: {'line': b'In file included from \x1b[01m\x1b[K/home/go2/go2_ws/src/muse/muse_ros2/muse_ws/src/state_estimator/include/state_estimator/plugin.hpp:5\x1b[m\x1b[K,\n'}
[36.706710] (state_estimator) StderrLine: {'line': b'                 from \x1b[01m\x1b[K/home/go2/go2_ws/src/muse/muse_ros2/muse_ws/src/state_estimator/src/plugins/sensor_fusion_plugin.cpp:2\x1b[m\x1b[K:\n'}
[36.706835] (state_estimator) StderrLine: {'line': b'\x1b[01m\x1b[K/home/go2/go2_ws/src/muse/muse_ros2/muse_ws/src/state_estimator/include/state_estimator/Robot.hpp:\x1b[m\x1b[K In constructor \xe2\x80\x98\x1b[01m\x1b[Kstate_estimator::Robot::Robot(state_estimator::Robot&&)\x1b[m\x1b[K\xe2\x80\x99:\n'}
[36.706948] (state_estimator) StderrLine: {'line': b'\x1b[01m\x1b[K/home/go2/go2_ws/src/muse/muse_ros2/muse_ws/src/state_estimator/include/state_estimator/Robot.hpp:25:23:\x1b[m\x1b[K \x1b[01;35m\x1b[Kwarning: \x1b[m\x1b[Kunused parameter \xe2\x80\x98\x1b[01m\x1b[Kthat\x1b[m\x1b[K\xe2\x80\x99 [\x1b[01;35m\x1b[K\x1b]8;;https://gcc.gnu.org/onlinedocs/gcc/Warning-Options.html#index-Wunused-parameter\x07-Wunused-parameter\x1b]8;;\x07\x1b[m\x1b[K]\n'}
[36.707077] (state_estimator) StderrLine: {'line': b'   25 |         Robot(\x1b[01;35m\x1b[KRobot&& that\x1b[m\x1b[K) { }\n'}
[36.707201] (state_estimator) StderrLine: {'line': b'      |               \x1b[01;35m\x1b[K~~~~~~~~^~~~\x1b[m\x1b[K\n'}
[36.738934] (-) TimerEvent: {}
[36.839420] (-) TimerEvent: {}
[36.934402] (state_estimator) StderrLine: {'line': b'\x1b[01m\x1b[K/home/go2/go2_ws/src/muse/muse_ros2/muse_ws/src/state_estimator/src/plugins/sensor_fusion_plugin.cpp:\x1b[m\x1b[K In constructor \xe2\x80\x98\x1b[01m\x1b[Kstate_estimator_plugins::SensorFusionPlugin::SensorFusionPlugin()\x1b[m\x1b[K\xe2\x80\x99:\n'}
[36.934801] (state_estimator) StderrLine: {'line': b'\x1b[01m\x1b[K/home/go2/go2_ws/src/muse/muse_ros2/muse_ws/src/state_estimator/src/plugins/sensor_fusion_plugin.cpp:236:71:\x1b[m\x1b[K \x1b[01;35m\x1b[Kwarning: \x1b[m\x1b[K\xe2\x80\x98\x1b[01m\x1b[Kstate_estimator_plugins::SensorFusionPlugin::pub_\x1b[m\x1b[K\xe2\x80\x99 will be initialized after [\x1b[01;35m\x1b[K\x1b]8;;https://gcc.gnu.org/onlinedocs/gcc/Warning-Options.html#index-Wreorder\x07-Wreorder\x1b]8;;\x07\x1b[m\x1b[K]\n'}
[36.934944] (state_estimator) StderrLine: {'line': b'  236 |                 rclcpp::Publisher<nav_msgs::msg::Odometry>::SharedPtr \x1b[01;35m\x1b[Kpub_\x1b[m\x1b[K;\n'}
[36.935054] (state_estimator) StderrLine: {'line': b'      |                                                                       \x1b[01;35m\x1b[K^~~~\x1b[m\x1b[K\n'}
[36.935188] (state_estimator) StderrLine: {'line': b'\x1b[01m\x1b[K/home/go2/go2_ws/src/muse/muse_ros2/muse_ws/src/state_estimator/src/plugins/sensor_fusion_plugin.cpp:234:78:\x1b[m\x1b[K \x1b[01;35m\x1b[Kwarning: \x1b[m\x1b[K  \xe2\x80\x98\x1b[01m\x1b[Kstd::shared_ptr<message_filters::Synchronizer<message_filters::sync_policies::ApproximateTime<sensor_msgs::msg::Imu_<std::allocator<void> >, state_estimator_msgs::msg::Attitude_<std::allocator<void> >, state_estimator_msgs::msg::LegOdometry_<std::allocator<void> > > > > state_estimator_plugins::SensorFusionPlugin::sync_\x1b[m\x1b[K\xe2\x80\x99 [\x1b[01;35m\x1b[K\x1b]8;;https://gcc.gnu.org/onlinedocs/gcc/Warning-Options.html#index-Wreorder\x07-Wreorder\x1b]8;;\x07\x1b[m\x1b[K]\n'}
[36.935404] (state_estimator) StderrLine: {'line': b'  234 |                 std::shared_ptr<message_filters::Synchronizer<MySyncPolicy>> \x1b[01;35m\x1b[Ksync_\x1b[m\x1b[K;\n'}
[36.935534] (state_estimator) StderrLine: {'line': b'      |                                                                              \x1b[01;35m\x1b[K^~~~~\x1b[m\x1b[K\n'}
[36.935640] (state_estimator) StderrLine: {'line': b'\x1b[01m\x1b[K/home/go2/go2_ws/src/muse/muse_ros2/muse_ws/src/state_estimator/src/plugins/sensor_fusion_plugin.cpp:45:17:\x1b[m\x1b[K \x1b[01;35m\x1b[Kwarning: \x1b[m\x1b[K  when initialized here [\x1b[01;35m\x1b[K\x1b]8;;https://gcc.gnu.org/onlinedocs/gcc/Warning-Options.html#index-Wreorder\x07-Wreorder\x1b]8;;\x07\x1b[m\x1b[K]\n'}
[36.935749] (state_estimator) StderrLine: {'line': b'   45 |                 \x1b[01;35m\x1b[KSensorFusionPlugin\x1b[m\x1b[K():\n'}
[36.935856] (state_estimator) StderrLine: {'line': b'      |                 \x1b[01;35m\x1b[K^~~~~~~~~~~~~~~~~~\x1b[m\x1b[K\n'}
[36.939600] (-) TimerEvent: {}
[37.040098] (-) TimerEvent: {}
[37.050473] (iit_commons) StderrLine: {'line': b'In file included from \x1b[01m\x1b[K/home/go2/go2_ws/src/muse/muse_ros2/muse_ws/src/iit_commons/include/iit_commons/commons/control/VirtualModel.hpp:7\x1b[m\x1b[K,\n'}
[37.050886] (iit_commons) StderrLine: {'line': b'                 from \x1b[01m\x1b[K/home/go2/go2_ws/src/muse/muse_ros2/muse_ws/src/iit_commons/src/control/testVirtualModel.cpp:14\x1b[m\x1b[K:\n'}
[37.051065] (iit_commons) StderrLine: {'line': b'\x1b[01m\x1b[K/home/go2/go2_ws/src/muse/muse_ros2/muse_ws/src/iit_commons/include/iit_commons/commons/planning/planning.h:\x1b[m\x1b[K In function \xe2\x80\x98\x1b[01m\x1b[Kvoid iit::planning::ClockwiseSort(std::vector<Eigen::Matrix<double, 3, 1> >&)\x1b[m\x1b[K\xe2\x80\x99:\n'}
[37.051441] (iit_commons) StderrLine: {'line': b'\x1b[01m\x1b[K/home/go2/go2_ws/src/muse/muse_ros2/muse_ws/src/iit_commons/include/iit_commons/commons/planning/planning.h:162:23:\x1b[m\x1b[K \x1b[01;35m\x1b[Kwarning: \x1b[m\x1b[Kcomparison of integer expressions of different signedness: \xe2\x80\x98\x1b[01m\x1b[Kint\x1b[m\x1b[K\xe2\x80\x99 and \xe2\x80\x98\x1b[01m\x1b[Kstd::vector<Eigen::Matrix<double, 3, 1> >::size_type\x1b[m\x1b[K\xe2\x80\x99 {aka \xe2\x80\x98\x1b[01m\x1b[Klong unsigned int\x1b[m\x1b[K\xe2\x80\x99} [\x1b[01;35m\x1b[K\x1b]8;;https://gcc.gnu.org/onlinedocs/gcc/Warning-Options.html#index-Wsign-compare\x07-Wsign-compare\x1b]8;;\x07\x1b[m\x1b[K]\n'}
[37.051617] (iit_commons) StderrLine: {'line': b'  162 |     for (int i = 1; \x1b[01;35m\x1b[Ki < p.size() - 1\x1b[m\x1b[K; i++) {\n'}
[37.051759] (iit_commons) StderrLine: {'line': b'      |                     \x1b[01;35m\x1b[K~~^~~~~~~~~~~~~~\x1b[m\x1b[K\n'}
[37.051897] (iit_commons) StderrLine: {'line': b'\x1b[01m\x1b[K/home/go2/go2_ws/src/muse/muse_ros2/muse_ws/src/iit_commons/include/iit_commons/commons/planning/planning.h:163:31:\x1b[m\x1b[K \x1b[01;35m\x1b[Kwarning: \x1b[m\x1b[Kcomparison of integer expressions of different signedness: \xe2\x80\x98\x1b[01m\x1b[Kint\x1b[m\x1b[K\xe2\x80\x99 and \xe2\x80\x98\x1b[01m\x1b[Kstd::vector<Eigen::Matrix<double, 3, 1> >::size_type\x1b[m\x1b[K\xe2\x80\x99 {aka \xe2\x80\x98\x1b[01m\x1b[Klong unsigned int\x1b[m\x1b[K\xe2\x80\x99} [\x1b[01;35m\x1b[K\x1b]8;;https://gcc.gnu.org/onlinedocs/gcc/Warning-Options.html#index-Wsign-compare\x07-Wsign-compare\x1b]8;;\x07\x1b[m\x1b[K]\n'}
[37.052205] (iit_commons) StderrLine: {'line': b'  163 |         for (int j = i + 1; \x1b[01;35m\x1b[Kj < p.size()\x1b[m\x1b[K; j++) {\n'}
[37.052379] (iit_commons) StderrLine: {'line': b'      |                             \x1b[01;35m\x1b[K~~^~~~~~~~~~\x1b[m\x1b[K\n'}
[37.052499] (iit_commons) StderrLine: {'line': b'\x1b[01m\x1b[K/home/go2/go2_ws/src/muse/muse_ros2/muse_ws/src/iit_commons/include/iit_commons/commons/planning/planning.h:\x1b[m\x1b[K In function \xe2\x80\x98\x1b[01m\x1b[Kvoid iit::planning::CounterClockwiseSort(std::vector<Eigen::Matrix<double, 3, 1> >&)\x1b[m\x1b[K\xe2\x80\x99:\n'}
[37.052631] (iit_commons) StderrLine: {'line': b'\x1b[01m\x1b[K/home/go2/go2_ws/src/muse/muse_ros2/muse_ws/src/iit_commons/include/iit_commons/commons/planning/planning.h:186:23:\x1b[m\x1b[K \x1b[01;35m\x1b[Kwarning: \x1b[m\x1b[Kcomparison of integer expressions of different signedness: \xe2\x80\x98\x1b[01m\x1b[Kint\x1b[m\x1b[K\xe2\x80\x99 and \xe2\x80\x98\x1b[01m\x1b[Kstd::vector<Eigen::Matrix<double, 3, 1> >::size_type\x1b[m\x1b[K\xe2\x80\x99 {aka \xe2\x80\x98\x1b[01m\x1b[Klong unsigned int\x1b[m\x1b[K\xe2\x80\x99} [\x1b[01;35m\x1b[K\x1b]8;;https://gcc.gnu.org/onlinedocs/gcc/Warning-Options.html#index-Wsign-compare\x07-Wsign-compare\x1b]8;;\x07\x1b[m\x1b[K]\n'}
[37.052749] (iit_commons) StderrLine: {'line': b'  186 |     for (int i = 1; \x1b[01;35m\x1b[Ki < p.size() - 1\x1b[m\x1b[K; i++) {\n'}
[37.052865] (iit_commons) StderrLine: {'line': b'      |                     \x1b[01;35m\x1b[K~~^~~~~~~~~~~~~~\x1b[m\x1b[K\n'}
[37.053027] (iit_commons) StderrLine: {'line': b'\x1b[01m\x1b[K/home/go2/go2_ws/src/muse/muse_ros2/muse_ws/src/iit_commons/include/iit_commons/commons/planning/planning.h:187:31:\x1b[m\x1b[K \x1b[01;35m\x1b[Kwarning: \x1b[m\x1b[Kcomparison of integer expressions of different signedness: \xe2\x80\x98\x1b[01m\x1b[Kint\x1b[m\x1b[K\xe2\x80\x99 and \xe2\x80\x98\x1b[01m\x1b[Kstd::vector<Eigen::Matrix<double, 3, 1> >::size_type\x1b[m\x1b[K\xe2\x80\x99 {aka \xe2\x80\x98\x1b[01m\x1b[Klong unsigned int\x1b[m\x1b[K\xe2\x80\x99} [\x1b[01;35m\x1b[K\x1b]8;;https://gcc.gnu.org/onlinedocs/gcc/Warning-Options.html#index-Wsign-compare\x07-Wsign-compare\x1b]8;;\x07\x1b[m\x1b[K]\n'}
[37.053160] (iit_commons) StderrLine: {'line': b'  187 |         for (int j = i + 1; \x1b[01;35m\x1b[Kj < p.size()\x1b[m\x1b[K; j++) {\n'}
[37.053305] (iit_commons) StderrLine: {'line': b'      |                             \x1b[01;35m\x1b[K~~^~~~~~~~~~\x1b[m\x1b[K\n'}
[37.053413] (iit_commons) StderrLine: {'line': b'\x1b[01m\x1b[K/home/go2/go2_ws/src/muse/muse_ros2/muse_ws/src/iit_commons/include/iit_commons/commons/planning/planning.h:\x1b[m\x1b[K In function \xe2\x80\x98\x1b[01m\x1b[Kvoid iit::planning::CounterClockwiseSort(std::vector<Eigen::Matrix<double, 3, 1> >&, std::vector<int>&)\x1b[m\x1b[K\xe2\x80\x99:\n'}
[37.053513] (iit_commons) StderrLine: {'line': b'\x1b[01m\x1b[K/home/go2/go2_ws/src/muse/muse_ros2/muse_ws/src/iit_commons/include/iit_commons/commons/planning/planning.h:211:23:\x1b[m\x1b[K \x1b[01;35m\x1b[Kwarning: \x1b[m\x1b[Kcomparison of integer expressions of different signedness: \xe2\x80\x98\x1b[01m\x1b[Kint\x1b[m\x1b[K\xe2\x80\x99 and \xe2\x80\x98\x1b[01m\x1b[Kstd::vector<Eigen::Matrix<double, 3, 1> >::size_type\x1b[m\x1b[K\xe2\x80\x99 {aka \xe2\x80\x98\x1b[01m\x1b[Klong unsigned int\x1b[m\x1b[K\xe2\x80\x99} [\x1b[01;35m\x1b[K\x1b]8;;https://gcc.gnu.org/onlinedocs/gcc/Warning-Options.html#index-Wsign-compare\x07-Wsign-compare\x1b]8;;\x07\x1b[m\x1b[K]\n'}
[37.053614] (iit_commons) StderrLine: {'line': b'  211 |     for (int i = 0; \x1b[01;35m\x1b[Ki < p.size()\x1b[m\x1b[K; i++)\n'}
[37.053708] (iit_commons) StderrLine: {'line': b'      |                     \x1b[01;35m\x1b[K~~^~~~~~~~~~\x1b[m\x1b[K\n'}
[37.056682] (iit_commons) StderrLine: {'line': b'\x1b[01m\x1b[K/home/go2/go2_ws/src/muse/muse_ros2/muse_ws/src/iit_commons/include/iit_commons/commons/planning/planning.h:213:23:\x1b[m\x1b[K \x1b[01;35m\x1b[Kwarning: \x1b[m\x1b[Kcomparison of integer expressions of different signedness: \xe2\x80\x98\x1b[01m\x1b[Kint\x1b[m\x1b[K\xe2\x80\x99 and \xe2\x80\x98\x1b[01m\x1b[Kstd::vector<Eigen::Matrix<double, 3, 1> >::size_type\x1b[m\x1b[K\xe2\x80\x99 {aka \xe2\x80\x98\x1b[01m\x1b[Klong unsigned int\x1b[m\x1b[K\xe2\x80\x99} [\x1b[01;35m\x1b[K\x1b]8;;https://gcc.gnu.org/onlinedocs/gcc/Warning-Options.html#index-Wsign-compare\x07-Wsign-compare\x1b]8;;\x07\x1b[m\x1b[K]\n'}
[37.057145] (iit_commons) StderrLine: {'line': b'  213 |     for (int i = 1; \x1b[01;35m\x1b[Ki < p.size() - 1\x1b[m\x1b[K; i++) {\n'}
[37.057294] (iit_commons) StderrLine: {'line': b'      |                     \x1b[01;35m\x1b[K~~^~~~~~~~~~~~~~\x1b[m\x1b[K\n'}
[37.057401] (iit_commons) StderrLine: {'line': b'\x1b[01m\x1b[K/home/go2/go2_ws/src/muse/muse_ros2/muse_ws/src/iit_commons/include/iit_commons/commons/planning/planning.h:214:31:\x1b[m\x1b[K \x1b[01;35m\x1b[Kwarning: \x1b[m\x1b[Kcomparison of integer expressions of different signedness: \xe2\x80\x98\x1b[01m\x1b[Kint\x1b[m\x1b[K\xe2\x80\x99 and \xe2\x80\x98\x1b[01m\x1b[Kstd::vector<Eigen::Matrix<double, 3, 1> >::size_type\x1b[m\x1b[K\xe2\x80\x99 {aka \xe2\x80\x98\x1b[01m\x1b[Klong unsigned int\x1b[m\x1b[K\xe2\x80\x99} [\x1b[01;35m\x1b[K\x1b]8;;https://gcc.gnu.org/onlinedocs/gcc/Warning-Options.html#index-Wsign-compare\x07-Wsign-compare\x1b]8;;\x07\x1b[m\x1b[K]\n'}
[37.057529] (iit_commons) StderrLine: {'line': b'  214 |         for (int j = i + 1; \x1b[01;35m\x1b[Kj < p.size()\x1b[m\x1b[K; j++) {\n'}
[37.057640] (iit_commons) StderrLine: {'line': b'      |                             \x1b[01;35m\x1b[K~~^~~~~~~~~~\x1b[m\x1b[K\n'}
[37.140280] (-) TimerEvent: {}
[37.225719] (state_estimator) StderrLine: {'line': b'\x1b[01m\x1b[K/home/go2/go2_ws/src/muse/muse_ros2/muse_ws/src/state_estimator/include/state_estimator/Models/attitude_bias_XKF.hpp:\x1b[m\x1b[K In member function \xe2\x80\x98\x1b[01m\x1b[Kvirtual void state_estimator::AttitudeBiasXKF::update(double, const Vector6d&)\x1b[m\x1b[K\xe2\x80\x99:\n'}
[37.226118] (state_estimator) StderrLine: {'line': b'\x1b[01m\x1b[K/home/go2/go2_ws/src/muse/muse_ros2/muse_ws/src/state_estimator/include/state_estimator/Models/attitude_bias_XKF.hpp:71:41:\x1b[m\x1b[K \x1b[01;35m\x1b[Kwarning: \x1b[m\x1b[Kvariable \xe2\x80\x98\x1b[01m\x1b[Kxbar\x1b[m\x1b[K\xe2\x80\x99 set but not used [\x1b[01;35m\x1b[K\x1b]8;;https://gcc.gnu.org/onlinedocs/gcc/Warning-Options.html#index-Wunused-but-set-variable\x07-Wunused-but-set-variable\x1b]8;;\x07\x1b[m\x1b[K]\n'}
[37.226270] (state_estimator) StderrLine: {'line': b'   71 |                         Eigen::Vector7d \x1b[01;35m\x1b[Kxbar\x1b[m\x1b[K = this->x_bar;\n'}
[37.226379] (state_estimator) StderrLine: {'line': b'      |                                         \x1b[01;35m\x1b[K^~~~\x1b[m\x1b[K\n'}
[37.226484] (state_estimator) StderrLine: {'line': b'\x1b[01m\x1b[K/home/go2/go2_ws/src/muse/muse_ros2/muse_ws/src/state_estimator/include/state_estimator/Models/attitude_bias_XKF.hpp:74:41:\x1b[m\x1b[K \x1b[01;35m\x1b[Kwarning: \x1b[m\x1b[Kvariable \xe2\x80\x98\x1b[01m\x1b[Kf_bar\x1b[m\x1b[K\xe2\x80\x99 set but not used [\x1b[01;35m\x1b[K\x1b]8;;https://gcc.gnu.org/onlinedocs/gcc/Warning-Options.html#index-Wunused-but-set-variable\x07-Wunused-but-set-variable\x1b]8;;\x07\x1b[m\x1b[K]\n'}
[37.226597] (state_estimator) StderrLine: {'line': b'   74 |                         Eigen::Vector3d \x1b[01;35m\x1b[Kf_bar\x1b[m\x1b[K = R_bar.transpose()*this->f_n;\n'}
[37.226707] (state_estimator) StderrLine: {'line': b'      |                                         \x1b[01;35m\x1b[K^~~~~\x1b[m\x1b[K\n'}
[37.226821] (state_estimator) StderrLine: {'line': b'\x1b[01m\x1b[K/home/go2/go2_ws/src/muse/muse_ros2/muse_ws/src/state_estimator/include/state_estimator/Models/attitude_bias_XKF.hpp:75:41:\x1b[m\x1b[K \x1b[01;35m\x1b[Kwarning: \x1b[m\x1b[Kvariable \xe2\x80\x98\x1b[01m\x1b[Km_bar\x1b[m\x1b[K\xe2\x80\x99 set but not used [\x1b[01;35m\x1b[K\x1b]8;;https://gcc.gnu.org/onlinedocs/gcc/Warning-Options.html#index-Wunused-but-set-variable\x07-Wunused-but-set-variable\x1b]8;;\x07\x1b[m\x1b[K]\n'}
[37.226935] (state_estimator) StderrLine: {'line': b'   75 |                         Eigen::Vector3d \x1b[01;35m\x1b[Km_bar\x1b[m\x1b[K = R_bar.transpose()*this->m_n;\n'}
[37.227026] (state_estimator) StderrLine: {'line': b'      |                                         \x1b[01;35m\x1b[K^~~~~\x1b[m\x1b[K\n'}
[37.240474] (-) TimerEvent: {}
[37.341034] (-) TimerEvent: {}
[37.441521] (-) TimerEvent: {}
[37.542030] (-) TimerEvent: {}
[37.642541] (-) TimerEvent: {}
[37.743059] (-) TimerEvent: {}
[37.843595] (-) TimerEvent: {}
[37.944103] (-) TimerEvent: {}
[38.044594] (-) TimerEvent: {}
[38.145105] (-) TimerEvent: {}
[38.162503] (state_estimator) StderrLine: {'line': b'\x1b[01m\x1b[K/home/go2/go2_ws/src/muse/muse_ros2/muse_ws/src/state_estimator/include/state_estimator/Models/attitude_bias_XKF.hpp:\x1b[m\x1b[K In member function \xe2\x80\x98\x1b[01m\x1b[Kvirtual Eigen::Vector7d state_estimator::AttitudeBiasXKF::calc_f(double, const Vector7d&, const Vector3d&)\x1b[m\x1b[K\xe2\x80\x99:\n'}
[38.162773] (state_estimator) StderrLine: {'line': b'\x1b[01m\x1b[K/home/go2/go2_ws/src/muse/muse_ros2/muse_ws/src/state_estimator/include/state_estimator/Models/attitude_bias_XKF.hpp:122:47:\x1b[m\x1b[K \x1b[01;35m\x1b[Kwarning: \x1b[m\x1b[Kunused parameter \xe2\x80\x98\x1b[01m\x1b[Kt\x1b[m\x1b[K\xe2\x80\x99 [\x1b[01;35m\x1b[K\x1b]8;;https://gcc.gnu.org/onlinedocs/gcc/Warning-Options.html#index-Wunused-parameter\x07-Wunused-parameter\x1b]8;;\x07\x1b[m\x1b[K]\n'}
[38.162924] (state_estimator) StderrLine: {'line': b'  122 |                 Eigen::Vector7d calc_f(\x1b[01;35m\x1b[Kdouble t\x1b[m\x1b[K, const Eigen::Vector7d &x, const Eigen::Vector3d &u)\n'}
[38.163044] (state_estimator) StderrLine: {'line': b'      |                                        \x1b[01;35m\x1b[K~~~~~~~^\x1b[m\x1b[K\n'}
[38.191777] (state_estimator) StderrLine: {'line': b'\x1b[01m\x1b[K/home/go2/go2_ws/src/muse/muse_ros2/muse_ws/src/state_estimator/include/state_estimator/Models/attitude_bias_XKF.hpp:\x1b[m\x1b[K In member function \xe2\x80\x98\x1b[01m\x1b[Kvirtual Eigen::Vector6d state_estimator::AttitudeBiasXKF::calc_h(double, const Vector7d&)\x1b[m\x1b[K\xe2\x80\x99:\n'}
[38.192172] (state_estimator) StderrLine: {'line': b'\x1b[01m\x1b[K/home/go2/go2_ws/src/muse/muse_ros2/muse_ws/src/state_estimator/include/state_estimator/Models/attitude_bias_XKF.hpp:142:41:\x1b[m\x1b[K \x1b[01;35m\x1b[Kwarning: \x1b[m\x1b[Kvariable \xe2\x80\x98\x1b[01m\x1b[Kb\x1b[m\x1b[K\xe2\x80\x99 set but not used [\x1b[01;35m\x1b[K\x1b]8;;https://gcc.gnu.org/onlinedocs/gcc/Warning-Options.html#index-Wunused-but-set-variable\x07-Wunused-but-set-variable\x1b]8;;\x07\x1b[m\x1b[K]\n'}
[38.192372] (state_estimator) StderrLine: {'line': b'  142 |                         Eigen::Vector3d \x1b[01;35m\x1b[Kb\x1b[m\x1b[K = x.tail(3);\n'}
[38.192505] (state_estimator) StderrLine: {'line': b'      |                                         \x1b[01;35m\x1b[K^\x1b[m\x1b[K\n'}
[38.192619] (state_estimator) StderrLine: {'line': b'\x1b[01m\x1b[K/home/go2/go2_ws/src/muse/muse_ros2/muse_ws/src/state_estimator/include/state_estimator/Models/attitude_bias_XKF.hpp:138:47:\x1b[m\x1b[K \x1b[01;35m\x1b[Kwarning: \x1b[m\x1b[Kunused parameter \xe2\x80\x98\x1b[01m\x1b[Kt\x1b[m\x1b[K\xe2\x80\x99 [\x1b[01;35m\x1b[K\x1b]8;;https://gcc.gnu.org/onlinedocs/gcc/Warning-Options.html#index-Wunused-parameter\x07-Wunused-parameter\x1b]8;;\x07\x1b[m\x1b[K]\n'}
[38.192745] (state_estimator) StderrLine: {'line': b'  138 |                 Eigen::Vector6d calc_h(\x1b[01;35m\x1b[Kdouble t\x1b[m\x1b[K, const Eigen::Vector7d &x)\n'}
[38.192858] (state_estimator) StderrLine: {'line': b'      |                                        \x1b[01;35m\x1b[K~~~~~~~^\x1b[m\x1b[K\n'}
[38.245270] (-) TimerEvent: {}
[38.325089] (state_estimator) StderrLine: {'line': b'\x1b[01m\x1b[K/home/go2/go2_ws/src/muse/muse_ros2/muse_ws/src/state_estimator/include/state_estimator/Models/attitude_bias_XKF.hpp:\x1b[m\x1b[K In member function \xe2\x80\x98\x1b[01m\x1b[Kvirtual Eigen::Matrix7d state_estimator::AttitudeBiasXKF::calc_F(double, const Vector7d&, const Vector3d&)\x1b[m\x1b[K\xe2\x80\x99:\n'}
[38.325368] (state_estimator) StderrLine: {'line': b'\x1b[01m\x1b[K/home/go2/go2_ws/src/muse/muse_ros2/muse_ws/src/state_estimator/include/state_estimator/Models/attitude_bias_XKF.hpp:153:47:\x1b[m\x1b[K \x1b[01;35m\x1b[Kwarning: \x1b[m\x1b[Kunused parameter \xe2\x80\x98\x1b[01m\x1b[Kt\x1b[m\x1b[K\xe2\x80\x99 [\x1b[01;35m\x1b[K\x1b]8;;https://gcc.gnu.org/onlinedocs/gcc/Warning-Options.html#index-Wunused-parameter\x07-Wunused-parameter\x1b]8;;\x07\x1b[m\x1b[K]\n'}
[38.325520] (state_estimator) StderrLine: {'line': b'  153 |                 Eigen::Matrix7d calc_F(\x1b[01;35m\x1b[Kdouble t\x1b[m\x1b[K, const Eigen::Vector7d &x, const Eigen::Vector3d &u)\n'}
[38.325679] (state_estimator) StderrLine: {'line': b'      |                                        \x1b[01;35m\x1b[K~~~~~~~^\x1b[m\x1b[K\n'}
[38.346349] (-) TimerEvent: {}
[38.446818] (-) TimerEvent: {}
[38.547332] (-) TimerEvent: {}
[38.648250] (-) TimerEvent: {}
[38.703037] (state_estimator) StderrLine: {'line': b'\x1b[01m\x1b[K/home/go2/go2_ws/src/muse/muse_ros2/muse_ws/src/state_estimator/include/state_estimator/Models/attitude_bias_XKF.hpp:\x1b[m\x1b[K In member function \xe2\x80\x98\x1b[01m\x1b[KEigen::Matrix6d state_estimator::AttitudeBiasXKF::calc_F(double, const Vector7d&, const Vector7d&, const Vector3d&)\x1b[m\x1b[K\xe2\x80\x99:\n'}
[38.703530] (state_estimator) StderrLine: {'line': b'\x1b[01m\x1b[K/home/go2/go2_ws/src/muse/muse_ros2/muse_ws/src/state_estimator/include/state_estimator/Models/attitude_bias_XKF.hpp:175:41:\x1b[m\x1b[K \x1b[01;35m\x1b[Kwarning: \x1b[m\x1b[Kvariable \xe2\x80\x98\x1b[01m\x1b[Komega\x1b[m\x1b[K\xe2\x80\x99 set but not used [\x1b[01;35m\x1b[K\x1b]8;;https://gcc.gnu.org/onlinedocs/gcc/Warning-Options.html#index-Wunused-but-set-variable\x07-Wunused-but-set-variable\x1b]8;;\x07\x1b[m\x1b[K]\n'}
[38.703728] (state_estimator) StderrLine: {'line': b'  175 |                         Eigen::Vector3d \x1b[01;35m\x1b[Komega\x1b[m\x1b[K = u;\n'}
[38.703870] (state_estimator) StderrLine: {'line': b'      |                                         \x1b[01;35m\x1b[K^~~~~\x1b[m\x1b[K\n'}
[38.703986] (state_estimator) StderrLine: {'line': b'\x1b[01m\x1b[K/home/go2/go2_ws/src/muse/muse_ros2/muse_ws/src/state_estimator/include/state_estimator/Models/attitude_bias_XKF.hpp:168:47:\x1b[m\x1b[K \x1b[01;35m\x1b[Kwarning: \x1b[m\x1b[Kunused parameter \xe2\x80\x98\x1b[01m\x1b[Kt\x1b[m\x1b[K\xe2\x80\x99 [\x1b[01;35m\x1b[K\x1b]8;;https://gcc.gnu.org/onlinedocs/gcc/Warning-Options.html#index-Wunused-parameter\x07-Wunused-parameter\x1b]8;;\x07\x1b[m\x1b[K]\n'}
[38.704353] (state_estimator) StderrLine: {'line': b'  168 |                 Eigen::Matrix6d calc_F(\x1b[01;35m\x1b[Kdouble t\x1b[m\x1b[K, const Eigen::Vector7d &xhat, const Eigen::Vector7d &xbar, const Eigen::Vector3d &u)\n'}
[38.704491] (state_estimator) StderrLine: {'line': b'      |                                        \x1b[01;35m\x1b[K~~~~~~~^\x1b[m\x1b[K\n'}
[38.707248] (state_estimator) StderrLine: {'line': b'\x1b[01m\x1b[K/home/go2/go2_ws/src/muse/muse_ros2/muse_ws/src/state_estimator/include/state_estimator/Models/attitude_bias_XKF.hpp:\x1b[m\x1b[K In member function \xe2\x80\x98\x1b[01m\x1b[KEigen::Matrix6d state_estimator::AttitudeBiasXKF::calc_G(double, const Vector7d&, const Vector7d&, const Vector3d&)\x1b[m\x1b[K\xe2\x80\x99:\n'}
[38.707653] (state_estimator) StderrLine: {'line': b'\x1b[01m\x1b[K/home/go2/go2_ws/src/muse/muse_ros2/muse_ws/src/state_estimator/include/state_estimator/Models/attitude_bias_XKF.hpp:197:41:\x1b[m\x1b[K \x1b[01;35m\x1b[Kwarning: \x1b[m\x1b[Kvariable \xe2\x80\x98\x1b[01m\x1b[Kbhat\x1b[m\x1b[K\xe2\x80\x99 set but not used [\x1b[01;35m\x1b[K\x1b]8;;https://gcc.gnu.org/onlinedocs/gcc/Warning-Options.html#index-Wunused-but-set-variable\x07-Wunused-but-set-variable\x1b]8;;\x07\x1b[m\x1b[K]\n'}
[38.707932] (state_estimator) StderrLine: {'line': b'  197 |                         Eigen::Vector3d \x1b[01;35m\x1b[Kbhat\x1b[m\x1b[K = xhat.tail(3);\n'}
[38.708104] (state_estimator) StderrLine: {'line': b'      |                                         \x1b[01;35m\x1b[K^~~~\x1b[m\x1b[K\n'}
[38.708257] (state_estimator) StderrLine: {'line': b'\x1b[01m\x1b[K/home/go2/go2_ws/src/muse/muse_ros2/muse_ws/src/state_estimator/include/state_estimator/Models/attitude_bias_XKF.hpp:199:41:\x1b[m\x1b[K \x1b[01;35m\x1b[Kwarning: \x1b[m\x1b[Kvariable \xe2\x80\x98\x1b[01m\x1b[Kbbar\x1b[m\x1b[K\xe2\x80\x99 set but not used [\x1b[01;35m\x1b[K\x1b]8;;https://gcc.gnu.org/onlinedocs/gcc/Warning-Options.html#index-Wunused-but-set-variable\x07-Wunused-but-set-variable\x1b]8;;\x07\x1b[m\x1b[K]\n'}
[38.708429] (state_estimator) StderrLine: {'line': b'  199 |                         Eigen::Vector3d \x1b[01;35m\x1b[Kbbar\x1b[m\x1b[K = xbar.tail(3);\n'}
[38.708553] (state_estimator) StderrLine: {'line': b'      |                                         \x1b[01;35m\x1b[K^~~~\x1b[m\x1b[K\n'}
[38.708724] (state_estimator) StderrLine: {'line': b'\x1b[01m\x1b[K/home/go2/go2_ws/src/muse/muse_ros2/muse_ws/src/state_estimator/include/state_estimator/Models/attitude_bias_XKF.hpp:200:41:\x1b[m\x1b[K \x1b[01;35m\x1b[Kwarning: \x1b[m\x1b[Kvariable \xe2\x80\x98\x1b[01m\x1b[Komega\x1b[m\x1b[K\xe2\x80\x99 set but not used [\x1b[01;35m\x1b[K\x1b]8;;https://gcc.gnu.org/onlinedocs/gcc/Warning-Options.html#index-Wunused-but-set-variable\x07-Wunused-but-set-variable\x1b]8;;\x07\x1b[m\x1b[K]\n'}
[38.708854] (state_estimator) StderrLine: {'line': b'  200 |                         Eigen::Vector3d \x1b[01;35m\x1b[Komega\x1b[m\x1b[K = u;\n'}
[38.709038] (state_estimator) StderrLine: {'line': b'      |                                         \x1b[01;35m\x1b[K^~~~~\x1b[m\x1b[K\n'}
[38.709197] (state_estimator) StderrLine: {'line': b'\x1b[01m\x1b[K/home/go2/go2_ws/src/muse/muse_ros2/muse_ws/src/state_estimator/include/state_estimator/Models/attitude_bias_XKF.hpp:193:47:\x1b[m\x1b[K \x1b[01;35m\x1b[Kwarning: \x1b[m\x1b[Kunused parameter \xe2\x80\x98\x1b[01m\x1b[Kt\x1b[m\x1b[K\xe2\x80\x99 [\x1b[01;35m\x1b[K\x1b]8;;https://gcc.gnu.org/onlinedocs/gcc/Warning-Options.html#index-Wunused-parameter\x07-Wunused-parameter\x1b]8;;\x07\x1b[m\x1b[K]\n'}
[38.709509] (state_estimator) StderrLine: {'line': b'  193 |                 Eigen::Matrix6d calc_G(\x1b[01;35m\x1b[Kdouble t\x1b[m\x1b[K, const Eigen::Vector7d &xhat, const Eigen::Vector7d &xbar, const Eigen::Vector3d &u)\n'}
[38.709615] (state_estimator) StderrLine: {'line': b'      |                                        \x1b[01;35m\x1b[K~~~~~~~^\x1b[m\x1b[K\n'}
[38.750606] (-) TimerEvent: {}
[38.851270] (-) TimerEvent: {}
[38.952514] (-) TimerEvent: {}
[38.953488] (state_estimator) StderrLine: {'line': b'\x1b[01m\x1b[K/home/go2/go2_ws/src/muse/muse_ros2/muse_ws/src/state_estimator/include/state_estimator/Models/attitude_bias_XKF.hpp:\x1b[m\x1b[K In member function \xe2\x80\x98\x1b[01m\x1b[KEigen::Matrix6d state_estimator::AttitudeBiasXKF::calc_H(double, const Vector7d&, const Vector7d&)\x1b[m\x1b[K\xe2\x80\x99:\n'}
[38.953764] (state_estimator) StderrLine: {'line': b'\x1b[01m\x1b[K/home/go2/go2_ws/src/muse/muse_ros2/muse_ws/src/state_estimator/include/state_estimator/Models/attitude_bias_XKF.hpp:214:47:\x1b[m\x1b[K \x1b[01;35m\x1b[Kwarning: \x1b[m\x1b[Kunused parameter \xe2\x80\x98\x1b[01m\x1b[Kt\x1b[m\x1b[K\xe2\x80\x99 [\x1b[01;35m\x1b[K\x1b]8;;https://gcc.gnu.org/onlinedocs/gcc/Warning-Options.html#index-Wunused-parameter\x07-Wunused-parameter\x1b]8;;\x07\x1b[m\x1b[K]\n'}
[38.953910] (state_estimator) StderrLine: {'line': b'  214 |                 Eigen::Matrix6d calc_H(\x1b[01;35m\x1b[Kdouble t\x1b[m\x1b[K, const Eigen::Vector7d &xhat, const Eigen::Vector7d &xbar)\n'}
[38.954035] (state_estimator) StderrLine: {'line': b'      |                                        \x1b[01;35m\x1b[K~~~~~~~^\x1b[m\x1b[K\n'}
[39.052150] (state_estimator) StderrLine: {'line': b'\x1b[01m\x1b[K/home/go2/go2_ws/src/muse/muse_ros2/muse_ws/src/state_estimator/include/state_estimator/Models/attitude_bias_XKF.hpp:\x1b[m\x1b[K In member function \xe2\x80\x98\x1b[01m\x1b[Kvirtual Eigen::Matrix<double, 6, 7, 0, 6, 7> state_estimator::AttitudeBiasXKF::calc_H(double, const Vector7d&)\x1b[m\x1b[K\xe2\x80\x99:\n'}
[39.052435] (state_estimator) StderrLine: {'line': b'\x1b[01m\x1b[K/home/go2/go2_ws/src/muse/muse_ros2/muse_ws/src/state_estimator/include/state_estimator/Models/attitude_bias_XKF.hpp:233:65:\x1b[m\x1b[K \x1b[01;35m\x1b[Kwarning: \x1b[m\x1b[Kunused parameter \xe2\x80\x98\x1b[01m\x1b[Kt\x1b[m\x1b[K\xe2\x80\x99 [\x1b[01;35m\x1b[K\x1b]8;;https://gcc.gnu.org/onlinedocs/gcc/Warning-Options.html#index-Wunused-parameter\x07-Wunused-parameter\x1b]8;;\x07\x1b[m\x1b[K]\n'}
[39.052575] (-) TimerEvent: {}
[39.053035] (state_estimator) StderrLine: {'line': b'  233 |                 virtual Eigen::Matrix<double,6,7> calc_H(\x1b[01;35m\x1b[Kdouble t\x1b[m\x1b[K, const Eigen::Vector7d &x)\n'}
[39.053249] (state_estimator) StderrLine: {'line': b'      |                                                          \x1b[01;35m\x1b[K~~~~~~~^\x1b[m\x1b[K\n'}
[39.152785] (-) TimerEvent: {}
[39.253401] (-) TimerEvent: {}
[39.353847] (-) TimerEvent: {}
[39.457273] (-) TimerEvent: {}
[39.532057] (state_estimator) StderrLine: {'line': b'\x1b[01m\x1b[K/home/go2/go2_ws/src/muse/muse_ros2/muse_ws/src/state_estimator/src/plugins/attitude_estimation_plugin.cpp:\x1b[m\x1b[K In destructor \xe2\x80\x98\x1b[01m\x1b[Kvirtual state_estimator_plugins::AttitudeEstimationPlugin::~AttitudeEstimationPlugin()\x1b[m\x1b[K\xe2\x80\x99:\n'}
[39.532378] (state_estimator) StderrLine: {'line': b'\x1b[01m\x1b[K/home/go2/go2_ws/src/muse/muse_ros2/muse_ws/src/state_estimator/src/plugins/attitude_estimation_plugin.cpp:397:17:\x1b[m\x1b[K \x1b[01;35m\x1b[Kwarning: \x1b[m\x1b[Kdeleting object of polymorphic class type \xe2\x80\x98\x1b[01m\x1b[Kstate_estimator::AttitudeBiasXKF\x1b[m\x1b[K\xe2\x80\x99 which has non-virtual destructor might cause undefined behavior [\x1b[01;35m\x1b[K\x1b]8;;https://gcc.gnu.org/onlinedocs/gcc/Warning-Options.html#index-Wdelete-non-virtual-dtor\x07-Wdelete-non-virtual-dtor\x1b]8;;\x07\x1b[m\x1b[K]\n'}
[39.532562] (state_estimator) StderrLine: {'line': b'  397 |                 \x1b[01;35m\x1b[Kdelete attitude_\x1b[m\x1b[K;\n'}
[39.532724] (state_estimator) StderrLine: {'line': b'      |                 \x1b[01;35m\x1b[K^~~~~~~~~~~~~~~~\x1b[m\x1b[K\n'}
[39.557570] (-) TimerEvent: {}
[39.658036] (-) TimerEvent: {}
[39.758537] (-) TimerEvent: {}
[39.859046] (-) TimerEvent: {}
[39.959600] (-) TimerEvent: {}
[40.060097] (-) TimerEvent: {}
[40.160565] (-) TimerEvent: {}
[40.261007] (-) TimerEvent: {}
[40.361476] (-) TimerEvent: {}
[40.462008] (-) TimerEvent: {}
[40.562528] (-) TimerEvent: {}
[40.663053] (-) TimerEvent: {}
[40.763589] (-) TimerEvent: {}
[40.864102] (-) TimerEvent: {}
[40.964621] (-) TimerEvent: {}
[41.065173] (-) TimerEvent: {}
[41.165662] (-) TimerEvent: {}
[41.168134] (kiss_icp) StdoutLine: {'line': b'[ 92%] \x1b[32m\x1b[1mLinking CXX static library libmetrics.a\x1b[0m\n'}
[41.231788] (kiss_icp) StdoutLine: {'line': b'[ 92%] Built target metrics\n'}
[41.265832] (-) TimerEvent: {}
[41.366266] (-) TimerEvent: {}
[41.466713] (-) TimerEvent: {}
[41.567206] (-) TimerEvent: {}
[41.667672] (-) TimerEvent: {}
[41.768154] (-) TimerEvent: {}
[41.868589] (-) TimerEvent: {}
[41.969034] (-) TimerEvent: {}
[42.069472] (-) TimerEvent: {}
[42.169898] (-) TimerEvent: {}
[42.270342] (-) TimerEvent: {}
[42.370794] (-) TimerEvent: {}
[42.471273] (-) TimerEvent: {}
[42.571732] (-) TimerEvent: {}
[42.672187] (-) TimerEvent: {}
[42.772715] (-) TimerEvent: {}
[42.873221] (-) TimerEvent: {}
[42.973668] (-) TimerEvent: {}
[43.074131] (-) TimerEvent: {}
[43.174598] (-) TimerEvent: {}
[43.275061] (-) TimerEvent: {}
[43.375569] (-) TimerEvent: {}
[43.476058] (-) TimerEvent: {}
[43.576556] (-) TimerEvent: {}
[43.677046] (-) TimerEvent: {}
[43.777529] (-) TimerEvent: {}
[43.878503] (-) TimerEvent: {}
[43.979072] (-) TimerEvent: {}
[44.001063] (state_estimator) StderrLine: {'line': b'In file included from \x1b[01m\x1b[K/home/go2/go2_ws/src/muse/muse_ros2/muse_ws/src/state_estimator/include/state_estimator/plugin.hpp:5\x1b[m\x1b[K,\n'}
[44.001253] (state_estimator) StderrLine: {'line': b'                 from \x1b[01m\x1b[K/home/go2/go2_ws/src/muse/muse_ros2/muse_ws/src/state_estimator/src/plugins/leg_odometry_plugin.cpp:9\x1b[m\x1b[K:\n'}
[44.001322] (state_estimator) StderrLine: {'line': b'\x1b[01m\x1b[K/home/go2/go2_ws/src/muse/muse_ros2/muse_ws/src/state_estimator/include/state_estimator/Robot.hpp:\x1b[m\x1b[K In constructor \xe2\x80\x98\x1b[01m\x1b[Kstate_estimator::Robot::Robot(state_estimator::Robot&&)\x1b[m\x1b[K\xe2\x80\x99:\n'}
[44.001393] (state_estimator) StderrLine: {'line': b'\x1b[01m\x1b[K/home/go2/go2_ws/src/muse/muse_ros2/muse_ws/src/state_estimator/include/state_estimator/Robot.hpp:25:23:\x1b[m\x1b[K \x1b[01;35m\x1b[Kwarning: \x1b[m\x1b[Kunused parameter \xe2\x80\x98\x1b[01m\x1b[Kthat\x1b[m\x1b[K\xe2\x80\x99 [\x1b[01;35m\x1b[K\x1b]8;;https://gcc.gnu.org/onlinedocs/gcc/Warning-Options.html#index-Wunused-parameter\x07-Wunused-parameter\x1b]8;;\x07\x1b[m\x1b[K]\n'}
[44.001453] (state_estimator) StderrLine: {'line': b'   25 |         Robot(\x1b[01;35m\x1b[KRobot&& that\x1b[m\x1b[K) { }\n'}
[44.001507] (state_estimator) StderrLine: {'line': b'      |               \x1b[01;35m\x1b[K~~~~~~~~^~~~\x1b[m\x1b[K\n'}
[44.079259] (-) TimerEvent: {}
[44.179761] (-) TimerEvent: {}
[44.280265] (-) TimerEvent: {}
[44.380721] (-) TimerEvent: {}
[44.481246] (-) TimerEvent: {}
[44.581691] (-) TimerEvent: {}
[44.680799] (state_estimator) StderrLine: {'line': b'\x1b[01m\x1b[K/home/go2/go2_ws/src/muse/muse_ros2/muse_ws/src/state_estimator/src/plugins/leg_odometry_plugin.cpp:\x1b[m\x1b[K In constructor \xe2\x80\x98\x1b[01m\x1b[Kstate_estimator_plugins::LegOdometryPlugin::LegOdometryPlugin()\x1b[m\x1b[K\xe2\x80\x99:\n'}
[44.681071] (state_estimator) StderrLine: {'line': b'\x1b[01m\x1b[K/home/go2/go2_ws/src/muse/muse_ros2/muse_ws/src/state_estimator/src/plugins/leg_odometry_plugin.cpp:270:86:\x1b[m\x1b[K \x1b[01;35m\x1b[Kwarning: \x1b[m\x1b[K\xe2\x80\x98\x1b[01m\x1b[Kstate_estimator_plugins::LegOdometryPlugin::pub_\x1b[m\x1b[K\xe2\x80\x99 will be initialized after [\x1b[01;35m\x1b[K\x1b]8;;https://gcc.gnu.org/onlinedocs/gcc/Warning-Options.html#index-Wreorder\x07-Wreorder\x1b]8;;\x07\x1b[m\x1b[K]\n'}
[44.681224] (state_estimator) StderrLine: {'line': b'  270 |                 rclcpp::Publisher<state_estimator_msgs::msg::LegOdometry>::SharedPtr \x1b[01;35m\x1b[Kpub_\x1b[m\x1b[K;\n'}
[44.681391] (state_estimator) StderrLine: {'line': b'      |                                                                                      \x1b[01;35m\x1b[K^~~~\x1b[m\x1b[K\n'}
[44.681491] (state_estimator) StderrLine: {'line': b'\x1b[01m\x1b[K/home/go2/go2_ws/src/muse/muse_ros2/muse_ws/src/state_estimator/src/plugins/leg_odometry_plugin.cpp:268:78:\x1b[m\x1b[K \x1b[01;35m\x1b[Kwarning: \x1b[m\x1b[K  \xe2\x80\x98\x1b[01m\x1b[Kstd::shared_ptr<message_filters::Synchronizer<message_filters::sync_policies::ApproximateTime<sensor_msgs::msg::Imu_<std::allocator<void> >, state_estimator_msgs::msg::JointStateWithAcceleration_<std::allocator<void> >, state_estimator_msgs::msg::ContactDetection_<std::allocator<void> >, state_estimator_msgs::msg::Attitude_<std::allocator<void> > > > > state_estimator_plugins::LegOdometryPlugin::sync_\x1b[m\x1b[K\xe2\x80\x99 [\x1b[01;35m\x1b[K\x1b]8;;https://gcc.gnu.org/onlinedocs/gcc/Warning-Options.html#index-Wreorder\x07-Wreorder\x1b]8;;\x07\x1b[m\x1b[K]\n'}
[44.681606] (state_estimator) StderrLine: {'line': b'  268 |                 std::shared_ptr<message_filters::Synchronizer<MySyncPolicy>> \x1b[01;35m\x1b[Ksync_\x1b[m\x1b[K;\n'}
[44.681692] (-) TimerEvent: {}
[44.681898] (state_estimator) StderrLine: {'line': b'      |                                                                              \x1b[01;35m\x1b[K^~~~~\x1b[m\x1b[K\n'}
[44.682018] (state_estimator) StderrLine: {'line': b'\x1b[01m\x1b[K/home/go2/go2_ws/src/muse/muse_ros2/muse_ws/src/state_estimator/src/plugins/leg_odometry_plugin.cpp:59:17:\x1b[m\x1b[K \x1b[01;35m\x1b[Kwarning: \x1b[m\x1b[K  when initialized here [\x1b[01;35m\x1b[K\x1b]8;;https://gcc.gnu.org/onlinedocs/gcc/Warning-Options.html#index-Wreorder\x07-Wreorder\x1b]8;;\x07\x1b[m\x1b[K]\n'}
[44.682116] (state_estimator) StderrLine: {'line': b'   59 |                 \x1b[01;35m\x1b[KLegOdometryPlugin\x1b[m\x1b[K():\n'}
[44.682205] (state_estimator) StderrLine: {'line': b'      |                 \x1b[01;35m\x1b[K^~~~~~~~~~~~~~~~~\x1b[m\x1b[K\n'}
[44.781894] (-) TimerEvent: {}
[44.882366] (-) TimerEvent: {}
[44.982836] (-) TimerEvent: {}
[45.083289] (-) TimerEvent: {}
[45.183778] (-) TimerEvent: {}
[45.284248] (-) TimerEvent: {}
[45.384739] (-) TimerEvent: {}
[45.485270] (-) TimerEvent: {}
[45.585730] (-) TimerEvent: {}
[45.640184] (state_estimator) StderrLine: {'line': b'\x1b[01m\x1b[K/home/go2/go2_ws/src/muse/muse_ros2/muse_ws/src/state_estimator/src/plugins/leg_odometry_plugin.cpp:\x1b[m\x1b[K In member function \xe2\x80\x98\x1b[01m\x1b[Kvoid state_estimator_plugins::LegOdometryPlugin::callback(const ConstSharedPtr&, const ConstSharedPtr&, const ConstSharedPtr&, const ConstSharedPtr&)\x1b[m\x1b[K\xe2\x80\x99:\n'}
[45.640471] (state_estimator) StderrLine: {'line': b'\x1b[01m\x1b[K/home/go2/go2_ws/src/muse/muse_ros2/muse_ws/src/state_estimator/src/plugins/leg_odometry_plugin.cpp:189:49:\x1b[m\x1b[K \x1b[01;35m\x1b[Kwarning: \x1b[m\x1b[Kcomparison of integer expressions of different signedness: \xe2\x80\x98\x1b[01m\x1b[Kstd::vector<double>::size_type\x1b[m\x1b[K\xe2\x80\x99 {aka \xe2\x80\x98\x1b[01m\x1b[Klong unsigned int\x1b[m\x1b[K\xe2\x80\x99} and \xe2\x80\x98\x1b[01m\x1b[Kint\x1b[m\x1b[K\xe2\x80\x99 [\x1b[01;35m\x1b[K\x1b]8;;https://gcc.gnu.org/onlinedocs/gcc/Warning-Options.html#index-Wsign-compare\x07-Wsign-compare\x1b]8;;\x07\x1b[m\x1b[K]\n'}
[45.640601] (state_estimator) StderrLine: {'line': b'  189 |                         if (\x1b[01;35m\x1b[Kjs->position.size() != model_.nq\x1b[m\x1b[K || js->velocity.size() != model_.nv) {\n'}
[45.640703] (state_estimator) StderrLine: {'line': b'      |                             \x1b[01;35m\x1b[K~~~~~~~~~~~~~~~~~~~~^~~~~~~~~~~~\x1b[m\x1b[K\n'}
[45.640795] (state_estimator) StderrLine: {'line': b'\x1b[01m\x1b[K/home/go2/go2_ws/src/muse/muse_ros2/muse_ws/src/state_estimator/src/plugins/leg_odometry_plugin.cpp:189:85:\x1b[m\x1b[K \x1b[01;35m\x1b[Kwarning: \x1b[m\x1b[Kcomparison of integer expressions of different signedness: \xe2\x80\x98\x1b[01m\x1b[Kstd::vector<double>::size_type\x1b[m\x1b[K\xe2\x80\x99 {aka \xe2\x80\x98\x1b[01m\x1b[Klong unsigned int\x1b[m\x1b[K\xe2\x80\x99} and \xe2\x80\x98\x1b[01m\x1b[Kint\x1b[m\x1b[K\xe2\x80\x99 [\x1b[01;35m\x1b[K\x1b]8;;https://gcc.gnu.org/onlinedocs/gcc/Warning-Options.html#index-Wsign-compare\x07-Wsign-compare\x1b]8;;\x07\x1b[m\x1b[K]\n'}
[45.640944] (state_estimator) StderrLine: {'line': b'  189 |                         if (js->position.size() != model_.nq || \x1b[01;35m\x1b[Kjs->velocity.size() != model_.nv\x1b[m\x1b[K) {\n'}
[45.641068] (state_estimator) StderrLine: {'line': b'      |                                                                 \x1b[01;35m\x1b[K~~~~~~~~~~~~~~~~~~~~^~~~~~~~~~~~\x1b[m\x1b[K\n'}
[45.642204] (state_estimator) StderrLine: {'line': b'\x1b[01m\x1b[K/home/go2/go2_ws/src/muse/muse_ros2/muse_ws/src/state_estimator/src/plugins/leg_odometry_plugin.cpp:194:46:\x1b[m\x1b[K \x1b[01;35m\x1b[Kwarning: \x1b[m\x1b[Kcomparison of integer expressions of different signedness: \xe2\x80\x98\x1b[01m\x1b[Ksize_t\x1b[m\x1b[K\xe2\x80\x99 {aka \xe2\x80\x98\x1b[01m\x1b[Klong unsigned int\x1b[m\x1b[K\xe2\x80\x99} and \xe2\x80\x98\x1b[01m\x1b[Kint\x1b[m\x1b[K\xe2\x80\x99 [\x1b[01;35m\x1b[K\x1b]8;;https://gcc.gnu.org/onlinedocs/gcc/Warning-Options.html#index-Wsign-compare\x07-Wsign-compare\x1b]8;;\x07\x1b[m\x1b[K]\n'}
[45.642452] (state_estimator) StderrLine: {'line': b'  194 |                         for (size_t i = 0; \x1b[01;35m\x1b[Ki < model_.nq\x1b[m\x1b[K; ++i)\n'}
[45.642705] (state_estimator) StderrLine: {'line': b'      |                                            \x1b[01;35m\x1b[K~~^~~~~~~~~~~\x1b[m\x1b[K\n'}
[45.643180] (state_estimator) StderrLine: {'line': b'\x1b[01m\x1b[K/home/go2/go2_ws/src/muse/muse_ros2/muse_ws/src/state_estimator/src/plugins/leg_odometry_plugin.cpp:197:46:\x1b[m\x1b[K \x1b[01;35m\x1b[Kwarning: \x1b[m\x1b[Kcomparison of integer expressions of different signedness: \xe2\x80\x98\x1b[01m\x1b[Ksize_t\x1b[m\x1b[K\xe2\x80\x99 {aka \xe2\x80\x98\x1b[01m\x1b[Klong unsigned int\x1b[m\x1b[K\xe2\x80\x99} and \xe2\x80\x98\x1b[01m\x1b[Kint\x1b[m\x1b[K\xe2\x80\x99 [\x1b[01;35m\x1b[K\x1b]8;;https://gcc.gnu.org/onlinedocs/gcc/Warning-Options.html#index-Wsign-compare\x07-Wsign-compare\x1b]8;;\x07\x1b[m\x1b[K]\n'}
[45.643324] (state_estimator) StderrLine: {'line': b'  197 |                         for (size_t i = 0; \x1b[01;35m\x1b[Ki < model_.nv\x1b[m\x1b[K; ++i)\n'}
[45.643440] (state_estimator) StderrLine: {'line': b'      |                                            \x1b[01;35m\x1b[K~~^~~~~~~~~~~\x1b[m\x1b[K\n'}
[45.685932] (-) TimerEvent: {}
[45.786416] (-) TimerEvent: {}
[45.886863] (-) TimerEvent: {}
[45.987416] (-) TimerEvent: {}
[46.087906] (-) TimerEvent: {}
[46.188392] (-) TimerEvent: {}
[46.288909] (-) TimerEvent: {}
[46.389378] (-) TimerEvent: {}
[46.489861] (-) TimerEvent: {}
[46.590352] (-) TimerEvent: {}
[46.690873] (-) TimerEvent: {}
[46.791390] (-) TimerEvent: {}
[46.891900] (-) TimerEvent: {}
[46.992463] (-) TimerEvent: {}
[47.092962] (-) TimerEvent: {}
[47.193398] (-) TimerEvent: {}
[47.293845] (-) TimerEvent: {}
[47.394290] (-) TimerEvent: {}
[47.494766] (-) TimerEvent: {}
[47.595268] (-) TimerEvent: {}
[47.695751] (-) TimerEvent: {}
[47.796233] (-) TimerEvent: {}
[47.896692] (-) TimerEvent: {}
[47.997276] (-) TimerEvent: {}
[48.097736] (-) TimerEvent: {}
[48.198205] (-) TimerEvent: {}
[48.298675] (-) TimerEvent: {}
[48.399105] (-) TimerEvent: {}
[48.499576] (-) TimerEvent: {}
[48.600109] (-) TimerEvent: {}
[48.700623] (-) TimerEvent: {}
[48.801132] (-) TimerEvent: {}
[48.901665] (-) TimerEvent: {}
[49.002140] (-) TimerEvent: {}
[49.102617] (-) TimerEvent: {}
[49.203048] (-) TimerEvent: {}
[49.303568] (-) TimerEvent: {}
[49.404063] (-) TimerEvent: {}
[49.504566] (-) TimerEvent: {}
[49.605384] (-) TimerEvent: {}
[49.705827] (-) TimerEvent: {}
[49.806272] (-) TimerEvent: {}
[49.906662] (-) TimerEvent: {}
[50.007089] (-) TimerEvent: {}
[50.107542] (-) TimerEvent: {}
[50.207993] (-) TimerEvent: {}
[50.308410] (-) TimerEvent: {}
[50.408909] (-) TimerEvent: {}
[50.509357] (-) TimerEvent: {}
[50.609831] (-) TimerEvent: {}
[50.710310] (-) TimerEvent: {}
[50.810807] (-) TimerEvent: {}
[50.911314] (-) TimerEvent: {}
[51.011820] (-) TimerEvent: {}
[51.112359] (-) TimerEvent: {}
[51.212927] (-) TimerEvent: {}
[51.313421] (-) TimerEvent: {}
[51.413909] (-) TimerEvent: {}
[51.514377] (-) TimerEvent: {}
[51.556444] (state_estimator) StderrLine: {'line': b'In file included from \x1b[01m\x1b[K/home/go2/go2_ws/src/muse/muse_ros2/muse_ws/src/state_estimator/include/state_estimator/Models/sensor_fusion.hpp:4\x1b[m\x1b[K,\n'}
[51.556692] (state_estimator) StderrLine: {'line': b'                 from \x1b[01m\x1b[K/home/go2/go2_ws/src/muse/muse_ros2/muse_ws/src/state_estimator/src/plugins/sensor_fusion_plugin.cpp:1\x1b[m\x1b[K:\n'}
[51.556818] (state_estimator) StderrLine: {'line': b'/home/go2/go2_ws/src/muse/muse_ros2/muse_ws/src/state_estimator/include/state_estimator/Observers/EKF.hpp: In instantiation of \xe2\x80\x98\x1b[01m\x1b[Kvoid state_estimator::EKFBase<T, N1, N2, N3, N4, N5, N6, N7>::predict(T, const Eigen::Matrix<T, N2, 1>&) [with T = double; int N1 = 6; int N2 = 3; int N3 = 3; int N4 = 6; int N5 = 3; int N6 = 6; int N7 = 6]\x1b[m\x1b[K\xe2\x80\x99:\n'}
[51.556988] (state_estimator) StderrLine: {'line': b'\x1b[01m\x1b[K/home/go2/go2_ws/src/muse/muse_ros2/muse_ws/src/state_estimator/include/state_estimator/Observers/EKF.hpp:40:15:\x1b[m\x1b[K   required from here\n'}
[51.557101] (state_estimator) StderrLine: {'line': b'\x1b[01m\x1b[K/home/go2/go2_ws/src/muse/muse_ros2/muse_ws/src/state_estimator/include/state_estimator/Observers/EKF.hpp:40:32:\x1b[m\x1b[K \x1b[01;35m\x1b[Kwarning: \x1b[m\x1b[Kunused parameter \xe2\x80\x98\x1b[01m\x1b[Kt\x1b[m\x1b[K\xe2\x80\x99 [\x1b[01;35m\x1b[K\x1b]8;;https://gcc.gnu.org/onlinedocs/gcc/Warning-Options.html#index-Wunused-parameter\x07-Wunused-parameter\x1b]8;;\x07\x1b[m\x1b[K]\n'}
[51.557201] (state_estimator) StderrLine: {'line': b'   40 |         virtual void predict(\x1b[01;35m\x1b[KT t\x1b[m\x1b[K, const Eigen::Matrix<T,N2,1> &u) override\n'}
[51.557293] (state_estimator) StderrLine: {'line': b'      |                              \x1b[01;35m\x1b[K~~^\x1b[m\x1b[K\n'}
[51.557407] (state_estimator) StderrLine: {'line': b'\x1b[01m\x1b[K/home/go2/go2_ws/src/muse/muse_ros2/muse_ws/src/state_estimator/include/state_estimator/Observers/EKF.hpp:40:64:\x1b[m\x1b[K \x1b[01;35m\x1b[Kwarning: \x1b[m\x1b[Kunused parameter \xe2\x80\x98\x1b[01m\x1b[Ku\x1b[m\x1b[K\xe2\x80\x99 [\x1b[01;35m\x1b[K\x1b]8;;https://gcc.gnu.org/onlinedocs/gcc/Warning-Options.html#index-Wunused-parameter\x07-Wunused-parameter\x1b]8;;\x07\x1b[m\x1b[K]\n'}
[51.557531] (state_estimator) StderrLine: {'line': b'   40 |         virtual void predict(T t, \x1b[01;35m\x1b[Kconst Eigen::Matrix<T,N2,1> &u\x1b[m\x1b[K) override\n'}
[51.557651] (state_estimator) StderrLine: {'line': b'      |                                   \x1b[01;35m\x1b[K~~~~~~~~~~~~~~~~~~~~~~~~~~~~~^\x1b[m\x1b[K\n'}
[51.557770] (state_estimator) StderrLine: {'line': b'/home/go2/go2_ws/src/muse/muse_ros2/muse_ws/src/state_estimator/include/state_estimator/Observers/EKF.hpp: In instantiation of \xe2\x80\x98\x1b[01m\x1b[Kvoid state_estimator::EKFBase<T, N1, N2, N3, N4, N5, N6, N7>::update(T, const Eigen::Matrix<T, N3, 1>&) [with T = double; int N1 = 6; int N2 = 3; int N3 = 3; int N4 = 6; int N5 = 3; int N6 = 6; int N7 = 6]\x1b[m\x1b[K\xe2\x80\x99:\n'}
[51.557891] (state_estimator) StderrLine: {'line': b'\x1b[01m\x1b[K/home/go2/go2_ws/src/muse/muse_ros2/muse_ws/src/state_estimator/include/state_estimator/Observers/EKF.hpp:48:15:\x1b[m\x1b[K   required from here\n'}
[51.558028] (state_estimator) StderrLine: {'line': b'\x1b[01m\x1b[K/home/go2/go2_ws/src/muse/muse_ros2/muse_ws/src/state_estimator/include/state_estimator/Observers/EKF.hpp:48:31:\x1b[m\x1b[K \x1b[01;35m\x1b[Kwarning: \x1b[m\x1b[Kunused parameter \xe2\x80\x98\x1b[01m\x1b[Kt\x1b[m\x1b[K\xe2\x80\x99 [\x1b[01;35m\x1b[K\x1b]8;;https://gcc.gnu.org/onlinedocs/gcc/Warning-Options.html#index-Wunused-parameter\x07-Wunused-parameter\x1b]8;;\x07\x1b[m\x1b[K]\n'}
[51.558172] (state_estimator) StderrLine: {'line': b'   48 |         virtual void update(\x1b[01;35m\x1b[KT t\x1b[m\x1b[K, const Eigen::Matrix<T,N3,1> &z) override {\n'}
[51.558300] (state_estimator) StderrLine: {'line': b'      |                             \x1b[01;35m\x1b[K~~^\x1b[m\x1b[K\n'}
[51.558403] (state_estimator) StderrLine: {'line': b'\x1b[01m\x1b[K/home/go2/go2_ws/src/muse/muse_ros2/muse_ws/src/state_estimator/include/state_estimator/Observers/EKF.hpp:48:63:\x1b[m\x1b[K \x1b[01;35m\x1b[Kwarning: \x1b[m\x1b[Kunused parameter \xe2\x80\x98\x1b[01m\x1b[Kz\x1b[m\x1b[K\xe2\x80\x99 [\x1b[01;35m\x1b[K\x1b]8;;https://gcc.gnu.org/onlinedocs/gcc/Warning-Options.html#index-Wunused-parameter\x07-Wunused-parameter\x1b]8;;\x07\x1b[m\x1b[K]\n'}
[51.558508] (state_estimator) StderrLine: {'line': b'   48 |         virtual void update(T t, \x1b[01;35m\x1b[Kconst Eigen::Matrix<T,N3,1> &z\x1b[m\x1b[K) override {\n'}
[51.558607] (state_estimator) StderrLine: {'line': b'      |                                  \x1b[01;35m\x1b[K~~~~~~~~~~~~~~~~~~~~~~~~~~~~~^\x1b[m\x1b[K\n'}
[51.614568] (-) TimerEvent: {}
[51.715065] (-) TimerEvent: {}
[51.815513] (-) TimerEvent: {}
[51.916028] (-) TimerEvent: {}
[52.016529] (-) TimerEvent: {}
[52.116954] (-) TimerEvent: {}
[52.217384] (-) TimerEvent: {}
[52.317823] (-) TimerEvent: {}
[52.418244] (-) TimerEvent: {}
[52.518712] (-) TimerEvent: {}
[52.619101] (-) TimerEvent: {}
[52.719555] (-) TimerEvent: {}
[52.820073] (-) TimerEvent: {}
[52.920655] (-) TimerEvent: {}
[53.021146] (-) TimerEvent: {}
[53.121650] (-) TimerEvent: {}
[53.222151] (-) TimerEvent: {}
[53.322645] (-) TimerEvent: {}
[53.423168] (-) TimerEvent: {}
[53.523685] (-) TimerEvent: {}
[53.624181] (-) TimerEvent: {}
[53.724679] (-) TimerEvent: {}
[53.825117] (-) TimerEvent: {}
[53.925565] (-) TimerEvent: {}
[54.025977] (-) TimerEvent: {}
[54.126457] (-) TimerEvent: {}
[54.226930] (-) TimerEvent: {}
[54.327373] (-) TimerEvent: {}
[54.427831] (-) TimerEvent: {}
[54.528303] (-) TimerEvent: {}
[54.628730] (-) TimerEvent: {}
[54.729238] (-) TimerEvent: {}
[54.829696] (-) TimerEvent: {}
[54.930154] (-) TimerEvent: {}
[55.030624] (-) TimerEvent: {}
[55.131096] (-) TimerEvent: {}
[55.231602] (-) TimerEvent: {}
[55.332012] (-) TimerEvent: {}
[55.432467] (-) TimerEvent: {}
[55.532893] (-) TimerEvent: {}
[55.633390] (-) TimerEvent: {}
[55.733834] (-) TimerEvent: {}
[55.834247] (-) TimerEvent: {}
[55.934702] (-) TimerEvent: {}
[56.035111] (-) TimerEvent: {}
[56.135594] (-) TimerEvent: {}
[56.236100] (-) TimerEvent: {}
[56.271936] (iit_commons) StdoutLine: {'line': b'[ 90%] \x1b[32m\x1b[1mLinking CXX executable rotation-test\x1b[0m\n'}
[56.336251] (-) TimerEvent: {}
[56.436718] (-) TimerEvent: {}
[56.537269] (-) TimerEvent: {}
[56.624529] (iit_commons) StdoutLine: {'line': b'[ 90%] Built target rotation-test\n'}
[56.637407] (-) TimerEvent: {}
[56.737781] (-) TimerEvent: {}
[56.838187] (-) TimerEvent: {}
[56.938676] (-) TimerEvent: {}
[57.039123] (-) TimerEvent: {}
[57.139549] (-) TimerEvent: {}
[57.240058] (-) TimerEvent: {}
[57.340579] (-) TimerEvent: {}
[57.441080] (-) TimerEvent: {}
[57.511450] (state_estimator) StderrLine: {'line': b'In file included from \x1b[01m\x1b[K/home/go2/go2_ws/src/muse/muse_ros2/muse_ws/src/state_estimator/include/state_estimator/Observers/XKF.hpp:4\x1b[m\x1b[K,\n'}
[57.511739] (state_estimator) StderrLine: {'line': b'                 from \x1b[01m\x1b[K/home/go2/go2_ws/src/muse/muse_ros2/muse_ws/src/state_estimator/include/state_estimator/Models/attitude_bias_XKF.hpp:4\x1b[m\x1b[K,\n'}
[57.511900] (state_estimator) StderrLine: {'line': b'                 from \x1b[01m\x1b[K/home/go2/go2_ws/src/muse/muse_ros2/muse_ws/src/state_estimator/src/plugins/attitude_estimation_plugin.cpp:352\x1b[m\x1b[K:\n'}
[57.512041] (state_estimator) StderrLine: {'line': b'/home/go2/go2_ws/src/muse/muse_ros2/muse_ws/src/state_estimator/include/state_estimator/Observers/EKF.hpp: In instantiation of \xe2\x80\x98\x1b[01m\x1b[Kvoid state_estimator::EKFBase<T, N1, N2, N3, N4, N5, N6, N7>::predict(T, const Eigen::Matrix<T, N2, 1>&) [with T = double; int N1 = 7; int N2 = 3; int N3 = 6; int N4 = 7; int N5 = 6; int N6 = 6; int N7 = 6]\x1b[m\x1b[K\xe2\x80\x99:\n'}
[57.512177] (state_estimator) StderrLine: {'line': b'\x1b[01m\x1b[K/home/go2/go2_ws/src/muse/muse_ros2/muse_ws/src/state_estimator/include/state_estimator/Observers/EKF.hpp:40:15:\x1b[m\x1b[K   required from here\n'}
[57.512304] (state_estimator) StderrLine: {'line': b'\x1b[01m\x1b[K/home/go2/go2_ws/src/muse/muse_ros2/muse_ws/src/state_estimator/include/state_estimator/Observers/EKF.hpp:40:32:\x1b[m\x1b[K \x1b[01;35m\x1b[Kwarning: \x1b[m\x1b[Kunused parameter \xe2\x80\x98\x1b[01m\x1b[Kt\x1b[m\x1b[K\xe2\x80\x99 [\x1b[01;35m\x1b[K\x1b]8;;https://gcc.gnu.org/onlinedocs/gcc/Warning-Options.html#index-Wunused-parameter\x07-Wunused-parameter\x1b]8;;\x07\x1b[m\x1b[K]\n'}
[57.512431] (state_estimator) StderrLine: {'line': b'   40 |         virtual void predict(\x1b[01;35m\x1b[KT t\x1b[m\x1b[K, const Eigen::Matrix<T,N2,1> &u) override\n'}
[57.512554] (state_estimator) StderrLine: {'line': b'      |                              \x1b[01;35m\x1b[K~~^\x1b[m\x1b[K\n'}
[57.512671] (state_estimator) StderrLine: {'line': b'\x1b[01m\x1b[K/home/go2/go2_ws/src/muse/muse_ros2/muse_ws/src/state_estimator/include/state_estimator/Observers/EKF.hpp:40:64:\x1b[m\x1b[K \x1b[01;35m\x1b[Kwarning: \x1b[m\x1b[Kunused parameter \xe2\x80\x98\x1b[01m\x1b[Ku\x1b[m\x1b[K\xe2\x80\x99 [\x1b[01;35m\x1b[K\x1b]8;;https://gcc.gnu.org/onlinedocs/gcc/Warning-Options.html#index-Wunused-parameter\x07-Wunused-parameter\x1b]8;;\x07\x1b[m\x1b[K]\n'}
[57.512794] (state_estimator) StderrLine: {'line': b'   40 |         virtual void predict(T t, \x1b[01;35m\x1b[Kconst Eigen::Matrix<T,N2,1> &u\x1b[m\x1b[K) override\n'}
[57.512977] (state_estimator) StderrLine: {'line': b'      |                                   \x1b[01;35m\x1b[K~~~~~~~~~~~~~~~~~~~~~~~~~~~~~^\x1b[m\x1b[K\n'}
[57.513108] (state_estimator) StderrLine: {'line': b'/home/go2/go2_ws/src/muse/muse_ros2/muse_ws/src/state_estimator/include/state_estimator/Observers/EKF.hpp: In instantiation of \xe2\x80\x98\x1b[01m\x1b[Kvoid state_estimator::EKFBase<T, N1, N2, N3, N4, N5, N6, N7>::update(T, const Eigen::Matrix<T, N3, 1>&) [with T = double; int N1 = 7; int N2 = 3; int N3 = 6; int N4 = 7; int N5 = 6; int N6 = 6; int N7 = 6]\x1b[m\x1b[K\xe2\x80\x99:\n'}
[57.513273] (state_estimator) StderrLine: {'line': b'\x1b[01m\x1b[K/home/go2/go2_ws/src/muse/muse_ros2/muse_ws/src/state_estimator/include/state_estimator/Observers/EKF.hpp:48:15:\x1b[m\x1b[K   required from here\n'}
[57.513376] (state_estimator) StderrLine: {'line': b'\x1b[01m\x1b[K/home/go2/go2_ws/src/muse/muse_ros2/muse_ws/src/state_estimator/include/state_estimator/Observers/EKF.hpp:48:31:\x1b[m\x1b[K \x1b[01;35m\x1b[Kwarning: \x1b[m\x1b[Kunused parameter \xe2\x80\x98\x1b[01m\x1b[Kt\x1b[m\x1b[K\xe2\x80\x99 [\x1b[01;35m\x1b[K\x1b]8;;https://gcc.gnu.org/onlinedocs/gcc/Warning-Options.html#index-Wunused-parameter\x07-Wunused-parameter\x1b]8;;\x07\x1b[m\x1b[K]\n'}
[57.513474] (state_estimator) StderrLine: {'line': b'   48 |         virtual void update(\x1b[01;35m\x1b[KT t\x1b[m\x1b[K, const Eigen::Matrix<T,N3,1> &z) override {\n'}
[57.513567] (state_estimator) StderrLine: {'line': b'      |                             \x1b[01;35m\x1b[K~~^\x1b[m\x1b[K\n'}
[57.513659] (state_estimator) StderrLine: {'line': b'\x1b[01m\x1b[K/home/go2/go2_ws/src/muse/muse_ros2/muse_ws/src/state_estimator/include/state_estimator/Observers/EKF.hpp:48:63:\x1b[m\x1b[K \x1b[01;35m\x1b[Kwarning: \x1b[m\x1b[Kunused parameter \xe2\x80\x98\x1b[01m\x1b[Kz\x1b[m\x1b[K\xe2\x80\x99 [\x1b[01;35m\x1b[K\x1b]8;;https://gcc.gnu.org/onlinedocs/gcc/Warning-Options.html#index-Wunused-parameter\x07-Wunused-parameter\x1b]8;;\x07\x1b[m\x1b[K]\n'}
[57.513768] (state_estimator) StderrLine: {'line': b'   48 |         virtual void update(T t, \x1b[01;35m\x1b[Kconst Eigen::Matrix<T,N3,1> &z\x1b[m\x1b[K) override {\n'}
[57.513864] (state_estimator) StderrLine: {'line': b'      |                                  \x1b[01;35m\x1b[K~~~~~~~~~~~~~~~~~~~~~~~~~~~~~^\x1b[m\x1b[K\n'}
[57.541237] (-) TimerEvent: {}
[57.641626] (-) TimerEvent: {}
[57.742021] (-) TimerEvent: {}
[57.842526] (-) TimerEvent: {}
[57.885964] (iit_commons) StderrLine: {'line': b'\x1b[01m\x1b[K/home/go2/go2_ws/src/muse/muse_ros2/muse_ws/src/iit_commons/include/iit_commons/commons/planning/planning.h:\x1b[m\x1b[K At global scope:\n'}
[57.886401] (iit_commons) StderrLine: {'line': b'\x1b[01m\x1b[K/home/go2/go2_ws/src/muse/muse_ros2/muse_ws/src/iit_commons/include/iit_commons/commons/planning/planning.h:207:13:\x1b[m\x1b[K \x1b[01;35m\x1b[Kwarning: \x1b[m\x1b[K\xe2\x80\x98\x1b[01m\x1b[Kvoid iit::planning::CounterClockwiseSort(std::vector<Eigen::Matrix<double, 3, 1> >&, std::vector<int>&)\x1b[m\x1b[K\xe2\x80\x99 defined but not used [\x1b[01;35m\x1b[K\x1b]8;;https://gcc.gnu.org/onlinedocs/gcc/Warning-Options.html#index-Wunused-function\x07-Wunused-function\x1b]8;;\x07\x1b[m\x1b[K]\n'}
[57.886546] (iit_commons) StderrLine: {'line': b'  207 | static void \x1b[01;35m\x1b[KCounterClockwiseSort\x1b[m\x1b[K(std::vector<Eigen::Vector3d>& p, std::vector<int> & index_map)\n'}
[57.886655] (iit_commons) StderrLine: {'line': b'      |             \x1b[01;35m\x1b[K^~~~~~~~~~~~~~~~~~~~\x1b[m\x1b[K\n'}
[57.886764] (iit_commons) StderrLine: {'line': b'\x1b[01m\x1b[K/home/go2/go2_ws/src/muse/muse_ros2/muse_ws/src/iit_commons/include/iit_commons/commons/planning/planning.h:158:13:\x1b[m\x1b[K \x1b[01;35m\x1b[Kwarning: \x1b[m\x1b[K\xe2\x80\x98\x1b[01m\x1b[Kvoid iit::planning::ClockwiseSort(std::vector<Eigen::Matrix<double, 3, 1> >&)\x1b[m\x1b[K\xe2\x80\x99 defined but not used [\x1b[01;35m\x1b[K\x1b]8;;https://gcc.gnu.org/onlinedocs/gcc/Warning-Options.html#index-Wunused-function\x07-Wunused-function\x1b]8;;\x07\x1b[m\x1b[K]\n'}
[57.886880] (iit_commons) StderrLine: {'line': b'  158 | static void \x1b[01;35m\x1b[KClockwiseSort\x1b[m\x1b[K(std::vector<Eigen::Vector3d>& p)\n'}
[57.886991] (iit_commons) StderrLine: {'line': b'      |             \x1b[01;35m\x1b[K^~~~~~~~~~~~~\x1b[m\x1b[K\n'}
[57.942722] (-) TimerEvent: {}
[58.043208] (-) TimerEvent: {}
[58.143685] (-) TimerEvent: {}
[58.244168] (-) TimerEvent: {}
[58.344648] (-) TimerEvent: {}
[58.445154] (-) TimerEvent: {}
[58.545581] (-) TimerEvent: {}
[58.646007] (-) TimerEvent: {}
[58.746401] (-) TimerEvent: {}
[58.802643] (iit_commons) StdoutLine: {'line': b'[ 95%] \x1b[32m\x1b[1mLinking CXX executable planning-test\x1b[0m\n'}
[58.846548] (-) TimerEvent: {}
[58.946992] (-) TimerEvent: {}
[59.047477] (-) TimerEvent: {}
[59.147913] (-) TimerEvent: {}
[59.164224] (iit_commons) StdoutLine: {'line': b'[ 95%] Built target planning-test\n'}
[59.248089] (-) TimerEvent: {}
[59.348498] (-) TimerEvent: {}
[59.448918] (-) TimerEvent: {}
[59.549294] (-) TimerEvent: {}
[59.649670] (-) TimerEvent: {}
[59.750038] (-) TimerEvent: {}
[59.850484] (-) TimerEvent: {}
[59.950898] (-) TimerEvent: {}
[60.051394] (-) TimerEvent: {}
[60.136330] (iit_commons) StderrLine: {'line': b'\x1b[01m\x1b[K/home/go2/go2_ws/src/muse/muse_ros2/muse_ws/src/iit_commons/include/iit_commons/commons/planning/planning.h:\x1b[m\x1b[K At global scope:\n'}
[60.136604] (iit_commons) StderrLine: {'line': b'\x1b[01m\x1b[K/home/go2/go2_ws/src/muse/muse_ros2/muse_ws/src/iit_commons/include/iit_commons/commons/planning/planning.h:207:13:\x1b[m\x1b[K \x1b[01;35m\x1b[Kwarning: \x1b[m\x1b[K\xe2\x80\x98\x1b[01m\x1b[Kvoid iit::planning::CounterClockwiseSort(std::vector<Eigen::Matrix<double, 3, 1> >&, std::vector<int>&)\x1b[m\x1b[K\xe2\x80\x99 defined but not used [\x1b[01;35m\x1b[K\x1b]8;;https://gcc.gnu.org/onlinedocs/gcc/Warning-Options.html#index-Wunused-function\x07-Wunused-function\x1b]8;;\x07\x1b[m\x1b[K]\n'}
[60.136734] (iit_commons) StderrLine: {'line': b'  207 | static void \x1b[01;35m\x1b[KCounterClockwiseSort\x1b[m\x1b[K(std::vector<Eigen::Vector3d>& p, std::vector<int> & index_map)\n'}
[60.136857] (iit_commons) StderrLine: {'line': b'      |             \x1b[01;35m\x1b[K^~~~~~~~~~~~~~~~~~~~\x1b[m\x1b[K\n'}
[60.137004] (iit_commons) StderrLine: {'line': b'\x1b[01m\x1b[K/home/go2/go2_ws/src/muse/muse_ros2/muse_ws/src/iit_commons/include/iit_commons/commons/planning/planning.h:158:13:\x1b[m\x1b[K \x1b[01;35m\x1b[Kwarning: \x1b[m\x1b[K\xe2\x80\x98\x1b[01m\x1b[Kvoid iit::planning::ClockwiseSort(std::vector<Eigen::Matrix<double, 3, 1> >&)\x1b[m\x1b[K\xe2\x80\x99 defined but not used [\x1b[01;35m\x1b[K\x1b]8;;https://gcc.gnu.org/onlinedocs/gcc/Warning-Options.html#index-Wunused-function\x07-Wunused-function\x1b]8;;\x07\x1b[m\x1b[K]\n'}
[60.137124] (iit_commons) StderrLine: {'line': b'  158 | static void \x1b[01;35m\x1b[KClockwiseSort\x1b[m\x1b[K(std::vector<Eigen::Vector3d>& p)\n'}
[60.137231] (iit_commons) StderrLine: {'line': b'      |             \x1b[01;35m\x1b[K^~~~~~~~~~~~~\x1b[m\x1b[K\n'}
[60.151563] (-) TimerEvent: {}
[60.251962] (-) TimerEvent: {}
[60.352343] (-) TimerEvent: {}
[60.452758] (-) TimerEvent: {}
[60.553227] (-) TimerEvent: {}
[60.599612] (iit_commons) StdoutLine: {'line': b'[100%] \x1b[32m\x1b[1mLinking CXX executable vm-test\x1b[0m\n'}
[60.653410] (-) TimerEvent: {}
[60.753875] (-) TimerEvent: {}
[60.854429] (-) TimerEvent: {}
[60.947033] (iit_commons) StdoutLine: {'line': b'[100%] Built target vm-test\n'}
[60.954582] (-) TimerEvent: {}
[60.964494] (iit_commons) CommandEnded: {'returncode': 0}
[60.965888] (iit_commons) JobProgress: {'identifier': 'iit_commons', 'progress': 'install'}
[60.967212] (iit_commons) Command: {'cmd': ['/usr/bin/cmake', '--install', '/home/go2/go2_ws/src/muse/muse_ros2/muse_ws/build/iit_commons'], 'cwd': '/home/go2/go2_ws/src/muse/muse_ros2/muse_ws/build/iit_commons', 'env': OrderedDict([('LESSOPEN', '| /usr/bin/lesspipe %s'), ('USER', 'go2'), ('GIT_ASKPASS', '/home/go2/.vscode-server/bin/7d842fb85a0275a4a8e4d7e040d2625abbf7f084/extensions/git/dist/askpass.sh'), ('SHLVL', '2'), ('LD_LIBRARY_PATH', '/home/go2/go2_ws/src/muse/muse_ros2/muse_ws/install/state_estimator/lib:/home/go2/go2_ws/src/muse/muse_ros2/muse_ws/install/state_estimator_msgs/lib:/home/go2/go2_ws/src/muse/muse_ros2/muse_ws/install/kiss_icp/lib:/home/go2/go2_ws/src/muse/muse_ros2/muse_ws/install/iit_commons/lib:/opt/ros/humble/opt/rviz_ogre_vendor/lib:/opt/ros/humble/lib/x86_64-linux-gnu:/opt/ros/humble/lib'), ('HOME', '/home/go2'), ('OLDPWD', '/home/go2/go2_ws/src/muse/muse_ros2'), ('TERM_PROGRAM_VERSION', '1.105.1'), ('VSCODE_IPC_HOOK_CLI', '/run/user/1000/vscode-ipc-fd71f093-931c-4aa7-9729-3fcba30fa958.sock'), ('ROS_PYTHON_VERSION', '3'), ('VSCODE_GIT_ASKPASS_MAIN', '/home/go2/.vscode-server/bin/7d842fb85a0275a4a8e4d7e040d2625abbf7f084/extensions/git/dist/askpass-main.js'), ('VSCODE_GIT_ASKPASS_NODE', '/home/go2/.vscode-server/bin/7d842fb85a0275a4a8e4d7e040d2625abbf7f084/node'), ('VSCODE_PYTHON_AUTOACTIVATE_GUARD', '1'), ('DBUS_SESSION_BUS_ADDRESS', 'unix:path=/run/user/1000/bus'), ('COLORTERM', 'truecolor'), ('WSL_DISTRO_NAME', 'Ubuntu-22.04'), ('WAYLAND_DISPLAY', 'wayland-0'), ('COLCON_PREFIX_PATH', '/home/go2/go2_ws/src/muse/muse_ros2/muse_ws/install:/home/go2/go2_ws/install'), ('ROS_DISTRO', 'humble'), ('LOGNAME', 'go2'), ('NAME', 'Code'), ('WSL_INTEROP', '/run/WSL/705_interop'), ('PULSE_SERVER', 'unix:/mnt/wslg/PulseServer'), ('_', '/usr/bin/colcon'), ('ROS_VERSION', '2'), ('TERM', 'xterm-256color'), ('ROS_LOCALHOST_ONLY', '0'), ('PATH', '/home/go2/.vscode-server/bin/7d842fb85a0275a4a8e4d7e040d2625abbf7f084/bin/remote-cli:/opt/ros/humble/bin:/usr/local/sbin:/usr/local/bin:/usr/sbin:/usr/bin:/sbin:/bin:/usr/games:/usr/local/games:/usr/lib/wsl/lib:/mnt/c/Program Files/Common Files/Siemens/Automation/Simatic OAM/bin:/mnt/c/Program Files/Python310/Scripts/:/mnt/c/Program Files/Python310/:/mnt/c/Program Files (x86)/Razer/ChromaBroadcast/bin:/mnt/c/Program Files/Razer/ChromaBroadcast/bin:/mnt/c/WINDOWS/system32:/mnt/c/WINDOWS:/mnt/c/WINDOWS/System32/Wbem:/mnt/c/WINDOWS/System32/WindowsPowerShell/v1.0/:/mnt/c/WINDOWS/System32/OpenSSH/:/mnt/c/Program Files/dotnet/:/mnt/c/WINDOWS/system32:/mnt/c/WINDOWS:/mnt/c/WINDOWS/System32/Wbem:/mnt/c/WINDOWS/System32/WindowsPowerShell/v1.0/:/mnt/c/WINDOWS/System32/OpenSSH/:/mnt/c/Program Files/Git/cmd:/mnt/c/Users/LABID/AppData/Local/Microsoft/WindowsApps:/mnt/c/Program Files/Docker/Docker/resources/bin:/mnt/c/Users/LABID/AppData/Local/Programs/Microsoft VS Code/bin:/snap/bin'), ('XDG_RUNTIME_DIR', '/run/user/1000/'), ('DISPLAY', ':0'), ('LANG', 'en_US.UTF-8'), ('LS_COLORS', 'rs=0:di=01;34:ln=01;36:mh=00:pi=40;33:so=01;35:do=01;35:bd=40;33;01:cd=40;33;01:or=40;31;01:mi=00:su=37;41:sg=30;43:ca=30;41:tw=30;42:ow=34;42:st=37;44:ex=01;32:*.tar=01;31:*.tgz=01;31:*.arc=01;31:*.arj=01;31:*.taz=01;31:*.lha=01;31:*.lz4=01;31:*.lzh=01;31:*.lzma=01;31:*.tlz=01;31:*.txz=01;31:*.tzo=01;31:*.t7z=01;31:*.zip=01;31:*.z=01;31:*.dz=01;31:*.gz=01;31:*.lrz=01;31:*.lz=01;31:*.lzo=01;31:*.xz=01;31:*.zst=01;31:*.tzst=01;31:*.bz2=01;31:*.bz=01;31:*.tbz=01;31:*.tbz2=01;31:*.tz=01;31:*.deb=01;31:*.rpm=01;31:*.jar=01;31:*.war=01;31:*.ear=01;31:*.sar=01;31:*.rar=01;31:*.alz=01;31:*.ace=01;31:*.zoo=01;31:*.cpio=01;31:*.7z=01;31:*.rz=01;31:*.cab=01;31:*.wim=01;31:*.swm=01;31:*.dwm=01;31:*.esd=01;31:*.jpg=01;35:*.jpeg=01;35:*.mjpg=01;35:*.mjpeg=01;35:*.gif=01;35:*.bmp=01;35:*.pbm=01;35:*.pgm=01;35:*.ppm=01;35:*.tga=01;35:*.xbm=01;35:*.xpm=01;35:*.tif=01;35:*.tiff=01;35:*.png=01;35:*.svg=01;35:*.svgz=01;35:*.mng=01;35:*.pcx=01;35:*.mov=01;35:*.mpg=01;35:*.mpeg=01;35:*.m2v=01;35:*.mkv=01;35:*.webm=01;35:*.webp=01;35:*.ogm=01;35:*.mp4=01;35:*.m4v=01;35:*.mp4v=01;35:*.vob=01;35:*.qt=01;35:*.nuv=01;35:*.wmv=01;35:*.asf=01;35:*.rm=01;35:*.rmvb=01;35:*.flc=01;35:*.avi=01;35:*.fli=01;35:*.flv=01;35:*.gl=01;35:*.dl=01;35:*.xcf=01;35:*.xwd=01;35:*.yuv=01;35:*.cgm=01;35:*.emf=01;35:*.ogv=01;35:*.ogx=01;35:*.aac=00;36:*.au=00;36:*.flac=00;36:*.m4a=00;36:*.mid=00;36:*.midi=00;36:*.mka=00;36:*.mp3=00;36:*.mpc=00;36:*.ogg=00;36:*.ra=00;36:*.wav=00;36:*.oga=00;36:*.opus=00;36:*.spx=00;36:*.xspf=00;36:'), ('VSCODE_GIT_IPC_HANDLE', '/run/user/1000/vscode-git-791eacad74.sock'), ('TERM_PROGRAM', 'vscode'), ('AMENT_PREFIX_PATH', '/home/go2/go2_ws/install/go2_description:/home/go2/go2_ws/src/muse/muse_ros2/muse_ws/install/state_estimator:/home/go2/go2_ws/src/muse/muse_ros2/muse_ws/install/state_estimator_msgs:/home/go2/go2_ws/src/muse/muse_ros2/muse_ws/install/kiss_icp:/home/go2/go2_ws/src/muse/muse_ros2/muse_ws/install/iit_commons:/opt/ros/humble'), ('SHELL', '/bin/bash'), ('LESSCLOSE', '/usr/bin/lesspipe %s %s'), ('VSCODE_GIT_ASKPASS_EXTRA_ARGS', ''), ('PWD', '/home/go2/go2_ws/src/muse/muse_ros2/muse_ws/build/iit_commons'), ('XDG_DATA_DIRS', '/usr/local/share:/usr/share:/var/lib/snapd/desktop'), ('PYTHONPATH', '/home/go2/go2_ws/src/muse/muse_ros2/muse_ws/install/state_estimator_msgs/local/lib/python3.10/dist-packages:/opt/ros/humble/lib/python3.10/site-packages:/opt/ros/humble/local/lib/python3.10/dist-packages'), ('COLCON', '1'), ('WSL2_GUI_APPS_ENABLED', '1'), ('HOSTTYPE', 'x86_64'), ('CMAKE_PREFIX_PATH', '/home/go2/go2_ws/install/go2_description:/home/go2/go2_ws/src/muse/muse_ros2/muse_ws/install/state_estimator:/home/go2/go2_ws/src/muse/muse_ros2/muse_ws/install/state_estimator_msgs:/home/go2/go2_ws/src/muse/muse_ros2/muse_ws/install/kiss_icp:/home/go2/go2_ws/src/muse/muse_ros2/muse_ws/install/iit_commons:/opt/ros/humble'), ('WSLENV', 'ELECTRON_RUN_AS_NODE/w:')]), 'shell': False}
[60.977283] (iit_commons) StdoutLine: {'line': b'-- Install configuration: ""\n'}
[60.978413] (iit_commons) StdoutLine: {'line': b'-- Installing: /home/go2/go2_ws/src/muse/muse_ros2/muse_ws/install/iit_commons/lib/libiitcommons.so\n'}
[60.983531] (iit_commons) StdoutLine: {'line': b'-- Installing: /home/go2/go2_ws/src/muse/muse_ros2/muse_ws/install/iit_commons/include\n'}
[60.984317] (iit_commons) StdoutLine: {'line': b'-- Installing: /home/go2/go2_ws/src/muse/muse_ros2/muse_ws/install/iit_commons/include/iit_commons\n'}
[60.985168] (iit_commons) StdoutLine: {'line': b'-- Installing: /home/go2/go2_ws/src/muse/muse_ros2/muse_ws/install/iit_commons/include/iit_commons/commons\n'}
[60.986329] (iit_commons) StdoutLine: {'line': b'-- Installing: /home/go2/go2_ws/src/muse/muse_ros2/muse_ws/install/iit_commons/include/iit_commons/commons/four_bar_linkage.h\n'}
[60.986842] (iit_commons) StdoutLine: {'line': b'-- Installing: /home/go2/go2_ws/src/muse/muse_ros2/muse_ws/install/iit_commons/include/iit_commons/commons/filters.h\n'}
[60.986997] (iit_commons) StdoutLine: {'line': b'-- Installing: /home/go2/go2_ws/src/muse/muse_ros2/muse_ws/install/iit_commons/include/iit_commons/commons/SL\n'}
[60.987607] (iit_commons) StdoutLine: {'line': b'-- Installing: /home/go2/go2_ws/src/muse/muse_ros2/muse_ws/install/iit_commons/include/iit_commons/commons/SL/eigen_conversion.h\n'}
[60.987916] (iit_commons) StdoutLine: {'line': b'-- Installing: /home/go2/go2_ws/src/muse/muse_ros2/muse_ws/install/iit_commons/include/iit_commons/commons/SL/rbd_conversion.h\n'}
[60.988144] (iit_commons) StdoutLine: {'line': b'-- Installing: /home/go2/go2_ws/src/muse/muse_ros2/muse_ws/install/iit_commons/include/iit_commons/commons/SL/generic_dynamics.h\n'}
[60.988396] (iit_commons) StdoutLine: {'line': b'-- Installing: /home/go2/go2_ws/src/muse/muse_ros2/muse_ws/install/iit_commons/include/iit_commons/commons/SL/joint_status_conversion.h\n'}
[60.988659] (iit_commons) StdoutLine: {'line': b'-- Installing: /home/go2/go2_ws/src/muse/muse_ros2/muse_ws/install/iit_commons/include/iit_commons/commons/planning\n'}
[60.989573] (iit_commons) StdoutLine: {'line': b'-- Installing: /home/go2/go2_ws/src/muse/muse_ros2/muse_ws/install/iit_commons/include/iit_commons/commons/planning/planning.h\n'}
[60.989901] (iit_commons) StdoutLine: {'line': b'-- Installing: /home/go2/go2_ws/src/muse/muse_ros2/muse_ws/install/iit_commons/include/iit_commons/commons/control\n'}
[60.990656] (iit_commons) StdoutLine: {'line': b'-- Installing: /home/go2/go2_ws/src/muse/muse_ros2/muse_ws/install/iit_commons/include/iit_commons/commons/control/VirtualModel.hpp\n'}
[60.990914] (iit_commons) StdoutLine: {'line': b'-- Installing: /home/go2/go2_ws/src/muse/muse_ros2/muse_ws/install/iit_commons/include/iit_commons/commons/yaml_config\n'}
[60.991746] (iit_commons) StdoutLine: {'line': b'-- Installing: /home/go2/go2_ws/src/muse/muse_ros2/muse_ws/install/iit_commons/include/iit_commons/commons/yaml_config/yaml_config.h\n'}
[60.992054] (iit_commons) StdoutLine: {'line': b'-- Installing: /home/go2/go2_ws/src/muse/muse_ros2/muse_ws/install/iit_commons/include/iit_commons/commons/geometry\n'}
[60.992781] (iit_commons) StdoutLine: {'line': b'-- Installing: /home/go2/go2_ws/src/muse/muse_ros2/muse_ws/install/iit_commons/include/iit_commons/commons/geometry/algebra.h\n'}
[60.993128] (iit_commons) StdoutLine: {'line': b'-- Installing: /home/go2/go2_ws/src/muse/muse_ros2/muse_ws/install/iit_commons/include/iit_commons/commons/geometry/polygon.h\n'}
[60.993353] (iit_commons) StdoutLine: {'line': b'-- Installing: /home/go2/go2_ws/src/muse/muse_ros2/muse_ws/install/iit_commons/include/iit_commons/commons/geometry/rotations.h\n'}
[60.993597] (iit_commons) StdoutLine: {'line': b'-- Installing: /home/go2/go2_ws/src/muse/muse_ros2/muse_ws/install/iit_commons/include/iit_commons/commons/dog\n'}
[60.994156] (iit_commons) StdoutLine: {'line': b'-- Installing: /home/go2/go2_ws/src/muse/muse_ros2/muse_ws/install/iit_commons/include/iit_commons/commons/dog/feet_contact_forces.h\n'}
[60.994447] (iit_commons) StdoutLine: {'line': b'-- Installing: /home/go2/go2_ws/src/muse/muse_ros2/muse_ws/install/iit_commons/include/iit_commons/commons/dog/leg_bool_map.h\n'}
[60.994909] (iit_commons) StdoutLine: {'line': b'-- Installing: /home/go2/go2_ws/src/muse/muse_ros2/muse_ws/install/iit_commons/include/iit_commons/commons/dog/leg_data_map.h\n'}
[60.995098] (iit_commons) StdoutLine: {'line': b'-- Installing: /home/go2/go2_ws/src/muse/muse_ros2/muse_ws/install/iit_commons/include/iit_commons/commons/dog/declarations.h\n'}
[60.995546] (iit_commons) StdoutLine: {'line': b'-- Installing: /home/go2/go2_ws/src/muse/muse_ros2/muse_ws/install/iit_commons/include/iit_commons/commons/dog/joint_bool_map.h\n'}
[60.995737] (iit_commons) StdoutLine: {'line': b'-- Installing: /home/go2/go2_ws/src/muse/muse_ros2/muse_ws/install/iit_commons/include/iit_commons/commons/dog/inertia_properties.h\n'}
[60.996194] (iit_commons) StdoutLine: {'line': b'-- Installing: /home/go2/go2_ws/src/muse/muse_ros2/muse_ws/install/iit_commons/include/iit_commons/commons/dog/forward_kinematics.h\n'}
[60.996329] (iit_commons) StdoutLine: {'line': b'-- Installing: /home/go2/go2_ws/src/muse/muse_ros2/muse_ws/install/iit_commons/include/iit_commons/commons/dog/test_k.h\n'}
[60.996523] (iit_commons) StdoutLine: {'line': b'-- Installing: /home/go2/go2_ws/src/muse/muse_ros2/muse_ws/install/iit_commons/include/iit_commons/commons/dog/kin_dyn_params.h\n'}
[60.996964] (iit_commons) StdoutLine: {'line': b'-- Installing: /home/go2/go2_ws/src/muse/muse_ros2/muse_ws/install/iit_commons/include/iit_commons/commons/dog/transforms.h\n'}
[60.997153] (iit_commons) StdoutLine: {'line': b'-- Installing: /home/go2/go2_ws/src/muse/muse_ros2/muse_ws/install/iit_commons/include/iit_commons/commons/dog/test_fk.h\n'}
[60.997367] (iit_commons) StdoutLine: {'line': b'-- Installing: /home/go2/go2_ws/src/muse/muse_ros2/muse_ws/install/iit_commons/include/iit_commons/commons/dog/joint_data_map.h\n'}
[60.997494] (iit_commons) StdoutLine: {'line': b'-- Installing: /home/go2/go2_ws/src/muse/muse_ros2/muse_ws/install/iit_commons/include/iit_commons/commons/dog/dog.hpp\n'}
[60.997889] (iit_commons) StdoutLine: {'line': b'-- Installing: /home/go2/go2_ws/src/muse/muse_ros2/muse_ws/install/iit_commons/include/iit_commons/commons/dog/jsim.h\n'}
[60.998218] (iit_commons) StdoutLine: {'line': b'-- Installing: /home/go2/go2_ws/src/muse/muse_ros2/muse_ws/install/iit_commons/include/iit_commons/commons/dog/joint_id_tricks.h\n'}
[60.998422] (iit_commons) StdoutLine: {'line': b'-- Installing: /home/go2/go2_ws/src/muse/muse_ros2/muse_ws/install/iit_commons/include/iit_commons/commons/dog/inverse_kinematics.h\n'}
[60.998874] (iit_commons) StdoutLine: {'line': b'-- Installing: /home/go2/go2_ws/src/muse/muse_ros2/muse_ws/install/iit_commons/include/iit_commons/commons/dog/link_data_map.h\n'}
[60.999008] (iit_commons) StdoutLine: {'line': b'-- Installing: /home/go2/go2_ws/src/muse/muse_ros2/muse_ws/install/iit_commons/include/iit_commons/commons/dog/robot_limits.h\n'}
[60.999203] (iit_commons) StdoutLine: {'line': b'-- Installing: /home/go2/go2_ws/src/muse/muse_ros2/muse_ws/install/iit_commons/include/iit_commons/commons/dog/feet_jacobians.h\n'}
[60.999367] (iit_commons) StdoutLine: {'line': b'-- Installing: /home/go2/go2_ws/src/muse/muse_ros2/muse_ws/install/iit_commons/include/iit_commons/commons/dog/body_lengths.h\n'}
[61.000045] (iit_commons) StdoutLine: {'line': b'-- Installing: /home/go2/go2_ws/src/muse/muse_ros2/muse_ws/install/iit_commons/include/iit_commons/commons/dog/shin_jacobians.h\n'}
[61.000280] (iit_commons) StdoutLine: {'line': b'-- Installing: /home/go2/go2_ws/src/muse/muse_ros2/muse_ws/install/iit_commons/include/iit_commons/commons/dog/inverse_dynamics.h\n'}
[61.000737] (iit_commons) StdoutLine: {'line': b'-- Installing: /home/go2/go2_ws/src/muse/muse_ros2/muse_ws/install/iit_commons/include/iit_commons/commons/control.h\n'}
[61.001017] (iit_commons) StdoutLine: {'line': b'-- Installing: /home/go2/go2_ws/src/muse/muse_ros2/muse_ws/install/iit_commons/include/iit_commons/commons/eigen_matrix_utils.h\n'}
[61.006165] (iit_commons) StdoutLine: {'line': b'-- Installing: /home/go2/go2_ws/src/muse/muse_ros2/muse_ws/install/iit_commons/include/iit_commons/commons/euler_angles\n'}
[61.006997] (iit_commons) StdoutLine: {'line': b'-- Installing: /home/go2/go2_ws/src/muse/muse_ros2/muse_ws/install/iit_commons/include/iit_commons/commons/euler_angles/transforms_internal.h\n'}
[61.007365] (iit_commons) StdoutLine: {'line': b'-- Installing: /home/go2/go2_ws/src/muse/muse_ros2/muse_ws/install/iit_commons/include/iit_commons/commons/euler_angles/common.h\n'}
[61.007688] (iit_commons) StdoutLine: {'line': b'-- Installing: /home/go2/go2_ws/src/muse/muse_ros2/muse_ws/install/iit_commons/include/iit_commons/commons/euler_angles/transform.h\n'}
[61.008017] (iit_commons) StdoutLine: {'line': b'-- Installing: /home/go2/go2_ws/src/muse/muse_ros2/muse_ws/install/iit_commons/include/iit_commons/commons/euler_angles/eigen_traits.h\n'}
[61.008279] (iit_commons) StdoutLine: {'line': b'-- Installing: /home/go2/go2_ws/src/muse/muse_ros2/muse_ws/install/iit_commons/include/iit_commons/commons/hydraulics.h\n'}
[61.008579] (iit_commons) StdoutLine: {'line': b'-- Installing: /home/go2/go2_ws/src/muse/muse_ros2/muse_ws/install/iit_commons/include/iit_commons/robcogen\n'}
[61.009571] (iit_commons) StdoutLine: {'line': b'-- Installing: /home/go2/go2_ws/src/muse/muse_ros2/muse_ws/install/iit_commons/include/iit_commons/robcogen/test\n'}
[61.010446] (iit_commons) StdoutLine: {'line': b'-- Installing: /home/go2/go2_ws/src/muse/muse_ros2/muse_ws/install/iit_commons/include/iit_commons/robcogen/test/dynamics_cmd_line.h\n'}
[61.010713] (iit_commons) StdoutLine: {'line': b'-- Installing: /home/go2/go2_ws/src/muse/muse_ros2/muse_ws/install/iit_commons/include/iit_commons/robcogen/test/dynamics_consistency.h\n'}
[61.010982] (iit_commons) StdoutLine: {'line': b'-- Installing: /home/go2/go2_ws/src/muse/muse_ros2/muse_ws/install/iit_commons/include/iit_commons/robcogen/utils.h\n'}
[61.011234] (iit_commons) StdoutLine: {'line': b'-- Installing: /home/go2/go2_ws/src/muse/muse_ros2/muse_ws/install/iit_commons/include/iit_commons/rbd\n'}
[61.012109] (iit_commons) StdoutLine: {'line': b'-- Installing: /home/go2/go2_ws/src/muse/muse_ros2/muse_ws/install/iit_commons/include/iit_commons/rbd/TransformsBase.h\n'}
[61.012408] (iit_commons) StdoutLine: {'line': b'-- Installing: /home/go2/go2_ws/src/muse/muse_ros2/muse_ws/install/iit_commons/include/iit_commons/rbd/rbd.h\n'}
[61.012676] (iit_commons) StdoutLine: {'line': b'-- Installing: /home/go2/go2_ws/src/muse/muse_ros2/muse_ws/install/iit_commons/include/iit_commons/rbd/robcogen_commons.h\n'}
[61.013017] (iit_commons) StdoutLine: {'line': b'-- Installing: /home/go2/go2_ws/src/muse/muse_ros2/muse_ws/install/iit_commons/include/iit_commons/rbd/StateDependentBase.h\n'}
[61.013330] (iit_commons) StdoutLine: {'line': b'-- Installing: /home/go2/go2_ws/src/muse/muse_ros2/muse_ws/install/iit_commons/include/iit_commons/rbd/StateDependentMatrix.h\n'}
[61.013575] (iit_commons) StdoutLine: {'line': b'-- Installing: /home/go2/go2_ws/src/muse/muse_ros2/muse_ws/install/iit_commons/include/iit_commons/rbd/utils.h\n'}
[61.013827] (iit_commons) StdoutLine: {'line': b'-- Installing: /home/go2/go2_ws/src/muse/muse_ros2/muse_ws/install/iit_commons/include/iit_commons/rbd/internals.h\n'}
[61.014077] (iit_commons) StdoutLine: {'line': b'-- Installing: /home/go2/go2_ws/src/muse/muse_ros2/muse_ws/install/iit_commons/include/iit_commons/rbd/InertiaMatrix.h\n'}
[61.014325] (iit_commons) StdoutLine: {'line': b'-- Installing: /home/go2/go2_ws/src/muse/muse_ros2/muse_ws/install/iit_commons/include/iit_commons/rbd/eigen_traits.h\n'}
[61.016214] (iit_commons) StdoutLine: {'line': b'-- Installing: /home/go2/go2_ws/src/muse/muse_ros2/muse_ws/install/iit_commons/share/iit_commons/environment/library_path.sh\n'}
[61.016556] (iit_commons) StdoutLine: {'line': b'-- Installing: /home/go2/go2_ws/src/muse/muse_ros2/muse_ws/install/iit_commons/share/iit_commons/environment/library_path.dsv\n'}
[61.018724] (iit_commons) StdoutLine: {'line': b'-- Installing: /home/go2/go2_ws/src/muse/muse_ros2/muse_ws/install/iit_commons/share/ament_index/resource_index/package_run_dependencies/iit_commons\n'}
[61.019468] (iit_commons) StdoutLine: {'line': b'-- Installing: /home/go2/go2_ws/src/muse/muse_ros2/muse_ws/install/iit_commons/share/ament_index/resource_index/parent_prefix_path/iit_commons\n'}
[61.019869] (iit_commons) StdoutLine: {'line': b'-- Installing: /home/go2/go2_ws/src/muse/muse_ros2/muse_ws/install/iit_commons/share/iit_commons/environment/ament_prefix_path.sh\n'}
[61.020157] (iit_commons) StdoutLine: {'line': b'-- Installing: /home/go2/go2_ws/src/muse/muse_ros2/muse_ws/install/iit_commons/share/iit_commons/environment/ament_prefix_path.dsv\n'}
[61.020649] (iit_commons) StdoutLine: {'line': b'-- Installing: /home/go2/go2_ws/src/muse/muse_ros2/muse_ws/install/iit_commons/share/iit_commons/environment/path.sh\n'}
[61.020838] (iit_commons) StdoutLine: {'line': b'-- Installing: /home/go2/go2_ws/src/muse/muse_ros2/muse_ws/install/iit_commons/share/iit_commons/environment/path.dsv\n'}
[61.021129] (iit_commons) StdoutLine: {'line': b'-- Installing: /home/go2/go2_ws/src/muse/muse_ros2/muse_ws/install/iit_commons/share/iit_commons/local_setup.bash\n'}
[61.021334] (iit_commons) StdoutLine: {'line': b'-- Installing: /home/go2/go2_ws/src/muse/muse_ros2/muse_ws/install/iit_commons/share/iit_commons/local_setup.sh\n'}
[61.021599] (iit_commons) StdoutLine: {'line': b'-- Installing: /home/go2/go2_ws/src/muse/muse_ros2/muse_ws/install/iit_commons/share/iit_commons/local_setup.zsh\n'}
[61.021900] (iit_commons) StdoutLine: {'line': b'-- Installing: /home/go2/go2_ws/src/muse/muse_ros2/muse_ws/install/iit_commons/share/iit_commons/local_setup.dsv\n'}
[61.022224] (iit_commons) StdoutLine: {'line': b'-- Installing: /home/go2/go2_ws/src/muse/muse_ros2/muse_ws/install/iit_commons/share/iit_commons/package.dsv\n'}
[61.023112] (iit_commons) StdoutLine: {'line': b'-- Installing: /home/go2/go2_ws/src/muse/muse_ros2/muse_ws/install/iit_commons/share/ament_index/resource_index/packages/iit_commons\n'}
[61.023723] (iit_commons) StdoutLine: {'line': b'-- Installing: /home/go2/go2_ws/src/muse/muse_ros2/muse_ws/install/iit_commons/share/iit_commons/cmake/iitcommonsExport.cmake\n'}
[61.023966] (iit_commons) StdoutLine: {'line': b'-- Installing: /home/go2/go2_ws/src/muse/muse_ros2/muse_ws/install/iit_commons/share/iit_commons/cmake/iitcommonsExport-noconfig.cmake\n'}
[61.024190] (iit_commons) StdoutLine: {'line': b'-- Installing: /home/go2/go2_ws/src/muse/muse_ros2/muse_ws/install/iit_commons/share/iit_commons/cmake/ament_cmake_export_targets-extras.cmake\n'}
[61.024463] (iit_commons) StdoutLine: {'line': b'-- Installing: /home/go2/go2_ws/src/muse/muse_ros2/muse_ws/install/iit_commons/share/iit_commons/cmake/ament_cmake_export_include_directories-extras.cmake\n'}
[61.024845] (iit_commons) StdoutLine: {'line': b'-- Installing: /home/go2/go2_ws/src/muse/muse_ros2/muse_ws/install/iit_commons/share/iit_commons/cmake/ament_cmake_export_libraries-extras.cmake\n'}
[61.025061] (iit_commons) StdoutLine: {'line': b'-- Installing: /home/go2/go2_ws/src/muse/muse_ros2/muse_ws/install/iit_commons/share/iit_commons/cmake/ament_cmake_export_dependencies-extras.cmake\n'}
[61.025509] (iit_commons) StdoutLine: {'line': b'-- Installing: /home/go2/go2_ws/src/muse/muse_ros2/muse_ws/install/iit_commons/share/iit_commons/cmake/iit_commonsConfig.cmake\n'}
[61.025600] (iit_commons) StdoutLine: {'line': b'-- Installing: /home/go2/go2_ws/src/muse/muse_ros2/muse_ws/install/iit_commons/share/iit_commons/cmake/iit_commonsConfig-version.cmake\n'}
[61.025660] (iit_commons) StdoutLine: {'line': b'-- Installing: /home/go2/go2_ws/src/muse/muse_ros2/muse_ws/install/iit_commons/share/iit_commons/package.xml\n'}
[61.028220] (iit_commons) CommandEnded: {'returncode': 0}
[61.048234] (iit_commons) JobEnded: {'identifier': 'iit_commons', 'rc': 0}
[61.054753] (-) TimerEvent: {}
[61.155173] (-) TimerEvent: {}
[61.255573] (-) TimerEvent: {}
[61.355970] (-) TimerEvent: {}
[61.456357] (-) TimerEvent: {}
[61.556765] (-) TimerEvent: {}
[61.657150] (-) TimerEvent: {}
[61.757574] (-) TimerEvent: {}
[61.857961] (-) TimerEvent: {}
[61.958408] (-) TimerEvent: {}
[62.058900] (-) TimerEvent: {}
[62.159296] (-) TimerEvent: {}
[62.259690] (-) TimerEvent: {}
[62.360049] (-) TimerEvent: {}
[62.460455] (-) TimerEvent: {}
[62.560837] (-) TimerEvent: {}
[62.661272] (-) TimerEvent: {}
[62.761607] (-) TimerEvent: {}
[62.861999] (-) TimerEvent: {}
[62.962471] (-) TimerEvent: {}
[63.062829] (-) TimerEvent: {}
[63.163234] (-) TimerEvent: {}
[63.263694] (-) TimerEvent: {}
[63.364202] (-) TimerEvent: {}
[63.464751] (-) TimerEvent: {}
[63.478866] (kiss_icp) StdoutLine: {'line': b'[100%] \x1b[32m\x1b[1mLinking CXX shared library libodometry_component.so\x1b[0m\n'}
[63.564966] (-) TimerEvent: {}
[63.665407] (-) TimerEvent: {}
[63.766172] (-) TimerEvent: {}
[63.866578] (-) TimerEvent: {}
[63.940342] (kiss_icp) StdoutLine: {'line': b'[100%] Built target odometry_component\n'}
[63.957711] (kiss_icp) CommandEnded: {'returncode': 0}
[63.959656] (kiss_icp) JobProgress: {'identifier': 'kiss_icp', 'progress': 'install'}
[63.959737] (kiss_icp) Command: {'cmd': ['/usr/bin/cmake', '--install', '/home/go2/go2_ws/src/muse/muse_ros2/muse_ws/build/kiss_icp'], 'cwd': '/home/go2/go2_ws/src/muse/muse_ros2/muse_ws/build/kiss_icp', 'env': OrderedDict([('LESSOPEN', '| /usr/bin/lesspipe %s'), ('USER', 'go2'), ('GIT_ASKPASS', '/home/go2/.vscode-server/bin/7d842fb85a0275a4a8e4d7e040d2625abbf7f084/extensions/git/dist/askpass.sh'), ('SHLVL', '2'), ('LD_LIBRARY_PATH', '/home/go2/go2_ws/src/muse/muse_ros2/muse_ws/install/state_estimator/lib:/home/go2/go2_ws/src/muse/muse_ros2/muse_ws/install/state_estimator_msgs/lib:/home/go2/go2_ws/src/muse/muse_ros2/muse_ws/install/kiss_icp/lib:/home/go2/go2_ws/src/muse/muse_ros2/muse_ws/install/iit_commons/lib:/opt/ros/humble/opt/rviz_ogre_vendor/lib:/opt/ros/humble/lib/x86_64-linux-gnu:/opt/ros/humble/lib'), ('HOME', '/home/go2'), ('OLDPWD', '/home/go2/go2_ws/src/muse/muse_ros2'), ('TERM_PROGRAM_VERSION', '1.105.1'), ('VSCODE_IPC_HOOK_CLI', '/run/user/1000/vscode-ipc-fd71f093-931c-4aa7-9729-3fcba30fa958.sock'), ('ROS_PYTHON_VERSION', '3'), ('VSCODE_GIT_ASKPASS_MAIN', '/home/go2/.vscode-server/bin/7d842fb85a0275a4a8e4d7e040d2625abbf7f084/extensions/git/dist/askpass-main.js'), ('VSCODE_GIT_ASKPASS_NODE', '/home/go2/.vscode-server/bin/7d842fb85a0275a4a8e4d7e040d2625abbf7f084/node'), ('VSCODE_PYTHON_AUTOACTIVATE_GUARD', '1'), ('DBUS_SESSION_BUS_ADDRESS', 'unix:path=/run/user/1000/bus'), ('COLORTERM', 'truecolor'), ('WSL_DISTRO_NAME', 'Ubuntu-22.04'), ('WAYLAND_DISPLAY', 'wayland-0'), ('COLCON_PREFIX_PATH', '/home/go2/go2_ws/src/muse/muse_ros2/muse_ws/install:/home/go2/go2_ws/install'), ('ROS_DISTRO', 'humble'), ('LOGNAME', 'go2'), ('NAME', 'Code'), ('WSL_INTEROP', '/run/WSL/705_interop'), ('PULSE_SERVER', 'unix:/mnt/wslg/PulseServer'), ('_', '/usr/bin/colcon'), ('ROS_VERSION', '2'), ('TERM', 'xterm-256color'), ('ROS_LOCALHOST_ONLY', '0'), ('PATH', '/home/go2/.vscode-server/bin/7d842fb85a0275a4a8e4d7e040d2625abbf7f084/bin/remote-cli:/opt/ros/humble/bin:/usr/local/sbin:/usr/local/bin:/usr/sbin:/usr/bin:/sbin:/bin:/usr/games:/usr/local/games:/usr/lib/wsl/lib:/mnt/c/Program Files/Common Files/Siemens/Automation/Simatic OAM/bin:/mnt/c/Program Files/Python310/Scripts/:/mnt/c/Program Files/Python310/:/mnt/c/Program Files (x86)/Razer/ChromaBroadcast/bin:/mnt/c/Program Files/Razer/ChromaBroadcast/bin:/mnt/c/WINDOWS/system32:/mnt/c/WINDOWS:/mnt/c/WINDOWS/System32/Wbem:/mnt/c/WINDOWS/System32/WindowsPowerShell/v1.0/:/mnt/c/WINDOWS/System32/OpenSSH/:/mnt/c/Program Files/dotnet/:/mnt/c/WINDOWS/system32:/mnt/c/WINDOWS:/mnt/c/WINDOWS/System32/Wbem:/mnt/c/WINDOWS/System32/WindowsPowerShell/v1.0/:/mnt/c/WINDOWS/System32/OpenSSH/:/mnt/c/Program Files/Git/cmd:/mnt/c/Users/LABID/AppData/Local/Microsoft/WindowsApps:/mnt/c/Program Files/Docker/Docker/resources/bin:/mnt/c/Users/LABID/AppData/Local/Programs/Microsoft VS Code/bin:/snap/bin'), ('XDG_RUNTIME_DIR', '/run/user/1000/'), ('DISPLAY', ':0'), ('LANG', 'en_US.UTF-8'), ('LS_COLORS', 'rs=0:di=01;34:ln=01;36:mh=00:pi=40;33:so=01;35:do=01;35:bd=40;33;01:cd=40;33;01:or=40;31;01:mi=00:su=37;41:sg=30;43:ca=30;41:tw=30;42:ow=34;42:st=37;44:ex=01;32:*.tar=01;31:*.tgz=01;31:*.arc=01;31:*.arj=01;31:*.taz=01;31:*.lha=01;31:*.lz4=01;31:*.lzh=01;31:*.lzma=01;31:*.tlz=01;31:*.txz=01;31:*.tzo=01;31:*.t7z=01;31:*.zip=01;31:*.z=01;31:*.dz=01;31:*.gz=01;31:*.lrz=01;31:*.lz=01;31:*.lzo=01;31:*.xz=01;31:*.zst=01;31:*.tzst=01;31:*.bz2=01;31:*.bz=01;31:*.tbz=01;31:*.tbz2=01;31:*.tz=01;31:*.deb=01;31:*.rpm=01;31:*.jar=01;31:*.war=01;31:*.ear=01;31:*.sar=01;31:*.rar=01;31:*.alz=01;31:*.ace=01;31:*.zoo=01;31:*.cpio=01;31:*.7z=01;31:*.rz=01;31:*.cab=01;31:*.wim=01;31:*.swm=01;31:*.dwm=01;31:*.esd=01;31:*.jpg=01;35:*.jpeg=01;35:*.mjpg=01;35:*.mjpeg=01;35:*.gif=01;35:*.bmp=01;35:*.pbm=01;35:*.pgm=01;35:*.ppm=01;35:*.tga=01;35:*.xbm=01;35:*.xpm=01;35:*.tif=01;35:*.tiff=01;35:*.png=01;35:*.svg=01;35:*.svgz=01;35:*.mng=01;35:*.pcx=01;35:*.mov=01;35:*.mpg=01;35:*.mpeg=01;35:*.m2v=01;35:*.mkv=01;35:*.webm=01;35:*.webp=01;35:*.ogm=01;35:*.mp4=01;35:*.m4v=01;35:*.mp4v=01;35:*.vob=01;35:*.qt=01;35:*.nuv=01;35:*.wmv=01;35:*.asf=01;35:*.rm=01;35:*.rmvb=01;35:*.flc=01;35:*.avi=01;35:*.fli=01;35:*.flv=01;35:*.gl=01;35:*.dl=01;35:*.xcf=01;35:*.xwd=01;35:*.yuv=01;35:*.cgm=01;35:*.emf=01;35:*.ogv=01;35:*.ogx=01;35:*.aac=00;36:*.au=00;36:*.flac=00;36:*.m4a=00;36:*.mid=00;36:*.midi=00;36:*.mka=00;36:*.mp3=00;36:*.mpc=00;36:*.ogg=00;36:*.ra=00;36:*.wav=00;36:*.oga=00;36:*.opus=00;36:*.spx=00;36:*.xspf=00;36:'), ('VSCODE_GIT_IPC_HANDLE', '/run/user/1000/vscode-git-791eacad74.sock'), ('TERM_PROGRAM', 'vscode'), ('AMENT_PREFIX_PATH', '/home/go2/go2_ws/install/go2_description:/home/go2/go2_ws/src/muse/muse_ros2/muse_ws/install/state_estimator:/home/go2/go2_ws/src/muse/muse_ros2/muse_ws/install/state_estimator_msgs:/home/go2/go2_ws/src/muse/muse_ros2/muse_ws/install/kiss_icp:/home/go2/go2_ws/src/muse/muse_ros2/muse_ws/install/iit_commons:/opt/ros/humble'), ('SHELL', '/bin/bash'), ('LESSCLOSE', '/usr/bin/lesspipe %s %s'), ('VSCODE_GIT_ASKPASS_EXTRA_ARGS', ''), ('PWD', '/home/go2/go2_ws/src/muse/muse_ros2/muse_ws/build/kiss_icp'), ('XDG_DATA_DIRS', '/usr/local/share:/usr/share:/var/lib/snapd/desktop'), ('PYTHONPATH', '/home/go2/go2_ws/src/muse/muse_ros2/muse_ws/install/state_estimator_msgs/local/lib/python3.10/dist-packages:/opt/ros/humble/lib/python3.10/site-packages:/opt/ros/humble/local/lib/python3.10/dist-packages'), ('COLCON', '1'), ('WSL2_GUI_APPS_ENABLED', '1'), ('HOSTTYPE', 'x86_64'), ('CMAKE_PREFIX_PATH', '/home/go2/go2_ws/install/go2_description:/home/go2/go2_ws/src/muse/muse_ros2/muse_ws/install/state_estimator:/home/go2/go2_ws/src/muse/muse_ros2/muse_ws/install/state_estimator_msgs:/home/go2/go2_ws/src/muse/muse_ros2/muse_ws/install/kiss_icp:/home/go2/go2_ws/src/muse/muse_ros2/muse_ws/install/iit_commons:/opt/ros/humble'), ('WSLENV', 'ELECTRON_RUN_AS_NODE/w:')]), 'shell': False}
[63.966780] (-) TimerEvent: {}
[63.969749] (kiss_icp) StdoutLine: {'line': b'-- Install configuration: "Release"\n'}
[63.971520] (kiss_icp) StdoutLine: {'line': b'-- Installing: /home/go2/go2_ws/src/muse/muse_ros2/muse_ws/install/kiss_icp/lib/kiss_icp/odometry_node\n'}
[63.972183] (kiss_icp) StdoutLine: {'line': b'-- Set runtime path of "/home/go2/go2_ws/src/muse/muse_ros2/muse_ws/install/kiss_icp/lib/kiss_icp/odometry_node" to ""\n'}
[63.972533] (kiss_icp) StdoutLine: {'line': b'-- Installing: /home/go2/go2_ws/src/muse/muse_ros2/muse_ws/install/kiss_icp/lib/libodometry_component.so\n'}
[63.975102] (kiss_icp) StdoutLine: {'line': b'-- Set runtime path of "/home/go2/go2_ws/src/muse/muse_ros2/muse_ws/install/kiss_icp/lib/libodometry_component.so" to ""\n'}
[63.975294] (kiss_icp) StdoutLine: {'line': b'-- Installing: /home/go2/go2_ws/src/muse/muse_ros2/muse_ws/install/kiss_icp/share/kiss_icp//launch\n'}
[63.977038] (kiss_icp) StdoutLine: {'line': b'-- Installing: /home/go2/go2_ws/src/muse/muse_ros2/muse_ws/install/kiss_icp/share/kiss_icp//launch/odometry.launch.py\n'}
[63.980201] (kiss_icp) StdoutLine: {'line': b'-- Installing: /home/go2/go2_ws/src/muse/muse_ros2/muse_ws/install/kiss_icp/share/kiss_icp//launch/odometry.launch\n'}
[63.982464] (kiss_icp) StdoutLine: {'line': b'-- Installing: /home/go2/go2_ws/src/muse/muse_ros2/muse_ws/install/kiss_icp/share/kiss_icp//rviz\n'}
[63.983023] (kiss_icp) StdoutLine: {'line': b'-- Installing: /home/go2/go2_ws/src/muse/muse_ros2/muse_ws/install/kiss_icp/share/kiss_icp//rviz/kiss_icp_ros2.rviz\n'}
[63.988333] (kiss_icp) StdoutLine: {'line': b'-- Installing: /home/go2/go2_ws/src/muse/muse_ros2/muse_ws/install/kiss_icp/share/kiss_icp//rviz/kiss_icp_ros1.rviz\n'}
[63.990486] (kiss_icp) StdoutLine: {'line': b'-- Installing: /home/go2/go2_ws/src/muse/muse_ros2/muse_ws/install/kiss_icp/share/ament_index/resource_index/package_run_dependencies/kiss_icp\n'}
[63.991354] (kiss_icp) StdoutLine: {'line': b'-- Installing: /home/go2/go2_ws/src/muse/muse_ros2/muse_ws/install/kiss_icp/share/ament_index/resource_index/parent_prefix_path/kiss_icp\n'}
[63.992042] (kiss_icp) StdoutLine: {'line': b'-- Installing: /home/go2/go2_ws/src/muse/muse_ros2/muse_ws/install/kiss_icp/share/kiss_icp/environment/ament_prefix_path.sh\n'}
[63.992316] (kiss_icp) StdoutLine: {'line': b'-- Installing: /home/go2/go2_ws/src/muse/muse_ros2/muse_ws/install/kiss_icp/share/kiss_icp/environment/ament_prefix_path.dsv\n'}
[63.992588] (kiss_icp) StdoutLine: {'line': b'-- Installing: /home/go2/go2_ws/src/muse/muse_ros2/muse_ws/install/kiss_icp/share/kiss_icp/environment/path.sh\n'}
[63.992942] (kiss_icp) StdoutLine: {'line': b'-- Installing: /home/go2/go2_ws/src/muse/muse_ros2/muse_ws/install/kiss_icp/share/kiss_icp/environment/path.dsv\n'}
[63.993155] (kiss_icp) StdoutLine: {'line': b'-- Installing: /home/go2/go2_ws/src/muse/muse_ros2/muse_ws/install/kiss_icp/share/kiss_icp/local_setup.bash\n'}
[63.993402] (kiss_icp) StdoutLine: {'line': b'-- Installing: /home/go2/go2_ws/src/muse/muse_ros2/muse_ws/install/kiss_icp/share/kiss_icp/local_setup.sh\n'}
[63.993699] (kiss_icp) StdoutLine: {'line': b'-- Installing: /home/go2/go2_ws/src/muse/muse_ros2/muse_ws/install/kiss_icp/share/kiss_icp/local_setup.zsh\n'}
[63.993971] (kiss_icp) StdoutLine: {'line': b'-- Installing: /home/go2/go2_ws/src/muse/muse_ros2/muse_ws/install/kiss_icp/share/kiss_icp/local_setup.dsv\n'}
[63.994227] (kiss_icp) StdoutLine: {'line': b'-- Installing: /home/go2/go2_ws/src/muse/muse_ros2/muse_ws/install/kiss_icp/share/kiss_icp/package.dsv\n'}
[63.995076] (kiss_icp) StdoutLine: {'line': b'-- Installing: /home/go2/go2_ws/src/muse/muse_ros2/muse_ws/install/kiss_icp/share/ament_index/resource_index/packages/kiss_icp\n'}
[63.995899] (kiss_icp) StdoutLine: {'line': b'-- Installing: /home/go2/go2_ws/src/muse/muse_ros2/muse_ws/install/kiss_icp/share/ament_index/resource_index/rclcpp_components/kiss_icp\n'}
[63.996646] (kiss_icp) StdoutLine: {'line': b'-- Installing: /home/go2/go2_ws/src/muse/muse_ros2/muse_ws/install/kiss_icp/share/kiss_icp/cmake/kiss_icpConfig.cmake\n'}
[63.996857] (kiss_icp) StdoutLine: {'line': b'-- Installing: /home/go2/go2_ws/src/muse/muse_ros2/muse_ws/install/kiss_icp/share/kiss_icp/cmake/kiss_icpConfig-version.cmake\n'}
[63.997336] (kiss_icp) StdoutLine: {'line': b'-- Installing: /home/go2/go2_ws/src/muse/muse_ros2/muse_ws/install/kiss_icp/share/kiss_icp/package.xml\n'}
[64.000212] (kiss_icp) CommandEnded: {'returncode': 0}
[64.022517] (kiss_icp) JobEnded: {'identifier': 'kiss_icp', 'rc': 0}
[64.066908] (-) TimerEvent: {}
[64.167270] (-) TimerEvent: {}
[64.267683] (-) TimerEvent: {}
[64.368082] (-) TimerEvent: {}
[64.468577] (-) TimerEvent: {}
[64.568981] (-) TimerEvent: {}
[64.669323] (-) TimerEvent: {}
[64.769741] (-) TimerEvent: {}
[64.870120] (-) TimerEvent: {}
[64.970520] (-) TimerEvent: {}
[65.070881] (-) TimerEvent: {}
[65.171294] (-) TimerEvent: {}
[65.271668] (-) TimerEvent: {}
[65.372076] (-) TimerEvent: {}
[65.472476] (-) TimerEvent: {}
[65.572946] (-) TimerEvent: {}
[65.673285] (-) TimerEvent: {}
[65.773681] (-) TimerEvent: {}
[65.874031] (-) TimerEvent: {}
[65.974435] (-) TimerEvent: {}
[66.074828] (-) TimerEvent: {}
[66.175204] (-) TimerEvent: {}
[66.275589] (-) TimerEvent: {}
[66.375984] (-) TimerEvent: {}
[66.476358] (-) TimerEvent: {}
[66.576735] (-) TimerEvent: {}
[66.677197] (-) TimerEvent: {}
[66.777560] (-) TimerEvent: {}
[66.877926] (-) TimerEvent: {}
[66.978278] (-) TimerEvent: {}
[67.078617] (-) TimerEvent: {}
[67.178984] (-) TimerEvent: {}
[67.279375] (-) TimerEvent: {}
[67.379754] (-) TimerEvent: {}
[67.480200] (-) TimerEvent: {}
[67.580603] (-) TimerEvent: {}
[67.680994] (-) TimerEvent: {}
[67.781407] (-) TimerEvent: {}
[67.881787] (-) TimerEvent: {}
[67.982189] (-) TimerEvent: {}
[68.082641] (-) TimerEvent: {}
[68.183048] (-) TimerEvent: {}
[68.283444] (-) TimerEvent: {}
[68.383965] (-) TimerEvent: {}
[68.484364] (-) TimerEvent: {}
[68.584736] (-) TimerEvent: {}
[68.685100] (-) TimerEvent: {}
[68.785465] (-) TimerEvent: {}
[68.885918] (-) TimerEvent: {}
[68.986281] (-) TimerEvent: {}
[69.086728] (-) TimerEvent: {}
[69.187068] (-) TimerEvent: {}
[69.287467] (-) TimerEvent: {}
[69.387837] (-) TimerEvent: {}
[69.488235] (-) TimerEvent: {}
[69.588637] (-) TimerEvent: {}
[69.689046] (-) TimerEvent: {}
[69.789423] (-) TimerEvent: {}
[69.889813] (-) TimerEvent: {}
[69.990183] (-) TimerEvent: {}
[70.090546] (-) TimerEvent: {}
[70.190912] (-) TimerEvent: {}
[70.291308] (-) TimerEvent: {}
[70.391686] (-) TimerEvent: {}
[70.492058] (-) TimerEvent: {}
[70.592439] (-) TimerEvent: {}
[70.692855] (-) TimerEvent: {}
[70.793268] (-) TimerEvent: {}
[70.893636] (-) TimerEvent: {}
[70.994004] (-) TimerEvent: {}
[71.094372] (-) TimerEvent: {}
[71.194730] (-) TimerEvent: {}
[71.295103] (-) TimerEvent: {}
[71.395570] (-) TimerEvent: {}
[71.496002] (-) TimerEvent: {}
[71.596428] (-) TimerEvent: {}
[71.696803] (-) TimerEvent: {}
[71.797208] (-) TimerEvent: {}
[71.897590] (-) TimerEvent: {}
[71.997962] (-) TimerEvent: {}
[72.098375] (-) TimerEvent: {}
[72.198755] (-) TimerEvent: {}
[72.299130] (-) TimerEvent: {}
[72.399490] (-) TimerEvent: {}
[72.499866] (-) TimerEvent: {}
[72.600299] (-) TimerEvent: {}
[72.700766] (-) TimerEvent: {}
[72.801219] (-) TimerEvent: {}
[72.901591] (-) TimerEvent: {}
[73.001929] (-) TimerEvent: {}
[73.102391] (-) TimerEvent: {}
[73.202853] (-) TimerEvent: {}
[73.303196] (-) TimerEvent: {}
[73.403574] (-) TimerEvent: {}
[73.504060] (-) TimerEvent: {}
[73.604453] (-) TimerEvent: {}
[73.704940] (-) TimerEvent: {}
[73.805344] (-) TimerEvent: {}
[73.905698] (-) TimerEvent: {}
[74.006061] (-) TimerEvent: {}
[74.106473] (-) TimerEvent: {}
[74.155939] (state_estimator) StderrLine: {'line': b'In file included from \x1b[01m\x1b[K/opt/ros/humble/include/pinocchio/parsers/urdf.hpp:351\x1b[m\x1b[K,\n'}
[74.156111] (state_estimator) StderrLine: {'line': b'                 from \x1b[01m\x1b[K/home/go2/go2_ws/src/muse/muse_ros2/muse_ws/src/state_estimator/src/plugins/leg_odometry_plugin.cpp:1\x1b[m\x1b[K:\n'}
[74.156168] (state_estimator) StderrLine: {'line': b'\x1b[01m\x1b[K/opt/ros/humble/include/pinocchio/parsers/urdf/model.hxx:\x1b[m\x1b[K In member function \xe2\x80\x98\x1b[01m\x1b[Kpinocchio::JointIndex pinocchio::urdf::details::UrdfVisitor<Scalar, Options, JointCollectionTpl>::addMimicJoint(const Frame&, const SE3&, const string&, const VectorConstRef&, const VectorConstRef&, const VectorConstRef&, const VectorConstRef&, const VectorConstRef&, const VectorConstRef&, const MimicInfo_&) [with TypeX = pinocchio::JointModelRevoluteTpl<double, 0, 0>; TypeY = pinocchio::JointModelRevoluteTpl<double, 0, 1>; TypeZ = pinocchio::JointModelRevoluteTpl<double, 0, 2>; TypeUnaligned = pinocchio::JointModelRevoluteUnalignedTpl<double>; Scalar = double; int Options = 0; JointCollectionTpl = pinocchio::JointCollectionDefaultTpl]\x1b[m\x1b[K\xe2\x80\x99:\n'}
[74.156234] (state_estimator) StderrLine: {'line': b'\x1b[01m\x1b[K/opt/ros/humble/include/pinocchio/parsers/urdf/model.hxx:553:9:\x1b[m\x1b[K \x1b[01;35m\x1b[Kwarning: \x1b[m\x1b[Kcontrol reaches end of non-void function [\x1b[01;35m\x1b[K\x1b]8;;https://gcc.gnu.org/onlinedocs/gcc/Warning-Options.html#index-Wreturn-type\x07-Wreturn-type\x1b]8;;\x07\x1b[m\x1b[K]\n'}
[74.156290] (state_estimator) StderrLine: {'line': b'  553 |         \x1b[01;35m\x1b[K}\x1b[m\x1b[K\n'}
[74.156343] (state_estimator) StderrLine: {'line': b'      |         \x1b[01;35m\x1b[K^\x1b[m\x1b[K\n'}
[74.161981] (state_estimator) StderrLine: {'line': b'\x1b[01m\x1b[K/opt/ros/humble/include/pinocchio/parsers/urdf/model.hxx:\x1b[m\x1b[K In member function \xe2\x80\x98\x1b[01m\x1b[Kpinocchio::JointIndex pinocchio::urdf::details::UrdfVisitor<Scalar, Options, JointCollectionTpl>::addMimicJoint(const Frame&, const SE3&, const string&, const VectorConstRef&, const VectorConstRef&, const VectorConstRef&, const VectorConstRef&, const VectorConstRef&, const VectorConstRef&, const MimicInfo_&) [with TypeX = pinocchio::JointModelPrismaticTpl<double, 0, 0>; TypeY = pinocchio::JointModelPrismaticTpl<double, 0, 1>; TypeZ = pinocchio::JointModelPrismaticTpl<double, 0, 2>; TypeUnaligned = pinocchio::JointModelPrismaticUnalignedTpl<double>; Scalar = double; int Options = 0; JointCollectionTpl = pinocchio::JointCollectionDefaultTpl]\x1b[m\x1b[K\xe2\x80\x99:\n'}
[74.162108] (state_estimator) StderrLine: {'line': b'\x1b[01m\x1b[K/opt/ros/humble/include/pinocchio/parsers/urdf/model.hxx:553:9:\x1b[m\x1b[K \x1b[01;35m\x1b[Kwarning: \x1b[m\x1b[Kcontrol reaches end of non-void function [\x1b[01;35m\x1b[K\x1b]8;;https://gcc.gnu.org/onlinedocs/gcc/Warning-Options.html#index-Wreturn-type\x07-Wreturn-type\x1b]8;;\x07\x1b[m\x1b[K]\n'}
[74.162163] (state_estimator) StderrLine: {'line': b'  553 |         \x1b[01;35m\x1b[K}\x1b[m\x1b[K\n'}
[74.162210] (state_estimator) StderrLine: {'line': b'      |         \x1b[01;35m\x1b[K^\x1b[m\x1b[K\n'}
[74.164370] (state_estimator) StderrLine: {'line': b'\x1b[01m\x1b[K/opt/ros/humble/include/pinocchio/parsers/urdf/model.hxx:\x1b[m\x1b[K In member function \xe2\x80\x98\x1b[01m\x1b[Kpinocchio::JointIndex pinocchio::urdf::details::UrdfVisitor<Scalar, Options, JointCollectionTpl>::addMimicJoint(const Frame&, const SE3&, const string&, const VectorConstRef&, const VectorConstRef&, const VectorConstRef&, const VectorConstRef&, const VectorConstRef&, const VectorConstRef&, const MimicInfo_&) [with TypeX = pinocchio::JointModelRevoluteUnboundedTpl<double, 0, 0>; TypeY = pinocchio::JointModelRevoluteUnboundedTpl<double, 0, 1>; TypeZ = pinocchio::JointModelRevoluteUnboundedTpl<double, 0, 2>; TypeUnaligned = pinocchio::JointModelRevoluteUnboundedUnalignedTpl<double>; Scalar = double; int Options = 0; JointCollectionTpl = pinocchio::JointCollectionDefaultTpl]\x1b[m\x1b[K\xe2\x80\x99:\n'}
[74.164459] (state_estimator) StderrLine: {'line': b'\x1b[01m\x1b[K/opt/ros/humble/include/pinocchio/parsers/urdf/model.hxx:553:9:\x1b[m\x1b[K \x1b[01;35m\x1b[Kwarning: \x1b[m\x1b[Kcontrol reaches end of non-void function [\x1b[01;35m\x1b[K\x1b]8;;https://gcc.gnu.org/onlinedocs/gcc/Warning-Options.html#index-Wreturn-type\x07-Wreturn-type\x1b]8;;\x07\x1b[m\x1b[K]\n'}
[74.164512] (state_estimator) StderrLine: {'line': b'  553 |         \x1b[01;35m\x1b[K}\x1b[m\x1b[K\n'}
[74.164560] (state_estimator) StderrLine: {'line': b'      |         \x1b[01;35m\x1b[K^\x1b[m\x1b[K\n'}
[74.206641] (-) TimerEvent: {}
[74.306991] (-) TimerEvent: {}
[74.407400] (-) TimerEvent: {}
[74.507762] (-) TimerEvent: {}
[74.608139] (-) TimerEvent: {}
[74.708509] (-) TimerEvent: {}
[74.808915] (-) TimerEvent: {}
[74.909265] (-) TimerEvent: {}
[75.009625] (-) TimerEvent: {}
[75.109976] (-) TimerEvent: {}
[75.210374] (-) TimerEvent: {}
[75.310808] (-) TimerEvent: {}
[75.411245] (-) TimerEvent: {}
[75.511590] (-) TimerEvent: {}
[75.612003] (-) TimerEvent: {}
[75.712380] (-) TimerEvent: {}
[75.812755] (-) TimerEvent: {}
[75.913080] (-) TimerEvent: {}
[76.013460] (-) TimerEvent: {}
[76.113829] (-) TimerEvent: {}
[76.214233] (-) TimerEvent: {}
[76.314611] (-) TimerEvent: {}
[76.415023] (-) TimerEvent: {}
[76.515422] (-) TimerEvent: {}
[76.615851] (-) TimerEvent: {}
[76.716222] (-) TimerEvent: {}
[76.816619] (-) TimerEvent: {}
[76.916997] (-) TimerEvent: {}
[77.017357] (-) TimerEvent: {}
[77.117729] (-) TimerEvent: {}
[77.218091] (-) TimerEvent: {}
[77.318489] (-) TimerEvent: {}
[77.418882] (-) TimerEvent: {}
[77.519182] (-) TimerEvent: {}
[77.619559] (-) TimerEvent: {}
[77.719939] (-) TimerEvent: {}
[77.820335] (-) TimerEvent: {}
[77.920749] (-) TimerEvent: {}
[78.021148] (-) TimerEvent: {}
[78.121511] (-) TimerEvent: {}
[78.221878] (-) TimerEvent: {}
[78.322233] (-) TimerEvent: {}
[78.422638] (-) TimerEvent: {}
[78.523104] (-) TimerEvent: {}
[78.623483] (-) TimerEvent: {}
[78.723853] (-) TimerEvent: {}
[78.824230] (-) TimerEvent: {}
[78.924587] (-) TimerEvent: {}
[79.024955] (-) TimerEvent: {}
[79.125377] (-) TimerEvent: {}
[79.225719] (-) TimerEvent: {}
[79.326124] (-) TimerEvent: {}
[79.426502] (-) TimerEvent: {}
[79.526905] (-) TimerEvent: {}
[79.627277] (-) TimerEvent: {}
[79.727630] (-) TimerEvent: {}
[79.828053] (-) TimerEvent: {}
[79.928430] (-) TimerEvent: {}
[80.028767] (-) TimerEvent: {}
[80.129191] (-) TimerEvent: {}
[80.229587] (-) TimerEvent: {}
[80.329946] (-) TimerEvent: {}
[80.430298] (-) TimerEvent: {}
[80.530646] (-) TimerEvent: {}
[80.631038] (-) TimerEvent: {}
[80.731393] (-) TimerEvent: {}
[80.831747] (-) TimerEvent: {}
[80.932104] (-) TimerEvent: {}
[81.032504] (-) TimerEvent: {}
[81.132907] (-) TimerEvent: {}
[81.233268] (-) TimerEvent: {}
[81.333627] (-) TimerEvent: {}
[81.433971] (-) TimerEvent: {}
[81.534326] (-) TimerEvent: {}
[81.634709] (-) TimerEvent: {}
[81.735054] (-) TimerEvent: {}
[81.835407] (-) TimerEvent: {}
[81.935773] (-) TimerEvent: {}
[82.036212] (-) TimerEvent: {}
[82.136582] (-) TimerEvent: {}
[82.236939] (-) TimerEvent: {}
[82.337293] (-) TimerEvent: {}
[82.437639] (-) TimerEvent: {}
[82.537975] (-) TimerEvent: {}
[82.638330] (-) TimerEvent: {}
[82.738642] (-) TimerEvent: {}
[82.838991] (-) TimerEvent: {}
[82.939340] (-) TimerEvent: {}
[83.039733] (-) TimerEvent: {}
[83.140086] (-) TimerEvent: {}
[83.240436] (-) TimerEvent: {}
[83.340785] (-) TimerEvent: {}
[83.441165] (-) TimerEvent: {}
[83.541518] (-) TimerEvent: {}
[83.641880] (-) TimerEvent: {}
[83.742203] (-) TimerEvent: {}
[83.842578] (-) TimerEvent: {}
[83.942887] (-) TimerEvent: {}
[84.043240] (-) TimerEvent: {}
[84.143637] (-) TimerEvent: {}
[84.244031] (-) TimerEvent: {}
[84.344423] (-) TimerEvent: {}
[84.444729] (-) TimerEvent: {}
[84.545147] (-) TimerEvent: {}
[84.645498] (-) TimerEvent: {}
[84.745849] (-) TimerEvent: {}
[84.846243] (-) TimerEvent: {}
[84.946593] (-) TimerEvent: {}
[85.046933] (-) TimerEvent: {}
[85.147310] (-) TimerEvent: {}
[85.247700] (-) TimerEvent: {}
[85.348045] (-) TimerEvent: {}
[85.448394] (-) TimerEvent: {}
[85.548759] (-) TimerEvent: {}
[85.649103] (-) TimerEvent: {}
[85.749453] (-) TimerEvent: {}
[85.849772] (-) TimerEvent: {}
[85.950144] (-) TimerEvent: {}
[86.050537] (-) TimerEvent: {}
[86.150890] (-) TimerEvent: {}
[86.251221] (-) TimerEvent: {}
[86.351614] (-) TimerEvent: {}
[86.451978] (-) TimerEvent: {}
[86.552368] (-) TimerEvent: {}
[86.652760] (-) TimerEvent: {}
[86.753181] (-) TimerEvent: {}
[86.853573] (-) TimerEvent: {}
[86.953919] (-) TimerEvent: {}
[87.054268] (-) TimerEvent: {}
[87.154619] (-) TimerEvent: {}
[87.255007] (-) TimerEvent: {}
[87.355358] (-) TimerEvent: {}
[87.455702] (-) TimerEvent: {}
[87.556050] (-) TimerEvent: {}
[87.656413] (-) TimerEvent: {}
[87.756755] (-) TimerEvent: {}
[87.857094] (-) TimerEvent: {}
[87.957425] (-) TimerEvent: {}
[88.057778] (-) TimerEvent: {}
[88.158137] (-) TimerEvent: {}
[88.258536] (-) TimerEvent: {}
[88.358880] (-) TimerEvent: {}
[88.459252] (-) TimerEvent: {}
[88.559662] (-) TimerEvent: {}
[88.660065] (-) TimerEvent: {}
[88.760413] (-) TimerEvent: {}
[88.860786] (-) TimerEvent: {}
[88.961229] (-) TimerEvent: {}
[89.061580] (-) TimerEvent: {}
[89.161933] (-) TimerEvent: {}
[89.262324] (-) TimerEvent: {}
[89.362714] (-) TimerEvent: {}
[89.463098] (-) TimerEvent: {}
[89.563448] (-) TimerEvent: {}
[89.663796] (-) TimerEvent: {}
[89.764147] (-) TimerEvent: {}
[89.864548] (-) TimerEvent: {}
[89.964951] (-) TimerEvent: {}
[90.065382] (-) TimerEvent: {}
[90.165728] (-) TimerEvent: {}
[90.266072] (-) TimerEvent: {}
[90.366373] (-) TimerEvent: {}
[90.466763] (-) TimerEvent: {}
[90.567148] (-) TimerEvent: {}
[90.667525] (-) TimerEvent: {}
[90.768063] (-) TimerEvent: {}
[90.868473] (-) TimerEvent: {}
[90.968894] (-) TimerEvent: {}
[91.069279] (-) TimerEvent: {}
[91.169631] (-) TimerEvent: {}
[91.269977] (-) TimerEvent: {}
[91.370333] (-) TimerEvent: {}
[91.470677] (-) TimerEvent: {}
[91.571025] (-) TimerEvent: {}
[91.671383] (-) TimerEvent: {}
[91.771758] (-) TimerEvent: {}
[91.872226] (-) TimerEvent: {}
[91.972814] (-) TimerEvent: {}
[92.073200] (-) TimerEvent: {}
[92.173588] (-) TimerEvent: {}
[92.273937] (-) TimerEvent: {}
[92.374290] (-) TimerEvent: {}
[92.474647] (-) TimerEvent: {}
[92.574991] (-) TimerEvent: {}
[92.675344] (-) TimerEvent: {}
[92.775712] (-) TimerEvent: {}
[92.876059] (-) TimerEvent: {}
[92.976441] (-) TimerEvent: {}
[93.076834] (-) TimerEvent: {}
[93.177227] (-) TimerEvent: {}
[93.277566] (-) TimerEvent: {}
[93.377939] (-) TimerEvent: {}
[93.478334] (-) TimerEvent: {}
[93.578691] (-) TimerEvent: {}
[93.679020] (-) TimerEvent: {}
[93.779376] (-) TimerEvent: {}
[93.879798] (-) TimerEvent: {}
[93.980203] (-) TimerEvent: {}
[94.080513] (-) TimerEvent: {}
[94.180962] (-) TimerEvent: {}
[94.281360] (-) TimerEvent: {}
[94.381716] (-) TimerEvent: {}
[94.482071] (-) TimerEvent: {}
[94.582427] (-) TimerEvent: {}
[94.682814] (-) TimerEvent: {}
[94.783162] (-) TimerEvent: {}
[94.883534] (-) TimerEvent: {}
[94.983887] (-) TimerEvent: {}
[95.084261] (-) TimerEvent: {}
[95.184728] (-) TimerEvent: {}
[95.285123] (-) TimerEvent: {}
[95.385483] (-) TimerEvent: {}
[95.485887] (-) TimerEvent: {}
[95.586237] (-) TimerEvent: {}
[95.686550] (-) TimerEvent: {}
[95.786904] (-) TimerEvent: {}
[95.887252] (-) TimerEvent: {}
[95.987645] (-) TimerEvent: {}
[96.087998] (-) TimerEvent: {}
[96.188369] (-) TimerEvent: {}
[96.288773] (-) TimerEvent: {}
[96.389126] (-) TimerEvent: {}
[96.489476] (-) TimerEvent: {}
[96.589832] (-) TimerEvent: {}
[96.690181] (-) TimerEvent: {}
[96.790578] (-) TimerEvent: {}
[96.890931] (-) TimerEvent: {}
[96.991325] (-) TimerEvent: {}
[97.091734] (-) TimerEvent: {}
[97.192095] (-) TimerEvent: {}
[97.292460] (-) TimerEvent: {}
[97.392902] (-) TimerEvent: {}
[97.493260] (-) TimerEvent: {}
[97.593660] (-) TimerEvent: {}
[97.694032] (-) TimerEvent: {}
[97.794382] (-) TimerEvent: {}
[97.894770] (-) TimerEvent: {}
[97.995148] (-) TimerEvent: {}
[98.095515] (-) TimerEvent: {}
[98.195890] (-) TimerEvent: {}
[98.296246] (-) TimerEvent: {}
[98.396600] (-) TimerEvent: {}
[98.497004] (-) TimerEvent: {}
[98.597461] (-) TimerEvent: {}
[98.697832] (-) TimerEvent: {}
[98.798230] (-) TimerEvent: {}
[98.898583] (-) TimerEvent: {}
[98.998977] (-) TimerEvent: {}
[99.099386] (-) TimerEvent: {}
[99.199753] (-) TimerEvent: {}
[99.300126] (-) TimerEvent: {}
[99.400531] (-) TimerEvent: {}
[99.500946] (-) TimerEvent: {}
[99.601299] (-) TimerEvent: {}
[99.701706] (-) TimerEvent: {}
[99.802080] (-) TimerEvent: {}
[99.902435] (-) TimerEvent: {}
[99.942268] (state_estimator) StdoutLine: {'line': b'[ 62%] \x1b[32m\x1b[1mLinking CXX shared library libstate_estimator_plugins.so\x1b[0m\n'}
[100.002561] (-) TimerEvent: {}
[100.102977] (-) TimerEvent: {}
[100.203372] (-) TimerEvent: {}
[100.303738] (-) TimerEvent: {}
[100.404087] (-) TimerEvent: {}
[100.504432] (-) TimerEvent: {}
[100.604789] (-) TimerEvent: {}
[100.705191] (-) TimerEvent: {}
[100.805552] (-) TimerEvent: {}
[100.905929] (-) TimerEvent: {}
[101.006310] (-) TimerEvent: {}
[101.106709] (-) TimerEvent: {}
[101.207106] (-) TimerEvent: {}
[101.307508] (-) TimerEvent: {}
[101.407919] (-) TimerEvent: {}
[101.508368] (-) TimerEvent: {}
[101.608779] (-) TimerEvent: {}
[101.709257] (-) TimerEvent: {}
[101.809713] (-) TimerEvent: {}
[101.910201] (-) TimerEvent: {}
[102.010582] (-) TimerEvent: {}
[102.110964] (-) TimerEvent: {}
[102.211328] (-) TimerEvent: {}
[102.311798] (-) TimerEvent: {}
[102.412117] (-) TimerEvent: {}
[102.512530] (-) TimerEvent: {}
[102.612912] (-) TimerEvent: {}
[102.713258] (-) TimerEvent: {}
[102.813644] (-) TimerEvent: {}
[102.914027] (-) TimerEvent: {}
[103.014425] (-) TimerEvent: {}
[103.114795] (-) TimerEvent: {}
[103.215172] (-) TimerEvent: {}
[103.315568] (-) TimerEvent: {}
[103.415952] (-) TimerEvent: {}
[103.516333] (-) TimerEvent: {}
[103.616700] (-) TimerEvent: {}
[103.717149] (-) TimerEvent: {}
[103.817507] (-) TimerEvent: {}
[103.917840] (-) TimerEvent: {}
[104.018229] (-) TimerEvent: {}
[104.118645] (-) TimerEvent: {}
[104.219018] (-) TimerEvent: {}
[104.319395] (-) TimerEvent: {}
[104.419767] (-) TimerEvent: {}
[104.520144] (-) TimerEvent: {}
[104.620553] (-) TimerEvent: {}
[104.720946] (-) TimerEvent: {}
[104.821330] (-) TimerEvent: {}
[104.921710] (-) TimerEvent: {}
[105.022101] (-) TimerEvent: {}
[105.122469] (-) TimerEvent: {}
[105.222805] (-) TimerEvent: {}
[105.323165] (-) TimerEvent: {}
[105.423541] (-) TimerEvent: {}
[105.523869] (-) TimerEvent: {}
[105.581733] (state_estimator) StdoutLine: {'line': b'[ 62%] Built target state_estimator_plugins\n'}
[105.606047] (state_estimator) StdoutLine: {'line': b'[ 87%] \x1b[32mBuilding CXX object CMakeFiles/state_estimator_node.dir/src/state_estimator.cpp.o\x1b[0m\n'}
[105.606219] (state_estimator) StdoutLine: {'line': b'[ 87%] \x1b[32mBuilding CXX object CMakeFiles/state_estimator_node.dir/src/state_estimator_node.cpp.o\x1b[0m\n'}
[105.624043] (-) TimerEvent: {}
[105.724406] (-) TimerEvent: {}
[105.824772] (-) TimerEvent: {}
[105.925168] (-) TimerEvent: {}
[106.025514] (-) TimerEvent: {}
[106.125913] (-) TimerEvent: {}
[106.226243] (-) TimerEvent: {}
[106.326659] (-) TimerEvent: {}
[106.427045] (-) TimerEvent: {}
[106.527408] (-) TimerEvent: {}
[106.627786] (-) TimerEvent: {}
[106.728343] (-) TimerEvent: {}
[106.829042] (-) TimerEvent: {}
[106.929411] (-) TimerEvent: {}
[107.029768] (-) TimerEvent: {}
[107.130130] (-) TimerEvent: {}
[107.230488] (-) TimerEvent: {}
[107.330853] (-) TimerEvent: {}
[107.431234] (-) TimerEvent: {}
[107.531620] (-) TimerEvent: {}
[107.631987] (-) TimerEvent: {}
[107.732340] (-) TimerEvent: {}
[107.832695] (-) TimerEvent: {}
[107.933039] (-) TimerEvent: {}
[108.033453] (-) TimerEvent: {}
[108.133936] (-) TimerEvent: {}
[108.234362] (-) TimerEvent: {}
[108.334863] (-) TimerEvent: {}
[108.435271] (-) TimerEvent: {}
[108.535633] (-) TimerEvent: {}
[108.635966] (-) TimerEvent: {}
[108.691696] (state_estimator) StderrLine: {'line': b'In file included from \x1b[01m\x1b[K/home/go2/go2_ws/src/muse/muse_ros2/muse_ws/src/state_estimator/include/state_estimator/plugin.hpp:5\x1b[m\x1b[K,\n'}
[108.691857] (state_estimator) StderrLine: {'line': b'                 from \x1b[01m\x1b[K/home/go2/go2_ws/src/muse/muse_ros2/muse_ws/src/state_estimator/include/state_estimator/state_estimator_node.hpp:26\x1b[m\x1b[K,\n'}
[108.691929] (state_estimator) StderrLine: {'line': b'                 from \x1b[01m\x1b[K/home/go2/go2_ws/src/muse/muse_ros2/muse_ws/src/state_estimator/src/state_estimator.cpp:1\x1b[m\x1b[K:\n'}
[108.691984] (state_estimator) StderrLine: {'line': b'\x1b[01m\x1b[K/home/go2/go2_ws/src/muse/muse_ros2/muse_ws/src/state_estimator/include/state_estimator/Robot.hpp:\x1b[m\x1b[K In constructor \xe2\x80\x98\x1b[01m\x1b[Kstate_estimator::Robot::Robot(state_estimator::Robot&&)\x1b[m\x1b[K\xe2\x80\x99:\n'}
[108.692037] (state_estimator) StderrLine: {'line': b'\x1b[01m\x1b[K/home/go2/go2_ws/src/muse/muse_ros2/muse_ws/src/state_estimator/include/state_estimator/Robot.hpp:25:23:\x1b[m\x1b[K \x1b[01;35m\x1b[Kwarning: \x1b[m\x1b[Kunused parameter \xe2\x80\x98\x1b[01m\x1b[Kthat\x1b[m\x1b[K\xe2\x80\x99 [\x1b[01;35m\x1b[K\x1b]8;;https://gcc.gnu.org/onlinedocs/gcc/Warning-Options.html#index-Wunused-parameter\x07-Wunused-parameter\x1b]8;;\x07\x1b[m\x1b[K]\n'}
[108.692092] (state_estimator) StderrLine: {'line': b'   25 |         Robot(\x1b[01;35m\x1b[KRobot&& that\x1b[m\x1b[K) { }\n'}
[108.692142] (state_estimator) StderrLine: {'line': b'      |               \x1b[01;35m\x1b[K~~~~~~~~^~~~\x1b[m\x1b[K\n'}
[108.692190] (state_estimator) StderrLine: {'line': b'In file included from \x1b[01m\x1b[K/home/go2/go2_ws/src/muse/muse_ros2/muse_ws/src/state_estimator/include/state_estimator/plugin.hpp:5\x1b[m\x1b[K,\n'}
[108.692239] (state_estimator) StderrLine: {'line': b'                 from \x1b[01m\x1b[K/home/go2/go2_ws/src/muse/muse_ros2/muse_ws/src/state_estimator/include/state_estimator/state_estimator_node.hpp:26\x1b[m\x1b[K,\n'}
[108.692288] (state_estimator) StderrLine: {'line': b'                 from \x1b[01m\x1b[K/home/go2/go2_ws/src/muse/muse_ros2/muse_ws/src/state_estimator/src/state_estimator_node.cpp:1\x1b[m\x1b[K:\n'}
[108.692342] (state_estimator) StderrLine: {'line': b'\x1b[01m\x1b[K/home/go2/go2_ws/src/muse/muse_ros2/muse_ws/src/state_estimator/include/state_estimator/Robot.hpp:\x1b[m\x1b[K In constructor \xe2\x80\x98\x1b[01m\x1b[Kstate_estimator::Robot::Robot(state_estimator::Robot&&)\x1b[m\x1b[K\xe2\x80\x99:\n'}
[108.692391] (state_estimator) StderrLine: {'line': b'\x1b[01m\x1b[K/home/go2/go2_ws/src/muse/muse_ros2/muse_ws/src/state_estimator/include/state_estimator/Robot.hpp:25:23:\x1b[m\x1b[K \x1b[01;35m\x1b[Kwarning: \x1b[m\x1b[Kunused parameter \xe2\x80\x98\x1b[01m\x1b[Kthat\x1b[m\x1b[K\xe2\x80\x99 [\x1b[01;35m\x1b[K\x1b]8;;https://gcc.gnu.org/onlinedocs/gcc/Warning-Options.html#index-Wunused-parameter\x07-Wunused-parameter\x1b]8;;\x07\x1b[m\x1b[K]\n'}
[108.692446] (state_estimator) StderrLine: {'line': b'   25 |         Robot(\x1b[01;35m\x1b[KRobot&& that\x1b[m\x1b[K) { }\n'}
[108.692498] (state_estimator) StderrLine: {'line': b'      |               \x1b[01;35m\x1b[K~~~~~~~~^~~~\x1b[m\x1b[K\n'}
[108.736130] (-) TimerEvent: {}
[108.836543] (-) TimerEvent: {}
[108.936971] (-) TimerEvent: {}
[109.037325] (-) TimerEvent: {}
[109.137727] (-) TimerEvent: {}
[109.238083] (-) TimerEvent: {}
[109.252176] (state_estimator) StderrLine: {'line': b'In file included from \x1b[01m\x1b[K/home/go2/go2_ws/src/muse/muse_ros2/muse_ws/src/state_estimator/include/state_estimator/state_estimator_node.hpp:27\x1b[m\x1b[K,\n'}
[109.252356] (state_estimator) StderrLine: {'line': b'                 from \x1b[01m\x1b[K/home/go2/go2_ws/src/muse/muse_ros2/muse_ws/src/state_estimator/src/state_estimator.cpp:1\x1b[m\x1b[K:\n'}
[109.252412] (state_estimator) StderrLine: {'line': b'\x1b[01m\x1b[K/home/go2/go2_ws/src/muse/muse_ros2/muse_ws/src/state_estimator/include/state_estimator/lib.hpp:\x1b[m\x1b[K In function \xe2\x80\x98\x1b[01m\x1b[KEigen::Matrix<double, 3, 3> state_estimator::calc_Rzyx(const Eigen::Matrix<double, 3, 1>&)\x1b[m\x1b[K\xe2\x80\x99:\n'}
[109.252464] (state_estimator) StderrLine: {'line': b'\x1b[01m\x1b[K/home/go2/go2_ws/src/muse/muse_ros2/muse_ws/src/state_estimator/include/state_estimator/lib.hpp:46:43:\x1b[m\x1b[K \x1b[01;35m\x1b[Kwarning: \x1b[m\x1b[Kvariable \xe2\x80\x98\x1b[01m\x1b[Ku1\x1b[m\x1b[K\xe2\x80\x99 set but not used [\x1b[01;35m\x1b[K\x1b]8;;https://gcc.gnu.org/onlinedocs/gcc/Warning-Options.html#index-Wunused-but-set-variable\x07-Wunused-but-set-variable\x1b]8;;\x07\x1b[m\x1b[K]\n'}
[109.252515] (state_estimator) StderrLine: {'line': b'   46 |                 Eigen::Matrix<double,3,1> \x1b[01;35m\x1b[Ku1\x1b[m\x1b[K = R.block(0,0,3,1);\n'}
[109.252562] (state_estimator) StderrLine: {'line': b'      |                                           \x1b[01;35m\x1b[K^~\x1b[m\x1b[K\n'}
[109.252608] (state_estimator) StderrLine: {'line': b'\x1b[01m\x1b[K/home/go2/go2_ws/src/muse/muse_ros2/muse_ws/src/state_estimator/include/state_estimator/lib.hpp:47:43:\x1b[m\x1b[K \x1b[01;35m\x1b[Kwarning: \x1b[m\x1b[Kvariable \xe2\x80\x98\x1b[01m\x1b[Ku2\x1b[m\x1b[K\xe2\x80\x99 set but not used [\x1b[01;35m\x1b[K\x1b]8;;https://gcc.gnu.org/onlinedocs/gcc/Warning-Options.html#index-Wunused-but-set-variable\x07-Wunused-but-set-variable\x1b]8;;\x07\x1b[m\x1b[K]\n'}
[109.252657] (state_estimator) StderrLine: {'line': b'   47 |                 Eigen::Matrix<double,3,1> \x1b[01;35m\x1b[Ku2\x1b[m\x1b[K = R.block(0,1,3,1);\n'}
[109.252703] (state_estimator) StderrLine: {'line': b'      |                                           \x1b[01;35m\x1b[K^~\x1b[m\x1b[K\n'}
[109.252749] (state_estimator) StderrLine: {'line': b'\x1b[01m\x1b[K/home/go2/go2_ws/src/muse/muse_ros2/muse_ws/src/state_estimator/include/state_estimator/lib.hpp:48:43:\x1b[m\x1b[K \x1b[01;35m\x1b[Kwarning: \x1b[m\x1b[Kvariable \xe2\x80\x98\x1b[01m\x1b[Ku3\x1b[m\x1b[K\xe2\x80\x99 set but not used [\x1b[01;35m\x1b[K\x1b]8;;https://gcc.gnu.org/onlinedocs/gcc/Warning-Options.html#index-Wunused-but-set-variable\x07-Wunused-but-set-variable\x1b]8;;\x07\x1b[m\x1b[K]\n'}
[109.252801] (state_estimator) StderrLine: {'line': b'   48 |                 Eigen::Matrix<double,3,1> \x1b[01;35m\x1b[Ku3\x1b[m\x1b[K = R.block(0,2,3,1);\n'}
[109.252848] (state_estimator) StderrLine: {'line': b'      |                                           \x1b[01;35m\x1b[K^~\x1b[m\x1b[K\n'}
[109.256916] (state_estimator) StderrLine: {'line': b'In file included from \x1b[01m\x1b[K/home/go2/go2_ws/src/muse/muse_ros2/muse_ws/src/state_estimator/include/state_estimator/state_estimator_node.hpp:27\x1b[m\x1b[K,\n'}
[109.257053] (state_estimator) StderrLine: {'line': b'                 from \x1b[01m\x1b[K/home/go2/go2_ws/src/muse/muse_ros2/muse_ws/src/state_estimator/src/state_estimator_node.cpp:1\x1b[m\x1b[K:\n'}
[109.257126] (state_estimator) StderrLine: {'line': b'\x1b[01m\x1b[K/home/go2/go2_ws/src/muse/muse_ros2/muse_ws/src/state_estimator/include/state_estimator/lib.hpp:\x1b[m\x1b[K In function \xe2\x80\x98\x1b[01m\x1b[KEigen::Matrix<double, 3, 3> state_estimator::calc_Rzyx(const Eigen::Matrix<double, 3, 1>&)\x1b[m\x1b[K\xe2\x80\x99:\n'}
[109.257178] (state_estimator) StderrLine: {'line': b'\x1b[01m\x1b[K/home/go2/go2_ws/src/muse/muse_ros2/muse_ws/src/state_estimator/include/state_estimator/lib.hpp:46:43:\x1b[m\x1b[K \x1b[01;35m\x1b[Kwarning: \x1b[m\x1b[Kvariable \xe2\x80\x98\x1b[01m\x1b[Ku1\x1b[m\x1b[K\xe2\x80\x99 set but not used [\x1b[01;35m\x1b[K\x1b]8;;https://gcc.gnu.org/onlinedocs/gcc/Warning-Options.html#index-Wunused-but-set-variable\x07-Wunused-but-set-variable\x1b]8;;\x07\x1b[m\x1b[K]\n'}
[109.257231] (state_estimator) StderrLine: {'line': b'   46 |                 Eigen::Matrix<double,3,1> \x1b[01;35m\x1b[Ku1\x1b[m\x1b[K = R.block(0,0,3,1);\n'}
[109.257279] (state_estimator) StderrLine: {'line': b'      |                                           \x1b[01;35m\x1b[K^~\x1b[m\x1b[K\n'}
[109.257338] (state_estimator) StderrLine: {'line': b'\x1b[01m\x1b[K/home/go2/go2_ws/src/muse/muse_ros2/muse_ws/src/state_estimator/include/state_estimator/lib.hpp:47:43:\x1b[m\x1b[K \x1b[01;35m\x1b[Kwarning: \x1b[m\x1b[Kvariable \xe2\x80\x98\x1b[01m\x1b[Ku2\x1b[m\x1b[K\xe2\x80\x99 set but not used [\x1b[01;35m\x1b[K\x1b]8;;https://gcc.gnu.org/onlinedocs/gcc/Warning-Options.html#index-Wunused-but-set-variable\x07-Wunused-but-set-variable\x1b]8;;\x07\x1b[m\x1b[K]\n'}
[109.257395] (state_estimator) StderrLine: {'line': b'   47 |                 Eigen::Matrix<double,3,1> \x1b[01;35m\x1b[Ku2\x1b[m\x1b[K = R.block(0,1,3,1);\n'}
[109.257441] (state_estimator) StderrLine: {'line': b'      |                                           \x1b[01;35m\x1b[K^~\x1b[m\x1b[K\n'}
[109.257487] (state_estimator) StderrLine: {'line': b'\x1b[01m\x1b[K/home/go2/go2_ws/src/muse/muse_ros2/muse_ws/src/state_estimator/include/state_estimator/lib.hpp:48:43:\x1b[m\x1b[K \x1b[01;35m\x1b[Kwarning: \x1b[m\x1b[Kvariable \xe2\x80\x98\x1b[01m\x1b[Ku3\x1b[m\x1b[K\xe2\x80\x99 set but not used [\x1b[01;35m\x1b[K\x1b]8;;https://gcc.gnu.org/onlinedocs/gcc/Warning-Options.html#index-Wunused-but-set-variable\x07-Wunused-but-set-variable\x1b]8;;\x07\x1b[m\x1b[K]\n'}
[109.257535] (state_estimator) StderrLine: {'line': b'   48 |                 Eigen::Matrix<double,3,1> \x1b[01;35m\x1b[Ku3\x1b[m\x1b[K = R.block(0,2,3,1);\n'}
[109.257581] (state_estimator) StderrLine: {'line': b'      |                                           \x1b[01;35m\x1b[K^~\x1b[m\x1b[K\n'}
[109.338259] (-) TimerEvent: {}
[109.386566] (state_estimator) StderrLine: {'line': b'In file included from \x1b[01m\x1b[K/home/go2/go2_ws/src/muse/muse_ros2/muse_ws/src/state_estimator/include/state_estimator/state_estimator_node.hpp:27\x1b[m\x1b[K,\n'}
[109.386727] (state_estimator) StderrLine: {'line': b'                 from \x1b[01m\x1b[K/home/go2/go2_ws/src/muse/muse_ros2/muse_ws/src/state_estimator/src/state_estimator.cpp:1\x1b[m\x1b[K:\n'}
[109.386785] (state_estimator) StderrLine: {'line': b'\x1b[01m\x1b[K/home/go2/go2_ws/src/muse/muse_ros2/muse_ws/src/state_estimator/include/state_estimator/lib.hpp:\x1b[m\x1b[K In function \xe2\x80\x98\x1b[01m\x1b[Kstd::string state_estimator::ns2str(uint64_t)\x1b[m\x1b[K\xe2\x80\x99:\n'}
[109.386836] (state_estimator) StderrLine: {'line': b'\x1b[01m\x1b[K/home/go2/go2_ws/src/muse/muse_ros2/muse_ws/src/state_estimator/include/state_estimator/lib.hpp:163:18:\x1b[m\x1b[K \x1b[01;35m\x1b[Kwarning: \x1b[m\x1b[Kunused variable \xe2\x80\x98\x1b[01m\x1b[Kns\x1b[m\x1b[K\xe2\x80\x99 [\x1b[01;35m\x1b[K\x1b]8;;https://gcc.gnu.org/onlinedocs/gcc/Warning-Options.html#index-Wunused-variable\x07-Wunused-variable\x1b]8;;\x07\x1b[m\x1b[K]\n'}
[109.386889] (state_estimator) StderrLine: {'line': b'  163 |         uint64_t \x1b[01;35m\x1b[Kns\x1b[m\x1b[K =  t-y*31536000000000000-d*86400000000000-h*3600000000000-m*60000000000-s*1000000000-ms*1000000-us*1000;\n'}
[109.386948] (state_estimator) StderrLine: {'line': b'      |                  \x1b[01;35m\x1b[K^~\x1b[m\x1b[K\n'}
[109.386993] (state_estimator) StderrLine: {'line': b'\x1b[01m\x1b[K/home/go2/go2_ws/src/muse/muse_ros2/muse_ws/src/state_estimator/include/state_estimator/lib.hpp:168:26:\x1b[m\x1b[K \x1b[01;35m\x1b[Kwarning: \x1b[m\x1b[Kunused variable \xe2\x80\x98\x1b[01m\x1b[Kx\x1b[m\x1b[K\xe2\x80\x99 [\x1b[01;35m\x1b[K\x1b]8;;https://gcc.gnu.org/onlinedocs/gcc/Warning-Options.html#index-Wunused-variable\x07-Wunused-variable\x1b]8;;\x07\x1b[m\x1b[K]\n'}
[109.387042] (state_estimator) StderrLine: {'line': b'  168 |                 uint64_t \x1b[01;35m\x1b[Kx\x1b[m\x1b[K = 1;\n'}
[109.387087] (state_estimator) StderrLine: {'line': b'      |                          \x1b[01;35m\x1b[K^\x1b[m\x1b[K\n'}
[109.391032] (state_estimator) StderrLine: {'line': b'In file included from \x1b[01m\x1b[K/home/go2/go2_ws/src/muse/muse_ros2/muse_ws/src/state_estimator/include/state_estimator/state_estimator_node.hpp:27\x1b[m\x1b[K,\n'}
[109.391180] (state_estimator) StderrLine: {'line': b'                 from \x1b[01m\x1b[K/home/go2/go2_ws/src/muse/muse_ros2/muse_ws/src/state_estimator/src/state_estimator_node.cpp:1\x1b[m\x1b[K:\n'}
[109.391234] (state_estimator) StderrLine: {'line': b'\x1b[01m\x1b[K/home/go2/go2_ws/src/muse/muse_ros2/muse_ws/src/state_estimator/include/state_estimator/lib.hpp:\x1b[m\x1b[K In function \xe2\x80\x98\x1b[01m\x1b[Kstd::string state_estimator::ns2str(uint64_t)\x1b[m\x1b[K\xe2\x80\x99:\n'}
[109.391285] (state_estimator) StderrLine: {'line': b'\x1b[01m\x1b[K/home/go2/go2_ws/src/muse/muse_ros2/muse_ws/src/state_estimator/include/state_estimator/lib.hpp:163:18:\x1b[m\x1b[K \x1b[01;35m\x1b[Kwarning: \x1b[m\x1b[Kunused variable \xe2\x80\x98\x1b[01m\x1b[Kns\x1b[m\x1b[K\xe2\x80\x99 [\x1b[01;35m\x1b[K\x1b]8;;https://gcc.gnu.org/onlinedocs/gcc/Warning-Options.html#index-Wunused-variable\x07-Wunused-variable\x1b]8;;\x07\x1b[m\x1b[K]\n'}
[109.391337] (state_estimator) StderrLine: {'line': b'  163 |         uint64_t \x1b[01;35m\x1b[Kns\x1b[m\x1b[K =  t-y*31536000000000000-d*86400000000000-h*3600000000000-m*60000000000-s*1000000000-ms*1000000-us*1000;\n'}
[109.391383] (state_estimator) StderrLine: {'line': b'      |                  \x1b[01;35m\x1b[K^~\x1b[m\x1b[K\n'}
[109.391439] (state_estimator) StderrLine: {'line': b'\x1b[01m\x1b[K/home/go2/go2_ws/src/muse/muse_ros2/muse_ws/src/state_estimator/include/state_estimator/lib.hpp:168:26:\x1b[m\x1b[K \x1b[01;35m\x1b[Kwarning: \x1b[m\x1b[Kunused variable \xe2\x80\x98\x1b[01m\x1b[Kx\x1b[m\x1b[K\xe2\x80\x99 [\x1b[01;35m\x1b[K\x1b]8;;https://gcc.gnu.org/onlinedocs/gcc/Warning-Options.html#index-Wunused-variable\x07-Wunused-variable\x1b]8;;\x07\x1b[m\x1b[K]\n'}
[109.391487] (state_estimator) StderrLine: {'line': b'  168 |                 uint64_t \x1b[01;35m\x1b[Kx\x1b[m\x1b[K = 1;\n'}
[109.391532] (state_estimator) StderrLine: {'line': b'      |                          \x1b[01;35m\x1b[K^\x1b[m\x1b[K\n'}
[109.438430] (-) TimerEvent: {}
[109.538786] (-) TimerEvent: {}
[109.639153] (-) TimerEvent: {}
[109.739519] (-) TimerEvent: {}
[109.839908] (-) TimerEvent: {}
[109.940275] (-) TimerEvent: {}
[110.040699] (-) TimerEvent: {}
[110.141120] (-) TimerEvent: {}
[110.241482] (-) TimerEvent: {}
[110.341844] (-) TimerEvent: {}
[110.442196] (-) TimerEvent: {}
[110.542606] (-) TimerEvent: {}
[110.643080] (-) TimerEvent: {}
[110.743465] (-) TimerEvent: {}
[110.843895] (-) TimerEvent: {}
[110.944321] (-) TimerEvent: {}
[111.044691] (-) TimerEvent: {}
[111.145107] (-) TimerEvent: {}
[111.245566] (-) TimerEvent: {}
[111.345934] (-) TimerEvent: {}
[111.446322] (-) TimerEvent: {}
[111.546663] (-) TimerEvent: {}
[111.647015] (-) TimerEvent: {}
[111.747334] (-) TimerEvent: {}
[111.847708] (-) TimerEvent: {}
[111.948065] (-) TimerEvent: {}
[112.048426] (-) TimerEvent: {}
[112.148784] (-) TimerEvent: {}
[112.249172] (-) TimerEvent: {}
[112.349534] (-) TimerEvent: {}
[112.449892] (-) TimerEvent: {}
[112.550247] (-) TimerEvent: {}
[112.650604] (-) TimerEvent: {}
[112.750989] (-) TimerEvent: {}
[112.851395] (-) TimerEvent: {}
[112.951756] (-) TimerEvent: {}
[113.052145] (-) TimerEvent: {}
[113.152491] (-) TimerEvent: {}
[113.252924] (-) TimerEvent: {}
[113.353330] (-) TimerEvent: {}
[113.453691] (-) TimerEvent: {}
[113.554045] (-) TimerEvent: {}
[113.654401] (-) TimerEvent: {}
[113.754776] (-) TimerEvent: {}
[113.855135] (-) TimerEvent: {}
[113.955503] (-) TimerEvent: {}
[114.055964] (-) TimerEvent: {}
[114.156361] (-) TimerEvent: {}
[114.256711] (-) TimerEvent: {}
[114.357046] (-) TimerEvent: {}
[114.457380] (-) TimerEvent: {}
[114.557742] (-) TimerEvent: {}
[114.658141] (-) TimerEvent: {}
[114.758470] (-) TimerEvent: {}
[114.858821] (-) TimerEvent: {}
[114.959185] (-) TimerEvent: {}
[115.059621] (-) TimerEvent: {}
[115.160045] (-) TimerEvent: {}
[115.260425] (-) TimerEvent: {}
[115.360822] (-) TimerEvent: {}
[115.461184] (-) TimerEvent: {}
[115.561561] (-) TimerEvent: {}
[115.661907] (-) TimerEvent: {}
[115.762279] (-) TimerEvent: {}
[115.862636] (-) TimerEvent: {}
[115.962994] (-) TimerEvent: {}
[116.063343] (-) TimerEvent: {}
[116.163691] (-) TimerEvent: {}
[116.264081] (-) TimerEvent: {}
[116.364433] (-) TimerEvent: {}
[116.464777] (-) TimerEvent: {}
[116.565166] (-) TimerEvent: {}
[116.665518] (-) TimerEvent: {}
[116.765909] (-) TimerEvent: {}
[116.866260] (-) TimerEvent: {}
[116.966560] (-) TimerEvent: {}
[117.066901] (-) TimerEvent: {}
[117.167259] (-) TimerEvent: {}
[117.267662] (-) TimerEvent: {}
[117.368033] (-) TimerEvent: {}
[117.468380] (-) TimerEvent: {}
[117.568738] (-) TimerEvent: {}
[117.669177] (-) TimerEvent: {}
[117.769538] (-) TimerEvent: {}
[117.869939] (-) TimerEvent: {}
[117.970293] (-) TimerEvent: {}
[118.070649] (-) TimerEvent: {}
[118.171016] (-) TimerEvent: {}
[118.271334] (-) TimerEvent: {}
[118.371686] (-) TimerEvent: {}
[118.472040] (-) TimerEvent: {}
[118.572439] (-) TimerEvent: {}
[118.672797] (-) TimerEvent: {}
[118.773235] (-) TimerEvent: {}
[118.873596] (-) TimerEvent: {}
[118.973990] (-) TimerEvent: {}
[119.074333] (-) TimerEvent: {}
[119.174754] (-) TimerEvent: {}
[119.275115] (-) TimerEvent: {}
[119.375469] (-) TimerEvent: {}
[119.475875] (-) TimerEvent: {}
[119.576251] (-) TimerEvent: {}
[119.676608] (-) TimerEvent: {}
[119.754469] (state_estimator) StdoutLine: {'line': b'[100%] \x1b[32m\x1b[1mLinking CXX executable state_estimator_node\x1b[0m\n'}
[119.776767] (-) TimerEvent: {}
[119.877181] (-) TimerEvent: {}
[119.977574] (-) TimerEvent: {}
[120.077989] (-) TimerEvent: {}
[120.178360] (-) TimerEvent: {}
[120.278769] (-) TimerEvent: {}
[120.379269] (-) TimerEvent: {}
[120.479707] (-) TimerEvent: {}
[120.521156] (state_estimator) StdoutLine: {'line': b'[100%] Built target state_estimator_node\n'}
[120.534484] (state_estimator) CommandEnded: {'returncode': 0}
[120.535195] (state_estimator) JobProgress: {'identifier': 'state_estimator', 'progress': 'install'}
[120.536593] (state_estimator) Command: {'cmd': ['/usr/bin/cmake', '--install', '/home/go2/go2_ws/src/muse/muse_ros2/muse_ws/build/state_estimator'], 'cwd': '/home/go2/go2_ws/src/muse/muse_ros2/muse_ws/build/state_estimator', 'env': OrderedDict([('LESSOPEN', '| /usr/bin/lesspipe %s'), ('USER', 'go2'), ('GIT_ASKPASS', '/home/go2/.vscode-server/bin/7d842fb85a0275a4a8e4d7e040d2625abbf7f084/extensions/git/dist/askpass.sh'), ('SHLVL', '2'), ('LD_LIBRARY_PATH', '/home/go2/go2_ws/src/muse/muse_ros2/muse_ws/install/state_estimator_msgs/lib:/home/go2/go2_ws/src/muse/muse_ros2/muse_ws/install/state_estimator/lib:/home/go2/go2_ws/src/muse/muse_ros2/muse_ws/install/kiss_icp/lib:/home/go2/go2_ws/src/muse/muse_ros2/muse_ws/install/iit_commons/lib:/opt/ros/humble/opt/rviz_ogre_vendor/lib:/opt/ros/humble/lib/x86_64-linux-gnu:/opt/ros/humble/lib'), ('HOME', '/home/go2'), ('OLDPWD', '/home/go2/go2_ws/src/muse/muse_ros2'), ('TERM_PROGRAM_VERSION', '1.105.1'), ('VSCODE_IPC_HOOK_CLI', '/run/user/1000/vscode-ipc-fd71f093-931c-4aa7-9729-3fcba30fa958.sock'), ('ROS_PYTHON_VERSION', '3'), ('VSCODE_GIT_ASKPASS_MAIN', '/home/go2/.vscode-server/bin/7d842fb85a0275a4a8e4d7e040d2625abbf7f084/extensions/git/dist/askpass-main.js'), ('VSCODE_GIT_ASKPASS_NODE', '/home/go2/.vscode-server/bin/7d842fb85a0275a4a8e4d7e040d2625abbf7f084/node'), ('VSCODE_PYTHON_AUTOACTIVATE_GUARD', '1'), ('DBUS_SESSION_BUS_ADDRESS', 'unix:path=/run/user/1000/bus'), ('COLORTERM', 'truecolor'), ('WSL_DISTRO_NAME', 'Ubuntu-22.04'), ('WAYLAND_DISPLAY', 'wayland-0'), ('COLCON_PREFIX_PATH', '/home/go2/go2_ws/src/muse/muse_ros2/muse_ws/install:/home/go2/go2_ws/install'), ('ROS_DISTRO', 'humble'), ('LOGNAME', 'go2'), ('NAME', 'Code'), ('WSL_INTEROP', '/run/WSL/705_interop'), ('PULSE_SERVER', 'unix:/mnt/wslg/PulseServer'), ('_', '/usr/bin/colcon'), ('ROS_VERSION', '2'), ('TERM', 'xterm-256color'), ('ROS_LOCALHOST_ONLY', '0'), ('PATH', '/home/go2/.vscode-server/bin/7d842fb85a0275a4a8e4d7e040d2625abbf7f084/bin/remote-cli:/opt/ros/humble/bin:/usr/local/sbin:/usr/local/bin:/usr/sbin:/usr/bin:/sbin:/bin:/usr/games:/usr/local/games:/usr/lib/wsl/lib:/mnt/c/Program Files/Common Files/Siemens/Automation/Simatic OAM/bin:/mnt/c/Program Files/Python310/Scripts/:/mnt/c/Program Files/Python310/:/mnt/c/Program Files (x86)/Razer/ChromaBroadcast/bin:/mnt/c/Program Files/Razer/ChromaBroadcast/bin:/mnt/c/WINDOWS/system32:/mnt/c/WINDOWS:/mnt/c/WINDOWS/System32/Wbem:/mnt/c/WINDOWS/System32/WindowsPowerShell/v1.0/:/mnt/c/WINDOWS/System32/OpenSSH/:/mnt/c/Program Files/dotnet/:/mnt/c/WINDOWS/system32:/mnt/c/WINDOWS:/mnt/c/WINDOWS/System32/Wbem:/mnt/c/WINDOWS/System32/WindowsPowerShell/v1.0/:/mnt/c/WINDOWS/System32/OpenSSH/:/mnt/c/Program Files/Git/cmd:/mnt/c/Users/LABID/AppData/Local/Microsoft/WindowsApps:/mnt/c/Program Files/Docker/Docker/resources/bin:/mnt/c/Users/LABID/AppData/Local/Programs/Microsoft VS Code/bin:/snap/bin'), ('XDG_RUNTIME_DIR', '/run/user/1000/'), ('DISPLAY', ':0'), ('LANG', 'en_US.UTF-8'), ('LS_COLORS', 'rs=0:di=01;34:ln=01;36:mh=00:pi=40;33:so=01;35:do=01;35:bd=40;33;01:cd=40;33;01:or=40;31;01:mi=00:su=37;41:sg=30;43:ca=30;41:tw=30;42:ow=34;42:st=37;44:ex=01;32:*.tar=01;31:*.tgz=01;31:*.arc=01;31:*.arj=01;31:*.taz=01;31:*.lha=01;31:*.lz4=01;31:*.lzh=01;31:*.lzma=01;31:*.tlz=01;31:*.txz=01;31:*.tzo=01;31:*.t7z=01;31:*.zip=01;31:*.z=01;31:*.dz=01;31:*.gz=01;31:*.lrz=01;31:*.lz=01;31:*.lzo=01;31:*.xz=01;31:*.zst=01;31:*.tzst=01;31:*.bz2=01;31:*.bz=01;31:*.tbz=01;31:*.tbz2=01;31:*.tz=01;31:*.deb=01;31:*.rpm=01;31:*.jar=01;31:*.war=01;31:*.ear=01;31:*.sar=01;31:*.rar=01;31:*.alz=01;31:*.ace=01;31:*.zoo=01;31:*.cpio=01;31:*.7z=01;31:*.rz=01;31:*.cab=01;31:*.wim=01;31:*.swm=01;31:*.dwm=01;31:*.esd=01;31:*.jpg=01;35:*.jpeg=01;35:*.mjpg=01;35:*.mjpeg=01;35:*.gif=01;35:*.bmp=01;35:*.pbm=01;35:*.pgm=01;35:*.ppm=01;35:*.tga=01;35:*.xbm=01;35:*.xpm=01;35:*.tif=01;35:*.tiff=01;35:*.png=01;35:*.svg=01;35:*.svgz=01;35:*.mng=01;35:*.pcx=01;35:*.mov=01;35:*.mpg=01;35:*.mpeg=01;35:*.m2v=01;35:*.mkv=01;35:*.webm=01;35:*.webp=01;35:*.ogm=01;35:*.mp4=01;35:*.m4v=01;35:*.mp4v=01;35:*.vob=01;35:*.qt=01;35:*.nuv=01;35:*.wmv=01;35:*.asf=01;35:*.rm=01;35:*.rmvb=01;35:*.flc=01;35:*.avi=01;35:*.fli=01;35:*.flv=01;35:*.gl=01;35:*.dl=01;35:*.xcf=01;35:*.xwd=01;35:*.yuv=01;35:*.cgm=01;35:*.emf=01;35:*.ogv=01;35:*.ogx=01;35:*.aac=00;36:*.au=00;36:*.flac=00;36:*.m4a=00;36:*.mid=00;36:*.midi=00;36:*.mka=00;36:*.mp3=00;36:*.mpc=00;36:*.ogg=00;36:*.ra=00;36:*.wav=00;36:*.oga=00;36:*.opus=00;36:*.spx=00;36:*.xspf=00;36:'), ('VSCODE_GIT_IPC_HANDLE', '/run/user/1000/vscode-git-791eacad74.sock'), ('TERM_PROGRAM', 'vscode'), ('AMENT_PREFIX_PATH', '/home/go2/go2_ws/install/go2_description:/home/go2/go2_ws/src/muse/muse_ros2/muse_ws/install/state_estimator:/home/go2/go2_ws/src/muse/muse_ros2/muse_ws/install/state_estimator_msgs:/home/go2/go2_ws/src/muse/muse_ros2/muse_ws/install/kiss_icp:/home/go2/go2_ws/src/muse/muse_ros2/muse_ws/install/iit_commons:/opt/ros/humble'), ('SHELL', '/bin/bash'), ('LESSCLOSE', '/usr/bin/lesspipe %s %s'), ('VSCODE_GIT_ASKPASS_EXTRA_ARGS', ''), ('PWD', '/home/go2/go2_ws/src/muse/muse_ros2/muse_ws/build/state_estimator'), ('XDG_DATA_DIRS', '/usr/local/share:/usr/share:/var/lib/snapd/desktop'), ('PYTHONPATH', '/home/go2/go2_ws/src/muse/muse_ros2/muse_ws/install/state_estimator_msgs/local/lib/python3.10/dist-packages:/opt/ros/humble/lib/python3.10/site-packages:/opt/ros/humble/local/lib/python3.10/dist-packages'), ('COLCON', '1'), ('WSL2_GUI_APPS_ENABLED', '1'), ('HOSTTYPE', 'x86_64'), ('CMAKE_PREFIX_PATH', '/home/go2/go2_ws/src/muse/muse_ros2/muse_ws/install/state_estimator_msgs:/home/go2/go2_ws/install/go2_description:/home/go2/go2_ws/src/muse/muse_ros2/muse_ws/install/state_estimator:/home/go2/go2_ws/src/muse/muse_ros2/muse_ws/install/kiss_icp:/home/go2/go2_ws/src/muse/muse_ros2/muse_ws/install/iit_commons:/opt/ros/humble'), ('WSLENV', 'ELECTRON_RUN_AS_NODE/w:')]), 'shell': False}
[120.544712] (state_estimator) StdoutLine: {'line': b'-- Install configuration: ""\n'}
[120.545582] (state_estimator) StdoutLine: {'line': b'-- Installing: /home/go2/go2_ws/src/muse/muse_ros2/muse_ws/install/state_estimator/lib/libstate_estimator_plugins.so\n'}
[120.579895] (-) TimerEvent: {}
[120.614644] (state_estimator) StdoutLine: {'line': b'-- Set runtime path of "/home/go2/go2_ws/src/muse/muse_ros2/muse_ws/install/state_estimator/lib/libstate_estimator_plugins.so" to ""\n'}
[120.615103] (state_estimator) StdoutLine: {'line': b'-- Installing: /home/go2/go2_ws/src/muse/muse_ros2/muse_ws/install/state_estimator/lib/state_estimator/state_estimator_node\n'}
[120.621076] (state_estimator) StdoutLine: {'line': b'-- Set runtime path of "/home/go2/go2_ws/src/muse/muse_ros2/muse_ws/install/state_estimator/lib/state_estimator/state_estimator_node" to ""\n'}
[120.621801] (state_estimator) StdoutLine: {'line': b'-- Installing: /home/go2/go2_ws/src/muse/muse_ros2/muse_ws/install/state_estimator/share/state_estimator/state_estimator_plugins.xml\n'}
[120.622126] (state_estimator) StdoutLine: {'line': b'-- Installing: /home/go2/go2_ws/src/muse/muse_ros2/muse_ws/install/state_estimator/include\n'}
[120.622439] (state_estimator) StdoutLine: {'line': b'-- Installing: /home/go2/go2_ws/src/muse/muse_ros2/muse_ws/install/state_estimator/include/state_estimator\n'}
[120.622842] (state_estimator) StdoutLine: {'line': b'-- Installing: /home/go2/go2_ws/src/muse/muse_ros2/muse_ws/install/state_estimator/include/state_estimator/Services.hpp\n'}
[120.623150] (state_estimator) StdoutLine: {'line': b'-- Installing: /home/go2/go2_ws/src/muse/muse_ros2/muse_ws/install/state_estimator/include/state_estimator/lib.hpp\n'}
[120.623503] (state_estimator) StdoutLine: {'line': b'-- Installing: /home/go2/go2_ws/src/muse/muse_ros2/muse_ws/install/state_estimator/include/state_estimator/EigenExtra.hpp\n'}
[120.623590] (state_estimator) StdoutLine: {'line': b'-- Installing: /home/go2/go2_ws/src/muse/muse_ros2/muse_ws/install/state_estimator/include/state_estimator/Observers\n'}
[120.623788] (state_estimator) StdoutLine: {'line': b'-- Installing: /home/go2/go2_ws/src/muse/muse_ros2/muse_ws/install/state_estimator/include/state_estimator/Observers/XKF.hpp\n'}
[120.624132] (state_estimator) StdoutLine: {'line': b'-- Installing: /home/go2/go2_ws/src/muse/muse_ros2/muse_ws/install/state_estimator/include/state_estimator/Observers/NLO.hpp\n'}
[120.624219] (state_estimator) StdoutLine: {'line': b'-- Installing: /home/go2/go2_ws/src/muse/muse_ros2/muse_ws/install/state_estimator/include/state_estimator/Observers/EKF.hpp\n'}
[120.624486] (state_estimator) StdoutLine: {'line': b'-- Installing: /home/go2/go2_ws/src/muse/muse_ros2/muse_ws/install/state_estimator/include/state_estimator/Observers/Observer.hpp\n'}
[120.624715] (state_estimator) StdoutLine: {'line': b'-- Installing: /home/go2/go2_ws/src/muse/muse_ros2/muse_ws/install/state_estimator/include/state_estimator/state_estimator_node.hpp\n'}
[120.624803] (state_estimator) StdoutLine: {'line': b'-- Installing: /home/go2/go2_ws/src/muse/muse_ros2/muse_ws/install/state_estimator/include/state_estimator/Robot.hpp\n'}
[120.625056] (state_estimator) StdoutLine: {'line': b'-- Installing: /home/go2/go2_ws/src/muse/muse_ros2/muse_ws/install/state_estimator/include/state_estimator/plugin.hpp\n'}
[120.625141] (state_estimator) StdoutLine: {'line': b'-- Installing: /home/go2/go2_ws/src/muse/muse_ros2/muse_ws/install/state_estimator/include/state_estimator/Models\n'}
[120.625418] (state_estimator) StdoutLine: {'line': b'-- Installing: /home/go2/go2_ws/src/muse/muse_ros2/muse_ws/install/state_estimator/include/state_estimator/Models/attitude_bias_NLO.hpp\n'}
[120.625613] (state_estimator) StdoutLine: {'line': b'-- Installing: /home/go2/go2_ws/src/muse/muse_ros2/muse_ws/install/state_estimator/include/state_estimator/Models/sensor_fusion.hpp\n'}
[120.625799] (state_estimator) StdoutLine: {'line': b'-- Installing: /home/go2/go2_ws/src/muse/muse_ros2/muse_ws/install/state_estimator/include/state_estimator/Models/attitude_bias_XKF.hpp\n'}
[120.626025] (state_estimator) StdoutLine: {'line': b'-- Installing: /home/go2/go2_ws/src/muse/muse_ros2/muse_ws/install/state_estimator/include/state_estimator/plugin_base.hpp\n'}
[120.626108] (state_estimator) StdoutLine: {'line': b'-- Installing: /home/go2/go2_ws/src/muse/muse_ros2/muse_ws/install/state_estimator/include/state_estimator/Estimator.hpp\n'}
[120.626270] (state_estimator) StdoutLine: {'line': b'-- Installing: /home/go2/go2_ws/src/muse/muse_ros2/muse_ws/install/state_estimator/share/state_estimator/launch\n'}
[120.626643] (state_estimator) StdoutLine: {'line': b'-- Installing: /home/go2/go2_ws/src/muse/muse_ros2/muse_ws/install/state_estimator/share/state_estimator/launch/timeout.yaml\n'}
[120.626873] (state_estimator) StdoutLine: {'line': b'-- Installing: /home/go2/go2_ws/src/muse/muse_ros2/muse_ws/install/state_estimator/share/state_estimator/launch/pluginlist.yaml\n'}
[120.628205] (state_estimator) StdoutLine: {'line': b'-- Installing: /home/go2/go2_ws/src/muse/muse_ros2/muse_ws/install/state_estimator/share/state_estimator/launch/state_estimator.launch.py\n'}
[120.628542] (state_estimator) StdoutLine: {'line': b'-- Installing: /home/go2/go2_ws/src/muse/muse_ros2/muse_ws/install/state_estimator/share/state_estimator/config\n'}
[120.628813] (state_estimator) StdoutLine: {'line': b'-- Installing: /home/go2/go2_ws/src/muse/muse_ros2/muse_ws/install/state_estimator/share/state_estimator/config/attitude_plugin.yaml\n'}
[120.629096] (state_estimator) StdoutLine: {'line': b'-- Installing: /home/go2/go2_ws/src/muse/muse_ros2/muse_ws/install/state_estimator/share/state_estimator/config/sensor_fusion.yaml\n'}
[120.629407] (state_estimator) StdoutLine: {'line': b'-- Installing: /home/go2/go2_ws/src/muse/muse_ros2/muse_ws/install/state_estimator/share/state_estimator/config/leg_odometry.yaml\n'}
[120.629697] (state_estimator) StdoutLine: {'line': b'-- Installing: /home/go2/go2_ws/src/muse/muse_ros2/muse_ws/install/state_estimator/share/state_estimator/config/contact_plugin.yaml\n'}
[120.630008] (state_estimator) StdoutLine: {'line': b'-- Installing: /home/go2/go2_ws/src/muse/muse_ros2/muse_ws/install/state_estimator/share/state_estimator/urdfs\n'}
[120.630265] (state_estimator) StdoutLine: {'line': b'-- Installing: /home/go2/go2_ws/src/muse/muse_ros2/muse_ws/install/state_estimator/share/state_estimator/urdfs/aliengo.urdf\n'}
[120.630423] (state_estimator) StdoutLine: {'line': b'-- Installing: /home/go2/go2_ws/src/muse/muse_ros2/muse_ws/install/state_estimator/share/state_estimator/urdfs/anymal.urdf\n'}
[120.630667] (state_estimator) StdoutLine: {'line': b'-- Up-to-date: /home/go2/go2_ws/src/muse/muse_ros2/muse_ws/install/state_estimator/share/state_estimator/state_estimator_plugins.xml\n'}
[120.631039] (state_estimator) StdoutLine: {'line': b'-- Installing: /home/go2/go2_ws/src/muse/muse_ros2/muse_ws/install/state_estimator/share/state_estimator/environment/library_path.sh\n'}
[120.631248] (state_estimator) StdoutLine: {'line': b'-- Installing: /home/go2/go2_ws/src/muse/muse_ros2/muse_ws/install/state_estimator/share/state_estimator/environment/library_path.dsv\n'}
[120.632253] (state_estimator) StdoutLine: {'line': b'-- Installing: /home/go2/go2_ws/src/muse/muse_ros2/muse_ws/install/state_estimator/share/ament_index/resource_index/package_run_dependencies/state_estimator\n'}
[120.632771] (state_estimator) StdoutLine: {'line': b'-- Installing: /home/go2/go2_ws/src/muse/muse_ros2/muse_ws/install/state_estimator/share/ament_index/resource_index/parent_prefix_path/state_estimator\n'}
[120.633024] (state_estimator) StdoutLine: {'line': b'-- Installing: /home/go2/go2_ws/src/muse/muse_ros2/muse_ws/install/state_estimator/share/state_estimator/environment/ament_prefix_path.sh\n'}
[120.633229] (state_estimator) StdoutLine: {'line': b'-- Installing: /home/go2/go2_ws/src/muse/muse_ros2/muse_ws/install/state_estimator/share/state_estimator/environment/ament_prefix_path.dsv\n'}
[120.633421] (state_estimator) StdoutLine: {'line': b'-- Installing: /home/go2/go2_ws/src/muse/muse_ros2/muse_ws/install/state_estimator/share/state_estimator/environment/path.sh\n'}
[120.633656] (state_estimator) StdoutLine: {'line': b'-- Installing: /home/go2/go2_ws/src/muse/muse_ros2/muse_ws/install/state_estimator/share/state_estimator/environment/path.dsv\n'}
[120.633907] (state_estimator) StdoutLine: {'line': b'-- Installing: /home/go2/go2_ws/src/muse/muse_ros2/muse_ws/install/state_estimator/share/state_estimator/local_setup.bash\n'}
[120.634136] (state_estimator) StdoutLine: {'line': b'-- Installing: /home/go2/go2_ws/src/muse/muse_ros2/muse_ws/install/state_estimator/share/state_estimator/local_setup.sh\n'}
[120.634357] (state_estimator) StdoutLine: {'line': b'-- Installing: /home/go2/go2_ws/src/muse/muse_ros2/muse_ws/install/state_estimator/share/state_estimator/local_setup.zsh\n'}
[120.634578] (state_estimator) StdoutLine: {'line': b'-- Installing: /home/go2/go2_ws/src/muse/muse_ros2/muse_ws/install/state_estimator/share/state_estimator/local_setup.dsv\n'}
[120.634772] (state_estimator) StdoutLine: {'line': b'-- Installing: /home/go2/go2_ws/src/muse/muse_ros2/muse_ws/install/state_estimator/share/state_estimator/package.dsv\n'}
[120.635263] (state_estimator) StdoutLine: {'line': b'-- Installing: /home/go2/go2_ws/src/muse/muse_ros2/muse_ws/install/state_estimator/share/ament_index/resource_index/packages/state_estimator\n'}
[120.635717] (state_estimator) StdoutLine: {'line': b'-- Installing: /home/go2/go2_ws/src/muse/muse_ros2/muse_ws/install/state_estimator/share/ament_index/resource_index/state_estimator__pluginlib__plugin/state_estimator\n'}
[120.636205] (state_estimator) StdoutLine: {'line': b'-- Installing: /home/go2/go2_ws/src/muse/muse_ros2/muse_ws/install/state_estimator/share/state_estimator/cmake/ament_cmake_export_include_directories-extras.cmake\n'}
[120.636422] (state_estimator) StdoutLine: {'line': b'-- Installing: /home/go2/go2_ws/src/muse/muse_ros2/muse_ws/install/state_estimator/share/state_estimator/cmake/ament_cmake_export_libraries-extras.cmake\n'}
[120.636653] (state_estimator) StdoutLine: {'line': b'-- Installing: /home/go2/go2_ws/src/muse/muse_ros2/muse_ws/install/state_estimator/share/state_estimator/cmake/ament_cmake_export_dependencies-extras.cmake\n'}
[120.636850] (state_estimator) StdoutLine: {'line': b'-- Installing: /home/go2/go2_ws/src/muse/muse_ros2/muse_ws/install/state_estimator/share/state_estimator/cmake/state_estimatorConfig.cmake\n'}
[120.637077] (state_estimator) StdoutLine: {'line': b'-- Installing: /home/go2/go2_ws/src/muse/muse_ros2/muse_ws/install/state_estimator/share/state_estimator/cmake/state_estimatorConfig-version.cmake\n'}
[120.637271] (state_estimator) StdoutLine: {'line': b'-- Installing: /home/go2/go2_ws/src/muse/muse_ros2/muse_ws/install/state_estimator/share/state_estimator/package.xml\n'}
[120.639648] (state_estimator) CommandEnded: {'returncode': 0}
[120.656326] (state_estimator) JobEnded: {'identifier': 'state_estimator', 'rc': 0}
[120.658300] (-) EventReactorShutdown: {}
