[0.000000] (-) TimerEvent: {}
[0.000787] (iit_commons) JobQueued: {'identifier': 'iit_commons', 'dependencies': OrderedDict()}
[0.000848] (state_estimator_msgs) JobQueued: {'identifier': 'state_estimator_msgs', 'dependencies': OrderedDict()}
[0.000897] (state_estimator) JobQueued: {'identifier': 'state_estimator', 'dependencies': OrderedDict([('state_estimator_msgs', '/root/muse_ws/muse_ros2/muse_ws/install/state_estimator_msgs')])}
[0.001150] (state_estimator_msgs) JobStarted: {'identifier': 'state_estimator_msgs'}
[0.008487] (iit_commons) JobStarted: {'identifier': 'iit_commons'}
[0.024409] (state_estimator_msgs) JobProgress: {'identifier': 'state_estimator_msgs', 'progress': 'cmake'}
[0.024564] (state_estimator_msgs) JobProgress: {'identifier': 'state_estimator_msgs', 'progress': 'build'}
[0.024603] (state_estimator_msgs) Command: {'cmd': ['/usr/bin/cmake', '--build', '/root/muse_ws/muse_ros2/muse_ws/build/state_estimator_msgs', '--', '-j12', '-l12'], 'cwd': '/root/muse_ws/muse_ros2/muse_ws/build/state_estimator_msgs', 'env': OrderedDict([('LESSOPEN', '| /usr/bin/lesspipe %s'), ('HOSTNAME', '0fa4e54b97e2'), ('SHLVL', '1'), ('LIBGL_ALWAYS_SOFTWARE', '1'), ('LD_LIBRARY_PATH', '/home/dev_ws/colcon_ws/install/kiss_icp/lib:/opt/ros/humble/opt/rviz_ogre_vendor/lib:/opt/ros/humble/lib/x86_64-linux-gnu:/opt/ros/humble/lib'), ('HOME', '/root'), ('OLDPWD', '/root/muse_ws/muse_ros2'), ('ROS_PYTHON_VERSION', '3'), ('COLCON_PREFIX_PATH', '/home/dev_ws/colcon_ws/install'), ('ROS_DISTRO', 'humble'), ('_', '/usr/bin/colcon'), ('ROS_VERSION', '2'), ('TERM', 'xterm'), ('ROS_LOCALHOST_ONLY', '0'), ('PATH', '/opt/ros/humble/bin:/usr/local/sbin:/usr/local/bin:/usr/sbin:/usr/bin:/sbin:/bin'), ('XDG_RUNTIME_DIR', '/tmp/runtime-root'), ('LANG', 'C.UTF-8'), ('LS_COLORS', 'rs=0:di=01;34:ln=01;36:mh=00:pi=40;33:so=01;35:do=01;35:bd=40;33;01:cd=40;33;01:or=40;31;01:mi=00:su=37;41:sg=30;43:ca=30;41:tw=30;42:ow=34;42:st=37;44:ex=01;32:*.tar=01;31:*.tgz=01;31:*.arc=01;31:*.arj=01;31:*.taz=01;31:*.lha=01;31:*.lz4=01;31:*.lzh=01;31:*.lzma=01;31:*.tlz=01;31:*.txz=01;31:*.tzo=01;31:*.t7z=01;31:*.zip=01;31:*.z=01;31:*.dz=01;31:*.gz=01;31:*.lrz=01;31:*.lz=01;31:*.lzo=01;31:*.xz=01;31:*.zst=01;31:*.tzst=01;31:*.bz2=01;31:*.bz=01;31:*.tbz=01;31:*.tbz2=01;31:*.tz=01;31:*.deb=01;31:*.rpm=01;31:*.jar=01;31:*.war=01;31:*.ear=01;31:*.sar=01;31:*.rar=01;31:*.alz=01;31:*.ace=01;31:*.zoo=01;31:*.cpio=01;31:*.7z=01;31:*.rz=01;31:*.cab=01;31:*.wim=01;31:*.swm=01;31:*.dwm=01;31:*.esd=01;31:*.jpg=01;35:*.jpeg=01;35:*.mjpg=01;35:*.mjpeg=01;35:*.gif=01;35:*.bmp=01;35:*.pbm=01;35:*.pgm=01;35:*.ppm=01;35:*.tga=01;35:*.xbm=01;35:*.xpm=01;35:*.tif=01;35:*.tiff=01;35:*.png=01;35:*.svg=01;35:*.svgz=01;35:*.mng=01;35:*.pcx=01;35:*.mov=01;35:*.mpg=01;35:*.mpeg=01;35:*.m2v=01;35:*.mkv=01;35:*.webm=01;35:*.webp=01;35:*.ogm=01;35:*.mp4=01;35:*.m4v=01;35:*.mp4v=01;35:*.vob=01;35:*.qt=01;35:*.nuv=01;35:*.wmv=01;35:*.asf=01;35:*.rm=01;35:*.rmvb=01;35:*.flc=01;35:*.avi=01;35:*.fli=01;35:*.flv=01;35:*.gl=01;35:*.dl=01;35:*.xcf=01;35:*.xwd=01;35:*.yuv=01;35:*.cgm=01;35:*.emf=01;35:*.ogv=01;35:*.ogx=01;35:*.aac=00;36:*.au=00;36:*.flac=00;36:*.m4a=00;36:*.mid=00;36:*.midi=00;36:*.mka=00;36:*.mp3=00;36:*.mpc=00;36:*.ogg=00;36:*.ra=00;36:*.wav=00;36:*.oga=00;36:*.opus=00;36:*.spx=00;36:*.xspf=00;36:'), ('AMENT_PREFIX_PATH', '/home/dev_ws/colcon_ws/install/kiss_icp:/opt/ros/humble'), ('DEBIAN_FRONTEND', 'noninteractive'), ('LESSCLOSE', '/usr/bin/lesspipe %s %s'), ('PWD', '/root/muse_ws/muse_ros2/muse_ws/build/state_estimator_msgs'), ('LC_ALL', 'C.UTF-8'), ('PYTHONPATH', '/opt/ros/humble/lib/python3.10/site-packages:/opt/ros/humble/local/lib/python3.10/dist-packages'), ('COLCON', '1'), ('CMAKE_PREFIX_PATH', '/home/dev_ws/colcon_ws/install/kiss_icp:/opt/ros/humble')]), 'shell': False}
[0.036531] (iit_commons) JobProgress: {'identifier': 'iit_commons', 'progress': 'cmake'}
[0.037585] (iit_commons) JobProgress: {'identifier': 'iit_commons', 'progress': 'build'}
[0.038263] (iit_commons) Command: {'cmd': ['/usr/bin/cmake', '--build', '/root/muse_ws/muse_ros2/muse_ws/build/iit_commons', '--', '-j12', '-l12'], 'cwd': '/root/muse_ws/muse_ros2/muse_ws/build/iit_commons', 'env': OrderedDict([('LESSOPEN', '| /usr/bin/lesspipe %s'), ('HOSTNAME', '0fa4e54b97e2'), ('SHLVL', '1'), ('LIBGL_ALWAYS_SOFTWARE', '1'), ('LD_LIBRARY_PATH', '/home/dev_ws/colcon_ws/install/kiss_icp/lib:/opt/ros/humble/opt/rviz_ogre_vendor/lib:/opt/ros/humble/lib/x86_64-linux-gnu:/opt/ros/humble/lib'), ('HOME', '/root'), ('OLDPWD', '/root/muse_ws/muse_ros2'), ('ROS_PYTHON_VERSION', '3'), ('COLCON_PREFIX_PATH', '/home/dev_ws/colcon_ws/install'), ('ROS_DISTRO', 'humble'), ('_', '/usr/bin/colcon'), ('ROS_VERSION', '2'), ('TERM', 'xterm'), ('ROS_LOCALHOST_ONLY', '0'), ('PATH', '/opt/ros/humble/bin:/usr/local/sbin:/usr/local/bin:/usr/sbin:/usr/bin:/sbin:/bin'), ('XDG_RUNTIME_DIR', '/tmp/runtime-root'), ('LANG', 'C.UTF-8'), ('LS_COLORS', 'rs=0:di=01;34:ln=01;36:mh=00:pi=40;33:so=01;35:do=01;35:bd=40;33;01:cd=40;33;01:or=40;31;01:mi=00:su=37;41:sg=30;43:ca=30;41:tw=30;42:ow=34;42:st=37;44:ex=01;32:*.tar=01;31:*.tgz=01;31:*.arc=01;31:*.arj=01;31:*.taz=01;31:*.lha=01;31:*.lz4=01;31:*.lzh=01;31:*.lzma=01;31:*.tlz=01;31:*.txz=01;31:*.tzo=01;31:*.t7z=01;31:*.zip=01;31:*.z=01;31:*.dz=01;31:*.gz=01;31:*.lrz=01;31:*.lz=01;31:*.lzo=01;31:*.xz=01;31:*.zst=01;31:*.tzst=01;31:*.bz2=01;31:*.bz=01;31:*.tbz=01;31:*.tbz2=01;31:*.tz=01;31:*.deb=01;31:*.rpm=01;31:*.jar=01;31:*.war=01;31:*.ear=01;31:*.sar=01;31:*.rar=01;31:*.alz=01;31:*.ace=01;31:*.zoo=01;31:*.cpio=01;31:*.7z=01;31:*.rz=01;31:*.cab=01;31:*.wim=01;31:*.swm=01;31:*.dwm=01;31:*.esd=01;31:*.jpg=01;35:*.jpeg=01;35:*.mjpg=01;35:*.mjpeg=01;35:*.gif=01;35:*.bmp=01;35:*.pbm=01;35:*.pgm=01;35:*.ppm=01;35:*.tga=01;35:*.xbm=01;35:*.xpm=01;35:*.tif=01;35:*.tiff=01;35:*.png=01;35:*.svg=01;35:*.svgz=01;35:*.mng=01;35:*.pcx=01;35:*.mov=01;35:*.mpg=01;35:*.mpeg=01;35:*.m2v=01;35:*.mkv=01;35:*.webm=01;35:*.webp=01;35:*.ogm=01;35:*.mp4=01;35:*.m4v=01;35:*.mp4v=01;35:*.vob=01;35:*.qt=01;35:*.nuv=01;35:*.wmv=01;35:*.asf=01;35:*.rm=01;35:*.rmvb=01;35:*.flc=01;35:*.avi=01;35:*.fli=01;35:*.flv=01;35:*.gl=01;35:*.dl=01;35:*.xcf=01;35:*.xwd=01;35:*.yuv=01;35:*.cgm=01;35:*.emf=01;35:*.ogv=01;35:*.ogx=01;35:*.aac=00;36:*.au=00;36:*.flac=00;36:*.m4a=00;36:*.mid=00;36:*.midi=00;36:*.mka=00;36:*.mp3=00;36:*.mpc=00;36:*.ogg=00;36:*.ra=00;36:*.wav=00;36:*.oga=00;36:*.opus=00;36:*.spx=00;36:*.xspf=00;36:'), ('AMENT_PREFIX_PATH', '/home/dev_ws/colcon_ws/install/kiss_icp:/opt/ros/humble'), ('DEBIAN_FRONTEND', 'noninteractive'), ('LESSCLOSE', '/usr/bin/lesspipe %s %s'), ('PWD', '/root/muse_ws/muse_ros2/muse_ws/build/iit_commons'), ('LC_ALL', 'C.UTF-8'), ('PYTHONPATH', '/opt/ros/humble/lib/python3.10/site-packages:/opt/ros/humble/local/lib/python3.10/dist-packages'), ('COLCON', '1'), ('CMAKE_PREFIX_PATH', '/home/dev_ws/colcon_ws/install/kiss_icp:/opt/ros/humble')]), 'shell': False}
[0.099785] (-) TimerEvent: {}
[0.150398] (state_estimator_msgs) StdoutLine: {'line': b'[  0%] Built target state_estimator_msgs__cpp\n'}
[0.158232] (iit_commons) StdoutLine: {'line': b'[  4%] \x1b[32mBuilding CXX object CMakeFiles/iitcommons.dir/src/control/VirtualModel.cpp.o\x1b[0m\n'}
[0.199980] (-) TimerEvent: {}
[0.211834] (state_estimator_msgs) StdoutLine: {'line': b'[  0%] Built target ament_cmake_python_copy_state_estimator_msgs\n'}
[0.282016] (state_estimator_msgs) StdoutLine: {'line': b'[ 12%] Built target state_estimator_msgs__rosidl_typesupport_introspection_cpp\n'}
[0.300175] (-) TimerEvent: {}
[0.400803] (-) TimerEvent: {}
[0.501354] (-) TimerEvent: {}
[0.601828] (-) TimerEvent: {}
[0.632837] (state_estimator_msgs) StdoutLine: {'line': b'running egg_info\n'}
[0.634472] (state_estimator_msgs) StdoutLine: {'line': b'writing state_estimator_msgs.egg-info/PKG-INFO\n'}
[0.634966] (state_estimator_msgs) StdoutLine: {'line': b'writing dependency_links to state_estimator_msgs.egg-info/dependency_links.txt\n'}
[0.640750] (state_estimator_msgs) StdoutLine: {'line': b'writing top-level names to state_estimator_msgs.egg-info/top_level.txt\n'}
[0.641012] (state_estimator_msgs) StdoutLine: {'line': b"reading manifest file 'state_estimator_msgs.egg-info/SOURCES.txt'\n"}
[0.641184] (state_estimator_msgs) StdoutLine: {'line': b"writing manifest file 'state_estimator_msgs.egg-info/SOURCES.txt'\n"}
[0.701987] (-) TimerEvent: {}
[0.705897] (state_estimator_msgs) StdoutLine: {'line': b'[ 12%] Built target ament_cmake_python_build_state_estimator_msgs_egg\n'}
[0.770549] (state_estimator_msgs) StdoutLine: {'line': b'[ 24%] Built target state_estimator_msgs__rosidl_typesupport_fastrtps_cpp\n'}
[0.802315] (-) TimerEvent: {}
[0.853450] (state_estimator_msgs) StdoutLine: {'line': b'[ 36%] Built target state_estimator_msgs__rosidl_typesupport_cpp\n'}
[0.902475] (-) TimerEvent: {}
[0.908118] (state_estimator_msgs) StdoutLine: {'line': b'[ 48%] Built target state_estimator_msgs__rosidl_generator_c\n'}
[0.976288] (state_estimator_msgs) StdoutLine: {'line': b'[ 60%] Built target state_estimator_msgs__rosidl_typesupport_fastrtps_c\n'}
[1.002645] (-) TimerEvent: {}
[1.044847] (state_estimator_msgs) StdoutLine: {'line': b'[ 72%] Built target state_estimator_msgs__rosidl_typesupport_c\n'}
[1.102818] (-) TimerEvent: {}
[1.115554] (state_estimator_msgs) StdoutLine: {'line': b'[ 84%] Built target state_estimator_msgs__rosidl_typesupport_introspection_c\n'}
[1.160680] (state_estimator_msgs) StdoutLine: {'line': b'[ 84%] Built target state_estimator_msgs\n'}
[1.203866] (-) TimerEvent: {}
[1.211309] (state_estimator_msgs) StdoutLine: {'line': b'[ 85%] Built target state_estimator_msgs__py\n'}
[1.263900] (state_estimator_msgs) StdoutLine: {'line': b'[ 96%] Built target state_estimator_msgs__rosidl_generator_py\n'}
[1.304035] (-) TimerEvent: {}
[1.336178] (state_estimator_msgs) StdoutLine: {'line': b'[ 97%] Built target state_estimator_msgs__rosidl_typesupport_fastrtps_c__pyext\n'}
[1.392944] (state_estimator_msgs) StdoutLine: {'line': b'[ 98%] Built target state_estimator_msgs__rosidl_typesupport_c__pyext\n'}
[1.404282] (-) TimerEvent: {}
[1.449098] (state_estimator_msgs) StdoutLine: {'line': b'[100%] Built target state_estimator_msgs__rosidl_typesupport_introspection_c__pyext\n'}
[1.492919] (state_estimator_msgs) CommandEnded: {'returncode': 0}
[1.493896] (state_estimator_msgs) JobProgress: {'identifier': 'state_estimator_msgs', 'progress': 'install'}
[1.504395] (-) TimerEvent: {}
[1.511993] (state_estimator_msgs) Command: {'cmd': ['/usr/bin/cmake', '--install', '/root/muse_ws/muse_ros2/muse_ws/build/state_estimator_msgs'], 'cwd': '/root/muse_ws/muse_ros2/muse_ws/build/state_estimator_msgs', 'env': OrderedDict([('LESSOPEN', '| /usr/bin/lesspipe %s'), ('HOSTNAME', '0fa4e54b97e2'), ('SHLVL', '1'), ('LIBGL_ALWAYS_SOFTWARE', '1'), ('LD_LIBRARY_PATH', '/home/dev_ws/colcon_ws/install/kiss_icp/lib:/opt/ros/humble/opt/rviz_ogre_vendor/lib:/opt/ros/humble/lib/x86_64-linux-gnu:/opt/ros/humble/lib'), ('HOME', '/root'), ('OLDPWD', '/root/muse_ws/muse_ros2'), ('ROS_PYTHON_VERSION', '3'), ('COLCON_PREFIX_PATH', '/home/dev_ws/colcon_ws/install'), ('ROS_DISTRO', 'humble'), ('_', '/usr/bin/colcon'), ('ROS_VERSION', '2'), ('TERM', 'xterm'), ('ROS_LOCALHOST_ONLY', '0'), ('PATH', '/opt/ros/humble/bin:/usr/local/sbin:/usr/local/bin:/usr/sbin:/usr/bin:/sbin:/bin'), ('XDG_RUNTIME_DIR', '/tmp/runtime-root'), ('LANG', 'C.UTF-8'), ('LS_COLORS', 'rs=0:di=01;34:ln=01;36:mh=00:pi=40;33:so=01;35:do=01;35:bd=40;33;01:cd=40;33;01:or=40;31;01:mi=00:su=37;41:sg=30;43:ca=30;41:tw=30;42:ow=34;42:st=37;44:ex=01;32:*.tar=01;31:*.tgz=01;31:*.arc=01;31:*.arj=01;31:*.taz=01;31:*.lha=01;31:*.lz4=01;31:*.lzh=01;31:*.lzma=01;31:*.tlz=01;31:*.txz=01;31:*.tzo=01;31:*.t7z=01;31:*.zip=01;31:*.z=01;31:*.dz=01;31:*.gz=01;31:*.lrz=01;31:*.lz=01;31:*.lzo=01;31:*.xz=01;31:*.zst=01;31:*.tzst=01;31:*.bz2=01;31:*.bz=01;31:*.tbz=01;31:*.tbz2=01;31:*.tz=01;31:*.deb=01;31:*.rpm=01;31:*.jar=01;31:*.war=01;31:*.ear=01;31:*.sar=01;31:*.rar=01;31:*.alz=01;31:*.ace=01;31:*.zoo=01;31:*.cpio=01;31:*.7z=01;31:*.rz=01;31:*.cab=01;31:*.wim=01;31:*.swm=01;31:*.dwm=01;31:*.esd=01;31:*.jpg=01;35:*.jpeg=01;35:*.mjpg=01;35:*.mjpeg=01;35:*.gif=01;35:*.bmp=01;35:*.pbm=01;35:*.pgm=01;35:*.ppm=01;35:*.tga=01;35:*.xbm=01;35:*.xpm=01;35:*.tif=01;35:*.tiff=01;35:*.png=01;35:*.svg=01;35:*.svgz=01;35:*.mng=01;35:*.pcx=01;35:*.mov=01;35:*.mpg=01;35:*.mpeg=01;35:*.m2v=01;35:*.mkv=01;35:*.webm=01;35:*.webp=01;35:*.ogm=01;35:*.mp4=01;35:*.m4v=01;35:*.mp4v=01;35:*.vob=01;35:*.qt=01;35:*.nuv=01;35:*.wmv=01;35:*.asf=01;35:*.rm=01;35:*.rmvb=01;35:*.flc=01;35:*.avi=01;35:*.fli=01;35:*.flv=01;35:*.gl=01;35:*.dl=01;35:*.xcf=01;35:*.xwd=01;35:*.yuv=01;35:*.cgm=01;35:*.emf=01;35:*.ogv=01;35:*.ogx=01;35:*.aac=00;36:*.au=00;36:*.flac=00;36:*.m4a=00;36:*.mid=00;36:*.midi=00;36:*.mka=00;36:*.mp3=00;36:*.mpc=00;36:*.ogg=00;36:*.ra=00;36:*.wav=00;36:*.oga=00;36:*.opus=00;36:*.spx=00;36:*.xspf=00;36:'), ('AMENT_PREFIX_PATH', '/home/dev_ws/colcon_ws/install/kiss_icp:/opt/ros/humble'), ('DEBIAN_FRONTEND', 'noninteractive'), ('LESSCLOSE', '/usr/bin/lesspipe %s %s'), ('PWD', '/root/muse_ws/muse_ros2/muse_ws/build/state_estimator_msgs'), ('LC_ALL', 'C.UTF-8'), ('PYTHONPATH', '/opt/ros/humble/lib/python3.10/site-packages:/opt/ros/humble/local/lib/python3.10/dist-packages'), ('COLCON', '1'), ('CMAKE_PREFIX_PATH', '/home/dev_ws/colcon_ws/install/kiss_icp:/opt/ros/humble')]), 'shell': False}
[1.536579] (state_estimator_msgs) StdoutLine: {'line': b'-- Install configuration: ""\n'}
[1.539775] (state_estimator_msgs) StdoutLine: {'line': b'-- Installing: /root/muse_ws/muse_ros2/muse_ws/install/state_estimator_msgs/share/ament_index/resource_index/rosidl_interfaces/state_estimator_msgs\n'}
[1.540194] (state_estimator_msgs) StdoutLine: {'line': b'-- Installing: /root/muse_ws/muse_ros2/muse_ws/install/state_estimator_msgs/include/state_estimator_msgs/state_estimator_msgs\n'}
[1.546162] (state_estimator_msgs) StdoutLine: {'line': b'-- Installing: /root/muse_ws/muse_ros2/muse_ws/install/state_estimator_msgs/include/state_estimator_msgs/state_estimator_msgs/srv\n'}
[1.546850] (state_estimator_msgs) StdoutLine: {'line': b'-- Installing: /root/muse_ws/muse_ros2/muse_ws/install/state_estimator_msgs/include/state_estimator_msgs/state_estimator_msgs/srv/get_blacklist.h\n'}
[1.547157] (state_estimator_msgs) StdoutLine: {'line': b'-- Installing: /root/muse_ws/muse_ros2/muse_ws/install/state_estimator_msgs/include/state_estimator_msgs/state_estimator_msgs/srv/reset_estimator.h\n'}
[1.547325] (state_estimator_msgs) StdoutLine: {'line': b'-- Installing: /root/muse_ws/muse_ros2/muse_ws/install/state_estimator_msgs/include/state_estimator_msgs/state_estimator_msgs/srv/stop_estimator.h\n'}
[1.547388] (state_estimator_msgs) StdoutLine: {'line': b'-- Installing: /root/muse_ws/muse_ros2/muse_ws/install/state_estimator_msgs/include/state_estimator_msgs/state_estimator_msgs/srv/restart_estimator.h\n'}
[1.547551] (state_estimator_msgs) StdoutLine: {'line': b'-- Installing: /root/muse_ws/muse_ros2/muse_ws/install/state_estimator_msgs/include/state_estimator_msgs/state_estimator_msgs/srv/get_whitelist.h\n'}
[1.547786] (state_estimator_msgs) StdoutLine: {'line': b'-- Installing: /root/muse_ws/muse_ros2/muse_ws/install/state_estimator_msgs/include/state_estimator_msgs/state_estimator_msgs/srv/detail\n'}
[1.549100] (state_estimator_msgs) StdoutLine: {'line': b'-- Installing: /root/muse_ws/muse_ros2/muse_ws/install/state_estimator_msgs/include/state_estimator_msgs/state_estimator_msgs/srv/detail/get_estimator_description__functions.c\n'}
[1.549688] (state_estimator_msgs) StdoutLine: {'line': b'-- Installing: /root/muse_ws/muse_ros2/muse_ws/install/state_estimator_msgs/include/state_estimator_msgs/state_estimator_msgs/srv/detail/resume_estimator__functions.c\n'}
[1.549874] (state_estimator_msgs) StdoutLine: {'line': b'-- Installing: /root/muse_ws/muse_ros2/muse_ws/install/state_estimator_msgs/include/state_estimator_msgs/state_estimator_msgs/srv/detail/reset_estimator__struct.h\n'}
[1.550107] (state_estimator_msgs) StdoutLine: {'line': b'-- Installing: /root/muse_ws/muse_ros2/muse_ws/install/state_estimator_msgs/include/state_estimator_msgs/state_estimator_msgs/srv/detail/get_active_estimators__functions.h\n'}
[1.552368] (state_estimator_msgs) StdoutLine: {'line': b'-- Installing: /root/muse_ws/muse_ros2/muse_ws/install/state_estimator_msgs/include/state_estimator_msgs/state_estimator_msgs/srv/detail/get_whitelist__functions.h\n'}
[1.552698] (state_estimator_msgs) StdoutLine: {'line': b'-- Installing: /root/muse_ws/muse_ros2/muse_ws/install/state_estimator_msgs/include/state_estimator_msgs/state_estimator_msgs/srv/detail/pause_estimator__type_support.h\n'}
[1.552796] (state_estimator_msgs) StdoutLine: {'line': b'-- Installing: /root/muse_ws/muse_ros2/muse_ws/install/state_estimator_msgs/include/state_estimator_msgs/state_estimator_msgs/srv/detail/stop_estimator__functions.c\n'}
[1.552872] (state_estimator_msgs) StdoutLine: {'line': b'-- Installing: /root/muse_ws/muse_ros2/muse_ws/install/state_estimator_msgs/include/state_estimator_msgs/state_estimator_msgs/srv/detail/get_estimator_description__functions.h\n'}
[1.552933] (state_estimator_msgs) StdoutLine: {'line': b'-- Installing: /root/muse_ws/muse_ros2/muse_ws/install/state_estimator_msgs/include/state_estimator_msgs/state_estimator_msgs/srv/detail/start_estimator__functions.c\n'}
[1.553006] (state_estimator_msgs) StdoutLine: {'line': b'-- Installing: /root/muse_ws/muse_ros2/muse_ws/install/state_estimator_msgs/include/state_estimator_msgs/state_estimator_msgs/srv/detail/start_estimator__functions.h\n'}
[1.555902] (state_estimator_msgs) StdoutLine: {'line': b'-- Installing: /root/muse_ws/muse_ros2/muse_ws/install/state_estimator_msgs/include/state_estimator_msgs/state_estimator_msgs/srv/detail/resume_estimator__functions.h\n'}
[1.556365] (state_estimator_msgs) StdoutLine: {'line': b'-- Installing: /root/muse_ws/muse_ros2/muse_ws/install/state_estimator_msgs/include/state_estimator_msgs/state_estimator_msgs/srv/detail/get_blacklist__functions.c\n'}
[1.556554] (state_estimator_msgs) StdoutLine: {'line': b'-- Installing: /root/muse_ws/muse_ros2/muse_ws/install/state_estimator_msgs/include/state_estimator_msgs/state_estimator_msgs/srv/detail/get_blacklist__struct.h\n'}
[1.556792] (state_estimator_msgs) StdoutLine: {'line': b'-- Installing: /root/muse_ws/muse_ros2/muse_ws/install/state_estimator_msgs/include/state_estimator_msgs/state_estimator_msgs/srv/detail/reset_estimator__functions.c\n'}
[1.556994] (state_estimator_msgs) StdoutLine: {'line': b'-- Installing: /root/muse_ws/muse_ros2/muse_ws/install/state_estimator_msgs/include/state_estimator_msgs/state_estimator_msgs/srv/detail/pause_estimator__functions.c\n'}
[1.557227] (state_estimator_msgs) StdoutLine: {'line': b'-- Installing: /root/muse_ws/muse_ros2/muse_ws/install/state_estimator_msgs/include/state_estimator_msgs/state_estimator_msgs/srv/detail/get_whitelist__functions.c\n'}
[1.557334] (state_estimator_msgs) StdoutLine: {'line': b'-- Installing: /root/muse_ws/muse_ros2/muse_ws/install/state_estimator_msgs/include/state_estimator_msgs/state_estimator_msgs/srv/detail/list_all_estimators__type_support.h\n'}
[1.557548] (state_estimator_msgs) StdoutLine: {'line': b'-- Installing: /root/muse_ws/muse_ros2/muse_ws/install/state_estimator_msgs/include/state_estimator_msgs/state_estimator_msgs/srv/detail/get_active_estimators__type_support.h\n'}
[1.557650] (state_estimator_msgs) StdoutLine: {'line': b'-- Installing: /root/muse_ws/muse_ros2/muse_ws/install/state_estimator_msgs/include/state_estimator_msgs/state_estimator_msgs/srv/detail/reset_estimator__type_support.h\n'}
[1.557744] (state_estimator_msgs) StdoutLine: {'line': b'-- Installing: /root/muse_ws/muse_ros2/muse_ws/install/state_estimator_msgs/include/state_estimator_msgs/state_estimator_msgs/srv/detail/reset_estimator__functions.h\n'}
[1.557896] (state_estimator_msgs) StdoutLine: {'line': b'-- Installing: /root/muse_ws/muse_ros2/muse_ws/install/state_estimator_msgs/include/state_estimator_msgs/state_estimator_msgs/srv/detail/restart_estimator__functions.h\n'}
[1.558109] (state_estimator_msgs) StdoutLine: {'line': b'-- Installing: /root/muse_ws/muse_ros2/muse_ws/install/state_estimator_msgs/include/state_estimator_msgs/state_estimator_msgs/srv/detail/get_blacklist__functions.h\n'}
[1.558208] (state_estimator_msgs) StdoutLine: {'line': b'-- Installing: /root/muse_ws/muse_ros2/muse_ws/install/state_estimator_msgs/include/state_estimator_msgs/state_estimator_msgs/srv/detail/get_blacklist__type_support.h\n'}
[1.558308] (state_estimator_msgs) StdoutLine: {'line': b'-- Installing: /root/muse_ws/muse_ros2/muse_ws/install/state_estimator_msgs/include/state_estimator_msgs/state_estimator_msgs/srv/detail/list_all_estimators__struct.h\n'}
[1.558461] (state_estimator_msgs) StdoutLine: {'line': b'-- Installing: /root/muse_ws/muse_ros2/muse_ws/install/state_estimator_msgs/include/state_estimator_msgs/state_estimator_msgs/srv/detail/pause_estimator__struct.h\n'}
[1.558578] (state_estimator_msgs) StdoutLine: {'line': b'-- Installing: /root/muse_ws/muse_ros2/muse_ws/install/state_estimator_msgs/include/state_estimator_msgs/state_estimator_msgs/srv/detail/restart_estimator__functions.c\n'}
[1.558707] (state_estimator_msgs) StdoutLine: {'line': b'-- Installing: /root/muse_ws/muse_ros2/muse_ws/install/state_estimator_msgs/include/state_estimator_msgs/state_estimator_msgs/srv/detail/resume_estimator__type_support.h\n'}
[1.558853] (state_estimator_msgs) StdoutLine: {'line': b'-- Installing: /root/muse_ws/muse_ros2/muse_ws/install/state_estimator_msgs/include/state_estimator_msgs/state_estimator_msgs/srv/detail/start_estimator__type_support.h\n'}
[1.559042] (state_estimator_msgs) StdoutLine: {'line': b'-- Installing: /root/muse_ws/muse_ros2/muse_ws/install/state_estimator_msgs/include/state_estimator_msgs/state_estimator_msgs/srv/detail/pause_estimator__functions.h\n'}
[1.559228] (state_estimator_msgs) StdoutLine: {'line': b'-- Installing: /root/muse_ws/muse_ros2/muse_ws/install/state_estimator_msgs/include/state_estimator_msgs/state_estimator_msgs/srv/detail/list_all_estimators__functions.c\n'}
[1.559336] (state_estimator_msgs) StdoutLine: {'line': b'-- Installing: /root/muse_ws/muse_ros2/muse_ws/install/state_estimator_msgs/include/state_estimator_msgs/state_estimator_msgs/srv/detail/stop_estimator__type_support.h\n'}
[1.559481] (state_estimator_msgs) StdoutLine: {'line': b'-- Installing: /root/muse_ws/muse_ros2/muse_ws/install/state_estimator_msgs/include/state_estimator_msgs/state_estimator_msgs/srv/detail/start_estimator__struct.h\n'}
[1.559674] (state_estimator_msgs) StdoutLine: {'line': b'-- Installing: /root/muse_ws/muse_ros2/muse_ws/install/state_estimator_msgs/include/state_estimator_msgs/state_estimator_msgs/srv/detail/get_active_estimators__functions.c\n'}
[1.560073] (state_estimator_msgs) StdoutLine: {'line': b'-- Installing: /root/muse_ws/muse_ros2/muse_ws/install/state_estimator_msgs/include/state_estimator_msgs/state_estimator_msgs/srv/detail/resume_estimator__struct.h\n'}
[1.560342] (state_estimator_msgs) StdoutLine: {'line': b'-- Installing: /root/muse_ws/muse_ros2/muse_ws/install/state_estimator_msgs/include/state_estimator_msgs/state_estimator_msgs/srv/detail/get_active_estimators__struct.h\n'}
[1.560682] (state_estimator_msgs) StdoutLine: {'line': b'-- Installing: /root/muse_ws/muse_ros2/muse_ws/install/state_estimator_msgs/include/state_estimator_msgs/state_estimator_msgs/srv/detail/get_estimator_description__struct.h\n'}
[1.560989] (state_estimator_msgs) StdoutLine: {'line': b'-- Installing: /root/muse_ws/muse_ros2/muse_ws/install/state_estimator_msgs/include/state_estimator_msgs/state_estimator_msgs/srv/detail/get_whitelist__struct.h\n'}
[1.561268] (state_estimator_msgs) StdoutLine: {'line': b'-- Installing: /root/muse_ws/muse_ros2/muse_ws/install/state_estimator_msgs/include/state_estimator_msgs/state_estimator_msgs/srv/detail/stop_estimator__functions.h\n'}
[1.561601] (state_estimator_msgs) StdoutLine: {'line': b'-- Installing: /root/muse_ws/muse_ros2/muse_ws/install/state_estimator_msgs/include/state_estimator_msgs/state_estimator_msgs/srv/detail/restart_estimator__type_support.h\n'}
[1.561840] (state_estimator_msgs) StdoutLine: {'line': b'-- Installing: /root/muse_ws/muse_ros2/muse_ws/install/state_estimator_msgs/include/state_estimator_msgs/state_estimator_msgs/srv/detail/get_estimator_description__type_support.h\n'}
[1.562084] (state_estimator_msgs) StdoutLine: {'line': b'-- Installing: /root/muse_ws/muse_ros2/muse_ws/install/state_estimator_msgs/include/state_estimator_msgs/state_estimator_msgs/srv/detail/restart_estimator__struct.h\n'}
[1.562379] (state_estimator_msgs) StdoutLine: {'line': b'-- Installing: /root/muse_ws/muse_ros2/muse_ws/install/state_estimator_msgs/include/state_estimator_msgs/state_estimator_msgs/srv/detail/stop_estimator__struct.h\n'}
[1.562640] (state_estimator_msgs) StdoutLine: {'line': b'-- Installing: /root/muse_ws/muse_ros2/muse_ws/install/state_estimator_msgs/include/state_estimator_msgs/state_estimator_msgs/srv/detail/list_all_estimators__functions.h\n'}
[1.563001] (state_estimator_msgs) StdoutLine: {'line': b'-- Installing: /root/muse_ws/muse_ros2/muse_ws/install/state_estimator_msgs/include/state_estimator_msgs/state_estimator_msgs/srv/detail/get_whitelist__type_support.h\n'}
[1.563307] (state_estimator_msgs) StdoutLine: {'line': b'-- Installing: /root/muse_ws/muse_ros2/muse_ws/install/state_estimator_msgs/include/state_estimator_msgs/state_estimator_msgs/srv/get_active_estimators.h\n'}
[1.563591] (state_estimator_msgs) StdoutLine: {'line': b'-- Installing: /root/muse_ws/muse_ros2/muse_ws/install/state_estimator_msgs/include/state_estimator_msgs/state_estimator_msgs/srv/resume_estimator.h\n'}
[1.563863] (state_estimator_msgs) StdoutLine: {'line': b'-- Installing: /root/muse_ws/muse_ros2/muse_ws/install/state_estimator_msgs/include/state_estimator_msgs/state_estimator_msgs/srv/start_estimator.h\n'}
[1.564092] (state_estimator_msgs) StdoutLine: {'line': b'-- Installing: /root/muse_ws/muse_ros2/muse_ws/install/state_estimator_msgs/include/state_estimator_msgs/state_estimator_msgs/srv/get_estimator_description.h\n'}
[1.571298] (state_estimator_msgs) StdoutLine: {'line': b'-- Installing: /root/muse_ws/muse_ros2/muse_ws/install/state_estimator_msgs/include/state_estimator_msgs/state_estimator_msgs/srv/pause_estimator.h\n'}
[1.572018] (state_estimator_msgs) StdoutLine: {'line': b'-- Installing: /root/muse_ws/muse_ros2/muse_ws/install/state_estimator_msgs/include/state_estimator_msgs/state_estimator_msgs/srv/list_all_estimators.h\n'}
[1.572183] (state_estimator_msgs) StdoutLine: {'line': b'-- Installing: /root/muse_ws/muse_ros2/muse_ws/install/state_estimator_msgs/include/state_estimator_msgs/state_estimator_msgs/msg\n'}
[1.572304] (state_estimator_msgs) StdoutLine: {'line': b'-- Installing: /root/muse_ws/muse_ros2/muse_ws/install/state_estimator_msgs/include/state_estimator_msgs/state_estimator_msgs/msg/sensor_fusion.h\n'}
[1.572396] (state_estimator_msgs) StdoutLine: {'line': b'-- Installing: /root/muse_ws/muse_ros2/muse_ws/install/state_estimator_msgs/include/state_estimator_msgs/state_estimator_msgs/msg/detail\n'}
[1.572485] (state_estimator_msgs) StdoutLine: {'line': b'-- Installing: /root/muse_ws/muse_ros2/muse_ws/install/state_estimator_msgs/include/state_estimator_msgs/state_estimator_msgs/msg/detail/attitude__type_support.h\n'}
[1.572558] (state_estimator_msgs) StdoutLine: {'line': b'-- Installing: /root/muse_ws/muse_ros2/muse_ws/install/state_estimator_msgs/include/state_estimator_msgs/state_estimator_msgs/msg/detail/sensor_fusion__struct.h\n'}
[1.572626] (state_estimator_msgs) StdoutLine: {'line': b'-- Installing: /root/muse_ws/muse_ros2/muse_ws/install/state_estimator_msgs/include/state_estimator_msgs/state_estimator_msgs/msg/detail/attitude__struct.h\n'}
[1.572691] (state_estimator_msgs) StdoutLine: {'line': b'-- Installing: /root/muse_ws/muse_ros2/muse_ws/install/state_estimator_msgs/include/state_estimator_msgs/state_estimator_msgs/msg/detail/joint_state_with_acceleration__functions.c\n'}
[1.572759] (state_estimator_msgs) StdoutLine: {'line': b'-- Installing: /root/muse_ws/muse_ros2/muse_ws/install/state_estimator_msgs/include/state_estimator_msgs/state_estimator_msgs/msg/detail/contact_detection__struct.h\n'}
[1.572825] (state_estimator_msgs) StdoutLine: {'line': b'-- Installing: /root/muse_ws/muse_ros2/muse_ws/install/state_estimator_msgs/include/state_estimator_msgs/state_estimator_msgs/msg/detail/attitude__functions.h\n'}
[1.572909] (state_estimator_msgs) StdoutLine: {'line': b'-- Installing: /root/muse_ws/muse_ros2/muse_ws/install/state_estimator_msgs/include/state_estimator_msgs/state_estimator_msgs/msg/detail/sensor_fusion__type_support.h\n'}
[1.572984] (state_estimator_msgs) StdoutLine: {'line': b'-- Installing: /root/muse_ws/muse_ros2/muse_ws/install/state_estimator_msgs/include/state_estimator_msgs/state_estimator_msgs/msg/detail/contact_detection__functions.c\n'}
[1.573053] (state_estimator_msgs) StdoutLine: {'line': b'-- Installing: /root/muse_ws/muse_ros2/muse_ws/install/state_estimator_msgs/include/state_estimator_msgs/state_estimator_msgs/msg/detail/attitude__functions.c\n'}
[1.573119] (state_estimator_msgs) StdoutLine: {'line': b'-- Installing: /root/muse_ws/muse_ros2/muse_ws/install/state_estimator_msgs/include/state_estimator_msgs/state_estimator_msgs/msg/detail/contact_detection__type_support.h\n'}
[1.573184] (state_estimator_msgs) StdoutLine: {'line': b'-- Installing: /root/muse_ws/muse_ros2/muse_ws/install/state_estimator_msgs/include/state_estimator_msgs/state_estimator_msgs/msg/detail/sensor_fusion__functions.c\n'}
[1.573248] (state_estimator_msgs) StdoutLine: {'line': b'-- Installing: /root/muse_ws/muse_ros2/muse_ws/install/state_estimator_msgs/include/state_estimator_msgs/state_estimator_msgs/msg/detail/contact_detection__functions.h\n'}
[1.584823] (state_estimator_msgs) StdoutLine: {'line': b'-- Installing: /root/muse_ws/muse_ros2/muse_ws/install/state_estimator_msgs/include/state_estimator_msgs/state_estimator_msgs/msg/detail/sensor_fusion__functions.h\n'}
[1.585082] (state_estimator_msgs) StdoutLine: {'line': b'-- Installing: /root/muse_ws/muse_ros2/muse_ws/install/state_estimator_msgs/include/state_estimator_msgs/state_estimator_msgs/msg/detail/joint_state_with_acceleration__functions.h\n'}
[1.585183] (state_estimator_msgs) StdoutLine: {'line': b'-- Installing: /root/muse_ws/muse_ros2/muse_ws/install/state_estimator_msgs/include/state_estimator_msgs/state_estimator_msgs/msg/detail/leg_odometry__type_support.h\n'}
[1.585258] (state_estimator_msgs) StdoutLine: {'line': b'-- Installing: /root/muse_ws/muse_ros2/muse_ws/install/state_estimator_msgs/include/state_estimator_msgs/state_estimator_msgs/msg/detail/joint_state_with_acceleration__type_support.h\n'}
[1.585332] (state_estimator_msgs) StdoutLine: {'line': b'-- Installing: /root/muse_ws/muse_ros2/muse_ws/install/state_estimator_msgs/include/state_estimator_msgs/state_estimator_msgs/msg/detail/joint_state_with_acceleration__struct.h\n'}
[1.585412] (state_estimator_msgs) StdoutLine: {'line': b'-- Installing: /root/muse_ws/muse_ros2/muse_ws/install/state_estimator_msgs/include/state_estimator_msgs/state_estimator_msgs/msg/detail/leg_odometry__functions.c\n'}
[1.585494] (state_estimator_msgs) StdoutLine: {'line': b'-- Installing: /root/muse_ws/muse_ros2/muse_ws/install/state_estimator_msgs/include/state_estimator_msgs/state_estimator_msgs/msg/detail/leg_odometry__struct.h\n'}
[1.585576] (state_estimator_msgs) StdoutLine: {'line': b'-- Installing: /root/muse_ws/muse_ros2/muse_ws/install/state_estimator_msgs/include/state_estimator_msgs/state_estimator_msgs/msg/detail/leg_odometry__functions.h\n'}
[1.587473] (state_estimator_msgs) StdoutLine: {'line': b'-- Installing: /root/muse_ws/muse_ros2/muse_ws/install/state_estimator_msgs/include/state_estimator_msgs/state_estimator_msgs/msg/joint_state_with_acceleration.h\n'}
[1.587565] (state_estimator_msgs) StdoutLine: {'line': b'-- Installing: /root/muse_ws/muse_ros2/muse_ws/install/state_estimator_msgs/include/state_estimator_msgs/state_estimator_msgs/msg/leg_odometry.h\n'}
[1.587651] (state_estimator_msgs) StdoutLine: {'line': b'-- Installing: /root/muse_ws/muse_ros2/muse_ws/install/state_estimator_msgs/include/state_estimator_msgs/state_estimator_msgs/msg/rosidl_generator_c__visibility_control.h\n'}
[1.587724] (state_estimator_msgs) StdoutLine: {'line': b'-- Installing: /root/muse_ws/muse_ros2/muse_ws/install/state_estimator_msgs/include/state_estimator_msgs/state_estimator_msgs/msg/contact_detection.h\n'}
[1.587792] (state_estimator_msgs) StdoutLine: {'line': b'-- Installing: /root/muse_ws/muse_ros2/muse_ws/install/state_estimator_msgs/include/state_estimator_msgs/state_estimator_msgs/msg/attitude.h\n'}
[1.587870] (state_estimator_msgs) StdoutLine: {'line': b'-- Installing: /root/muse_ws/muse_ros2/muse_ws/install/state_estimator_msgs/share/state_estimator_msgs/environment/library_path.sh\n'}
[1.587938] (state_estimator_msgs) StdoutLine: {'line': b'-- Installing: /root/muse_ws/muse_ros2/muse_ws/install/state_estimator_msgs/share/state_estimator_msgs/environment/library_path.dsv\n'}
[1.588010] (state_estimator_msgs) StdoutLine: {'line': b'-- Installing: /root/muse_ws/muse_ros2/muse_ws/install/state_estimator_msgs/lib/libstate_estimator_msgs__rosidl_generator_c.so\n'}
[1.588078] (state_estimator_msgs) StdoutLine: {'line': b'-- Set runtime path of "/root/muse_ws/muse_ros2/muse_ws/install/state_estimator_msgs/lib/libstate_estimator_msgs__rosidl_generator_c.so" to ""\n'}
[1.588150] (state_estimator_msgs) StdoutLine: {'line': b'-- Up-to-date: /root/muse_ws/muse_ros2/muse_ws/install/state_estimator_msgs/include/state_estimator_msgs/state_estimator_msgs\n'}
[1.588215] (state_estimator_msgs) StdoutLine: {'line': b'-- Up-to-date: /root/muse_ws/muse_ros2/muse_ws/install/state_estimator_msgs/include/state_estimator_msgs/state_estimator_msgs/srv\n'}
[1.588359] (state_estimator_msgs) StdoutLine: {'line': b'-- Up-to-date: /root/muse_ws/muse_ros2/muse_ws/install/state_estimator_msgs/include/state_estimator_msgs/state_estimator_msgs/srv/detail\n'}
[1.588456] (state_estimator_msgs) StdoutLine: {'line': b'-- Installing: /root/muse_ws/muse_ros2/muse_ws/install/state_estimator_msgs/include/state_estimator_msgs/state_estimator_msgs/srv/detail/resume_estimator__rosidl_typesupport_fastrtps_c.h\n'}
[1.588641] (state_estimator_msgs) StdoutLine: {'line': b'-- Installing: /root/muse_ws/muse_ros2/muse_ws/install/state_estimator_msgs/include/state_estimator_msgs/state_estimator_msgs/srv/detail/stop_estimator__rosidl_typesupport_fastrtps_c.h\n'}
[1.588810] (state_estimator_msgs) StdoutLine: {'line': b'-- Installing: /root/muse_ws/muse_ros2/muse_ws/install/state_estimator_msgs/include/state_estimator_msgs/state_estimator_msgs/srv/detail/get_whitelist__rosidl_typesupport_fastrtps_c.h\n'}
[1.588963] (state_estimator_msgs) StdoutLine: {'line': b'-- Installing: /root/muse_ws/muse_ros2/muse_ws/install/state_estimator_msgs/include/state_estimator_msgs/state_estimator_msgs/srv/detail/list_all_estimators__rosidl_typesupport_fastrtps_c.h\n'}
[1.589103] (state_estimator_msgs) StdoutLine: {'line': b'-- Installing: /root/muse_ws/muse_ros2/muse_ws/install/state_estimator_msgs/include/state_estimator_msgs/state_estimator_msgs/srv/detail/pause_estimator__rosidl_typesupport_fastrtps_c.h\n'}
[1.589257] (state_estimator_msgs) StdoutLine: {'line': b'-- Installing: /root/muse_ws/muse_ros2/muse_ws/install/state_estimator_msgs/include/state_estimator_msgs/state_estimator_msgs/srv/detail/start_estimator__rosidl_typesupport_fastrtps_c.h\n'}
[1.589393] (state_estimator_msgs) StdoutLine: {'line': b'-- Installing: /root/muse_ws/muse_ros2/muse_ws/install/state_estimator_msgs/include/state_estimator_msgs/state_estimator_msgs/srv/detail/reset_estimator__rosidl_typesupport_fastrtps_c.h\n'}
[1.589615] (state_estimator_msgs) StdoutLine: {'line': b'-- Installing: /root/muse_ws/muse_ros2/muse_ws/install/state_estimator_msgs/include/state_estimator_msgs/state_estimator_msgs/srv/detail/get_active_estimators__rosidl_typesupport_fastrtps_c.h\n'}
[1.589732] (state_estimator_msgs) StdoutLine: {'line': b'-- Installing: /root/muse_ws/muse_ros2/muse_ws/install/state_estimator_msgs/include/state_estimator_msgs/state_estimator_msgs/srv/detail/get_blacklist__rosidl_typesupport_fastrtps_c.h\n'}
[1.589859] (state_estimator_msgs) StdoutLine: {'line': b'-- Installing: /root/muse_ws/muse_ros2/muse_ws/install/state_estimator_msgs/include/state_estimator_msgs/state_estimator_msgs/srv/detail/restart_estimator__rosidl_typesupport_fastrtps_c.h\n'}
[1.590068] (state_estimator_msgs) StdoutLine: {'line': b'-- Installing: /root/muse_ws/muse_ros2/muse_ws/install/state_estimator_msgs/include/state_estimator_msgs/state_estimator_msgs/srv/detail/get_estimator_description__rosidl_typesupport_fastrtps_c.h\n'}
[1.590149] (state_estimator_msgs) StdoutLine: {'line': b'-- Up-to-date: /root/muse_ws/muse_ros2/muse_ws/install/state_estimator_msgs/include/state_estimator_msgs/state_estimator_msgs/msg\n'}
[1.590213] (state_estimator_msgs) StdoutLine: {'line': b'-- Up-to-date: /root/muse_ws/muse_ros2/muse_ws/install/state_estimator_msgs/include/state_estimator_msgs/state_estimator_msgs/msg/detail\n'}
[1.590273] (state_estimator_msgs) StdoutLine: {'line': b'-- Installing: /root/muse_ws/muse_ros2/muse_ws/install/state_estimator_msgs/include/state_estimator_msgs/state_estimator_msgs/msg/detail/sensor_fusion__rosidl_typesupport_fastrtps_c.h\n'}
[1.590357] (state_estimator_msgs) StdoutLine: {'line': b'-- Installing: /root/muse_ws/muse_ros2/muse_ws/install/state_estimator_msgs/include/state_estimator_msgs/state_estimator_msgs/msg/detail/joint_state_with_acceleration__rosidl_typesupport_fastrtps_c.h\n'}
[1.590533] (state_estimator_msgs) StdoutLine: {'line': b'-- Installing: /root/muse_ws/muse_ros2/muse_ws/install/state_estimator_msgs/include/state_estimator_msgs/state_estimator_msgs/msg/detail/attitude__rosidl_typesupport_fastrtps_c.h\n'}
[1.590736] (state_estimator_msgs) StdoutLine: {'line': b'-- Installing: /root/muse_ws/muse_ros2/muse_ws/install/state_estimator_msgs/include/state_estimator_msgs/state_estimator_msgs/msg/detail/contact_detection__rosidl_typesupport_fastrtps_c.h\n'}
[1.590879] (state_estimator_msgs) StdoutLine: {'line': b'-- Installing: /root/muse_ws/muse_ros2/muse_ws/install/state_estimator_msgs/include/state_estimator_msgs/state_estimator_msgs/msg/detail/leg_odometry__rosidl_typesupport_fastrtps_c.h\n'}
[1.590964] (state_estimator_msgs) StdoutLine: {'line': b'-- Installing: /root/muse_ws/muse_ros2/muse_ws/install/state_estimator_msgs/include/state_estimator_msgs/state_estimator_msgs/msg/rosidl_typesupport_fastrtps_c__visibility_control.h\n'}
[1.591038] (state_estimator_msgs) StdoutLine: {'line': b'-- Installing: /root/muse_ws/muse_ros2/muse_ws/install/state_estimator_msgs/lib/libstate_estimator_msgs__rosidl_typesupport_fastrtps_c.so\n'}
[1.591200] (state_estimator_msgs) StdoutLine: {'line': b'-- Set runtime path of "/root/muse_ws/muse_ros2/muse_ws/install/state_estimator_msgs/lib/libstate_estimator_msgs__rosidl_typesupport_fastrtps_c.so" to ""\n'}
[1.591292] (state_estimator_msgs) StdoutLine: {'line': b'-- Up-to-date: /root/muse_ws/muse_ros2/muse_ws/install/state_estimator_msgs/include/state_estimator_msgs/state_estimator_msgs\n'}
[1.591371] (state_estimator_msgs) StdoutLine: {'line': b'-- Up-to-date: /root/muse_ws/muse_ros2/muse_ws/install/state_estimator_msgs/include/state_estimator_msgs/state_estimator_msgs/srv\n'}
[1.591449] (state_estimator_msgs) StdoutLine: {'line': b'-- Installing: /root/muse_ws/muse_ros2/muse_ws/install/state_estimator_msgs/include/state_estimator_msgs/state_estimator_msgs/srv/list_all_estimators.hpp\n'}
[1.591548] (state_estimator_msgs) StdoutLine: {'line': b'-- Installing: /root/muse_ws/muse_ros2/muse_ws/install/state_estimator_msgs/include/state_estimator_msgs/state_estimator_msgs/srv/resume_estimator.hpp\n'}
[1.591630] (state_estimator_msgs) StdoutLine: {'line': b'-- Installing: /root/muse_ws/muse_ros2/muse_ws/install/state_estimator_msgs/include/state_estimator_msgs/state_estimator_msgs/srv/pause_estimator.hpp\n'}
[1.591706] (state_estimator_msgs) StdoutLine: {'line': b'-- Installing: /root/muse_ws/muse_ros2/muse_ws/install/state_estimator_msgs/include/state_estimator_msgs/state_estimator_msgs/srv/reset_estimator.hpp\n'}
[1.591779] (state_estimator_msgs) StdoutLine: {'line': b'-- Installing: /root/muse_ws/muse_ros2/muse_ws/install/state_estimator_msgs/include/state_estimator_msgs/state_estimator_msgs/srv/get_active_estimators.hpp\n'}
[1.591847] (state_estimator_msgs) StdoutLine: {'line': b'-- Up-to-date: /root/muse_ws/muse_ros2/muse_ws/install/state_estimator_msgs/include/state_estimator_msgs/state_estimator_msgs/srv/detail\n'}
[1.591925] (state_estimator_msgs) StdoutLine: {'line': b'-- Installing: /root/muse_ws/muse_ros2/muse_ws/install/state_estimator_msgs/include/state_estimator_msgs/state_estimator_msgs/srv/detail/get_whitelist__type_support.hpp\n'}
[1.592104] (state_estimator_msgs) StdoutLine: {'line': b'-- Installing: /root/muse_ws/muse_ros2/muse_ws/install/state_estimator_msgs/include/state_estimator_msgs/state_estimator_msgs/srv/detail/pause_estimator__type_support.hpp\n'}
[1.592186] (state_estimator_msgs) StdoutLine: {'line': b'-- Installing: /root/muse_ws/muse_ros2/muse_ws/install/state_estimator_msgs/include/state_estimator_msgs/state_estimator_msgs/srv/detail/restart_estimator__traits.hpp\n'}
[1.592525] (state_estimator_msgs) StdoutLine: {'line': b'-- Installing: /root/muse_ws/muse_ros2/muse_ws/install/state_estimator_msgs/include/state_estimator_msgs/state_estimator_msgs/srv/detail/get_whitelist__traits.hpp\n'}
[1.592618] (state_estimator_msgs) StdoutLine: {'line': b'-- Installing: /root/muse_ws/muse_ros2/muse_ws/install/state_estimator_msgs/include/state_estimator_msgs/state_estimator_msgs/srv/detail/get_estimator_description__builder.hpp\n'}
[1.592693] (state_estimator_msgs) StdoutLine: {'line': b'-- Installing: /root/muse_ws/muse_ros2/muse_ws/install/state_estimator_msgs/include/state_estimator_msgs/state_estimator_msgs/srv/detail/stop_estimator__traits.hpp\n'}
[1.592766] (state_estimator_msgs) StdoutLine: {'line': b'-- Installing: /root/muse_ws/muse_ros2/muse_ws/install/state_estimator_msgs/include/state_estimator_msgs/state_estimator_msgs/srv/detail/get_whitelist__builder.hpp\n'}
[1.592848] (state_estimator_msgs) StdoutLine: {'line': b'-- Installing: /root/muse_ws/muse_ros2/muse_ws/install/state_estimator_msgs/include/state_estimator_msgs/state_estimator_msgs/srv/detail/stop_estimator__builder.hpp\n'}
[1.592917] (state_estimator_msgs) StdoutLine: {'line': b'-- Installing: /root/muse_ws/muse_ros2/muse_ws/install/state_estimator_msgs/include/state_estimator_msgs/state_estimator_msgs/srv/detail/list_all_estimators__type_support.hpp\n'}
[1.593169] (state_estimator_msgs) StdoutLine: {'line': b'-- Installing: /root/muse_ws/muse_ros2/muse_ws/install/state_estimator_msgs/include/state_estimator_msgs/state_estimator_msgs/srv/detail/reset_estimator__builder.hpp\n'}
[1.593544] (state_estimator_msgs) StdoutLine: {'line': b'-- Installing: /root/muse_ws/muse_ros2/muse_ws/install/state_estimator_msgs/include/state_estimator_msgs/state_estimator_msgs/srv/detail/get_active_estimators__traits.hpp\n'}
[1.593628] (state_estimator_msgs) StdoutLine: {'line': b'-- Installing: /root/muse_ws/muse_ros2/muse_ws/install/state_estimator_msgs/include/state_estimator_msgs/state_estimator_msgs/srv/detail/resume_estimator__type_support.hpp\n'}
[1.593684] (state_estimator_msgs) StdoutLine: {'line': b'-- Installing: /root/muse_ws/muse_ros2/muse_ws/install/state_estimator_msgs/include/state_estimator_msgs/state_estimator_msgs/srv/detail/start_estimator__type_support.hpp\n'}
[1.593766] (state_estimator_msgs) StdoutLine: {'line': b'-- Installing: /root/muse_ws/muse_ros2/muse_ws/install/state_estimator_msgs/include/state_estimator_msgs/state_estimator_msgs/srv/detail/get_active_estimators__type_support.hpp\n'}
[1.593962] (state_estimator_msgs) StdoutLine: {'line': b'-- Installing: /root/muse_ws/muse_ros2/muse_ws/install/state_estimator_msgs/include/state_estimator_msgs/state_estimator_msgs/srv/detail/get_blacklist__builder.hpp\n'}
[1.594109] (state_estimator_msgs) StdoutLine: {'line': b'-- Installing: /root/muse_ws/muse_ros2/muse_ws/install/state_estimator_msgs/include/state_estimator_msgs/state_estimator_msgs/srv/detail/list_all_estimators__struct.hpp\n'}
[1.594287] (state_estimator_msgs) StdoutLine: {'line': b'-- Installing: /root/muse_ws/muse_ros2/muse_ws/install/state_estimator_msgs/include/state_estimator_msgs/state_estimator_msgs/srv/detail/get_estimator_description__traits.hpp\n'}
[1.594459] (state_estimator_msgs) StdoutLine: {'line': b'-- Installing: /root/muse_ws/muse_ros2/muse_ws/install/state_estimator_msgs/include/state_estimator_msgs/state_estimator_msgs/srv/detail/stop_estimator__type_support.hpp\n'}
[1.594636] (state_estimator_msgs) StdoutLine: {'line': b'-- Installing: /root/muse_ws/muse_ros2/muse_ws/install/state_estimator_msgs/include/state_estimator_msgs/state_estimator_msgs/srv/detail/list_all_estimators__traits.hpp\n'}
[1.594753] (state_estimator_msgs) StdoutLine: {'line': b'-- Installing: /root/muse_ws/muse_ros2/muse_ws/install/state_estimator_msgs/include/state_estimator_msgs/state_estimator_msgs/srv/detail/start_estimator__builder.hpp\n'}
[1.595306] (state_estimator_msgs) StdoutLine: {'line': b'-- Installing: /root/muse_ws/muse_ros2/muse_ws/install/state_estimator_msgs/include/state_estimator_msgs/state_estimator_msgs/srv/detail/restart_estimator__builder.hpp\n'}
[1.595433] (state_estimator_msgs) StdoutLine: {'line': b'-- Installing: /root/muse_ws/muse_ros2/muse_ws/install/state_estimator_msgs/include/state_estimator_msgs/state_estimator_msgs/srv/detail/restart_estimator__type_support.hpp\n'}
[1.595527] (state_estimator_msgs) StdoutLine: {'line': b'-- Installing: /root/muse_ws/muse_ros2/muse_ws/install/state_estimator_msgs/include/state_estimator_msgs/state_estimator_msgs/srv/detail/reset_estimator__type_support.hpp\n'}
[1.595643] (state_estimator_msgs) StdoutLine: {'line': b'-- Installing: /root/muse_ws/muse_ros2/muse_ws/install/state_estimator_msgs/include/state_estimator_msgs/state_estimator_msgs/srv/detail/get_active_estimators__struct.hpp\n'}
[1.595732] (state_estimator_msgs) StdoutLine: {'line': b'-- Installing: /root/muse_ws/muse_ros2/muse_ws/install/state_estimator_msgs/include/state_estimator_msgs/state_estimator_msgs/srv/detail/get_estimator_description__type_support.hpp\n'}
[1.596503] (state_estimator_msgs) StdoutLine: {'line': b'-- Installing: /root/muse_ws/muse_ros2/muse_ws/install/state_estimator_msgs/include/state_estimator_msgs/state_estimator_msgs/srv/detail/get_blacklist__type_support.hpp\n'}
[1.597107] (state_estimator_msgs) StdoutLine: {'line': b'-- Installing: /root/muse_ws/muse_ros2/muse_ws/install/state_estimator_msgs/include/state_estimator_msgs/state_estimator_msgs/srv/detail/pause_estimator__builder.hpp\n'}
[1.597234] (state_estimator_msgs) StdoutLine: {'line': b'-- Installing: /root/muse_ws/muse_ros2/muse_ws/install/state_estimator_msgs/include/state_estimator_msgs/state_estimator_msgs/srv/detail/restart_estimator__struct.hpp\n'}
[1.597597] (state_estimator_msgs) StdoutLine: {'line': b'-- Installing: /root/muse_ws/muse_ros2/muse_ws/install/state_estimator_msgs/include/state_estimator_msgs/state_estimator_msgs/srv/detail/resume_estimator__builder.hpp\n'}
[1.604637] (state_estimator_msgs) StdoutLine: {'line': b'-- Installing: /root/muse_ws/muse_ros2/muse_ws/install/state_estimator_msgs/include/state_estimator_msgs/state_estimator_msgs/srv/detail/start_estimator__traits.hpp\n'}
[1.605004] (-) TimerEvent: {}
[1.605164] (state_estimator_msgs) StdoutLine: {'line': b'-- Installing: /root/muse_ws/muse_ros2/muse_ws/install/state_estimator_msgs/include/state_estimator_msgs/state_estimator_msgs/srv/detail/get_estimator_description__struct.hpp\n'}
[1.605278] (state_estimator_msgs) StdoutLine: {'line': b'-- Installing: /root/muse_ws/muse_ros2/muse_ws/install/state_estimator_msgs/include/state_estimator_msgs/state_estimator_msgs/srv/detail/resume_estimator__traits.hpp\n'}
[1.605378] (state_estimator_msgs) StdoutLine: {'line': b'-- Installing: /root/muse_ws/muse_ros2/muse_ws/install/state_estimator_msgs/include/state_estimator_msgs/state_estimator_msgs/srv/detail/start_estimator__struct.hpp\n'}
[1.605467] (state_estimator_msgs) StdoutLine: {'line': b'-- Installing: /root/muse_ws/muse_ros2/muse_ws/install/state_estimator_msgs/include/state_estimator_msgs/state_estimator_msgs/srv/detail/pause_estimator__traits.hpp\n'}
[1.605579] (state_estimator_msgs) StdoutLine: {'line': b'-- Installing: /root/muse_ws/muse_ros2/muse_ws/install/state_estimator_msgs/include/state_estimator_msgs/state_estimator_msgs/srv/detail/list_all_estimators__builder.hpp\n'}
[1.605688] (state_estimator_msgs) StdoutLine: {'line': b'-- Installing: /root/muse_ws/muse_ros2/muse_ws/install/state_estimator_msgs/include/state_estimator_msgs/state_estimator_msgs/srv/detail/get_blacklist__traits.hpp\n'}
[1.605827] (state_estimator_msgs) StdoutLine: {'line': b'-- Installing: /root/muse_ws/muse_ros2/muse_ws/install/state_estimator_msgs/include/state_estimator_msgs/state_estimator_msgs/srv/detail/reset_estimator__traits.hpp\n'}
[1.605930] (state_estimator_msgs) StdoutLine: {'line': b'-- Installing: /root/muse_ws/muse_ros2/muse_ws/install/state_estimator_msgs/include/state_estimator_msgs/state_estimator_msgs/srv/detail/stop_estimator__struct.hpp\n'}
[1.606009] (state_estimator_msgs) StdoutLine: {'line': b'-- Installing: /root/muse_ws/muse_ros2/muse_ws/install/state_estimator_msgs/include/state_estimator_msgs/state_estimator_msgs/srv/detail/get_whitelist__struct.hpp\n'}
[1.606080] (state_estimator_msgs) StdoutLine: {'line': b'-- Installing: /root/muse_ws/muse_ros2/muse_ws/install/state_estimator_msgs/include/state_estimator_msgs/state_estimator_msgs/srv/detail/get_blacklist__struct.hpp\n'}
[1.606148] (state_estimator_msgs) StdoutLine: {'line': b'-- Installing: /root/muse_ws/muse_ros2/muse_ws/install/state_estimator_msgs/include/state_estimator_msgs/state_estimator_msgs/srv/detail/pause_estimator__struct.hpp\n'}
[1.606231] (state_estimator_msgs) StdoutLine: {'line': b'-- Installing: /root/muse_ws/muse_ros2/muse_ws/install/state_estimator_msgs/include/state_estimator_msgs/state_estimator_msgs/srv/detail/resume_estimator__struct.hpp\n'}
[1.606301] (state_estimator_msgs) StdoutLine: {'line': b'-- Installing: /root/muse_ws/muse_ros2/muse_ws/install/state_estimator_msgs/include/state_estimator_msgs/state_estimator_msgs/srv/detail/get_active_estimators__builder.hpp\n'}
[1.606368] (state_estimator_msgs) StdoutLine: {'line': b'-- Installing: /root/muse_ws/muse_ros2/muse_ws/install/state_estimator_msgs/include/state_estimator_msgs/state_estimator_msgs/srv/detail/reset_estimator__struct.hpp\n'}
[1.606451] (state_estimator_msgs) StdoutLine: {'line': b'-- Installing: /root/muse_ws/muse_ros2/muse_ws/install/state_estimator_msgs/include/state_estimator_msgs/state_estimator_msgs/srv/restart_estimator.hpp\n'}
[1.606528] (state_estimator_msgs) StdoutLine: {'line': b'-- Installing: /root/muse_ws/muse_ros2/muse_ws/install/state_estimator_msgs/include/state_estimator_msgs/state_estimator_msgs/srv/stop_estimator.hpp\n'}
[1.606598] (state_estimator_msgs) StdoutLine: {'line': b'-- Installing: /root/muse_ws/muse_ros2/muse_ws/install/state_estimator_msgs/include/state_estimator_msgs/state_estimator_msgs/srv/get_whitelist.hpp\n'}
[1.606667] (state_estimator_msgs) StdoutLine: {'line': b'-- Installing: /root/muse_ws/muse_ros2/muse_ws/install/state_estimator_msgs/include/state_estimator_msgs/state_estimator_msgs/srv/get_estimator_description.hpp\n'}
[1.606734] (state_estimator_msgs) StdoutLine: {'line': b'-- Installing: /root/muse_ws/muse_ros2/muse_ws/install/state_estimator_msgs/include/state_estimator_msgs/state_estimator_msgs/srv/get_blacklist.hpp\n'}
[1.606800] (state_estimator_msgs) StdoutLine: {'line': b'-- Installing: /root/muse_ws/muse_ros2/muse_ws/install/state_estimator_msgs/include/state_estimator_msgs/state_estimator_msgs/srv/start_estimator.hpp\n'}
[1.606865] (state_estimator_msgs) StdoutLine: {'line': b'-- Up-to-date: /root/muse_ws/muse_ros2/muse_ws/install/state_estimator_msgs/include/state_estimator_msgs/state_estimator_msgs/msg\n'}
[1.606929] (state_estimator_msgs) StdoutLine: {'line': b'-- Installing: /root/muse_ws/muse_ros2/muse_ws/install/state_estimator_msgs/include/state_estimator_msgs/state_estimator_msgs/msg/joint_state_with_acceleration.hpp\n'}
[1.607000] (state_estimator_msgs) StdoutLine: {'line': b'-- Installing: /root/muse_ws/muse_ros2/muse_ws/install/state_estimator_msgs/include/state_estimator_msgs/state_estimator_msgs/msg/contact_detection.hpp\n'}
[1.607081] (state_estimator_msgs) StdoutLine: {'line': b'-- Up-to-date: /root/muse_ws/muse_ros2/muse_ws/install/state_estimator_msgs/include/state_estimator_msgs/state_estimator_msgs/msg/detail\n'}
[1.607152] (state_estimator_msgs) StdoutLine: {'line': b'-- Installing: /root/muse_ws/muse_ros2/muse_ws/install/state_estimator_msgs/include/state_estimator_msgs/state_estimator_msgs/msg/detail/leg_odometry__builder.hpp\n'}
[1.612117] (state_estimator_msgs) StdoutLine: {'line': b'-- Installing: /root/muse_ws/muse_ros2/muse_ws/install/state_estimator_msgs/include/state_estimator_msgs/state_estimator_msgs/msg/detail/leg_odometry__struct.hpp\n'}
[1.612542] (state_estimator_msgs) StdoutLine: {'line': b'-- Installing: /root/muse_ws/muse_ros2/muse_ws/install/state_estimator_msgs/include/state_estimator_msgs/state_estimator_msgs/msg/detail/attitude__type_support.hpp\n'}
[1.612643] (state_estimator_msgs) StdoutLine: {'line': b'-- Installing: /root/muse_ws/muse_ros2/muse_ws/install/state_estimator_msgs/include/state_estimator_msgs/state_estimator_msgs/msg/detail/leg_odometry__traits.hpp\n'}
[1.614407] (state_estimator_msgs) StdoutLine: {'line': b'-- Installing: /root/muse_ws/muse_ros2/muse_ws/install/state_estimator_msgs/include/state_estimator_msgs/state_estimator_msgs/msg/detail/leg_odometry__type_support.hpp\n'}
[1.614625] (state_estimator_msgs) StdoutLine: {'line': b'-- Installing: /root/muse_ws/muse_ros2/muse_ws/install/state_estimator_msgs/include/state_estimator_msgs/state_estimator_msgs/msg/detail/sensor_fusion__traits.hpp\n'}
[1.614891] (state_estimator_msgs) StdoutLine: {'line': b'-- Installing: /root/muse_ws/muse_ros2/muse_ws/install/state_estimator_msgs/include/state_estimator_msgs/state_estimator_msgs/msg/detail/attitude__builder.hpp\n'}
[1.614989] (state_estimator_msgs) StdoutLine: {'line': b'-- Installing: /root/muse_ws/muse_ros2/muse_ws/install/state_estimator_msgs/include/state_estimator_msgs/state_estimator_msgs/msg/detail/joint_state_with_acceleration__traits.hpp\n'}
[1.615098] (state_estimator_msgs) StdoutLine: {'line': b'-- Installing: /root/muse_ws/muse_ros2/muse_ws/install/state_estimator_msgs/include/state_estimator_msgs/state_estimator_msgs/msg/detail/sensor_fusion__type_support.hpp\n'}
[1.615196] (state_estimator_msgs) StdoutLine: {'line': b'-- Installing: /root/muse_ws/muse_ros2/muse_ws/install/state_estimator_msgs/include/state_estimator_msgs/state_estimator_msgs/msg/detail/contact_detection__type_support.hpp\n'}
[1.615317] (state_estimator_msgs) StdoutLine: {'line': b'-- Installing: /root/muse_ws/muse_ros2/muse_ws/install/state_estimator_msgs/include/state_estimator_msgs/state_estimator_msgs/msg/detail/contact_detection__traits.hpp\n'}
[1.615417] (state_estimator_msgs) StdoutLine: {'line': b'-- Installing: /root/muse_ws/muse_ros2/muse_ws/install/state_estimator_msgs/include/state_estimator_msgs/state_estimator_msgs/msg/detail/joint_state_with_acceleration__type_support.hpp\n'}
[1.615512] (state_estimator_msgs) StdoutLine: {'line': b'-- Installing: /root/muse_ws/muse_ros2/muse_ws/install/state_estimator_msgs/include/state_estimator_msgs/state_estimator_msgs/msg/detail/attitude__struct.hpp\n'}
[1.615594] (state_estimator_msgs) StdoutLine: {'line': b'-- Installing: /root/muse_ws/muse_ros2/muse_ws/install/state_estimator_msgs/include/state_estimator_msgs/state_estimator_msgs/msg/detail/contact_detection__builder.hpp\n'}
[1.615666] (state_estimator_msgs) StdoutLine: {'line': b'-- Installing: /root/muse_ws/muse_ros2/muse_ws/install/state_estimator_msgs/include/state_estimator_msgs/state_estimator_msgs/msg/detail/attitude__traits.hpp\n'}
[1.615830] (state_estimator_msgs) StdoutLine: {'line': b'-- Installing: /root/muse_ws/muse_ros2/muse_ws/install/state_estimator_msgs/include/state_estimator_msgs/state_estimator_msgs/msg/detail/joint_state_with_acceleration__builder.hpp\n'}
[1.615984] (state_estimator_msgs) StdoutLine: {'line': b'-- Installing: /root/muse_ws/muse_ros2/muse_ws/install/state_estimator_msgs/include/state_estimator_msgs/state_estimator_msgs/msg/detail/contact_detection__struct.hpp\n'}
[1.616114] (state_estimator_msgs) StdoutLine: {'line': b'-- Installing: /root/muse_ws/muse_ros2/muse_ws/install/state_estimator_msgs/include/state_estimator_msgs/state_estimator_msgs/msg/detail/joint_state_with_acceleration__struct.hpp\n'}
[1.616206] (state_estimator_msgs) StdoutLine: {'line': b'-- Installing: /root/muse_ws/muse_ros2/muse_ws/install/state_estimator_msgs/include/state_estimator_msgs/state_estimator_msgs/msg/detail/sensor_fusion__builder.hpp\n'}
[1.616366] (state_estimator_msgs) StdoutLine: {'line': b'-- Installing: /root/muse_ws/muse_ros2/muse_ws/install/state_estimator_msgs/include/state_estimator_msgs/state_estimator_msgs/msg/detail/sensor_fusion__struct.hpp\n'}
[1.616501] (state_estimator_msgs) StdoutLine: {'line': b'-- Installing: /root/muse_ws/muse_ros2/muse_ws/install/state_estimator_msgs/include/state_estimator_msgs/state_estimator_msgs/msg/leg_odometry.hpp\n'}
[1.616636] (state_estimator_msgs) StdoutLine: {'line': b'-- Installing: /root/muse_ws/muse_ros2/muse_ws/install/state_estimator_msgs/include/state_estimator_msgs/state_estimator_msgs/msg/attitude.hpp\n'}
[1.616727] (state_estimator_msgs) StdoutLine: {'line': b'-- Installing: /root/muse_ws/muse_ros2/muse_ws/install/state_estimator_msgs/include/state_estimator_msgs/state_estimator_msgs/msg/rosidl_generator_cpp__visibility_control.hpp\n'}
[1.616850] (state_estimator_msgs) StdoutLine: {'line': b'-- Installing: /root/muse_ws/muse_ros2/muse_ws/install/state_estimator_msgs/include/state_estimator_msgs/state_estimator_msgs/msg/sensor_fusion.hpp\n'}
[1.617036] (state_estimator_msgs) StdoutLine: {'line': b'-- Up-to-date: /root/muse_ws/muse_ros2/muse_ws/install/state_estimator_msgs/include/state_estimator_msgs/state_estimator_msgs\n'}
[1.617156] (state_estimator_msgs) StdoutLine: {'line': b'-- Up-to-date: /root/muse_ws/muse_ros2/muse_ws/install/state_estimator_msgs/include/state_estimator_msgs/state_estimator_msgs/srv\n'}
[1.617262] (state_estimator_msgs) StdoutLine: {'line': b'-- Up-to-date: /root/muse_ws/muse_ros2/muse_ws/install/state_estimator_msgs/include/state_estimator_msgs/state_estimator_msgs/srv/detail\n'}
[1.617385] (state_estimator_msgs) StdoutLine: {'line': b'-- Installing: /root/muse_ws/muse_ros2/muse_ws/install/state_estimator_msgs/include/state_estimator_msgs/state_estimator_msgs/srv/detail/resume_estimator__rosidl_typesupport_fastrtps_cpp.hpp\n'}
[1.617463] (state_estimator_msgs) StdoutLine: {'line': b'-- Installing: /root/muse_ws/muse_ros2/muse_ws/install/state_estimator_msgs/include/state_estimator_msgs/state_estimator_msgs/srv/detail/list_all_estimators__rosidl_typesupport_fastrtps_cpp.hpp\n'}
[1.617798] (state_estimator_msgs) StdoutLine: {'line': b'-- Installing: /root/muse_ws/muse_ros2/muse_ws/install/state_estimator_msgs/include/state_estimator_msgs/state_estimator_msgs/srv/detail/get_whitelist__rosidl_typesupport_fastrtps_cpp.hpp\n'}
[1.617914] (state_estimator_msgs) StdoutLine: {'line': b'-- Installing: /root/muse_ws/muse_ros2/muse_ws/install/state_estimator_msgs/include/state_estimator_msgs/state_estimator_msgs/srv/detail/dds_fastrtps\n'}
[1.617996] (state_estimator_msgs) StdoutLine: {'line': b'-- Installing: /root/muse_ws/muse_ros2/muse_ws/install/state_estimator_msgs/include/state_estimator_msgs/state_estimator_msgs/srv/detail/get_blacklist__rosidl_typesupport_fastrtps_cpp.hpp\n'}
[1.618404] (state_estimator_msgs) StdoutLine: {'line': b'-- Installing: /root/muse_ws/muse_ros2/muse_ws/install/state_estimator_msgs/include/state_estimator_msgs/state_estimator_msgs/srv/detail/stop_estimator__rosidl_typesupport_fastrtps_cpp.hpp\n'}
[1.618507] (state_estimator_msgs) StdoutLine: {'line': b'-- Installing: /root/muse_ws/muse_ros2/muse_ws/install/state_estimator_msgs/include/state_estimator_msgs/state_estimator_msgs/srv/detail/reset_estimator__rosidl_typesupport_fastrtps_cpp.hpp\n'}
[1.618586] (state_estimator_msgs) StdoutLine: {'line': b'-- Installing: /root/muse_ws/muse_ros2/muse_ws/install/state_estimator_msgs/include/state_estimator_msgs/state_estimator_msgs/srv/detail/start_estimator__rosidl_typesupport_fastrtps_cpp.hpp\n'}
[1.618656] (state_estimator_msgs) StdoutLine: {'line': b'-- Installing: /root/muse_ws/muse_ros2/muse_ws/install/state_estimator_msgs/include/state_estimator_msgs/state_estimator_msgs/srv/detail/restart_estimator__rosidl_typesupport_fastrtps_cpp.hpp\n'}
[1.618740] (state_estimator_msgs) StdoutLine: {'line': b'-- Installing: /root/muse_ws/muse_ros2/muse_ws/install/state_estimator_msgs/include/state_estimator_msgs/state_estimator_msgs/srv/detail/pause_estimator__rosidl_typesupport_fastrtps_cpp.hpp\n'}
[1.618827] (state_estimator_msgs) StdoutLine: {'line': b'-- Installing: /root/muse_ws/muse_ros2/muse_ws/install/state_estimator_msgs/include/state_estimator_msgs/state_estimator_msgs/srv/detail/get_estimator_description__rosidl_typesupport_fastrtps_cpp.hpp\n'}
[1.618897] (state_estimator_msgs) StdoutLine: {'line': b'-- Installing: /root/muse_ws/muse_ros2/muse_ws/install/state_estimator_msgs/include/state_estimator_msgs/state_estimator_msgs/srv/detail/get_active_estimators__rosidl_typesupport_fastrtps_cpp.hpp\n'}
[1.618997] (state_estimator_msgs) StdoutLine: {'line': b'-- Up-to-date: /root/muse_ws/muse_ros2/muse_ws/install/state_estimator_msgs/include/state_estimator_msgs/state_estimator_msgs/msg\n'}
[1.619109] (state_estimator_msgs) StdoutLine: {'line': b'-- Up-to-date: /root/muse_ws/muse_ros2/muse_ws/install/state_estimator_msgs/include/state_estimator_msgs/state_estimator_msgs/msg/detail\n'}
[1.619238] (state_estimator_msgs) StdoutLine: {'line': b'-- Installing: /root/muse_ws/muse_ros2/muse_ws/install/state_estimator_msgs/include/state_estimator_msgs/state_estimator_msgs/msg/detail/joint_state_with_acceleration__rosidl_typesupport_fastrtps_cpp.hpp\n'}
[1.619497] (state_estimator_msgs) StdoutLine: {'line': b'-- Installing: /root/muse_ws/muse_ros2/muse_ws/install/state_estimator_msgs/include/state_estimator_msgs/state_estimator_msgs/msg/detail/contact_detection__rosidl_typesupport_fastrtps_cpp.hpp\n'}
[1.619682] (state_estimator_msgs) StdoutLine: {'line': b'-- Installing: /root/muse_ws/muse_ros2/muse_ws/install/state_estimator_msgs/include/state_estimator_msgs/state_estimator_msgs/msg/detail/leg_odometry__rosidl_typesupport_fastrtps_cpp.hpp\n'}
[1.619883] (state_estimator_msgs) StdoutLine: {'line': b'-- Installing: /root/muse_ws/muse_ros2/muse_ws/install/state_estimator_msgs/include/state_estimator_msgs/state_estimator_msgs/msg/detail/dds_fastrtps\n'}
[1.620078] (state_estimator_msgs) StdoutLine: {'line': b'-- Installing: /root/muse_ws/muse_ros2/muse_ws/install/state_estimator_msgs/include/state_estimator_msgs/state_estimator_msgs/msg/detail/sensor_fusion__rosidl_typesupport_fastrtps_cpp.hpp\n'}
[1.620508] (state_estimator_msgs) StdoutLine: {'line': b'-- Installing: /root/muse_ws/muse_ros2/muse_ws/install/state_estimator_msgs/include/state_estimator_msgs/state_estimator_msgs/msg/detail/attitude__rosidl_typesupport_fastrtps_cpp.hpp\n'}
[1.620674] (state_estimator_msgs) StdoutLine: {'line': b'-- Installing: /root/muse_ws/muse_ros2/muse_ws/install/state_estimator_msgs/include/state_estimator_msgs/state_estimator_msgs/msg/rosidl_typesupport_fastrtps_cpp__visibility_control.h\n'}
[1.620769] (state_estimator_msgs) StdoutLine: {'line': b'-- Installing: /root/muse_ws/muse_ros2/muse_ws/install/state_estimator_msgs/lib/libstate_estimator_msgs__rosidl_typesupport_fastrtps_cpp.so\n'}
[1.622118] (state_estimator_msgs) StdoutLine: {'line': b'-- Set runtime path of "/root/muse_ws/muse_ros2/muse_ws/install/state_estimator_msgs/lib/libstate_estimator_msgs__rosidl_typesupport_fastrtps_cpp.so" to ""\n'}
[1.622517] (state_estimator_msgs) StdoutLine: {'line': b'-- Up-to-date: /root/muse_ws/muse_ros2/muse_ws/install/state_estimator_msgs/include/state_estimator_msgs/state_estimator_msgs\n'}
[1.622769] (state_estimator_msgs) StdoutLine: {'line': b'-- Up-to-date: /root/muse_ws/muse_ros2/muse_ws/install/state_estimator_msgs/include/state_estimator_msgs/state_estimator_msgs/srv\n'}
[1.623003] (state_estimator_msgs) StdoutLine: {'line': b'-- Up-to-date: /root/muse_ws/muse_ros2/muse_ws/install/state_estimator_msgs/include/state_estimator_msgs/state_estimator_msgs/srv/detail\n'}
[1.623330] (state_estimator_msgs) StdoutLine: {'line': b'-- Installing: /root/muse_ws/muse_ros2/muse_ws/install/state_estimator_msgs/include/state_estimator_msgs/state_estimator_msgs/srv/detail/get_active_estimators__rosidl_typesupport_introspection_c.h\n'}
[1.623463] (state_estimator_msgs) StdoutLine: {'line': b'-- Installing: /root/muse_ws/muse_ros2/muse_ws/install/state_estimator_msgs/include/state_estimator_msgs/state_estimator_msgs/srv/detail/get_blacklist__type_support.c\n'}
[1.623674] (state_estimator_msgs) StdoutLine: {'line': b'-- Installing: /root/muse_ws/muse_ros2/muse_ws/install/state_estimator_msgs/include/state_estimator_msgs/state_estimator_msgs/srv/detail/get_estimator_description__rosidl_typesupport_introspection_c.h\n'}
[1.623800] (state_estimator_msgs) StdoutLine: {'line': b'-- Installing: /root/muse_ws/muse_ros2/muse_ws/install/state_estimator_msgs/include/state_estimator_msgs/state_estimator_msgs/srv/detail/restart_estimator__type_support.c\n'}
[1.624115] (state_estimator_msgs) StdoutLine: {'line': b'-- Installing: /root/muse_ws/muse_ros2/muse_ws/install/state_estimator_msgs/include/state_estimator_msgs/state_estimator_msgs/srv/detail/get_active_estimators__type_support.c\n'}
[1.624487] (state_estimator_msgs) StdoutLine: {'line': b'-- Installing: /root/muse_ws/muse_ros2/muse_ws/install/state_estimator_msgs/include/state_estimator_msgs/state_estimator_msgs/srv/detail/get_whitelist__type_support.c\n'}
[1.624786] (state_estimator_msgs) StdoutLine: {'line': b'-- Installing: /root/muse_ws/muse_ros2/muse_ws/install/state_estimator_msgs/include/state_estimator_msgs/state_estimator_msgs/srv/detail/stop_estimator__type_support.c\n'}
[1.625223] (state_estimator_msgs) StdoutLine: {'line': b'-- Installing: /root/muse_ws/muse_ros2/muse_ws/install/state_estimator_msgs/include/state_estimator_msgs/state_estimator_msgs/srv/detail/restart_estimator__rosidl_typesupport_introspection_c.h\n'}
[1.625341] (state_estimator_msgs) StdoutLine: {'line': b'-- Installing: /root/muse_ws/muse_ros2/muse_ws/install/state_estimator_msgs/include/state_estimator_msgs/state_estimator_msgs/srv/detail/stop_estimator__rosidl_typesupport_introspection_c.h\n'}
[1.625573] (state_estimator_msgs) StdoutLine: {'line': b'-- Installing: /root/muse_ws/muse_ros2/muse_ws/install/state_estimator_msgs/include/state_estimator_msgs/state_estimator_msgs/srv/detail/get_estimator_description__type_support.c\n'}
[1.625897] (state_estimator_msgs) StdoutLine: {'line': b'-- Installing: /root/muse_ws/muse_ros2/muse_ws/install/state_estimator_msgs/include/state_estimator_msgs/state_estimator_msgs/srv/detail/reset_estimator__rosidl_typesupport_introspection_c.h\n'}
[1.626215] (state_estimator_msgs) StdoutLine: {'line': b'-- Installing: /root/muse_ws/muse_ros2/muse_ws/install/state_estimator_msgs/include/state_estimator_msgs/state_estimator_msgs/srv/detail/resume_estimator__type_support.c\n'}
[1.626512] (state_estimator_msgs) StdoutLine: {'line': b'-- Installing: /root/muse_ws/muse_ros2/muse_ws/install/state_estimator_msgs/include/state_estimator_msgs/state_estimator_msgs/srv/detail/resume_estimator__rosidl_typesupport_introspection_c.h\n'}
[1.626927] (state_estimator_msgs) StdoutLine: {'line': b'-- Installing: /root/muse_ws/muse_ros2/muse_ws/install/state_estimator_msgs/include/state_estimator_msgs/state_estimator_msgs/srv/detail/get_blacklist__rosidl_typesupport_introspection_c.h\n'}
[1.627355] (state_estimator_msgs) StdoutLine: {'line': b'-- Installing: /root/muse_ws/muse_ros2/muse_ws/install/state_estimator_msgs/include/state_estimator_msgs/state_estimator_msgs/srv/detail/start_estimator__rosidl_typesupport_introspection_c.h\n'}
[1.627707] (state_estimator_msgs) StdoutLine: {'line': b'-- Installing: /root/muse_ws/muse_ros2/muse_ws/install/state_estimator_msgs/include/state_estimator_msgs/state_estimator_msgs/srv/detail/start_estimator__type_support.c\n'}
[1.627955] (state_estimator_msgs) StdoutLine: {'line': b'-- Installing: /root/muse_ws/muse_ros2/muse_ws/install/state_estimator_msgs/include/state_estimator_msgs/state_estimator_msgs/srv/detail/reset_estimator__type_support.c\n'}
[1.628244] (state_estimator_msgs) StdoutLine: {'line': b'-- Installing: /root/muse_ws/muse_ros2/muse_ws/install/state_estimator_msgs/include/state_estimator_msgs/state_estimator_msgs/srv/detail/list_all_estimators__type_support.c\n'}
[1.628650] (state_estimator_msgs) StdoutLine: {'line': b'-- Installing: /root/muse_ws/muse_ros2/muse_ws/install/state_estimator_msgs/include/state_estimator_msgs/state_estimator_msgs/srv/detail/pause_estimator__type_support.c\n'}
[1.629015] (state_estimator_msgs) StdoutLine: {'line': b'-- Installing: /root/muse_ws/muse_ros2/muse_ws/install/state_estimator_msgs/include/state_estimator_msgs/state_estimator_msgs/srv/detail/pause_estimator__rosidl_typesupport_introspection_c.h\n'}
[1.629331] (state_estimator_msgs) StdoutLine: {'line': b'-- Installing: /root/muse_ws/muse_ros2/muse_ws/install/state_estimator_msgs/include/state_estimator_msgs/state_estimator_msgs/srv/detail/list_all_estimators__rosidl_typesupport_introspection_c.h\n'}
[1.629654] (state_estimator_msgs) StdoutLine: {'line': b'-- Installing: /root/muse_ws/muse_ros2/muse_ws/install/state_estimator_msgs/include/state_estimator_msgs/state_estimator_msgs/srv/detail/get_whitelist__rosidl_typesupport_introspection_c.h\n'}
[1.629838] (state_estimator_msgs) StdoutLine: {'line': b'-- Up-to-date: /root/muse_ws/muse_ros2/muse_ws/install/state_estimator_msgs/include/state_estimator_msgs/state_estimator_msgs/msg\n'}
[1.630019] (state_estimator_msgs) StdoutLine: {'line': b'-- Up-to-date: /root/muse_ws/muse_ros2/muse_ws/install/state_estimator_msgs/include/state_estimator_msgs/state_estimator_msgs/msg/detail\n'}
[1.630237] (state_estimator_msgs) StdoutLine: {'line': b'-- Installing: /root/muse_ws/muse_ros2/muse_ws/install/state_estimator_msgs/include/state_estimator_msgs/state_estimator_msgs/msg/detail/leg_odometry__type_support.c\n'}
[1.630542] (state_estimator_msgs) StdoutLine: {'line': b'-- Installing: /root/muse_ws/muse_ros2/muse_ws/install/state_estimator_msgs/include/state_estimator_msgs/state_estimator_msgs/msg/detail/attitude__rosidl_typesupport_introspection_c.h\n'}
[1.636365] (state_estimator_msgs) StdoutLine: {'line': b'-- Installing: /root/muse_ws/muse_ros2/muse_ws/install/state_estimator_msgs/include/state_estimator_msgs/state_estimator_msgs/msg/detail/sensor_fusion__rosidl_typesupport_introspection_c.h\n'}
[1.636686] (state_estimator_msgs) StdoutLine: {'line': b'-- Installing: /root/muse_ws/muse_ros2/muse_ws/install/state_estimator_msgs/include/state_estimator_msgs/state_estimator_msgs/msg/detail/contact_detection__type_support.c\n'}
[1.636776] (state_estimator_msgs) StdoutLine: {'line': b'-- Installing: /root/muse_ws/muse_ros2/muse_ws/install/state_estimator_msgs/include/state_estimator_msgs/state_estimator_msgs/msg/detail/joint_state_with_acceleration__rosidl_typesupport_introspection_c.h\n'}
[1.636848] (state_estimator_msgs) StdoutLine: {'line': b'-- Installing: /root/muse_ws/muse_ros2/muse_ws/install/state_estimator_msgs/include/state_estimator_msgs/state_estimator_msgs/msg/detail/attitude__type_support.c\n'}
[1.636923] (state_estimator_msgs) StdoutLine: {'line': b'-- Installing: /root/muse_ws/muse_ros2/muse_ws/install/state_estimator_msgs/include/state_estimator_msgs/state_estimator_msgs/msg/detail/contact_detection__rosidl_typesupport_introspection_c.h\n'}
[1.637005] (state_estimator_msgs) StdoutLine: {'line': b'-- Installing: /root/muse_ws/muse_ros2/muse_ws/install/state_estimator_msgs/include/state_estimator_msgs/state_estimator_msgs/msg/detail/joint_state_with_acceleration__type_support.c\n'}
[1.637079] (state_estimator_msgs) StdoutLine: {'line': b'-- Installing: /root/muse_ws/muse_ros2/muse_ws/install/state_estimator_msgs/include/state_estimator_msgs/state_estimator_msgs/msg/detail/sensor_fusion__type_support.c\n'}
[1.637150] (state_estimator_msgs) StdoutLine: {'line': b'-- Installing: /root/muse_ws/muse_ros2/muse_ws/install/state_estimator_msgs/include/state_estimator_msgs/state_estimator_msgs/msg/detail/leg_odometry__rosidl_typesupport_introspection_c.h\n'}
[1.637262] (state_estimator_msgs) StdoutLine: {'line': b'-- Installing: /root/muse_ws/muse_ros2/muse_ws/install/state_estimator_msgs/include/state_estimator_msgs/state_estimator_msgs/msg/rosidl_typesupport_introspection_c__visibility_control.h\n'}
[1.638817] (state_estimator_msgs) StdoutLine: {'line': b'-- Installing: /root/muse_ws/muse_ros2/muse_ws/install/state_estimator_msgs/lib/libstate_estimator_msgs__rosidl_typesupport_introspection_c.so\n'}
[1.641187] (state_estimator_msgs) StdoutLine: {'line': b'-- Set runtime path of "/root/muse_ws/muse_ros2/muse_ws/install/state_estimator_msgs/lib/libstate_estimator_msgs__rosidl_typesupport_introspection_c.so" to ""\n'}
[1.641482] (state_estimator_msgs) StdoutLine: {'line': b'-- Installing: /root/muse_ws/muse_ros2/muse_ws/install/state_estimator_msgs/lib/libstate_estimator_msgs__rosidl_typesupport_c.so\n'}
[1.641585] (state_estimator_msgs) StdoutLine: {'line': b'-- Set runtime path of "/root/muse_ws/muse_ros2/muse_ws/install/state_estimator_msgs/lib/libstate_estimator_msgs__rosidl_typesupport_c.so" to ""\n'}
[1.641821] (state_estimator_msgs) StdoutLine: {'line': b'-- Up-to-date: /root/muse_ws/muse_ros2/muse_ws/install/state_estimator_msgs/include/state_estimator_msgs/state_estimator_msgs\n'}
[1.641916] (state_estimator_msgs) StdoutLine: {'line': b'-- Up-to-date: /root/muse_ws/muse_ros2/muse_ws/install/state_estimator_msgs/include/state_estimator_msgs/state_estimator_msgs/srv\n'}
[1.641996] (state_estimator_msgs) StdoutLine: {'line': b'-- Up-to-date: /root/muse_ws/muse_ros2/muse_ws/install/state_estimator_msgs/include/state_estimator_msgs/state_estimator_msgs/srv/detail\n'}
[1.642118] (state_estimator_msgs) StdoutLine: {'line': b'-- Installing: /root/muse_ws/muse_ros2/muse_ws/install/state_estimator_msgs/include/state_estimator_msgs/state_estimator_msgs/srv/detail/list_all_estimators__type_support.cpp\n'}
[1.642262] (state_estimator_msgs) StdoutLine: {'line': b'-- Installing: /root/muse_ws/muse_ros2/muse_ws/install/state_estimator_msgs/include/state_estimator_msgs/state_estimator_msgs/srv/detail/reset_estimator__rosidl_typesupport_introspection_cpp.hpp\n'}
[1.642385] (state_estimator_msgs) StdoutLine: {'line': b'-- Installing: /root/muse_ws/muse_ros2/muse_ws/install/state_estimator_msgs/include/state_estimator_msgs/state_estimator_msgs/srv/detail/restart_estimator__rosidl_typesupport_introspection_cpp.hpp\n'}
[1.642475] (state_estimator_msgs) StdoutLine: {'line': b'-- Installing: /root/muse_ws/muse_ros2/muse_ws/install/state_estimator_msgs/include/state_estimator_msgs/state_estimator_msgs/srv/detail/resume_estimator__rosidl_typesupport_introspection_cpp.hpp\n'}
[1.642565] (state_estimator_msgs) StdoutLine: {'line': b'-- Installing: /root/muse_ws/muse_ros2/muse_ws/install/state_estimator_msgs/include/state_estimator_msgs/state_estimator_msgs/srv/detail/get_active_estimators__type_support.cpp\n'}
[1.642669] (state_estimator_msgs) StdoutLine: {'line': b'-- Installing: /root/muse_ws/muse_ros2/muse_ws/install/state_estimator_msgs/include/state_estimator_msgs/state_estimator_msgs/srv/detail/pause_estimator__type_support.cpp\n'}
[1.642780] (state_estimator_msgs) StdoutLine: {'line': b'-- Installing: /root/muse_ws/muse_ros2/muse_ws/install/state_estimator_msgs/include/state_estimator_msgs/state_estimator_msgs/srv/detail/get_blacklist__type_support.cpp\n'}
[1.643709] (state_estimator_msgs) StdoutLine: {'line': b'-- Installing: /root/muse_ws/muse_ros2/muse_ws/install/state_estimator_msgs/include/state_estimator_msgs/state_estimator_msgs/srv/detail/list_all_estimators__rosidl_typesupport_introspection_cpp.hpp\n'}
[1.645145] (state_estimator_msgs) StdoutLine: {'line': b'-- Installing: /root/muse_ws/muse_ros2/muse_ws/install/state_estimator_msgs/include/state_estimator_msgs/state_estimator_msgs/srv/detail/resume_estimator__type_support.cpp\n'}
[1.645546] (state_estimator_msgs) StdoutLine: {'line': b'-- Installing: /root/muse_ws/muse_ros2/muse_ws/install/state_estimator_msgs/include/state_estimator_msgs/state_estimator_msgs/srv/detail/reset_estimator__type_support.cpp\n'}
[1.645658] (state_estimator_msgs) StdoutLine: {'line': b'-- Installing: /root/muse_ws/muse_ros2/muse_ws/install/state_estimator_msgs/include/state_estimator_msgs/state_estimator_msgs/srv/detail/get_whitelist__type_support.cpp\n'}
[1.645737] (state_estimator_msgs) StdoutLine: {'line': b'-- Installing: /root/muse_ws/muse_ros2/muse_ws/install/state_estimator_msgs/include/state_estimator_msgs/state_estimator_msgs/srv/detail/pause_estimator__rosidl_typesupport_introspection_cpp.hpp\n'}
[1.645820] (state_estimator_msgs) StdoutLine: {'line': b'-- Installing: /root/muse_ws/muse_ros2/muse_ws/install/state_estimator_msgs/include/state_estimator_msgs/state_estimator_msgs/srv/detail/restart_estimator__type_support.cpp\n'}
[1.645937] (state_estimator_msgs) StdoutLine: {'line': b'-- Installing: /root/muse_ws/muse_ros2/muse_ws/install/state_estimator_msgs/include/state_estimator_msgs/state_estimator_msgs/srv/detail/start_estimator__rosidl_typesupport_introspection_cpp.hpp\n'}
[1.646013] (state_estimator_msgs) StdoutLine: {'line': b'-- Installing: /root/muse_ws/muse_ros2/muse_ws/install/state_estimator_msgs/include/state_estimator_msgs/state_estimator_msgs/srv/detail/get_estimator_description__type_support.cpp\n'}
[1.646085] (state_estimator_msgs) StdoutLine: {'line': b'-- Installing: /root/muse_ws/muse_ros2/muse_ws/install/state_estimator_msgs/include/state_estimator_msgs/state_estimator_msgs/srv/detail/stop_estimator__type_support.cpp\n'}
[1.647021] (state_estimator_msgs) StdoutLine: {'line': b'-- Installing: /root/muse_ws/muse_ros2/muse_ws/install/state_estimator_msgs/include/state_estimator_msgs/state_estimator_msgs/srv/detail/stop_estimator__rosidl_typesupport_introspection_cpp.hpp\n'}
[1.647497] (state_estimator_msgs) StdoutLine: {'line': b'-- Installing: /root/muse_ws/muse_ros2/muse_ws/install/state_estimator_msgs/include/state_estimator_msgs/state_estimator_msgs/srv/detail/start_estimator__type_support.cpp\n'}
[1.647613] (state_estimator_msgs) StdoutLine: {'line': b'-- Installing: /root/muse_ws/muse_ros2/muse_ws/install/state_estimator_msgs/include/state_estimator_msgs/state_estimator_msgs/srv/detail/get_blacklist__rosidl_typesupport_introspection_cpp.hpp\n'}
[1.647701] (state_estimator_msgs) StdoutLine: {'line': b'-- Installing: /root/muse_ws/muse_ros2/muse_ws/install/state_estimator_msgs/include/state_estimator_msgs/state_estimator_msgs/srv/detail/get_estimator_description__rosidl_typesupport_introspection_cpp.hpp\n'}
[1.647933] (state_estimator_msgs) StdoutLine: {'line': b'-- Installing: /root/muse_ws/muse_ros2/muse_ws/install/state_estimator_msgs/include/state_estimator_msgs/state_estimator_msgs/srv/detail/get_whitelist__rosidl_typesupport_introspection_cpp.hpp\n'}
[1.648077] (state_estimator_msgs) StdoutLine: {'line': b'-- Installing: /root/muse_ws/muse_ros2/muse_ws/install/state_estimator_msgs/include/state_estimator_msgs/state_estimator_msgs/srv/detail/get_active_estimators__rosidl_typesupport_introspection_cpp.hpp\n'}
[1.648158] (state_estimator_msgs) StdoutLine: {'line': b'-- Up-to-date: /root/muse_ws/muse_ros2/muse_ws/install/state_estimator_msgs/include/state_estimator_msgs/state_estimator_msgs/msg\n'}
[1.648266] (state_estimator_msgs) StdoutLine: {'line': b'-- Up-to-date: /root/muse_ws/muse_ros2/muse_ws/install/state_estimator_msgs/include/state_estimator_msgs/state_estimator_msgs/msg/detail\n'}
[1.648371] (state_estimator_msgs) StdoutLine: {'line': b'-- Installing: /root/muse_ws/muse_ros2/muse_ws/install/state_estimator_msgs/include/state_estimator_msgs/state_estimator_msgs/msg/detail/sensor_fusion__rosidl_typesupport_introspection_cpp.hpp\n'}
[1.648507] (state_estimator_msgs) StdoutLine: {'line': b'-- Installing: /root/muse_ws/muse_ros2/muse_ws/install/state_estimator_msgs/include/state_estimator_msgs/state_estimator_msgs/msg/detail/sensor_fusion__type_support.cpp\n'}
[1.648599] (state_estimator_msgs) StdoutLine: {'line': b'-- Installing: /root/muse_ws/muse_ros2/muse_ws/install/state_estimator_msgs/include/state_estimator_msgs/state_estimator_msgs/msg/detail/joint_state_with_acceleration__rosidl_typesupport_introspection_cpp.hpp\n'}
[1.652696] (state_estimator_msgs) StdoutLine: {'line': b'-- Installing: /root/muse_ws/muse_ros2/muse_ws/install/state_estimator_msgs/include/state_estimator_msgs/state_estimator_msgs/msg/detail/joint_state_with_acceleration__type_support.cpp\n'}
[1.653171] (state_estimator_msgs) StdoutLine: {'line': b'-- Installing: /root/muse_ws/muse_ros2/muse_ws/install/state_estimator_msgs/include/state_estimator_msgs/state_estimator_msgs/msg/detail/contact_detection__type_support.cpp\n'}
[1.653280] (state_estimator_msgs) StdoutLine: {'line': b'-- Installing: /root/muse_ws/muse_ros2/muse_ws/install/state_estimator_msgs/include/state_estimator_msgs/state_estimator_msgs/msg/detail/contact_detection__rosidl_typesupport_introspection_cpp.hpp\n'}
[1.653349] (state_estimator_msgs) StdoutLine: {'line': b'-- Installing: /root/muse_ws/muse_ros2/muse_ws/install/state_estimator_msgs/include/state_estimator_msgs/state_estimator_msgs/msg/detail/leg_odometry__type_support.cpp\n'}
[1.653454] (state_estimator_msgs) StdoutLine: {'line': b'-- Installing: /root/muse_ws/muse_ros2/muse_ws/install/state_estimator_msgs/include/state_estimator_msgs/state_estimator_msgs/msg/detail/attitude__type_support.cpp\n'}
[1.653573] (state_estimator_msgs) StdoutLine: {'line': b'-- Installing: /root/muse_ws/muse_ros2/muse_ws/install/state_estimator_msgs/include/state_estimator_msgs/state_estimator_msgs/msg/detail/leg_odometry__rosidl_typesupport_introspection_cpp.hpp\n'}
[1.653693] (state_estimator_msgs) StdoutLine: {'line': b'-- Installing: /root/muse_ws/muse_ros2/muse_ws/install/state_estimator_msgs/include/state_estimator_msgs/state_estimator_msgs/msg/detail/attitude__rosidl_typesupport_introspection_cpp.hpp\n'}
[1.653771] (state_estimator_msgs) StdoutLine: {'line': b'-- Installing: /root/muse_ws/muse_ros2/muse_ws/install/state_estimator_msgs/lib/libstate_estimator_msgs__rosidl_typesupport_introspection_cpp.so\n'}
[1.653831] (state_estimator_msgs) StdoutLine: {'line': b'-- Set runtime path of "/root/muse_ws/muse_ros2/muse_ws/install/state_estimator_msgs/lib/libstate_estimator_msgs__rosidl_typesupport_introspection_cpp.so" to ""\n'}
[1.653904] (state_estimator_msgs) StdoutLine: {'line': b'-- Installing: /root/muse_ws/muse_ros2/muse_ws/install/state_estimator_msgs/lib/libstate_estimator_msgs__rosidl_typesupport_cpp.so\n'}
[1.654158] (state_estimator_msgs) StdoutLine: {'line': b'-- Set runtime path of "/root/muse_ws/muse_ros2/muse_ws/install/state_estimator_msgs/lib/libstate_estimator_msgs__rosidl_typesupport_cpp.so" to ""\n'}
[1.654325] (state_estimator_msgs) StdoutLine: {'line': b'-- Installing: /root/muse_ws/muse_ros2/muse_ws/install/state_estimator_msgs/share/state_estimator_msgs/environment/pythonpath.sh\n'}
[1.654678] (state_estimator_msgs) StdoutLine: {'line': b'-- Installing: /root/muse_ws/muse_ros2/muse_ws/install/state_estimator_msgs/share/state_estimator_msgs/environment/pythonpath.dsv\n'}
[1.655079] (state_estimator_msgs) StdoutLine: {'line': b'-- Installing: /root/muse_ws/muse_ros2/muse_ws/install/state_estimator_msgs/local/lib/python3.10/dist-packages/state_estimator_msgs-0.0.1-py3.10.egg-info\n'}
[1.660510] (state_estimator_msgs) StdoutLine: {'line': b'-- Installing: /root/muse_ws/muse_ros2/muse_ws/install/state_estimator_msgs/local/lib/python3.10/dist-packages/state_estimator_msgs-0.0.1-py3.10.egg-info/top_level.txt\n'}
[1.660788] (state_estimator_msgs) StdoutLine: {'line': b'-- Installing: /root/muse_ws/muse_ros2/muse_ws/install/state_estimator_msgs/local/lib/python3.10/dist-packages/state_estimator_msgs-0.0.1-py3.10.egg-info/PKG-INFO\n'}
[1.660877] (state_estimator_msgs) StdoutLine: {'line': b'-- Installing: /root/muse_ws/muse_ros2/muse_ws/install/state_estimator_msgs/local/lib/python3.10/dist-packages/state_estimator_msgs-0.0.1-py3.10.egg-info/dependency_links.txt\n'}
[1.660970] (state_estimator_msgs) StdoutLine: {'line': b'-- Installing: /root/muse_ws/muse_ros2/muse_ws/install/state_estimator_msgs/local/lib/python3.10/dist-packages/state_estimator_msgs-0.0.1-py3.10.egg-info/SOURCES.txt\n'}
[1.661045] (state_estimator_msgs) StdoutLine: {'line': b'-- Installing: /root/muse_ws/muse_ros2/muse_ws/install/state_estimator_msgs/local/lib/python3.10/dist-packages/state_estimator_msgs\n'}
[1.661117] (state_estimator_msgs) StdoutLine: {'line': b'-- Installing: /root/muse_ws/muse_ros2/muse_ws/install/state_estimator_msgs/local/lib/python3.10/dist-packages/state_estimator_msgs/srv\n'}
[1.661710] (state_estimator_msgs) StdoutLine: {'line': b'-- Installing: /root/muse_ws/muse_ros2/muse_ws/install/state_estimator_msgs/local/lib/python3.10/dist-packages/state_estimator_msgs/srv/_stop_estimator_s.c\n'}
[1.662258] (state_estimator_msgs) StdoutLine: {'line': b'-- Installing: /root/muse_ws/muse_ros2/muse_ws/install/state_estimator_msgs/local/lib/python3.10/dist-packages/state_estimator_msgs/srv/_list_all_estimators_s.c\n'}
[1.662861] (state_estimator_msgs) StdoutLine: {'line': b'-- Installing: /root/muse_ws/muse_ros2/muse_ws/install/state_estimator_msgs/local/lib/python3.10/dist-packages/state_estimator_msgs/srv/_start_estimator_s.c\n'}
[1.663308] (state_estimator_msgs) StdoutLine: {'line': b'-- Installing: /root/muse_ws/muse_ros2/muse_ws/install/state_estimator_msgs/local/lib/python3.10/dist-packages/state_estimator_msgs/srv/_pause_estimator.py\n'}
[1.663763] (state_estimator_msgs) StdoutLine: {'line': b'-- Installing: /root/muse_ws/muse_ros2/muse_ws/install/state_estimator_msgs/local/lib/python3.10/dist-packages/state_estimator_msgs/srv/_get_active_estimators.py\n'}
[1.664285] (state_estimator_msgs) StdoutLine: {'line': b'-- Installing: /root/muse_ws/muse_ros2/muse_ws/install/state_estimator_msgs/local/lib/python3.10/dist-packages/state_estimator_msgs/srv/_resume_estimator_s.c\n'}
[1.664759] (state_estimator_msgs) StdoutLine: {'line': b'-- Installing: /root/muse_ws/muse_ros2/muse_ws/install/state_estimator_msgs/local/lib/python3.10/dist-packages/state_estimator_msgs/srv/_start_estimator.py\n'}
[1.665226] (state_estimator_msgs) StdoutLine: {'line': b'-- Installing: /root/muse_ws/muse_ros2/muse_ws/install/state_estimator_msgs/local/lib/python3.10/dist-packages/state_estimator_msgs/srv/_get_blacklist.py\n'}
[1.665675] (state_estimator_msgs) StdoutLine: {'line': b'-- Installing: /root/muse_ws/muse_ros2/muse_ws/install/state_estimator_msgs/local/lib/python3.10/dist-packages/state_estimator_msgs/srv/_list_all_estimators.py\n'}
[1.666111] (state_estimator_msgs) StdoutLine: {'line': b'-- Installing: /root/muse_ws/muse_ros2/muse_ws/install/state_estimator_msgs/local/lib/python3.10/dist-packages/state_estimator_msgs/srv/_pause_estimator_s.c\n'}
[1.666531] (state_estimator_msgs) StdoutLine: {'line': b'-- Installing: /root/muse_ws/muse_ros2/muse_ws/install/state_estimator_msgs/local/lib/python3.10/dist-packages/state_estimator_msgs/srv/_reset_estimator.py\n'}
[1.667024] (state_estimator_msgs) StdoutLine: {'line': b'-- Installing: /root/muse_ws/muse_ros2/muse_ws/install/state_estimator_msgs/local/lib/python3.10/dist-packages/state_estimator_msgs/srv/_get_estimator_description.py\n'}
[1.667455] (state_estimator_msgs) StdoutLine: {'line': b'-- Installing: /root/muse_ws/muse_ros2/muse_ws/install/state_estimator_msgs/local/lib/python3.10/dist-packages/state_estimator_msgs/srv/_get_estimator_description_s.c\n'}
[1.668137] (state_estimator_msgs) StdoutLine: {'line': b'-- Installing: /root/muse_ws/muse_ros2/muse_ws/install/state_estimator_msgs/local/lib/python3.10/dist-packages/state_estimator_msgs/srv/_resume_estimator.py\n'}
[1.668253] (state_estimator_msgs) StdoutLine: {'line': b'-- Installing: /root/muse_ws/muse_ros2/muse_ws/install/state_estimator_msgs/local/lib/python3.10/dist-packages/state_estimator_msgs/srv/_get_blacklist_s.c\n'}
[1.668787] (state_estimator_msgs) StdoutLine: {'line': b'-- Installing: /root/muse_ws/muse_ros2/muse_ws/install/state_estimator_msgs/local/lib/python3.10/dist-packages/state_estimator_msgs/srv/_restart_estimator_s.c\n'}
[1.669833] (state_estimator_msgs) StdoutLine: {'line': b'-- Installing: /root/muse_ws/muse_ros2/muse_ws/install/state_estimator_msgs/local/lib/python3.10/dist-packages/state_estimator_msgs/srv/_get_whitelist_s.c\n'}
[1.670057] (state_estimator_msgs) StdoutLine: {'line': b'-- Installing: /root/muse_ws/muse_ros2/muse_ws/install/state_estimator_msgs/local/lib/python3.10/dist-packages/state_estimator_msgs/srv/_get_whitelist.py\n'}
[1.670396] (state_estimator_msgs) StdoutLine: {'line': b'-- Installing: /root/muse_ws/muse_ros2/muse_ws/install/state_estimator_msgs/local/lib/python3.10/dist-packages/state_estimator_msgs/srv/_get_active_estimators_s.c\n'}
[1.670854] (state_estimator_msgs) StdoutLine: {'line': b'-- Installing: /root/muse_ws/muse_ros2/muse_ws/install/state_estimator_msgs/local/lib/python3.10/dist-packages/state_estimator_msgs/srv/_reset_estimator_s.c\n'}
[1.672543] (state_estimator_msgs) StdoutLine: {'line': b'-- Installing: /root/muse_ws/muse_ros2/muse_ws/install/state_estimator_msgs/local/lib/python3.10/dist-packages/state_estimator_msgs/srv/_restart_estimator.py\n'}
[1.672683] (state_estimator_msgs) StdoutLine: {'line': b'-- Installing: /root/muse_ws/muse_ros2/muse_ws/install/state_estimator_msgs/local/lib/python3.10/dist-packages/state_estimator_msgs/srv/__init__.py\n'}
[1.672785] (state_estimator_msgs) StdoutLine: {'line': b'-- Installing: /root/muse_ws/muse_ros2/muse_ws/install/state_estimator_msgs/local/lib/python3.10/dist-packages/state_estimator_msgs/srv/_stop_estimator.py\n'}
[1.672863] (state_estimator_msgs) StdoutLine: {'line': b'-- Installing: /root/muse_ws/muse_ros2/muse_ws/install/state_estimator_msgs/local/lib/python3.10/dist-packages/state_estimator_msgs/_state_estimator_msgs_s.ep.rosidl_typesupport_introspection_c.c\n'}
[1.676653] (state_estimator_msgs) StdoutLine: {'line': b'-- Installing: /root/muse_ws/muse_ros2/muse_ws/install/state_estimator_msgs/local/lib/python3.10/dist-packages/state_estimator_msgs/state_estimator_msgs_s__rosidl_typesupport_introspection_c.cpython-310-x86_64-linux-gnu.so\n'}
[1.677005] (state_estimator_msgs) StdoutLine: {'line': b'-- Installing: /root/muse_ws/muse_ros2/muse_ws/install/state_estimator_msgs/local/lib/python3.10/dist-packages/state_estimator_msgs/msg\n'}
[1.677155] (state_estimator_msgs) StdoutLine: {'line': b'-- Installing: /root/muse_ws/muse_ros2/muse_ws/install/state_estimator_msgs/local/lib/python3.10/dist-packages/state_estimator_msgs/msg/_leg_odometry_s.c\n'}
[1.677258] (state_estimator_msgs) StdoutLine: {'line': b'-- Installing: /root/muse_ws/muse_ros2/muse_ws/install/state_estimator_msgs/local/lib/python3.10/dist-packages/state_estimator_msgs/msg/_contact_detection_s.c\n'}
[1.677388] (state_estimator_msgs) StdoutLine: {'line': b'-- Installing: /root/muse_ws/muse_ros2/muse_ws/install/state_estimator_msgs/local/lib/python3.10/dist-packages/state_estimator_msgs/msg/_attitude_s.c\n'}
[1.677495] (state_estimator_msgs) StdoutLine: {'line': b'-- Installing: /root/muse_ws/muse_ros2/muse_ws/install/state_estimator_msgs/local/lib/python3.10/dist-packages/state_estimator_msgs/msg/_sensor_fusion.py\n'}
[1.677611] (state_estimator_msgs) StdoutLine: {'line': b'-- Installing: /root/muse_ws/muse_ros2/muse_ws/install/state_estimator_msgs/local/lib/python3.10/dist-packages/state_estimator_msgs/msg/_joint_state_with_acceleration.py\n'}
[1.677709] (state_estimator_msgs) StdoutLine: {'line': b'-- Installing: /root/muse_ws/muse_ros2/muse_ws/install/state_estimator_msgs/local/lib/python3.10/dist-packages/state_estimator_msgs/msg/_sensor_fusion_s.c\n'}
[1.677794] (state_estimator_msgs) StdoutLine: {'line': b'-- Installing: /root/muse_ws/muse_ros2/muse_ws/install/state_estimator_msgs/local/lib/python3.10/dist-packages/state_estimator_msgs/msg/_contact_detection.py\n'}
[1.677874] (state_estimator_msgs) StdoutLine: {'line': b'-- Installing: /root/muse_ws/muse_ros2/muse_ws/install/state_estimator_msgs/local/lib/python3.10/dist-packages/state_estimator_msgs/msg/_attitude.py\n'}
[1.677970] (state_estimator_msgs) StdoutLine: {'line': b'-- Installing: /root/muse_ws/muse_ros2/muse_ws/install/state_estimator_msgs/local/lib/python3.10/dist-packages/state_estimator_msgs/msg/_leg_odometry.py\n'}
[1.680437] (state_estimator_msgs) StdoutLine: {'line': b'-- Installing: /root/muse_ws/muse_ros2/muse_ws/install/state_estimator_msgs/local/lib/python3.10/dist-packages/state_estimator_msgs/msg/_joint_state_with_acceleration_s.c\n'}
[1.680715] (state_estimator_msgs) StdoutLine: {'line': b'-- Installing: /root/muse_ws/muse_ros2/muse_ws/install/state_estimator_msgs/local/lib/python3.10/dist-packages/state_estimator_msgs/msg/__init__.py\n'}
[1.680835] (state_estimator_msgs) StdoutLine: {'line': b'-- Installing: /root/muse_ws/muse_ros2/muse_ws/install/state_estimator_msgs/local/lib/python3.10/dist-packages/state_estimator_msgs/_state_estimator_msgs_s.ep.rosidl_typesupport_c.c\n'}
[1.680937] (state_estimator_msgs) StdoutLine: {'line': b'-- Installing: /root/muse_ws/muse_ros2/muse_ws/install/state_estimator_msgs/local/lib/python3.10/dist-packages/state_estimator_msgs/_state_estimator_msgs_s.ep.rosidl_typesupport_fastrtps_c.c\n'}
[1.681726] (state_estimator_msgs) StdoutLine: {'line': b'-- Installing: /root/muse_ws/muse_ros2/muse_ws/install/state_estimator_msgs/local/lib/python3.10/dist-packages/state_estimator_msgs/state_estimator_msgs_s__rosidl_typesupport_c.cpython-310-x86_64-linux-gnu.so\n'}
[1.682234] (state_estimator_msgs) StdoutLine: {'line': b'-- Installing: /root/muse_ws/muse_ros2/muse_ws/install/state_estimator_msgs/local/lib/python3.10/dist-packages/state_estimator_msgs/__init__.py\n'}
[1.682458] (state_estimator_msgs) StdoutLine: {'line': b'-- Installing: /root/muse_ws/muse_ros2/muse_ws/install/state_estimator_msgs/local/lib/python3.10/dist-packages/state_estimator_msgs/state_estimator_msgs_s__rosidl_typesupport_fastrtps_c.cpython-310-x86_64-linux-gnu.so\n'}
[1.683065] (state_estimator_msgs) StdoutLine: {'line': b'-- Installing: /root/muse_ws/muse_ros2/muse_ws/install/state_estimator_msgs/local/lib/python3.10/dist-packages/state_estimator_msgs/libstate_estimator_msgs__rosidl_generator_py.so\n'}
[1.706852] (-) TimerEvent: {}
[1.804729] (state_estimator_msgs) StdoutLine: {'line': b"Listing '/root/muse_ws/muse_ros2/muse_ws/install/state_estimator_msgs/local/lib/python3.10/dist-packages/state_estimator_msgs'...\n"}
[1.805201] (state_estimator_msgs) StdoutLine: {'line': b"Compiling '/root/muse_ws/muse_ros2/muse_ws/install/state_estimator_msgs/local/lib/python3.10/dist-packages/state_estimator_msgs/__init__.py'...\n"}
[1.805710] (state_estimator_msgs) StdoutLine: {'line': b"Listing '/root/muse_ws/muse_ros2/muse_ws/install/state_estimator_msgs/local/lib/python3.10/dist-packages/state_estimator_msgs/msg'...\n"}
[1.805821] (state_estimator_msgs) StdoutLine: {'line': b"Compiling '/root/muse_ws/muse_ros2/muse_ws/install/state_estimator_msgs/local/lib/python3.10/dist-packages/state_estimator_msgs/msg/__init__.py'...\n"}
[1.805902] (state_estimator_msgs) StdoutLine: {'line': b"Compiling '/root/muse_ws/muse_ros2/muse_ws/install/state_estimator_msgs/local/lib/python3.10/dist-packages/state_estimator_msgs/msg/_attitude.py'...\n"}
[1.805975] (state_estimator_msgs) StdoutLine: {'line': b"Compiling '/root/muse_ws/muse_ros2/muse_ws/install/state_estimator_msgs/local/lib/python3.10/dist-packages/state_estimator_msgs/msg/_contact_detection.py'...\n"}
[1.806116] (state_estimator_msgs) StdoutLine: {'line': b"Compiling '/root/muse_ws/muse_ros2/muse_ws/install/state_estimator_msgs/local/lib/python3.10/dist-packages/state_estimator_msgs/msg/_joint_state_with_acceleration.py'...\n"}
[1.806208] (state_estimator_msgs) StdoutLine: {'line': b"Compiling '/root/muse_ws/muse_ros2/muse_ws/install/state_estimator_msgs/local/lib/python3.10/dist-packages/state_estimator_msgs/msg/_leg_odometry.py'...\n"}
[1.806375] (state_estimator_msgs) StdoutLine: {'line': b"Compiling '/root/muse_ws/muse_ros2/muse_ws/install/state_estimator_msgs/local/lib/python3.10/dist-packages/state_estimator_msgs/msg/_sensor_fusion.py'...\n"}
[1.806474] (state_estimator_msgs) StdoutLine: {'line': b"Listing '/root/muse_ws/muse_ros2/muse_ws/install/state_estimator_msgs/local/lib/python3.10/dist-packages/state_estimator_msgs/srv'...\n"}
[1.806554] (state_estimator_msgs) StdoutLine: {'line': b"Compiling '/root/muse_ws/muse_ros2/muse_ws/install/state_estimator_msgs/local/lib/python3.10/dist-packages/state_estimator_msgs/srv/__init__.py'...\n"}
[1.806623] (state_estimator_msgs) StdoutLine: {'line': b"Compiling '/root/muse_ws/muse_ros2/muse_ws/install/state_estimator_msgs/local/lib/python3.10/dist-packages/state_estimator_msgs/srv/_get_active_estimators.py'...\n"}
[1.806703] (state_estimator_msgs) StdoutLine: {'line': b"Compiling '/root/muse_ws/muse_ros2/muse_ws/install/state_estimator_msgs/local/lib/python3.10/dist-packages/state_estimator_msgs/srv/_get_blacklist.py'...\n"}
[1.806832] (-) TimerEvent: {}
[1.807075] (state_estimator_msgs) StdoutLine: {'line': b"Compiling '/root/muse_ws/muse_ros2/muse_ws/install/state_estimator_msgs/local/lib/python3.10/dist-packages/state_estimator_msgs/srv/_get_estimator_description.py'...\n"}
[1.807223] (state_estimator_msgs) StdoutLine: {'line': b"Compiling '/root/muse_ws/muse_ros2/muse_ws/install/state_estimator_msgs/local/lib/python3.10/dist-packages/state_estimator_msgs/srv/_get_whitelist.py'...\n"}
[1.807333] (state_estimator_msgs) StdoutLine: {'line': b"Compiling '/root/muse_ws/muse_ros2/muse_ws/install/state_estimator_msgs/local/lib/python3.10/dist-packages/state_estimator_msgs/srv/_list_all_estimators.py'...\n"}
[1.807438] (state_estimator_msgs) StdoutLine: {'line': b"Compiling '/root/muse_ws/muse_ros2/muse_ws/install/state_estimator_msgs/local/lib/python3.10/dist-packages/state_estimator_msgs/srv/_pause_estimator.py'...\n"}
[1.807531] (state_estimator_msgs) StdoutLine: {'line': b"Compiling '/root/muse_ws/muse_ros2/muse_ws/install/state_estimator_msgs/local/lib/python3.10/dist-packages/state_estimator_msgs/srv/_reset_estimator.py'...\n"}
[1.807620] (state_estimator_msgs) StdoutLine: {'line': b"Compiling '/root/muse_ws/muse_ros2/muse_ws/install/state_estimator_msgs/local/lib/python3.10/dist-packages/state_estimator_msgs/srv/_restart_estimator.py'...\n"}
[1.807689] (state_estimator_msgs) StdoutLine: {'line': b"Compiling '/root/muse_ws/muse_ros2/muse_ws/install/state_estimator_msgs/local/lib/python3.10/dist-packages/state_estimator_msgs/srv/_resume_estimator.py'...\n"}
[1.807750] (state_estimator_msgs) StdoutLine: {'line': b"Compiling '/root/muse_ws/muse_ros2/muse_ws/install/state_estimator_msgs/local/lib/python3.10/dist-packages/state_estimator_msgs/srv/_start_estimator.py'...\n"}
[1.807820] (state_estimator_msgs) StdoutLine: {'line': b"Compiling '/root/muse_ws/muse_ros2/muse_ws/install/state_estimator_msgs/local/lib/python3.10/dist-packages/state_estimator_msgs/srv/_stop_estimator.py'...\n"}
[1.810759] (state_estimator_msgs) StdoutLine: {'line': b'-- Installing: /root/muse_ws/muse_ros2/muse_ws/install/state_estimator_msgs/local/lib/python3.10/dist-packages/state_estimator_msgs/state_estimator_msgs_s__rosidl_typesupport_fastrtps_c.cpython-310-x86_64-linux-gnu.so\n'}
[1.811548] (state_estimator_msgs) StdoutLine: {'line': b'-- Set runtime path of "/root/muse_ws/muse_ros2/muse_ws/install/state_estimator_msgs/local/lib/python3.10/dist-packages/state_estimator_msgs/state_estimator_msgs_s__rosidl_typesupport_fastrtps_c.cpython-310-x86_64-linux-gnu.so" to ""\n'}
[1.812037] (state_estimator_msgs) StdoutLine: {'line': b'-- Installing: /root/muse_ws/muse_ros2/muse_ws/install/state_estimator_msgs/local/lib/python3.10/dist-packages/state_estimator_msgs/state_estimator_msgs_s__rosidl_typesupport_introspection_c.cpython-310-x86_64-linux-gnu.so\n'}
[1.813107] (state_estimator_msgs) StdoutLine: {'line': b'-- Set runtime path of "/root/muse_ws/muse_ros2/muse_ws/install/state_estimator_msgs/local/lib/python3.10/dist-packages/state_estimator_msgs/state_estimator_msgs_s__rosidl_typesupport_introspection_c.cpython-310-x86_64-linux-gnu.so" to ""\n'}
[1.813650] (state_estimator_msgs) StdoutLine: {'line': b'-- Installing: /root/muse_ws/muse_ros2/muse_ws/install/state_estimator_msgs/local/lib/python3.10/dist-packages/state_estimator_msgs/state_estimator_msgs_s__rosidl_typesupport_c.cpython-310-x86_64-linux-gnu.so\n'}
[1.814728] (state_estimator_msgs) StdoutLine: {'line': b'-- Set runtime path of "/root/muse_ws/muse_ros2/muse_ws/install/state_estimator_msgs/local/lib/python3.10/dist-packages/state_estimator_msgs/state_estimator_msgs_s__rosidl_typesupport_c.cpython-310-x86_64-linux-gnu.so" to ""\n'}
[1.815377] (state_estimator_msgs) StdoutLine: {'line': b'-- Installing: /root/muse_ws/muse_ros2/muse_ws/install/state_estimator_msgs/lib/libstate_estimator_msgs__rosidl_generator_py.so\n'}
[1.816377] (state_estimator_msgs) StdoutLine: {'line': b'-- Set runtime path of "/root/muse_ws/muse_ros2/muse_ws/install/state_estimator_msgs/lib/libstate_estimator_msgs__rosidl_generator_py.so" to ""\n'}
[1.817668] (state_estimator_msgs) StdoutLine: {'line': b'-- Installing: /root/muse_ws/muse_ros2/muse_ws/install/state_estimator_msgs/share/state_estimator_msgs/msg/Attitude.idl\n'}
[1.818001] (state_estimator_msgs) StdoutLine: {'line': b'-- Installing: /root/muse_ws/muse_ros2/muse_ws/install/state_estimator_msgs/share/state_estimator_msgs/msg/ContactDetection.idl\n'}
[1.818373] (state_estimator_msgs) StdoutLine: {'line': b'-- Installing: /root/muse_ws/muse_ros2/muse_ws/install/state_estimator_msgs/share/state_estimator_msgs/msg/LegOdometry.idl\n'}
[1.818809] (state_estimator_msgs) StdoutLine: {'line': b'-- Installing: /root/muse_ws/muse_ros2/muse_ws/install/state_estimator_msgs/share/state_estimator_msgs/msg/SensorFusion.idl\n'}
[1.819135] (state_estimator_msgs) StdoutLine: {'line': b'-- Installing: /root/muse_ws/muse_ros2/muse_ws/install/state_estimator_msgs/share/state_estimator_msgs/msg/JointStateWithAcceleration.idl\n'}
[1.820698] (state_estimator_msgs) StdoutLine: {'line': b'-- Installing: /root/muse_ws/muse_ros2/muse_ws/install/state_estimator_msgs/share/state_estimator_msgs/srv/GetActiveEstimators.idl\n'}
[1.821082] (state_estimator_msgs) StdoutLine: {'line': b'-- Installing: /root/muse_ws/muse_ros2/muse_ws/install/state_estimator_msgs/share/state_estimator_msgs/srv/GetBlacklist.idl\n'}
[1.821414] (state_estimator_msgs) StdoutLine: {'line': b'-- Installing: /root/muse_ws/muse_ros2/muse_ws/install/state_estimator_msgs/share/state_estimator_msgs/srv/GetEstimatorDescription.idl\n'}
[1.825248] (state_estimator_msgs) StdoutLine: {'line': b'-- Installing: /root/muse_ws/muse_ros2/muse_ws/install/state_estimator_msgs/share/state_estimator_msgs/srv/GetWhitelist.idl\n'}
[1.825722] (state_estimator_msgs) StdoutLine: {'line': b'-- Installing: /root/muse_ws/muse_ros2/muse_ws/install/state_estimator_msgs/share/state_estimator_msgs/srv/ListAllEstimators.idl\n'}
[1.825836] (state_estimator_msgs) StdoutLine: {'line': b'-- Installing: /root/muse_ws/muse_ros2/muse_ws/install/state_estimator_msgs/share/state_estimator_msgs/srv/PauseEstimator.idl\n'}
[1.825923] (state_estimator_msgs) StdoutLine: {'line': b'-- Installing: /root/muse_ws/muse_ros2/muse_ws/install/state_estimator_msgs/share/state_estimator_msgs/srv/ResetEstimator.idl\n'}
[1.826153] (state_estimator_msgs) StdoutLine: {'line': b'-- Installing: /root/muse_ws/muse_ros2/muse_ws/install/state_estimator_msgs/share/state_estimator_msgs/srv/RestartEstimator.idl\n'}
[1.827146] (state_estimator_msgs) StdoutLine: {'line': b'-- Installing: /root/muse_ws/muse_ros2/muse_ws/install/state_estimator_msgs/share/state_estimator_msgs/srv/ResumeEstimator.idl\n'}
[1.827310] (state_estimator_msgs) StdoutLine: {'line': b'-- Installing: /root/muse_ws/muse_ros2/muse_ws/install/state_estimator_msgs/share/state_estimator_msgs/srv/StartEstimator.idl\n'}
[1.827758] (state_estimator_msgs) StdoutLine: {'line': b'-- Installing: /root/muse_ws/muse_ros2/muse_ws/install/state_estimator_msgs/share/state_estimator_msgs/srv/StopEstimator.idl\n'}
[1.828120] (state_estimator_msgs) StdoutLine: {'line': b'-- Installing: /root/muse_ws/muse_ros2/muse_ws/install/state_estimator_msgs/share/state_estimator_msgs/msg/Attitude.msg\n'}
[1.828855] (state_estimator_msgs) StdoutLine: {'line': b'-- Installing: /root/muse_ws/muse_ros2/muse_ws/install/state_estimator_msgs/share/state_estimator_msgs/msg/ContactDetection.msg\n'}
[1.829775] (state_estimator_msgs) StdoutLine: {'line': b'-- Installing: /root/muse_ws/muse_ros2/muse_ws/install/state_estimator_msgs/share/state_estimator_msgs/msg/LegOdometry.msg\n'}
[1.832751] (state_estimator_msgs) StdoutLine: {'line': b'-- Installing: /root/muse_ws/muse_ros2/muse_ws/install/state_estimator_msgs/share/state_estimator_msgs/msg/SensorFusion.msg\n'}
[1.833521] (state_estimator_msgs) StdoutLine: {'line': b'-- Installing: /root/muse_ws/muse_ros2/muse_ws/install/state_estimator_msgs/share/state_estimator_msgs/msg/JointStateWithAcceleration.msg\n'}
[1.834101] (state_estimator_msgs) StdoutLine: {'line': b'-- Installing: /root/muse_ws/muse_ros2/muse_ws/install/state_estimator_msgs/share/state_estimator_msgs/srv/GetActiveEstimators.srv\n'}
[1.834263] (state_estimator_msgs) StdoutLine: {'line': b'-- Installing: /root/muse_ws/muse_ros2/muse_ws/install/state_estimator_msgs/share/state_estimator_msgs/srv/GetActiveEstimators_Request.msg\n'}
[1.834373] (state_estimator_msgs) StdoutLine: {'line': b'-- Installing: /root/muse_ws/muse_ros2/muse_ws/install/state_estimator_msgs/share/state_estimator_msgs/srv/GetActiveEstimators_Response.msg\n'}
[1.842890] (state_estimator_msgs) StdoutLine: {'line': b'-- Installing: /root/muse_ws/muse_ros2/muse_ws/install/state_estimator_msgs/share/state_estimator_msgs/srv/GetBlacklist.srv\n'}
[1.843446] (state_estimator_msgs) StdoutLine: {'line': b'-- Installing: /root/muse_ws/muse_ros2/muse_ws/install/state_estimator_msgs/share/state_estimator_msgs/srv/GetBlacklist_Request.msg\n'}
[1.843703] (state_estimator_msgs) StdoutLine: {'line': b'-- Installing: /root/muse_ws/muse_ros2/muse_ws/install/state_estimator_msgs/share/state_estimator_msgs/srv/GetBlacklist_Response.msg\n'}
[1.843795] (state_estimator_msgs) StdoutLine: {'line': b'-- Installing: /root/muse_ws/muse_ros2/muse_ws/install/state_estimator_msgs/share/state_estimator_msgs/srv/GetEstimatorDescription.srv\n'}
[1.843989] (state_estimator_msgs) StdoutLine: {'line': b'-- Installing: /root/muse_ws/muse_ros2/muse_ws/install/state_estimator_msgs/share/state_estimator_msgs/srv/GetEstimatorDescription_Request.msg\n'}
[1.844107] (state_estimator_msgs) StdoutLine: {'line': b'-- Installing: /root/muse_ws/muse_ros2/muse_ws/install/state_estimator_msgs/share/state_estimator_msgs/srv/GetEstimatorDescription_Response.msg\n'}
[1.844197] (state_estimator_msgs) StdoutLine: {'line': b'-- Installing: /root/muse_ws/muse_ros2/muse_ws/install/state_estimator_msgs/share/state_estimator_msgs/srv/GetWhitelist.srv\n'}
[1.844306] (state_estimator_msgs) StdoutLine: {'line': b'-- Installing: /root/muse_ws/muse_ros2/muse_ws/install/state_estimator_msgs/share/state_estimator_msgs/srv/GetWhitelist_Request.msg\n'}
[1.844383] (state_estimator_msgs) StdoutLine: {'line': b'-- Installing: /root/muse_ws/muse_ros2/muse_ws/install/state_estimator_msgs/share/state_estimator_msgs/srv/GetWhitelist_Response.msg\n'}
[1.844458] (state_estimator_msgs) StdoutLine: {'line': b'-- Installing: /root/muse_ws/muse_ros2/muse_ws/install/state_estimator_msgs/share/state_estimator_msgs/srv/ListAllEstimators.srv\n'}
[1.844531] (state_estimator_msgs) StdoutLine: {'line': b'-- Installing: /root/muse_ws/muse_ros2/muse_ws/install/state_estimator_msgs/share/state_estimator_msgs/srv/ListAllEstimators_Request.msg\n'}
[1.844605] (state_estimator_msgs) StdoutLine: {'line': b'-- Installing: /root/muse_ws/muse_ros2/muse_ws/install/state_estimator_msgs/share/state_estimator_msgs/srv/ListAllEstimators_Response.msg\n'}
[1.844797] (state_estimator_msgs) StdoutLine: {'line': b'-- Installing: /root/muse_ws/muse_ros2/muse_ws/install/state_estimator_msgs/share/state_estimator_msgs/srv/PauseEstimator.srv\n'}
[1.844928] (state_estimator_msgs) StdoutLine: {'line': b'-- Installing: /root/muse_ws/muse_ros2/muse_ws/install/state_estimator_msgs/share/state_estimator_msgs/srv/PauseEstimator_Request.msg\n'}
[1.845020] (state_estimator_msgs) StdoutLine: {'line': b'-- Installing: /root/muse_ws/muse_ros2/muse_ws/install/state_estimator_msgs/share/state_estimator_msgs/srv/PauseEstimator_Response.msg\n'}
[1.845133] (state_estimator_msgs) StdoutLine: {'line': b'-- Installing: /root/muse_ws/muse_ros2/muse_ws/install/state_estimator_msgs/share/state_estimator_msgs/srv/ResetEstimator.srv\n'}
[1.845287] (state_estimator_msgs) StdoutLine: {'line': b'-- Installing: /root/muse_ws/muse_ros2/muse_ws/install/state_estimator_msgs/share/state_estimator_msgs/srv/ResetEstimator_Request.msg\n'}
[1.845480] (state_estimator_msgs) StdoutLine: {'line': b'-- Installing: /root/muse_ws/muse_ros2/muse_ws/install/state_estimator_msgs/share/state_estimator_msgs/srv/ResetEstimator_Response.msg\n'}
[1.845600] (state_estimator_msgs) StdoutLine: {'line': b'-- Installing: /root/muse_ws/muse_ros2/muse_ws/install/state_estimator_msgs/share/state_estimator_msgs/srv/RestartEstimator.srv\n'}
[1.845795] (state_estimator_msgs) StdoutLine: {'line': b'-- Installing: /root/muse_ws/muse_ros2/muse_ws/install/state_estimator_msgs/share/state_estimator_msgs/srv/RestartEstimator_Request.msg\n'}
[1.845971] (state_estimator_msgs) StdoutLine: {'line': b'-- Installing: /root/muse_ws/muse_ros2/muse_ws/install/state_estimator_msgs/share/state_estimator_msgs/srv/RestartEstimator_Response.msg\n'}
[1.846146] (state_estimator_msgs) StdoutLine: {'line': b'-- Installing: /root/muse_ws/muse_ros2/muse_ws/install/state_estimator_msgs/share/state_estimator_msgs/srv/ResumeEstimator.srv\n'}
[1.846314] (state_estimator_msgs) StdoutLine: {'line': b'-- Installing: /root/muse_ws/muse_ros2/muse_ws/install/state_estimator_msgs/share/state_estimator_msgs/srv/ResumeEstimator_Request.msg\n'}
[1.846499] (state_estimator_msgs) StdoutLine: {'line': b'-- Installing: /root/muse_ws/muse_ros2/muse_ws/install/state_estimator_msgs/share/state_estimator_msgs/srv/ResumeEstimator_Response.msg\n'}
[1.846666] (state_estimator_msgs) StdoutLine: {'line': b'-- Installing: /root/muse_ws/muse_ros2/muse_ws/install/state_estimator_msgs/share/state_estimator_msgs/srv/StartEstimator.srv\n'}
[1.846844] (state_estimator_msgs) StdoutLine: {'line': b'-- Installing: /root/muse_ws/muse_ros2/muse_ws/install/state_estimator_msgs/share/state_estimator_msgs/srv/StartEstimator_Request.msg\n'}
[1.847218] (state_estimator_msgs) StdoutLine: {'line': b'-- Installing: /root/muse_ws/muse_ros2/muse_ws/install/state_estimator_msgs/share/state_estimator_msgs/srv/StartEstimator_Response.msg\n'}
[1.847328] (state_estimator_msgs) StdoutLine: {'line': b'-- Installing: /root/muse_ws/muse_ros2/muse_ws/install/state_estimator_msgs/share/state_estimator_msgs/srv/StopEstimator.srv\n'}
[1.847446] (state_estimator_msgs) StdoutLine: {'line': b'-- Installing: /root/muse_ws/muse_ros2/muse_ws/install/state_estimator_msgs/share/state_estimator_msgs/srv/StopEstimator_Request.msg\n'}
[1.847613] (state_estimator_msgs) StdoutLine: {'line': b'-- Installing: /root/muse_ws/muse_ros2/muse_ws/install/state_estimator_msgs/share/state_estimator_msgs/srv/StopEstimator_Response.msg\n'}
[1.849052] (state_estimator_msgs) StdoutLine: {'line': b'-- Installing: /root/muse_ws/muse_ros2/muse_ws/install/state_estimator_msgs/share/ament_index/resource_index/package_run_dependencies/state_estimator_msgs\n'}
[1.857509] (state_estimator_msgs) StdoutLine: {'line': b'-- Installing: /root/muse_ws/muse_ros2/muse_ws/install/state_estimator_msgs/share/ament_index/resource_index/parent_prefix_path/state_estimator_msgs\n'}
[1.857816] (state_estimator_msgs) StdoutLine: {'line': b'-- Installing: /root/muse_ws/muse_ros2/muse_ws/install/state_estimator_msgs/share/state_estimator_msgs/environment/ament_prefix_path.sh\n'}
[1.857910] (state_estimator_msgs) StdoutLine: {'line': b'-- Installing: /root/muse_ws/muse_ros2/muse_ws/install/state_estimator_msgs/share/state_estimator_msgs/environment/ament_prefix_path.dsv\n'}
[1.858091] (state_estimator_msgs) StdoutLine: {'line': b'-- Installing: /root/muse_ws/muse_ros2/muse_ws/install/state_estimator_msgs/share/state_estimator_msgs/environment/path.sh\n'}
[1.858214] (state_estimator_msgs) StdoutLine: {'line': b'-- Installing: /root/muse_ws/muse_ros2/muse_ws/install/state_estimator_msgs/share/state_estimator_msgs/environment/path.dsv\n'}
[1.858294] (state_estimator_msgs) StdoutLine: {'line': b'-- Installing: /root/muse_ws/muse_ros2/muse_ws/install/state_estimator_msgs/share/state_estimator_msgs/local_setup.bash\n'}
[1.858374] (state_estimator_msgs) StdoutLine: {'line': b'-- Installing: /root/muse_ws/muse_ros2/muse_ws/install/state_estimator_msgs/share/state_estimator_msgs/local_setup.sh\n'}
[1.858458] (state_estimator_msgs) StdoutLine: {'line': b'-- Installing: /root/muse_ws/muse_ros2/muse_ws/install/state_estimator_msgs/share/state_estimator_msgs/local_setup.zsh\n'}
[1.860588] (state_estimator_msgs) StdoutLine: {'line': b'-- Installing: /root/muse_ws/muse_ros2/muse_ws/install/state_estimator_msgs/share/state_estimator_msgs/local_setup.dsv\n'}
[1.863359] (state_estimator_msgs) StdoutLine: {'line': b'-- Installing: /root/muse_ws/muse_ros2/muse_ws/install/state_estimator_msgs/share/state_estimator_msgs/package.dsv\n'}
[1.863483] (state_estimator_msgs) StdoutLine: {'line': b'-- Installing: /root/muse_ws/muse_ros2/muse_ws/install/state_estimator_msgs/share/ament_index/resource_index/packages/state_estimator_msgs\n'}
[1.863600] (state_estimator_msgs) StdoutLine: {'line': b'-- Installing: /root/muse_ws/muse_ros2/muse_ws/install/state_estimator_msgs/share/state_estimator_msgs/cmake/export_state_estimator_msgs__rosidl_generator_cExport.cmake\n'}
[1.872942] (state_estimator_msgs) StdoutLine: {'line': b'-- Installing: /root/muse_ws/muse_ros2/muse_ws/install/state_estimator_msgs/share/state_estimator_msgs/cmake/export_state_estimator_msgs__rosidl_generator_cExport-noconfig.cmake\n'}
[1.873081] (state_estimator_msgs) StdoutLine: {'line': b'-- Installing: /root/muse_ws/muse_ros2/muse_ws/install/state_estimator_msgs/share/state_estimator_msgs/cmake/export_state_estimator_msgs__rosidl_typesupport_fastrtps_cExport.cmake\n'}
[1.873162] (state_estimator_msgs) StdoutLine: {'line': b'-- Installing: /root/muse_ws/muse_ros2/muse_ws/install/state_estimator_msgs/share/state_estimator_msgs/cmake/export_state_estimator_msgs__rosidl_typesupport_fastrtps_cExport-noconfig.cmake\n'}
[1.873237] (state_estimator_msgs) StdoutLine: {'line': b'-- Installing: /root/muse_ws/muse_ros2/muse_ws/install/state_estimator_msgs/share/state_estimator_msgs/cmake/export_state_estimator_msgs__rosidl_generator_cppExport.cmake\n'}
[1.873309] (state_estimator_msgs) StdoutLine: {'line': b'-- Installing: /root/muse_ws/muse_ros2/muse_ws/install/state_estimator_msgs/share/state_estimator_msgs/cmake/export_state_estimator_msgs__rosidl_typesupport_fastrtps_cppExport.cmake\n'}
[1.873382] (state_estimator_msgs) StdoutLine: {'line': b'-- Installing: /root/muse_ws/muse_ros2/muse_ws/install/state_estimator_msgs/share/state_estimator_msgs/cmake/export_state_estimator_msgs__rosidl_typesupport_fastrtps_cppExport-noconfig.cmake\n'}
[1.873482] (state_estimator_msgs) StdoutLine: {'line': b'-- Installing: /root/muse_ws/muse_ros2/muse_ws/install/state_estimator_msgs/share/state_estimator_msgs/cmake/state_estimator_msgs__rosidl_typesupport_introspection_cExport.cmake\n'}
[1.873583] (state_estimator_msgs) StdoutLine: {'line': b'-- Installing: /root/muse_ws/muse_ros2/muse_ws/install/state_estimator_msgs/share/state_estimator_msgs/cmake/state_estimator_msgs__rosidl_typesupport_introspection_cExport-noconfig.cmake\n'}
[1.873705] (state_estimator_msgs) StdoutLine: {'line': b'-- Installing: /root/muse_ws/muse_ros2/muse_ws/install/state_estimator_msgs/share/state_estimator_msgs/cmake/state_estimator_msgs__rosidl_typesupport_cExport.cmake\n'}
[1.874889] (state_estimator_msgs) StdoutLine: {'line': b'-- Installing: /root/muse_ws/muse_ros2/muse_ws/install/state_estimator_msgs/share/state_estimator_msgs/cmake/state_estimator_msgs__rosidl_typesupport_cExport-noconfig.cmake\n'}
[1.875085] (state_estimator_msgs) StdoutLine: {'line': b'-- Installing: /root/muse_ws/muse_ros2/muse_ws/install/state_estimator_msgs/share/state_estimator_msgs/cmake/state_estimator_msgs__rosidl_typesupport_introspection_cppExport.cmake\n'}
[1.875253] (state_estimator_msgs) StdoutLine: {'line': b'-- Installing: /root/muse_ws/muse_ros2/muse_ws/install/state_estimator_msgs/share/state_estimator_msgs/cmake/state_estimator_msgs__rosidl_typesupport_introspection_cppExport-noconfig.cmake\n'}
[1.875374] (state_estimator_msgs) StdoutLine: {'line': b'-- Installing: /root/muse_ws/muse_ros2/muse_ws/install/state_estimator_msgs/share/state_estimator_msgs/cmake/state_estimator_msgs__rosidl_typesupport_cppExport.cmake\n'}
[1.875473] (state_estimator_msgs) StdoutLine: {'line': b'-- Installing: /root/muse_ws/muse_ros2/muse_ws/install/state_estimator_msgs/share/state_estimator_msgs/cmake/state_estimator_msgs__rosidl_typesupport_cppExport-noconfig.cmake\n'}
[1.876731] (state_estimator_msgs) StdoutLine: {'line': b'-- Installing: /root/muse_ws/muse_ros2/muse_ws/install/state_estimator_msgs/share/state_estimator_msgs/cmake/export_state_estimator_msgs__rosidl_generator_pyExport.cmake\n'}
[1.876981] (state_estimator_msgs) StdoutLine: {'line': b'-- Installing: /root/muse_ws/muse_ros2/muse_ws/install/state_estimator_msgs/share/state_estimator_msgs/cmake/export_state_estimator_msgs__rosidl_generator_pyExport-noconfig.cmake\n'}
[1.877087] (state_estimator_msgs) StdoutLine: {'line': b'-- Installing: /root/muse_ws/muse_ros2/muse_ws/install/state_estimator_msgs/share/state_estimator_msgs/cmake/rosidl_cmake-extras.cmake\n'}
[1.880562] (state_estimator_msgs) StdoutLine: {'line': b'-- Installing: /root/muse_ws/muse_ros2/muse_ws/install/state_estimator_msgs/share/state_estimator_msgs/cmake/ament_cmake_export_dependencies-extras.cmake\n'}
[1.880844] (state_estimator_msgs) StdoutLine: {'line': b'-- Installing: /root/muse_ws/muse_ros2/muse_ws/install/state_estimator_msgs/share/state_estimator_msgs/cmake/ament_cmake_export_include_directories-extras.cmake\n'}
[1.880986] (state_estimator_msgs) StdoutLine: {'line': b'-- Installing: /root/muse_ws/muse_ros2/muse_ws/install/state_estimator_msgs/share/state_estimator_msgs/cmake/ament_cmake_export_libraries-extras.cmake\n'}
[1.881134] (state_estimator_msgs) StdoutLine: {'line': b'-- Installing: /root/muse_ws/muse_ros2/muse_ws/install/state_estimator_msgs/share/state_estimator_msgs/cmake/ament_cmake_export_targets-extras.cmake\n'}
[1.881223] (state_estimator_msgs) StdoutLine: {'line': b'-- Installing: /root/muse_ws/muse_ros2/muse_ws/install/state_estimator_msgs/share/state_estimator_msgs/cmake/rosidl_cmake_export_typesupport_targets-extras.cmake\n'}
[1.881295] (state_estimator_msgs) StdoutLine: {'line': b'-- Installing: /root/muse_ws/muse_ros2/muse_ws/install/state_estimator_msgs/share/state_estimator_msgs/cmake/rosidl_cmake_export_typesupport_libraries-extras.cmake\n'}
[1.881365] (state_estimator_msgs) StdoutLine: {'line': b'-- Installing: /root/muse_ws/muse_ros2/muse_ws/install/state_estimator_msgs/share/state_estimator_msgs/cmake/state_estimator_msgsConfig.cmake\n'}
[1.881447] (state_estimator_msgs) StdoutLine: {'line': b'-- Installing: /root/muse_ws/muse_ros2/muse_ws/install/state_estimator_msgs/share/state_estimator_msgs/cmake/state_estimator_msgsConfig-version.cmake\n'}
[1.881527] (state_estimator_msgs) StdoutLine: {'line': b'-- Installing: /root/muse_ws/muse_ros2/muse_ws/install/state_estimator_msgs/share/state_estimator_msgs/package.xml\n'}
[1.889164] (state_estimator_msgs) CommandEnded: {'returncode': 0}
[1.912680] (-) TimerEvent: {}
[1.941962] (state_estimator_msgs) JobEnded: {'identifier': 'state_estimator_msgs', 'rc': 0}
[1.943966] (state_estimator) JobStarted: {'identifier': 'state_estimator'}
[1.985169] (state_estimator) JobProgress: {'identifier': 'state_estimator', 'progress': 'cmake'}
[1.991395] (state_estimator) Command: {'cmd': ['/usr/bin/cmake', '/root/muse_ws/muse_ros2/muse_ws/src/state_estimator', '-DCMAKE_INSTALL_PREFIX=/root/muse_ws/muse_ros2/muse_ws/install/state_estimator'], 'cwd': '/root/muse_ws/muse_ros2/muse_ws/build/state_estimator', 'env': OrderedDict([('LESSOPEN', '| /usr/bin/lesspipe %s'), ('HOSTNAME', '0fa4e54b97e2'), ('SHLVL', '1'), ('LIBGL_ALWAYS_SOFTWARE', '1'), ('LD_LIBRARY_PATH', '/root/muse_ws/muse_ros2/muse_ws/install/state_estimator_msgs/lib:/home/dev_ws/colcon_ws/install/kiss_icp/lib:/opt/ros/humble/opt/rviz_ogre_vendor/lib:/opt/ros/humble/lib/x86_64-linux-gnu:/opt/ros/humble/lib'), ('HOME', '/root'), ('OLDPWD', '/root/muse_ws/muse_ros2'), ('ROS_PYTHON_VERSION', '3'), ('COLCON_PREFIX_PATH', '/home/dev_ws/colcon_ws/install'), ('ROS_DISTRO', 'humble'), ('_', '/usr/bin/colcon'), ('ROS_VERSION', '2'), ('TERM', 'xterm'), ('ROS_LOCALHOST_ONLY', '0'), ('PATH', '/opt/ros/humble/bin:/usr/local/sbin:/usr/local/bin:/usr/sbin:/usr/bin:/sbin:/bin'), ('XDG_RUNTIME_DIR', '/tmp/runtime-root'), ('LANG', 'C.UTF-8'), ('LS_COLORS', 'rs=0:di=01;34:ln=01;36:mh=00:pi=40;33:so=01;35:do=01;35:bd=40;33;01:cd=40;33;01:or=40;31;01:mi=00:su=37;41:sg=30;43:ca=30;41:tw=30;42:ow=34;42:st=37;44:ex=01;32:*.tar=01;31:*.tgz=01;31:*.arc=01;31:*.arj=01;31:*.taz=01;31:*.lha=01;31:*.lz4=01;31:*.lzh=01;31:*.lzma=01;31:*.tlz=01;31:*.txz=01;31:*.tzo=01;31:*.t7z=01;31:*.zip=01;31:*.z=01;31:*.dz=01;31:*.gz=01;31:*.lrz=01;31:*.lz=01;31:*.lzo=01;31:*.xz=01;31:*.zst=01;31:*.tzst=01;31:*.bz2=01;31:*.bz=01;31:*.tbz=01;31:*.tbz2=01;31:*.tz=01;31:*.deb=01;31:*.rpm=01;31:*.jar=01;31:*.war=01;31:*.ear=01;31:*.sar=01;31:*.rar=01;31:*.alz=01;31:*.ace=01;31:*.zoo=01;31:*.cpio=01;31:*.7z=01;31:*.rz=01;31:*.cab=01;31:*.wim=01;31:*.swm=01;31:*.dwm=01;31:*.esd=01;31:*.jpg=01;35:*.jpeg=01;35:*.mjpg=01;35:*.mjpeg=01;35:*.gif=01;35:*.bmp=01;35:*.pbm=01;35:*.pgm=01;35:*.ppm=01;35:*.tga=01;35:*.xbm=01;35:*.xpm=01;35:*.tif=01;35:*.tiff=01;35:*.png=01;35:*.svg=01;35:*.svgz=01;35:*.mng=01;35:*.pcx=01;35:*.mov=01;35:*.mpg=01;35:*.mpeg=01;35:*.m2v=01;35:*.mkv=01;35:*.webm=01;35:*.webp=01;35:*.ogm=01;35:*.mp4=01;35:*.m4v=01;35:*.mp4v=01;35:*.vob=01;35:*.qt=01;35:*.nuv=01;35:*.wmv=01;35:*.asf=01;35:*.rm=01;35:*.rmvb=01;35:*.flc=01;35:*.avi=01;35:*.fli=01;35:*.flv=01;35:*.gl=01;35:*.dl=01;35:*.xcf=01;35:*.xwd=01;35:*.yuv=01;35:*.cgm=01;35:*.emf=01;35:*.ogv=01;35:*.ogx=01;35:*.aac=00;36:*.au=00;36:*.flac=00;36:*.m4a=00;36:*.mid=00;36:*.midi=00;36:*.mka=00;36:*.mp3=00;36:*.mpc=00;36:*.ogg=00;36:*.ra=00;36:*.wav=00;36:*.oga=00;36:*.opus=00;36:*.spx=00;36:*.xspf=00;36:'), ('AMENT_PREFIX_PATH', '/root/muse_ws/muse_ros2/muse_ws/install/state_estimator_msgs:/home/dev_ws/colcon_ws/install/kiss_icp:/opt/ros/humble'), ('DEBIAN_FRONTEND', 'noninteractive'), ('LESSCLOSE', '/usr/bin/lesspipe %s %s'), ('PWD', '/root/muse_ws/muse_ros2/muse_ws/build/state_estimator'), ('LC_ALL', 'C.UTF-8'), ('PYTHONPATH', '/root/muse_ws/muse_ros2/muse_ws/install/state_estimator_msgs/local/lib/python3.10/dist-packages:/opt/ros/humble/lib/python3.10/site-packages:/opt/ros/humble/local/lib/python3.10/dist-packages'), ('COLCON', '1'), ('CMAKE_PREFIX_PATH', '/root/muse_ws/muse_ros2/muse_ws/install/state_estimator_msgs:/home/dev_ws/colcon_ws/install/kiss_icp:/opt/ros/humble')]), 'shell': False}
[2.012915] (-) TimerEvent: {}
[2.117811] (-) TimerEvent: {}
[2.128170] (state_estimator) StdoutLine: {'line': b'-- The C compiler identification is GNU 11.4.0\n'}
[2.220442] (-) TimerEvent: {}
[2.256325] (state_estimator) StdoutLine: {'line': b'-- The CXX compiler identification is GNU 11.4.0\n'}
[2.279637] (state_estimator) StdoutLine: {'line': b'-- Detecting C compiler ABI info\n'}
[2.322204] (-) TimerEvent: {}
[2.430359] (-) TimerEvent: {}
[2.464689] (state_estimator) StdoutLine: {'line': b'-- Detecting C compiler ABI info - done\n'}
[2.478713] (state_estimator) StdoutLine: {'line': b'-- Check for working C compiler: /usr/bin/cc - skipped\n'}
[2.479394] (state_estimator) StdoutLine: {'line': b'-- Detecting C compile features\n'}
[2.479646] (state_estimator) StdoutLine: {'line': b'-- Detecting C compile features - done\n'}
[2.488877] (state_estimator) StdoutLine: {'line': b'-- Detecting CXX compiler ABI info\n'}
[2.535492] (-) TimerEvent: {}
[2.636279] (-) TimerEvent: {}
[2.652613] (iit_commons) StderrLine: {'line': b'In file included from \x1b[01m\x1b[K/root/muse_ws/muse_ros2/muse_ws/src/iit_commons/include/iit_commons/commons/geometry/rotations.h:5\x1b[m\x1b[K,\n'}
[2.653025] (iit_commons) StderrLine: {'line': b'                 from \x1b[01m\x1b[K/root/muse_ws/muse_ros2/muse_ws/src/iit_commons/include/iit_commons/commons/planning/planning.h:6\x1b[m\x1b[K,\n'}
[2.653118] (iit_commons) StderrLine: {'line': b'                 from \x1b[01m\x1b[K/root/muse_ws/muse_ros2/muse_ws/src/iit_commons/include/iit_commons/commons/control/VirtualModel.hpp:7\x1b[m\x1b[K,\n'}
[2.653191] (iit_commons) StderrLine: {'line': b'                 from \x1b[01m\x1b[K/root/muse_ws/muse_ros2/muse_ws/src/iit_commons/src/control/VirtualModel.cpp:1\x1b[m\x1b[K:\n'}
[2.653259] (iit_commons) StderrLine: {'line': b'\x1b[01m\x1b[K/root/muse_ws/muse_ros2/muse_ws/src/iit_commons/include/iit_commons/commons/geometry/algebra.h:\x1b[m\x1b[K In function \xe2\x80\x98\x1b[01m\x1b[Kvoid iit::commons::computeQR(const MatrixXR&, MatrixXR&, MatrixXR&, const double&)\x1b[m\x1b[K\xe2\x80\x99:\n'}
[2.653341] (iit_commons) StderrLine: {'line': b'\x1b[01m\x1b[K/root/muse_ws/muse_ros2/muse_ws/src/iit_commons/include/iit_commons/commons/geometry/algebra.h:271:37:\x1b[m\x1b[K \x1b[01;35m\x1b[Kwarning: \x1b[m\x1b[Kunused parameter \xe2\x80\x98\x1b[01m\x1b[Ktolerance\x1b[m\x1b[K\xe2\x80\x99 [\x1b[01;35m\x1b[K-Wunused-parameter\x1b[m\x1b[K]\n'}
[2.653410] (iit_commons) StderrLine: {'line': b'  271 |                       \x1b[01;35m\x1b[Kconst double& tolerance\x1b[m\x1b[K)\n'}
[2.653478] (iit_commons) StderrLine: {'line': b'      |                       \x1b[01;35m\x1b[K~~~~~~~~~~~~~~^~~~~~~~~\x1b[m\x1b[K\n'}
[2.692338] (state_estimator) StdoutLine: {'line': b'-- Detecting CXX compiler ABI info - done\n'}
[2.692708] (state_estimator) StdoutLine: {'line': b'-- Check for working CXX compiler: /usr/bin/c++ - skipped\n'}
[2.692833] (state_estimator) StdoutLine: {'line': b'-- Detecting CXX compile features\n'}
[2.692975] (state_estimator) StdoutLine: {'line': b'-- Detecting CXX compile features - done\n'}
[2.693102] (state_estimator) StdoutLine: {'line': b'-- Found ament_cmake: 1.3.12 (/opt/ros/humble/share/ament_cmake/cmake)\n'}
[2.693213] (iit_commons) StderrLine: {'line': b'In file included from \x1b[01m\x1b[K/root/muse_ws/muse_ros2/muse_ws/src/iit_commons/include/iit_commons/commons/planning/planning.h:6\x1b[m\x1b[K,\n'}
[2.693371] (iit_commons) StderrLine: {'line': b'                 from \x1b[01m\x1b[K/root/muse_ws/muse_ros2/muse_ws/src/iit_commons/include/iit_commons/commons/control/VirtualModel.hpp:7\x1b[m\x1b[K,\n'}
[2.693487] (iit_commons) StderrLine: {'line': b'                 from \x1b[01m\x1b[K/root/muse_ws/muse_ros2/muse_ws/src/iit_commons/src/control/VirtualModel.cpp:1\x1b[m\x1b[K:\n'}
[2.693601] (iit_commons) StderrLine: {'line': b'\x1b[01m\x1b[K/root/muse_ws/muse_ros2/muse_ws/src/iit_commons/include/iit_commons/commons/geometry/rotations.h:\x1b[m\x1b[K In function \xe2\x80\x98\x1b[01m\x1b[KEigen::Matrix3d iit::commons::rpyToEar(const Vector3d&)\x1b[m\x1b[K\xe2\x80\x99:\n'}
[2.693685] (iit_commons) StderrLine: {'line': b'\x1b[01m\x1b[K/root/muse_ws/muse_ros2/muse_ws/src/iit_commons/include/iit_commons/commons/geometry/rotations.h:143:12:\x1b[m\x1b[K \x1b[01;35m\x1b[Kwarning: \x1b[m\x1b[Kunused variable \xe2\x80\x98\x1b[01m\x1b[Kyaw\x1b[m\x1b[K\xe2\x80\x99 [\x1b[01;35m\x1b[K-Wunused-variable\x1b[m\x1b[K]\n'}
[2.693744] (iit_commons) StderrLine: {'line': b'  143 |     double \x1b[01;35m\x1b[Kyaw\x1b[m\x1b[K = rpy(2);\n'}
[2.693794] (iit_commons) StderrLine: {'line': b'      |            \x1b[01;35m\x1b[K^~~\x1b[m\x1b[K\n'}
[2.693842] (iit_commons) StderrLine: {'line': b'\x1b[01m\x1b[K/root/muse_ws/muse_ros2/muse_ws/src/iit_commons/include/iit_commons/commons/geometry/rotations.h:\x1b[m\x1b[K In function \xe2\x80\x98\x1b[01m\x1b[KEigen::Matrix3d iit::commons::rpyToEarInv_dot(const Vector3d&, const Vector3d&)\x1b[m\x1b[K\xe2\x80\x99:\n'}
[2.693893] (iit_commons) StderrLine: {'line': b'\x1b[01m\x1b[K/root/muse_ws/muse_ros2/muse_ws/src/iit_commons/include/iit_commons/commons/geometry/rotations.h:163:12:\x1b[m\x1b[K \x1b[01;35m\x1b[Kwarning: \x1b[m\x1b[Kunused variable \xe2\x80\x98\x1b[01m\x1b[Kroll\x1b[m\x1b[K\xe2\x80\x99 [\x1b[01;35m\x1b[K-Wunused-variable\x1b[m\x1b[K]\n'}
[2.693940] (iit_commons) StderrLine: {'line': b'  163 |     double \x1b[01;35m\x1b[Kroll\x1b[m\x1b[K = rpy(0);\n'}
[2.694027] (iit_commons) StderrLine: {'line': b'      |            \x1b[01;35m\x1b[K^~~~\x1b[m\x1b[K\n'}
[2.694084] (iit_commons) StderrLine: {'line': b'\x1b[01m\x1b[K/root/muse_ws/muse_ros2/muse_ws/src/iit_commons/include/iit_commons/commons/geometry/rotations.h:166:12:\x1b[m\x1b[K \x1b[01;35m\x1b[Kwarning: \x1b[m\x1b[Kunused variable \xe2\x80\x98\x1b[01m\x1b[Krolld\x1b[m\x1b[K\xe2\x80\x99 [\x1b[01;35m\x1b[K-Wunused-variable\x1b[m\x1b[K]\n'}
[2.694132] (iit_commons) StderrLine: {'line': b'  166 |     double \x1b[01;35m\x1b[Krolld\x1b[m\x1b[K = rpyd(0);\n'}
[2.694181] (iit_commons) StderrLine: {'line': b'      |            \x1b[01;35m\x1b[K^~~~~\x1b[m\x1b[K\n'}
[2.736902] (-) TimerEvent: {}
[2.837653] (-) TimerEvent: {}
[2.911583] (state_estimator) StdoutLine: {'line': b'-- Found Python3: /usr/bin/python3 (found version "3.10.12") found components: Interpreter \n'}
[2.937803] (-) TimerEvent: {}
[3.038541] (-) TimerEvent: {}
[3.081778] (state_estimator) StdoutLine: {'line': b'-- Found rclcpp: 16.0.15 (/opt/ros/humble/share/rclcpp/cmake)\n'}
[3.138704] (-) TimerEvent: {}
[3.171082] (state_estimator) StdoutLine: {'line': b'-- Found rosidl_generator_c: 3.1.7 (/opt/ros/humble/share/rosidl_generator_c/cmake)\n'}
[3.183764] (state_estimator) StdoutLine: {'line': b'-- Found rosidl_adapter: 3.1.7 (/opt/ros/humble/share/rosidl_adapter/cmake)\n'}
[3.203086] (state_estimator) StdoutLine: {'line': b'-- Found rosidl_generator_cpp: 3.1.7 (/opt/ros/humble/share/rosidl_generator_cpp/cmake)\n'}
[3.228620] (state_estimator) StdoutLine: {'line': b'-- Using all available rosidl_typesupport_c: rosidl_typesupport_fastrtps_c;rosidl_typesupport_introspection_c\n'}
[3.241709] (-) TimerEvent: {}
[3.257459] (state_estimator) StdoutLine: {'line': b'-- Using all available rosidl_typesupport_cpp: rosidl_typesupport_fastrtps_cpp;rosidl_typesupport_introspection_cpp\n'}
[3.341850] (-) TimerEvent: {}
[3.374515] (state_estimator) StdoutLine: {'line': b'-- Found rmw_implementation_cmake: 6.1.2 (/opt/ros/humble/share/rmw_implementation_cmake/cmake)\n'}
[3.382546] (state_estimator) StdoutLine: {'line': b'-- Found rmw_fastrtps_cpp: 6.2.8 (/opt/ros/humble/share/rmw_fastrtps_cpp/cmake)\n'}
[3.442043] (-) TimerEvent: {}
[3.545623] (-) TimerEvent: {}
[3.638215] (state_estimator) StdoutLine: {'line': b'-- Found OpenSSL: /usr/lib/x86_64-linux-gnu/libcrypto.so (found version "3.0.2")  \n'}
[3.647103] (-) TimerEvent: {}
[3.685972] (state_estimator) StdoutLine: {'line': b'-- Found FastRTPS: /opt/ros/humble/include  \n'}
[3.747261] (-) TimerEvent: {}
[3.750510] (state_estimator) StdoutLine: {'line': b"-- Using RMW implementation 'rmw_fastrtps_cpp' as default\n"}
[3.779394] (state_estimator) StdoutLine: {'line': b'-- Looking for pthread.h\n'}
[3.848527] (-) TimerEvent: {}
[3.946370] (iit_commons) StderrLine: {'line': b'In file included from \x1b[01m\x1b[K/root/muse_ws/muse_ros2/muse_ws/src/iit_commons/include/iit_commons/commons/control/VirtualModel.hpp:7\x1b[m\x1b[K,\n'}
[3.946719] (iit_commons) StderrLine: {'line': b'                 from \x1b[01m\x1b[K/root/muse_ws/muse_ros2/muse_ws/src/iit_commons/src/control/VirtualModel.cpp:1\x1b[m\x1b[K:\n'}
[3.946814] (iit_commons) StderrLine: {'line': b'\x1b[01m\x1b[K/root/muse_ws/muse_ros2/muse_ws/src/iit_commons/include/iit_commons/commons/planning/planning.h:\x1b[m\x1b[K In function \xe2\x80\x98\x1b[01m\x1b[Kvoid iit::planning::ClockwiseSort(std::vector<Eigen::Matrix<double, 3, 1> >&)\x1b[m\x1b[K\xe2\x80\x99:\n'}
[3.946926] (iit_commons) StderrLine: {'line': b'\x1b[01m\x1b[K/root/muse_ws/muse_ros2/muse_ws/src/iit_commons/include/iit_commons/commons/planning/planning.h:162:23:\x1b[m\x1b[K \x1b[01;35m\x1b[Kwarning: \x1b[m\x1b[Kcomparison of integer expressions of different signedness: \xe2\x80\x98\x1b[01m\x1b[Kint\x1b[m\x1b[K\xe2\x80\x99 and \xe2\x80\x98\x1b[01m\x1b[Kstd::vector<Eigen::Matrix<double, 3, 1> >::size_type\x1b[m\x1b[K\xe2\x80\x99 {aka \xe2\x80\x98\x1b[01m\x1b[Klong unsigned int\x1b[m\x1b[K\xe2\x80\x99} [\x1b[01;35m\x1b[K-Wsign-compare\x1b[m\x1b[K]\n'}
[3.947201] (iit_commons) StderrLine: {'line': b'  162 |     for (int i = 1; \x1b[01;35m\x1b[Ki < p.size() - 1\x1b[m\x1b[K; i++) {\n'}
[3.947296] (iit_commons) StderrLine: {'line': b'      |                     \x1b[01;35m\x1b[K~~^~~~~~~~~~~~~~\x1b[m\x1b[K\n'}
[3.947372] (iit_commons) StderrLine: {'line': b'\x1b[01m\x1b[K/root/muse_ws/muse_ros2/muse_ws/src/iit_commons/include/iit_commons/commons/planning/planning.h:163:31:\x1b[m\x1b[K \x1b[01;35m\x1b[Kwarning: \x1b[m\x1b[Kcomparison of integer expressions of different signedness: \xe2\x80\x98\x1b[01m\x1b[Kint\x1b[m\x1b[K\xe2\x80\x99 and \xe2\x80\x98\x1b[01m\x1b[Kstd::vector<Eigen::Matrix<double, 3, 1> >::size_type\x1b[m\x1b[K\xe2\x80\x99 {aka \xe2\x80\x98\x1b[01m\x1b[Klong unsigned int\x1b[m\x1b[K\xe2\x80\x99} [\x1b[01;35m\x1b[K-Wsign-compare\x1b[m\x1b[K]\n'}
[3.947654] (iit_commons) StderrLine: {'line': b'  163 |         for (int j = i + 1; \x1b[01;35m\x1b[Kj < p.size()\x1b[m\x1b[K; j++) {\n'}
[3.947750] (iit_commons) StderrLine: {'line': b'      |                             \x1b[01;35m\x1b[K~~^~~~~~~~~~\x1b[m\x1b[K\n'}
[3.947841] (iit_commons) StderrLine: {'line': b'\x1b[01m\x1b[K/root/muse_ws/muse_ros2/muse_ws/src/iit_commons/include/iit_commons/commons/planning/planning.h:\x1b[m\x1b[K In function \xe2\x80\x98\x1b[01m\x1b[Kvoid iit::planning::CounterClockwiseSort(std::vector<Eigen::Matrix<double, 3, 1> >&)\x1b[m\x1b[K\xe2\x80\x99:\n'}
[3.948007] (iit_commons) StderrLine: {'line': b'\x1b[01m\x1b[K/root/muse_ws/muse_ros2/muse_ws/src/iit_commons/include/iit_commons/commons/planning/planning.h:186:23:\x1b[m\x1b[K \x1b[01;35m\x1b[Kwarning: \x1b[m\x1b[Kcomparison of integer expressions of different signedness: \xe2\x80\x98\x1b[01m\x1b[Kint\x1b[m\x1b[K\xe2\x80\x99 and \xe2\x80\x98\x1b[01m\x1b[Kstd::vector<Eigen::Matrix<double, 3, 1> >::size_type\x1b[m\x1b[K\xe2\x80\x99 {aka \xe2\x80\x98\x1b[01m\x1b[Klong unsigned int\x1b[m\x1b[K\xe2\x80\x99} [\x1b[01;35m\x1b[K-Wsign-compare\x1b[m\x1b[K]\n'}
[3.948102] (iit_commons) StderrLine: {'line': b'  186 |     for (int i = 1; \x1b[01;35m\x1b[Ki < p.size() - 1\x1b[m\x1b[K; i++) {\n'}
[3.948188] (iit_commons) StderrLine: {'line': b'      |                     \x1b[01;35m\x1b[K~~^~~~~~~~~~~~~~\x1b[m\x1b[K\n'}
[3.948329] (iit_commons) StderrLine: {'line': b'\x1b[01m\x1b[K/root/muse_ws/muse_ros2/muse_ws/src/iit_commons/include/iit_commons/commons/planning/planning.h:187:31:\x1b[m\x1b[K \x1b[01;35m\x1b[Kwarning: \x1b[m\x1b[Kcomparison of integer expressions of different signedness: \xe2\x80\x98\x1b[01m\x1b[Kint\x1b[m\x1b[K\xe2\x80\x99 and \xe2\x80\x98\x1b[01m\x1b[Kstd::vector<Eigen::Matrix<double, 3, 1> >::size_type\x1b[m\x1b[K\xe2\x80\x99 {aka \xe2\x80\x98\x1b[01m\x1b[Klong unsigned int\x1b[m\x1b[K\xe2\x80\x99} [\x1b[01;35m\x1b[K-Wsign-compare\x1b[m\x1b[K]\n'}
[3.948454] (iit_commons) StderrLine: {'line': b'  187 |         for (int j = i + 1; \x1b[01;35m\x1b[Kj < p.size()\x1b[m\x1b[K; j++) {\n'}
[3.948554] (-) TimerEvent: {}
[3.948894] (iit_commons) StderrLine: {'line': b'      |                             \x1b[01;35m\x1b[K~~^~~~~~~~~~\x1b[m\x1b[K\n'}
[3.949027] (iit_commons) StderrLine: {'line': b'\x1b[01m\x1b[K/root/muse_ws/muse_ros2/muse_ws/src/iit_commons/include/iit_commons/commons/planning/planning.h:\x1b[m\x1b[K In function \xe2\x80\x98\x1b[01m\x1b[Kvoid iit::planning::CounterClockwiseSort(std::vector<Eigen::Matrix<double, 3, 1> >&, std::vector<int>&)\x1b[m\x1b[K\xe2\x80\x99:\n'}
[3.949107] (iit_commons) StderrLine: {'line': b'\x1b[01m\x1b[K/root/muse_ws/muse_ros2/muse_ws/src/iit_commons/include/iit_commons/commons/planning/planning.h:211:23:\x1b[m\x1b[K \x1b[01;35m\x1b[Kwarning: \x1b[m\x1b[Kcomparison of integer expressions of different signedness: \xe2\x80\x98\x1b[01m\x1b[Kint\x1b[m\x1b[K\xe2\x80\x99 and \xe2\x80\x98\x1b[01m\x1b[Kstd::vector<Eigen::Matrix<double, 3, 1> >::size_type\x1b[m\x1b[K\xe2\x80\x99 {aka \xe2\x80\x98\x1b[01m\x1b[Klong unsigned int\x1b[m\x1b[K\xe2\x80\x99} [\x1b[01;35m\x1b[K-Wsign-compare\x1b[m\x1b[K]\n'}
[3.949176] (iit_commons) StderrLine: {'line': b'  211 |     for (int i = 0; \x1b[01;35m\x1b[Ki < p.size()\x1b[m\x1b[K; i++)\n'}
[3.949244] (iit_commons) StderrLine: {'line': b'      |                     \x1b[01;35m\x1b[K~~^~~~~~~~~~\x1b[m\x1b[K\n'}
[3.950879] (iit_commons) StderrLine: {'line': b'\x1b[01m\x1b[K/root/muse_ws/muse_ros2/muse_ws/src/iit_commons/include/iit_commons/commons/planning/planning.h:213:23:\x1b[m\x1b[K \x1b[01;35m\x1b[Kwarning: \x1b[m\x1b[Kcomparison of integer expressions of different signedness: \xe2\x80\x98\x1b[01m\x1b[Kint\x1b[m\x1b[K\xe2\x80\x99 and \xe2\x80\x98\x1b[01m\x1b[Kstd::vector<Eigen::Matrix<double, 3, 1> >::size_type\x1b[m\x1b[K\xe2\x80\x99 {aka \xe2\x80\x98\x1b[01m\x1b[Klong unsigned int\x1b[m\x1b[K\xe2\x80\x99} [\x1b[01;35m\x1b[K-Wsign-compare\x1b[m\x1b[K]\n'}
[3.951069] (iit_commons) StderrLine: {'line': b'  213 |     for (int i = 1; \x1b[01;35m\x1b[Ki < p.size() - 1\x1b[m\x1b[K; i++) {\n'}
[3.951217] (iit_commons) StderrLine: {'line': b'      |                     \x1b[01;35m\x1b[K~~^~~~~~~~~~~~~~\x1b[m\x1b[K\n'}
[3.951306] (iit_commons) StderrLine: {'line': b'\x1b[01m\x1b[K/root/muse_ws/muse_ros2/muse_ws/src/iit_commons/include/iit_commons/commons/planning/planning.h:214:31:\x1b[m\x1b[K \x1b[01;35m\x1b[Kwarning: \x1b[m\x1b[Kcomparison of integer expressions of different signedness: \xe2\x80\x98\x1b[01m\x1b[Kint\x1b[m\x1b[K\xe2\x80\x99 and \xe2\x80\x98\x1b[01m\x1b[Kstd::vector<Eigen::Matrix<double, 3, 1> >::size_type\x1b[m\x1b[K\xe2\x80\x99 {aka \xe2\x80\x98\x1b[01m\x1b[Klong unsigned int\x1b[m\x1b[K\xe2\x80\x99} [\x1b[01;35m\x1b[K-Wsign-compare\x1b[m\x1b[K]\n'}
[3.951382] (iit_commons) StderrLine: {'line': b'  214 |         for (int j = i + 1; \x1b[01;35m\x1b[Kj < p.size()\x1b[m\x1b[K; j++) {\n'}
[3.951484] (iit_commons) StderrLine: {'line': b'      |                             \x1b[01;35m\x1b[K~~^~~~~~~~~~\x1b[m\x1b[K\n'}
[3.952089] (state_estimator) StdoutLine: {'line': b'-- Looking for pthread.h - found\n'}
[3.958671] (state_estimator) StdoutLine: {'line': b'-- Performing Test CMAKE_HAVE_LIBC_PTHREAD\n'}
[4.048758] (-) TimerEvent: {}
[4.121489] (state_estimator) StdoutLine: {'line': b'-- Performing Test CMAKE_HAVE_LIBC_PTHREAD - Success\n'}
[4.123540] (state_estimator) StdoutLine: {'line': b'-- Found Threads: TRUE  \n'}
[4.156883] (-) TimerEvent: {}
[4.237965] (state_estimator) StdoutLine: {'line': b'-- Found sensor_msgs: 4.9.0 (/opt/ros/humble/share/sensor_msgs/cmake)\n'}
[4.264363] (-) TimerEvent: {}
[4.288276] (state_estimator) StdoutLine: {'line': b'-- Found nav_msgs: 4.9.0 (/opt/ros/humble/share/nav_msgs/cmake)\n'}
[4.364527] (-) TimerEvent: {}
[4.379745] (state_estimator) StdoutLine: {'line': b'-- Found pluginlib: 5.1.0 (/opt/ros/humble/share/pluginlib/cmake)\n'}
[4.442752] (state_estimator) StdoutLine: {'line': b'-- Found message_filters: 4.3.11 (/opt/ros/humble/share/message_filters/cmake)\n'}
[4.450473] (state_estimator) StdoutLine: {'line': b'-- Found rosidl_default_generators: 1.2.0 (/opt/ros/humble/share/rosidl_default_generators/cmake)\n'}
[4.464140] (state_estimator) StdoutLine: {'line': b'-- Found state_estimator_msgs: 0.0.1 (/root/muse_ws/muse_ros2/muse_ws/install/state_estimator_msgs/share/state_estimator_msgs/cmake)\n'}
[4.464537] (-) TimerEvent: {}
[4.501052] (state_estimator) StdoutLine: {'line': b'-- Found rclcpp_components: 16.0.15 (/opt/ros/humble/share/rclcpp_components/cmake)\n'}
[4.567067] (iit_commons) StderrLine: {'line': b'In file included from \x1b[01m\x1b[K/root/muse_ws/muse_ros2/muse_ws/src/iit_commons/src/control/VirtualModel.cpp:1\x1b[m\x1b[K:\n'}
[4.567416] (-) TimerEvent: {}
[4.567605] (iit_commons) StderrLine: {'line': b'\x1b[01m\x1b[K/root/muse_ws/muse_ros2/muse_ws/src/iit_commons/include/iit_commons/commons/control/VirtualModel.hpp:\x1b[m\x1b[K At global scope:\n'}
[4.567732] (iit_commons) StderrLine: {'line': b'\x1b[01m\x1b[K/root/muse_ws/muse_ros2/muse_ws/src/iit_commons/include/iit_commons/commons/control/VirtualModel.hpp:21:26:\x1b[m\x1b[K \x1b[01;31m\x1b[Kerror: \x1b[m\x1b[K\xe2\x80\x98\x1b[01m\x1b[Krbd\x1b[m\x1b[K\xe2\x80\x99 in namespace \xe2\x80\x98\x1b[01m\x1b[Kiit_commons\x1b[m\x1b[K\xe2\x80\x99 does not name a type\n'}
[4.567812] (iit_commons) StderrLine: {'line': b'   21 |     typedef iit_commons::\x1b[01;31m\x1b[Krbd\x1b[m\x1b[K::ForceVector Gains;\n'}
[4.567884] (iit_commons) StderrLine: {'line': b'      |                          \x1b[01;31m\x1b[K^~~\x1b[m\x1b[K\n'}
[4.567951] (iit_commons) StderrLine: {'line': b'\x1b[01m\x1b[K/root/muse_ws/muse_ros2/muse_ws/src/iit_commons/include/iit_commons/commons/control/VirtualModel.hpp:22:26:\x1b[m\x1b[K \x1b[01;31m\x1b[Kerror: \x1b[m\x1b[K\xe2\x80\x98\x1b[01m\x1b[Krbd\x1b[m\x1b[K\xe2\x80\x99 in namespace \xe2\x80\x98\x1b[01m\x1b[Kiit_commons\x1b[m\x1b[K\xe2\x80\x99 does not name a type\n'}
[4.568044] (iit_commons) StderrLine: {'line': b'   22 |     typedef iit_commons::\x1b[01;31m\x1b[Krbd\x1b[m\x1b[K::ForceVector Wrench;\n'}
[4.568114] (iit_commons) StderrLine: {'line': b'      |                          \x1b[01;31m\x1b[K^~~\x1b[m\x1b[K\n'}
[4.568191] (iit_commons) StderrLine: {'line': b'\x1b[01m\x1b[K/root/muse_ws/muse_ros2/muse_ws/src/iit_commons/include/iit_commons/commons/control/VirtualModel.hpp:23:26:\x1b[m\x1b[K \x1b[01;31m\x1b[Kerror: \x1b[m\x1b[K\xe2\x80\x98\x1b[01m\x1b[Krbd\x1b[m\x1b[K\xe2\x80\x99 in namespace \xe2\x80\x98\x1b[01m\x1b[Kiit_commons\x1b[m\x1b[K\xe2\x80\x99 does not name a type\n'}
[4.568459] (iit_commons) StderrLine: {'line': b'   23 |     typedef iit_commons::\x1b[01;31m\x1b[Krbd\x1b[m\x1b[K::InertiaMatrixDense InertiaMatrix;\n'}
[4.568560] (iit_commons) StderrLine: {'line': b'      |                          \x1b[01;31m\x1b[K^~~\x1b[m\x1b[K\n'}
[4.568642] (iit_commons) StderrLine: {'line': b'\x1b[01m\x1b[K/root/muse_ws/muse_ros2/muse_ws/src/iit_commons/include/iit_commons/commons/control/VirtualModel.hpp:24:26:\x1b[m\x1b[K \x1b[01;31m\x1b[Kerror: \x1b[m\x1b[K\xe2\x80\x98\x1b[01m\x1b[Kplanning\x1b[m\x1b[K\xe2\x80\x99 in namespace \xe2\x80\x98\x1b[01m\x1b[Kiit_commons\x1b[m\x1b[K\xe2\x80\x99 does not name a type\n'}
[4.568725] (iit_commons) StderrLine: {'line': b'   24 |     typedef iit_commons::\x1b[01;31m\x1b[Kplanning\x1b[m\x1b[K::Point3d PointState;\n'}
[4.568798] (iit_commons) StderrLine: {'line': b'      |                          \x1b[01;31m\x1b[K^~~~~~~~\x1b[m\x1b[K\n'}
[4.568872] (iit_commons) StderrLine: {'line': b'\x1b[01m\x1b[K/root/muse_ws/muse_ros2/muse_ws/src/iit_commons/include/iit_commons/commons/control/VirtualModel.hpp:40:26:\x1b[m\x1b[K \x1b[01;31m\x1b[Kerror: \x1b[m\x1b[K\xe2\x80\x98\x1b[01m\x1b[KGains\x1b[m\x1b[K\xe2\x80\x99 does not name a type\n'}
[4.568947] (iit_commons) StderrLine: {'line': b'   40 |     void setGains(const  \x1b[01;31m\x1b[KGains\x1b[m\x1b[K & Kp_in, const  Gains & Kd_in);\n'}
[4.569018] (iit_commons) StderrLine: {'line': b'      |                          \x1b[01;31m\x1b[K^~~~~\x1b[m\x1b[K\n'}
[4.569089] (iit_commons) StderrLine: {'line': b'\x1b[01m\x1b[K/root/muse_ws/muse_ros2/muse_ws/src/iit_commons/include/iit_commons/commons/control/VirtualModel.hpp:40:48:\x1b[m\x1b[K \x1b[01;31m\x1b[Kerror: \x1b[m\x1b[K\xe2\x80\x98\x1b[01m\x1b[KGains\x1b[m\x1b[K\xe2\x80\x99 does not name a type\n'}
[4.569195] (iit_commons) StderrLine: {'line': b'   40 |     void setGains(const  Gains & Kp_in, const  \x1b[01;31m\x1b[KGains\x1b[m\x1b[K & Kd_in);\n'}
[4.569366] (iit_commons) StderrLine: {'line': b'      |                                                \x1b[01;31m\x1b[K^~~~~\x1b[m\x1b[K\n'}
[4.569691] (iit_commons) StderrLine: {'line': b'\x1b[01m\x1b[K/root/muse_ws/muse_ros2/muse_ws/src/iit_commons/include/iit_commons/commons/control/VirtualModel.hpp:72:18:\x1b[m\x1b[K \x1b[01;31m\x1b[Kerror: \x1b[m\x1b[K\xe2\x80\x98\x1b[01m\x1b[Krbd\x1b[m\x1b[K\xe2\x80\x99 has not been declared\n'}
[4.569811] (iit_commons) StderrLine: {'line': b'   72 |     void setGain(\x1b[01;31m\x1b[Krbd\x1b[m\x1b[K::Coords6D index, GainType type, double value);\n'}
[4.569967] (iit_commons) StderrLine: {'line': b'      |                  \x1b[01;31m\x1b[K^~~\x1b[m\x1b[K\n'}
[4.570110] (iit_commons) StderrLine: {'line': b'\x1b[01m\x1b[K/root/muse_ws/muse_ros2/muse_ws/src/iit_commons/include/iit_commons/commons/control/VirtualModel.hpp:72:32:\x1b[m\x1b[K \x1b[01;31m\x1b[Kerror: \x1b[m\x1b[Kexpected \xe2\x80\x98\x1b[01m\x1b[K,\x1b[m\x1b[K\xe2\x80\x99 or \xe2\x80\x98\x1b[01m\x1b[K...\x1b[m\x1b[K\xe2\x80\x99 before \xe2\x80\x98\x1b[01m\x1b[Kindex\x1b[m\x1b[K\xe2\x80\x99\n'}
[4.570207] (iit_commons) StderrLine: {'line': b'   72 |     void setGain(rbd::Coords6D \x1b[01;31m\x1b[Kindex\x1b[m\x1b[K, GainType type, double value);\n'}
[4.570281] (iit_commons) StderrLine: {'line': b'      |                                \x1b[01;31m\x1b[K^~~~~\x1b[m\x1b[K\n'}
[4.570353] (iit_commons) StderrLine: {'line': b'\x1b[01m\x1b[K/root/muse_ws/muse_ros2/muse_ws/src/iit_commons/include/iit_commons/commons/control/VirtualModel.hpp:79:19:\x1b[m\x1b[K \x1b[01;31m\x1b[Kerror: \x1b[m\x1b[K\xe2\x80\x98\x1b[01m\x1b[KGains\x1b[m\x1b[K\xe2\x80\x99 has not been declared\n'}
[4.570675] (iit_commons) StderrLine: {'line': b'   79 |     void getGains(\x1b[01;31m\x1b[KGains\x1b[m\x1b[K & Kp_out, Gains & Kd_out);\n'}
[4.570786] (iit_commons) StderrLine: {'line': b'      |                   \x1b[01;31m\x1b[K^~~~~\x1b[m\x1b[K\n'}
[4.570922] (iit_commons) StderrLine: {'line': b'\x1b[01m\x1b[K/root/muse_ws/muse_ros2/muse_ws/src/iit_commons/include/iit_commons/commons/control/VirtualModel.hpp:79:35:\x1b[m\x1b[K \x1b[01;31m\x1b[Kerror: \x1b[m\x1b[K\xe2\x80\x98\x1b[01m\x1b[KGains\x1b[m\x1b[K\xe2\x80\x99 has not been declared\n'}
[4.571002] (iit_commons) StderrLine: {'line': b'   79 |     void getGains(Gains & Kp_out, \x1b[01;31m\x1b[KGains\x1b[m\x1b[K & Kd_out);\n'}
[4.571171] (iit_commons) StderrLine: {'line': b'      |                                   \x1b[01;31m\x1b[K^~~~~\x1b[m\x1b[K\n'}
[4.571271] (iit_commons) StderrLine: {'line': b'\x1b[01m\x1b[K/root/muse_ws/muse_ros2/muse_ws/src/iit_commons/include/iit_commons/commons/control/VirtualModel.hpp:93:5:\x1b[m\x1b[K \x1b[01;31m\x1b[Kerror: \x1b[m\x1b[K\xe2\x80\x98\x1b[01m\x1b[KWrench\x1b[m\x1b[K\xe2\x80\x99 does not name a type\n'}
[4.571346] (iit_commons) StderrLine: {'line': b'   93 |     \x1b[01;31m\x1b[KWrench\x1b[m\x1b[K getFeedBackWrench(const PointState & des_pos,\n'}
[4.571568] (iit_commons) StderrLine: {'line': b'      |     \x1b[01;31m\x1b[K^~~~~~\x1b[m\x1b[K\n'}
[4.571652] (iit_commons) StderrLine: {'line': b'\x1b[01m\x1b[K/root/muse_ws/muse_ros2/muse_ws/src/iit_commons/include/iit_commons/commons/control/VirtualModel.hpp:111:5:\x1b[m\x1b[K \x1b[01;31m\x1b[Kerror: \x1b[m\x1b[K\xe2\x80\x98\x1b[01m\x1b[KWrench\x1b[m\x1b[K\xe2\x80\x99 does not name a type\n'}
[4.571725] (iit_commons) StderrLine: {'line': b'  111 |     \x1b[01;31m\x1b[KWrench\x1b[m\x1b[K getFeedForwardWrench(const Vector3d& des_lin_acc,\n'}
[4.571875] (iit_commons) StderrLine: {'line': b'      |     \x1b[01;31m\x1b[K^~~~~~\x1b[m\x1b[K\n'}
[4.574204] (iit_commons) StderrLine: {'line': b'\x1b[01m\x1b[K/root/muse_ws/muse_ros2/muse_ws/src/iit_commons/include/iit_commons/commons/control/VirtualModel.hpp:145:5:\x1b[m\x1b[K \x1b[01;31m\x1b[Kerror: \x1b[m\x1b[K\xe2\x80\x98\x1b[01m\x1b[KWrench\x1b[m\x1b[K\xe2\x80\x99 does not name a type\n'}
[4.574541] (iit_commons) StderrLine: {'line': b'  145 |     \x1b[01;31m\x1b[KWrench\x1b[m\x1b[K getTotalWrench(const PointState & des_lin_state,\n'}
[4.574645] (iit_commons) StderrLine: {'line': b'      |     \x1b[01;31m\x1b[K^~~~~~\x1b[m\x1b[K\n'}
[4.574746] (iit_commons) StderrLine: {'line': b'\x1b[01m\x1b[K/root/muse_ws/muse_ros2/muse_ws/src/iit_commons/include/iit_commons/commons/control/VirtualModel.hpp:159:40:\x1b[m\x1b[K \x1b[01;31m\x1b[Kerror: \x1b[m\x1b[K\xe2\x80\x98\x1b[01m\x1b[KWrench\x1b[m\x1b[K\xe2\x80\x99 does not name a type\n'}
[4.574826] (iit_commons) StderrLine: {'line': b'  159 |     void setWrenchErrorThreshold(const \x1b[01;31m\x1b[KWrench\x1b[m\x1b[K& wrenchErrorTh);\n'}
[4.574892] (iit_commons) StderrLine: {'line': b'      |                                        \x1b[01;31m\x1b[K^~~~~~\x1b[m\x1b[K\n'}
[4.577637] (iit_commons) StderrLine: {'line': b'\x1b[01m\x1b[K/root/muse_ws/muse_ros2/muse_ws/src/iit_commons/include/iit_commons/commons/control/VirtualModel.hpp:162:5:\x1b[m\x1b[K \x1b[01;31m\x1b[Kerror: \x1b[m\x1b[K\xe2\x80\x98\x1b[01m\x1b[KGains\x1b[m\x1b[K\xe2\x80\x99 does not name a type\n'}
[4.578029] (iit_commons) StderrLine: {'line': b'  162 |     \x1b[01;31m\x1b[KGains\x1b[m\x1b[K Kp_;\n'}
[4.578115] (iit_commons) StderrLine: {'line': b'      |     \x1b[01;31m\x1b[K^~~~~\x1b[m\x1b[K\n'}
[4.579591] (iit_commons) StderrLine: {'line': b'\x1b[01m\x1b[K/root/muse_ws/muse_ros2/muse_ws/src/iit_commons/include/iit_commons/commons/control/VirtualModel.hpp:163:5:\x1b[m\x1b[K \x1b[01;31m\x1b[Kerror: \x1b[m\x1b[K\xe2\x80\x98\x1b[01m\x1b[KGains\x1b[m\x1b[K\xe2\x80\x99 does not name a type\n'}
[4.579792] (iit_commons) StderrLine: {'line': b'  163 |     \x1b[01;31m\x1b[KGains\x1b[m\x1b[K Kp_limited_;\n'}
[4.579870] (iit_commons) StderrLine: {'line': b'      |     \x1b[01;31m\x1b[K^~~~~\x1b[m\x1b[K\n'}
[4.581214] (iit_commons) StderrLine: {'line': b'\x1b[01m\x1b[K/root/muse_ws/muse_ros2/muse_ws/src/iit_commons/include/iit_commons/commons/control/VirtualModel.hpp:164:5:\x1b[m\x1b[K \x1b[01;31m\x1b[Kerror: \x1b[m\x1b[K\xe2\x80\x98\x1b[01m\x1b[KGains\x1b[m\x1b[K\xe2\x80\x99 does not name a type\n'}
[4.581417] (iit_commons) StderrLine: {'line': b'  164 |     \x1b[01;31m\x1b[KGains\x1b[m\x1b[K Kd_;\n'}
[4.581496] (iit_commons) StderrLine: {'line': b'      |     \x1b[01;31m\x1b[K^~~~~\x1b[m\x1b[K\n'}
[4.582897] (iit_commons) StderrLine: {'line': b'\x1b[01m\x1b[K/root/muse_ws/muse_ros2/muse_ws/src/iit_commons/include/iit_commons/commons/control/VirtualModel.hpp:165:5:\x1b[m\x1b[K \x1b[01;31m\x1b[Kerror: \x1b[m\x1b[K\xe2\x80\x98\x1b[01m\x1b[KGains\x1b[m\x1b[K\xe2\x80\x99 does not name a type\n'}
[4.583127] (iit_commons) StderrLine: {'line': b'  165 |     \x1b[01;31m\x1b[KGains\x1b[m\x1b[K Kd_limited_;\n'}
[4.583221] (iit_commons) StderrLine: {'line': b'      |     \x1b[01;31m\x1b[K^~~~~\x1b[m\x1b[K\n'}
[4.584369] (iit_commons) StderrLine: {'line': b'\x1b[01m\x1b[K/root/muse_ws/muse_ros2/muse_ws/src/iit_commons/include/iit_commons/commons/control/VirtualModel.hpp:167:5:\x1b[m\x1b[K \x1b[01;31m\x1b[Kerror: \x1b[m\x1b[K\xe2\x80\x98\x1b[01m\x1b[KWrench\x1b[m\x1b[K\xe2\x80\x99 does not name a type\n'}
[4.584588] (iit_commons) StderrLine: {'line': b'  167 |     \x1b[01;31m\x1b[KWrench\x1b[m\x1b[K wrenchErrorThreshold_;\n'}
[4.584829] (iit_commons) StderrLine: {'line': b'      |     \x1b[01;31m\x1b[K^~~~~~\x1b[m\x1b[K\n'}
[4.608308] (state_estimator) StdoutLine: {'line': b'-- Found Boost: /usr/lib/x86_64-linux-gnu/cmake/Boost-1.74.0/BoostConfig.cmake (found version "1.74.0") found components: system program_options \n'}
[4.628711] (state_estimator) StdoutLine: {'line': b'-- Found PkgConfig: /usr/bin/pkg-config (found version "0.29.2") \n'}
[4.633629] (state_estimator) StdoutLine: {'line': b'-- pinocchio_default FOUND. pinocchio_default at /opt/ros/humble/lib/x86_64-linux-gnu/libpinocchio_default.so\n'}
[4.634448] (state_estimator) StdoutLine: {'line': b'-- pinocchio_parsers FOUND. pinocchio_parsers at /opt/ros/humble/lib/x86_64-linux-gnu/libpinocchio_parsers.so\n'}
[4.634713] (state_estimator) StdoutLine: {'line': b'-- boost_filesystem FOUND. boost_filesystem at /lib/x86_64-linux-gnu/libboost_filesystem.so\n'}
[4.667838] (-) TimerEvent: {}
[4.680440] (state_estimator) StdoutLine: {'line': b'-- Found Boost: /usr/include (found version "1.74.0") found components: filesystem serialization system \n'}
[4.683454] (state_estimator) StdoutLine: {'line': b'-- eigenpy FOUND. eigenpy at /opt/ros/humble/lib/x86_64-linux-gnu/libeigenpy.so\n'}
[4.718354] (state_estimator) StdoutLine: {'line': b'-- Checking for NumPy\n'}
[4.767917] (-) TimerEvent: {}
[4.828700] (iit_commons) StderrLine: {'line': b'\x1b[01m\x1b[K/root/muse_ws/muse_ros2/muse_ws/src/iit_commons/src/control/VirtualModel.cpp:\x1b[m\x1b[K In constructor \xe2\x80\x98\x1b[01m\x1b[Kiit_commons::control::VirtualModel::VirtualModel()\x1b[m\x1b[K\xe2\x80\x99:\n'}
[4.829306] (iit_commons) StderrLine: {'line': b'\x1b[01m\x1b[K/root/muse_ws/muse_ros2/muse_ws/src/iit_commons/src/control/VirtualModel.cpp:10:12:\x1b[m\x1b[K \x1b[01;31m\x1b[Kerror: \x1b[m\x1b[Kclass \xe2\x80\x98\x1b[01m\x1b[Kiit_commons::control::VirtualModel\x1b[m\x1b[K\xe2\x80\x99 does not have any field named \xe2\x80\x98\x1b[01m\x1b[KKp_\x1b[m\x1b[K\xe2\x80\x99\n'}
[4.829430] (iit_commons) StderrLine: {'line': b'   10 |            \x1b[01;31m\x1b[KKp_\x1b[m\x1b[K(Wrench::Zero()),\n'}
[4.829508] (iit_commons) StderrLine: {'line': b'      |            \x1b[01;31m\x1b[K^~~\x1b[m\x1b[K\n'}
[4.829579] (iit_commons) StderrLine: {'line': b'\x1b[01m\x1b[K/root/muse_ws/muse_ros2/muse_ws/src/iit_commons/src/control/VirtualModel.cpp:10:16:\x1b[m\x1b[K \x1b[01;31m\x1b[Kerror: \x1b[m\x1b[K\xe2\x80\x98\x1b[01m\x1b[KWrench\x1b[m\x1b[K\xe2\x80\x99 has not been declared\n'}
[4.829651] (iit_commons) StderrLine: {'line': b'   10 |            Kp_(\x1b[01;31m\x1b[KWrench\x1b[m\x1b[K::Zero()),\n'}
[4.829718] (iit_commons) StderrLine: {'line': b'      |                \x1b[01;31m\x1b[K^~~~~~\x1b[m\x1b[K\n'}
[4.829816] (iit_commons) StderrLine: {'line': b'\x1b[01m\x1b[K/root/muse_ws/muse_ros2/muse_ws/src/iit_commons/src/control/VirtualModel.cpp:11:12:\x1b[m\x1b[K \x1b[01;31m\x1b[Kerror: \x1b[m\x1b[Kclass \xe2\x80\x98\x1b[01m\x1b[Kiit_commons::control::VirtualModel\x1b[m\x1b[K\xe2\x80\x99 does not have any field named \xe2\x80\x98\x1b[01m\x1b[KKd_\x1b[m\x1b[K\xe2\x80\x99\n'}
[4.829887] (iit_commons) StderrLine: {'line': b'   11 |            \x1b[01;31m\x1b[KKd_\x1b[m\x1b[K(Wrench::Zero()),\n'}
[4.829963] (iit_commons) StderrLine: {'line': b'      |            \x1b[01;31m\x1b[K^~~\x1b[m\x1b[K\n'}
[4.830031] (iit_commons) StderrLine: {'line': b'\x1b[01m\x1b[K/root/muse_ws/muse_ros2/muse_ws/src/iit_commons/src/control/VirtualModel.cpp:11:16:\x1b[m\x1b[K \x1b[01;31m\x1b[Kerror: \x1b[m\x1b[K\xe2\x80\x98\x1b[01m\x1b[KWrench\x1b[m\x1b[K\xe2\x80\x99 has not been declared\n'}
[4.830100] (iit_commons) StderrLine: {'line': b'   11 |            Kd_(\x1b[01;31m\x1b[KWrench\x1b[m\x1b[K::Zero()),\n'}
[4.830215] (iit_commons) StderrLine: {'line': b'      |                \x1b[01;31m\x1b[K^~~~~~\x1b[m\x1b[K\n'}
[4.830284] (iit_commons) StderrLine: {'line': b'\x1b[01m\x1b[K/root/muse_ws/muse_ros2/muse_ws/src/iit_commons/src/control/VirtualModel.cpp:12:12:\x1b[m\x1b[K \x1b[01;31m\x1b[Kerror: \x1b[m\x1b[Kclass \xe2\x80\x98\x1b[01m\x1b[Kiit_commons::control::VirtualModel\x1b[m\x1b[K\xe2\x80\x99 does not have any field named \xe2\x80\x98\x1b[01m\x1b[KwrenchErrorThreshold_\x1b[m\x1b[K\xe2\x80\x99\n'}
[4.830363] (iit_commons) StderrLine: {'line': b'   12 |            \x1b[01;31m\x1b[KwrenchErrorThreshold_\x1b[m\x1b[K(Wrench::Constant(400.0))\n'}
[4.830433] (iit_commons) StderrLine: {'line': b'      |            \x1b[01;31m\x1b[K^~~~~~~~~~~~~~~~~~~~~\x1b[m\x1b[K\n'}
[4.830499] (iit_commons) StderrLine: {'line': b'\x1b[01m\x1b[K/root/muse_ws/muse_ros2/muse_ws/src/iit_commons/src/control/VirtualModel.cpp:12:34:\x1b[m\x1b[K \x1b[01;31m\x1b[Kerror: \x1b[m\x1b[K\xe2\x80\x98\x1b[01m\x1b[KWrench\x1b[m\x1b[K\xe2\x80\x99 has not been declared\n'}
[4.830566] (iit_commons) StderrLine: {'line': b'   12 |            wrenchErrorThreshold_(\x1b[01;31m\x1b[KWrench\x1b[m\x1b[K::Constant(400.0))\n'}
[4.830665] (iit_commons) StderrLine: {'line': b'      |                                  \x1b[01;31m\x1b[K^~~~~~\x1b[m\x1b[K\n'}
[4.830745] (iit_commons) StderrLine: {'line': b'\x1b[01m\x1b[K/root/muse_ws/muse_ros2/muse_ws/src/iit_commons/src/control/VirtualModel.cpp:\x1b[m\x1b[K At global scope:\n'}
[4.830824] (iit_commons) StderrLine: {'line': b'\x1b[01m\x1b[K/root/muse_ws/muse_ros2/muse_ws/src/iit_commons/src/control/VirtualModel.cpp:17:35:\x1b[m\x1b[K \x1b[01;31m\x1b[Kerror: \x1b[m\x1b[K\xe2\x80\x98\x1b[01m\x1b[KGains\x1b[m\x1b[K\xe2\x80\x99 does not name a type\n'}
[4.830928] (iit_commons) StderrLine: {'line': b'   17 | void VirtualModel::setGains(const \x1b[01;31m\x1b[KGains\x1b[m\x1b[K &Kp_in, const Gains &Kd_in) {\n'}
[4.831016] (iit_commons) StderrLine: {'line': b'      |                                   \x1b[01;31m\x1b[K^~~~~\x1b[m\x1b[K\n'}
[4.839773] (iit_commons) StderrLine: {'line': b'\x1b[01m\x1b[K/root/muse_ws/muse_ros2/muse_ws/src/iit_commons/src/control/VirtualModel.cpp:17:55:\x1b[m\x1b[K \x1b[01;31m\x1b[Kerror: \x1b[m\x1b[K\xe2\x80\x98\x1b[01m\x1b[KGains\x1b[m\x1b[K\xe2\x80\x99 does not name a type\n'}
[4.840534] (iit_commons) StderrLine: {'line': b'   17 | void VirtualModel::setGains(const Gains &Kp_in, const \x1b[01;31m\x1b[KGains\x1b[m\x1b[K &Kd_in) {\n'}
[4.842055] (iit_commons) StderrLine: {'line': b'      |                                                       \x1b[01;31m\x1b[K^~~~~\x1b[m\x1b[K\n'}
[4.843670] (iit_commons) StderrLine: {'line': b'\x1b[01m\x1b[K/root/muse_ws/muse_ros2/muse_ws/src/iit_commons/src/control/VirtualModel.cpp:\x1b[m\x1b[K In member function \xe2\x80\x98\x1b[01m\x1b[Kvoid iit_commons::control::VirtualModel::setGains(const int&, const int&)\x1b[m\x1b[K\xe2\x80\x99:\n'}
[4.844298] (iit_commons) StderrLine: {'line': b'\x1b[01m\x1b[K/root/muse_ws/muse_ros2/muse_ws/src/iit_commons/src/control/VirtualModel.cpp:18:11:\x1b[m\x1b[K \x1b[01;31m\x1b[Kerror: \x1b[m\x1b[K\xe2\x80\x98\x1b[01m\x1b[Kclass iit_commons::control::VirtualModel\x1b[m\x1b[K\xe2\x80\x99 has no member named \xe2\x80\x98\x1b[01m\x1b[KKp_\x1b[m\x1b[K\xe2\x80\x99\n'}
[4.844889] (iit_commons) StderrLine: {'line': b'   18 |     this->\x1b[01;31m\x1b[KKp_\x1b[m\x1b[K = Kp_in;\n'}
[4.845439] (iit_commons) StderrLine: {'line': b'      |           \x1b[01;31m\x1b[K^~~\x1b[m\x1b[K\n'}
[4.846901] (iit_commons) StderrLine: {'line': b'\x1b[01m\x1b[K/root/muse_ws/muse_ros2/muse_ws/src/iit_commons/src/control/VirtualModel.cpp:19:11:\x1b[m\x1b[K \x1b[01;31m\x1b[Kerror: \x1b[m\x1b[K\xe2\x80\x98\x1b[01m\x1b[Kclass iit_commons::control::VirtualModel\x1b[m\x1b[K\xe2\x80\x99 has no member named \xe2\x80\x98\x1b[01m\x1b[KKd_\x1b[m\x1b[K\xe2\x80\x99\n'}
[4.847505] (iit_commons) StderrLine: {'line': b'   19 |     this->\x1b[01;31m\x1b[KKd_\x1b[m\x1b[K = Kd_in;\n'}
[4.848041] (iit_commons) StderrLine: {'line': b'      |           \x1b[01;31m\x1b[K^~~\x1b[m\x1b[K\n'}
[4.859888] (iit_commons) StderrLine: {'line': b'\x1b[01m\x1b[K/root/muse_ws/muse_ros2/muse_ws/src/iit_commons/src/control/VirtualModel.cpp:\x1b[m\x1b[K In member function \xe2\x80\x98\x1b[01m\x1b[Kvoid iit_commons::control::VirtualModel::setGains(double, double, double, double, double, double, double, double, double, double, double, double)\x1b[m\x1b[K\xe2\x80\x99:\n'}
[4.861460] (iit_commons) StderrLine: {'line': b'\x1b[01m\x1b[K/root/muse_ws/muse_ros2/muse_ws/src/iit_commons/src/control/VirtualModel.cpp:28:5:\x1b[m\x1b[K \x1b[01;31m\x1b[Kerror: \x1b[m\x1b[K\xe2\x80\x98\x1b[01m\x1b[KWrench\x1b[m\x1b[K\xe2\x80\x99 was not declared in this scope\n'}
[4.862038] (iit_commons) StderrLine: {'line': b'   28 |     \x1b[01;31m\x1b[KWrench\x1b[m\x1b[K Kp;\n'}
[4.862595] (iit_commons) StderrLine: {'line': b'      |     \x1b[01;31m\x1b[K^~~~~~\x1b[m\x1b[K\n'}
[4.864456] (iit_commons) StderrLine: {'line': b'\x1b[01m\x1b[K/root/muse_ws/muse_ros2/muse_ws/src/iit_commons/src/control/VirtualModel.cpp:29:11:\x1b[m\x1b[K \x1b[01;31m\x1b[Kerror: \x1b[m\x1b[Kexpected \xe2\x80\x98\x1b[01m\x1b[K;\x1b[m\x1b[K\xe2\x80\x99 before \xe2\x80\x98\x1b[01m\x1b[KKd\x1b[m\x1b[K\xe2\x80\x99\n'}
[4.864579] (iit_commons) StderrLine: {'line': b'   29 |     Wrench\x1b[01;31m\x1b[K \x1b[m\x1b[K\x1b[32m\x1b[KKd\x1b[m\x1b[K;\n'}
[4.864657] (iit_commons) StderrLine: {'line': b'      |           \x1b[01;31m\x1b[K^\x1b[m\x1b[K\x1b[32m\x1b[K~~\x1b[m\x1b[K\n'}
[4.864727] (iit_commons) StderrLine: {'line': b'      |           \x1b[32m\x1b[K;\x1b[m\x1b[K\n'}
[4.864796] (iit_commons) StderrLine: {'line': b'\x1b[01m\x1b[K/root/muse_ws/muse_ros2/muse_ws/src/iit_commons/src/control/VirtualModel.cpp:32:8:\x1b[m\x1b[K \x1b[01;31m\x1b[Kerror: \x1b[m\x1b[K\xe2\x80\x98\x1b[01m\x1b[Krbd\x1b[m\x1b[K\xe2\x80\x99 has not been declared\n'}
[4.864868] (iit_commons) StderrLine: {'line': b'   32 |     Kp(\x1b[01;31m\x1b[Krbd\x1b[m\x1b[K::LX) = lx_p;\n'}
[4.864936] (iit_commons) StderrLine: {'line': b'      |        \x1b[01;31m\x1b[K^~~\x1b[m\x1b[K\n'}
[4.867807] (iit_commons) StderrLine: {'line': b'\x1b[01m\x1b[K/root/muse_ws/muse_ros2/muse_ws/src/iit_commons/src/control/VirtualModel.cpp:32:5:\x1b[m\x1b[K \x1b[01;31m\x1b[Kerror: \x1b[m\x1b[K\xe2\x80\x98\x1b[01m\x1b[KKp\x1b[m\x1b[K\xe2\x80\x99 was not declared in this scope\n'}
[4.867980] (-) TimerEvent: {}
[4.868098] (iit_commons) StderrLine: {'line': b'   32 |     \x1b[01;31m\x1b[KKp\x1b[m\x1b[K(rbd::LX) = lx_p;\n'}
[4.868364] (iit_commons) StderrLine: {'line': b'      |     \x1b[01;31m\x1b[K^~\x1b[m\x1b[K\n'}
[4.868635] (iit_commons) StderrLine: {'line': b'\x1b[01m\x1b[K/root/muse_ws/muse_ros2/muse_ws/src/iit_commons/src/control/VirtualModel.cpp:33:8:\x1b[m\x1b[K \x1b[01;31m\x1b[Kerror: \x1b[m\x1b[K\xe2\x80\x98\x1b[01m\x1b[Krbd\x1b[m\x1b[K\xe2\x80\x99 has not been declared\n'}
[4.868734] (iit_commons) StderrLine: {'line': b'   33 |     Kp(\x1b[01;31m\x1b[Krbd\x1b[m\x1b[K::LY) = ly_p;\n'}
[4.868797] (iit_commons) StderrLine: {'line': b'      |        \x1b[01;31m\x1b[K^~~\x1b[m\x1b[K\n'}
[4.868973] (iit_commons) StderrLine: {'line': b'\x1b[01m\x1b[K/root/muse_ws/muse_ros2/muse_ws/src/iit_commons/src/control/VirtualModel.cpp:34:8:\x1b[m\x1b[K \x1b[01;31m\x1b[Kerror: \x1b[m\x1b[K\xe2\x80\x98\x1b[01m\x1b[Krbd\x1b[m\x1b[K\xe2\x80\x99 has not been declared\n'}
[4.869099] (iit_commons) StderrLine: {'line': b'   34 |     Kp(\x1b[01;31m\x1b[Krbd\x1b[m\x1b[K::LZ) = lz_p;\n'}
[4.869158] (iit_commons) StderrLine: {'line': b'      |        \x1b[01;31m\x1b[K^~~\x1b[m\x1b[K\n'}
[4.869357] (iit_commons) StderrLine: {'line': b'\x1b[01m\x1b[K/root/muse_ws/muse_ros2/muse_ws/src/iit_commons/src/control/VirtualModel.cpp:37:8:\x1b[m\x1b[K \x1b[01;31m\x1b[Kerror: \x1b[m\x1b[K\xe2\x80\x98\x1b[01m\x1b[Krbd\x1b[m\x1b[K\xe2\x80\x99 has not been declared\n'}
[4.869438] (iit_commons) StderrLine: {'line': b'   37 |     Kp(\x1b[01;31m\x1b[Krbd\x1b[m\x1b[K::AX) = ax_p;\n'}
[4.869543] (iit_commons) StderrLine: {'line': b'      |        \x1b[01;31m\x1b[K^~~\x1b[m\x1b[K\n'}
[4.869706] (iit_commons) StderrLine: {'line': b'\x1b[01m\x1b[K/root/muse_ws/muse_ros2/muse_ws/src/iit_commons/src/control/VirtualModel.cpp:38:8:\x1b[m\x1b[K \x1b[01;31m\x1b[Kerror: \x1b[m\x1b[K\xe2\x80\x98\x1b[01m\x1b[Krbd\x1b[m\x1b[K\xe2\x80\x99 has not been declared\n'}
[4.869782] (iit_commons) StderrLine: {'line': b'   38 |     Kp(\x1b[01;31m\x1b[Krbd\x1b[m\x1b[K::AY) = ay_p;\n'}
[4.869836] (iit_commons) StderrLine: {'line': b'      |        \x1b[01;31m\x1b[K^~~\x1b[m\x1b[K\n'}
[4.871610] (iit_commons) StderrLine: {'line': b'\x1b[01m\x1b[K/root/muse_ws/muse_ros2/muse_ws/src/iit_commons/src/control/VirtualModel.cpp:39:8:\x1b[m\x1b[K \x1b[01;31m\x1b[Kerror: \x1b[m\x1b[K\xe2\x80\x98\x1b[01m\x1b[Krbd\x1b[m\x1b[K\xe2\x80\x99 has not been declared\n'}
[4.871796] (iit_commons) StderrLine: {'line': b'   39 |     Kp(\x1b[01;31m\x1b[Krbd\x1b[m\x1b[K::AZ) = az_p;\n'}
[4.871857] (iit_commons) StderrLine: {'line': b'      |        \x1b[01;31m\x1b[K^~~\x1b[m\x1b[K\n'}
[4.871912] (iit_commons) StderrLine: {'line': b'\x1b[01m\x1b[K/root/muse_ws/muse_ros2/muse_ws/src/iit_commons/src/control/VirtualModel.cpp:42:8:\x1b[m\x1b[K \x1b[01;31m\x1b[Kerror: \x1b[m\x1b[K\xe2\x80\x98\x1b[01m\x1b[Krbd\x1b[m\x1b[K\xe2\x80\x99 has not been declared\n'}
[4.871978] (iit_commons) StderrLine: {'line': b'   42 |     Kd(\x1b[01;31m\x1b[Krbd\x1b[m\x1b[K::LX) = lx_d;\n'}
[4.872036] (iit_commons) StderrLine: {'line': b'      |        \x1b[01;31m\x1b[K^~~\x1b[m\x1b[K\n'}
[4.875469] (iit_commons) StderrLine: {'line': b'\x1b[01m\x1b[K/root/muse_ws/muse_ros2/muse_ws/src/iit_commons/src/control/VirtualModel.cpp:42:5:\x1b[m\x1b[K \x1b[01;31m\x1b[Kerror: \x1b[m\x1b[K\xe2\x80\x98\x1b[01m\x1b[KKd\x1b[m\x1b[K\xe2\x80\x99 was not declared in this scope\n'}
[4.875722] (iit_commons) StderrLine: {'line': b'   42 |     \x1b[01;31m\x1b[KKd\x1b[m\x1b[K(rbd::LX) = lx_d;\n'}
[4.875787] (iit_commons) StderrLine: {'line': b'      |     \x1b[01;31m\x1b[K^~\x1b[m\x1b[K\n'}
[4.876006] (iit_commons) StderrLine: {'line': b'\x1b[01m\x1b[K/root/muse_ws/muse_ros2/muse_ws/src/iit_commons/src/control/VirtualModel.cpp:43:8:\x1b[m\x1b[K \x1b[01;31m\x1b[Kerror: \x1b[m\x1b[K\xe2\x80\x98\x1b[01m\x1b[Krbd\x1b[m\x1b[K\xe2\x80\x99 has not been declared\n'}
[4.876102] (iit_commons) StderrLine: {'line': b'   43 |     Kd(\x1b[01;31m\x1b[Krbd\x1b[m\x1b[K::LY) = ly_d;\n'}
[4.876164] (iit_commons) StderrLine: {'line': b'      |        \x1b[01;31m\x1b[K^~~\x1b[m\x1b[K\n'}
[4.876287] (iit_commons) StderrLine: {'line': b'\x1b[01m\x1b[K/root/muse_ws/muse_ros2/muse_ws/src/iit_commons/src/control/VirtualModel.cpp:44:8:\x1b[m\x1b[K \x1b[01;31m\x1b[Kerror: \x1b[m\x1b[K\xe2\x80\x98\x1b[01m\x1b[Krbd\x1b[m\x1b[K\xe2\x80\x99 has not been declared\n'}
[4.876364] (iit_commons) StderrLine: {'line': b'   44 |     Kd(\x1b[01;31m\x1b[Krbd\x1b[m\x1b[K::LZ) = lz_d;\n'}
[4.876419] (iit_commons) StderrLine: {'line': b'      |        \x1b[01;31m\x1b[K^~~\x1b[m\x1b[K\n'}
[4.876470] (iit_commons) StderrLine: {'line': b'\x1b[01m\x1b[K/root/muse_ws/muse_ros2/muse_ws/src/iit_commons/src/control/VirtualModel.cpp:47:8:\x1b[m\x1b[K \x1b[01;31m\x1b[Kerror: \x1b[m\x1b[K\xe2\x80\x98\x1b[01m\x1b[Krbd\x1b[m\x1b[K\xe2\x80\x99 has not been declared\n'}
[4.876532] (iit_commons) StderrLine: {'line': b'   47 |     Kd(\x1b[01;31m\x1b[Krbd\x1b[m\x1b[K::AX) = ax_d;\n'}
[4.876614] (iit_commons) StderrLine: {'line': b'      |        \x1b[01;31m\x1b[K^~~\x1b[m\x1b[K\n'}
[4.876669] (iit_commons) StderrLine: {'line': b'\x1b[01m\x1b[K/root/muse_ws/muse_ros2/muse_ws/src/iit_commons/src/control/VirtualModel.cpp:48:8:\x1b[m\x1b[K \x1b[01;31m\x1b[Kerror: \x1b[m\x1b[K\xe2\x80\x98\x1b[01m\x1b[Krbd\x1b[m\x1b[K\xe2\x80\x99 has not been declared\n'}
[4.876721] (iit_commons) StderrLine: {'line': b'   48 |     Kd(\x1b[01;31m\x1b[Krbd\x1b[m\x1b[K::AY) = ay_d;\n'}
[4.876782] (iit_commons) StderrLine: {'line': b'      |        \x1b[01;31m\x1b[K^~~\x1b[m\x1b[K\n'}
[4.876844] (iit_commons) StderrLine: {'line': b'\x1b[01m\x1b[K/root/muse_ws/muse_ros2/muse_ws/src/iit_commons/src/control/VirtualModel.cpp:49:8:\x1b[m\x1b[K \x1b[01;31m\x1b[Kerror: \x1b[m\x1b[K\xe2\x80\x98\x1b[01m\x1b[Krbd\x1b[m\x1b[K\xe2\x80\x99 has not been declared\n'}
[4.877071] (iit_commons) StderrLine: {'line': b'   49 |     Kd(\x1b[01;31m\x1b[Krbd\x1b[m\x1b[K::AZ) = az_d;\n'}
[4.877144] (iit_commons) StderrLine: {'line': b'      |        \x1b[01;31m\x1b[K^~~\x1b[m\x1b[K\n'}
[4.877197] (iit_commons) StderrLine: {'line': b'\x1b[01m\x1b[K/root/muse_ws/muse_ros2/muse_ws/src/iit_commons/src/control/VirtualModel.cpp:\x1b[m\x1b[K At global scope:\n'}
[4.877250] (iit_commons) StderrLine: {'line': b'\x1b[01m\x1b[K/root/muse_ws/muse_ros2/muse_ws/src/iit_commons/src/control/VirtualModel.cpp:55:6:\x1b[m\x1b[K \x1b[01;31m\x1b[Kerror: \x1b[m\x1b[Kvariable or field \xe2\x80\x98\x1b[01m\x1b[KsetGain\x1b[m\x1b[K\xe2\x80\x99 declared void\n'}
[4.877303] (iit_commons) StderrLine: {'line': b'   55 | void \x1b[01;31m\x1b[KVirtualModel\x1b[m\x1b[K::setGain(rbd::Coords6D index, GainType type, double value)\n'}
[4.877353] (iit_commons) StderrLine: {'line': b'      |      \x1b[01;31m\x1b[K^~~~~~~~~~~~\x1b[m\x1b[K\n'}
[4.877399] (iit_commons) StderrLine: {'line': b'\x1b[01m\x1b[K/root/muse_ws/muse_ros2/muse_ws/src/iit_commons/src/control/VirtualModel.cpp:55:28:\x1b[m\x1b[K \x1b[01;31m\x1b[Kerror: \x1b[m\x1b[K\xe2\x80\x98\x1b[01m\x1b[Krbd\x1b[m\x1b[K\xe2\x80\x99 has not been declared\n'}
[4.877461] (iit_commons) StderrLine: {'line': b'   55 | void VirtualModel::setGain(\x1b[01;31m\x1b[Krbd\x1b[m\x1b[K::Coords6D index, GainType type, double value)\n'}
[4.877510] (iit_commons) StderrLine: {'line': b'      |                            \x1b[01;31m\x1b[K^~~\x1b[m\x1b[K\n'}
[4.881650] (iit_commons) StderrLine: {'line': b'\x1b[01m\x1b[K/root/muse_ws/muse_ros2/muse_ws/src/iit_commons/src/control/VirtualModel.cpp:55:49:\x1b[m\x1b[K \x1b[01;31m\x1b[Kerror: \x1b[m\x1b[K\xe2\x80\x98\x1b[01m\x1b[KGainType\x1b[m\x1b[K\xe2\x80\x99 was not declared in this scope\n'}
[4.881961] (iit_commons) StderrLine: {'line': b'   55 | void VirtualModel::setGain(rbd::Coords6D index, \x1b[01;31m\x1b[KGainType\x1b[m\x1b[K type, double value)\n'}
[4.882067] (iit_commons) StderrLine: {'line': b'      |                                                 \x1b[01;31m\x1b[K^~~~~~~~\x1b[m\x1b[K\n'}
[4.882147] (iit_commons) StderrLine: {'line': b'\x1b[01m\x1b[K/root/muse_ws/muse_ros2/muse_ws/src/iit_commons/src/control/VirtualModel.cpp:55:64:\x1b[m\x1b[K \x1b[01;31m\x1b[Kerror: \x1b[m\x1b[Kexpected primary-expression before \xe2\x80\x98\x1b[01m\x1b[Kdouble\x1b[m\x1b[K\xe2\x80\x99\n'}
[4.882231] (iit_commons) StderrLine: {'line': b'   55 | void VirtualModel::setGain(rbd::Coords6D index, GainType type, \x1b[01;31m\x1b[Kdouble\x1b[m\x1b[K value)\n'}
[4.882312] (iit_commons) StderrLine: {'line': b'      |                                                                \x1b[01;31m\x1b[K^~~~~~\x1b[m\x1b[K\n'}
[4.882387] (iit_commons) StderrLine: {'line': b'\x1b[01m\x1b[K/root/muse_ws/muse_ros2/muse_ws/src/iit_commons/src/control/VirtualModel.cpp:65:6:\x1b[m\x1b[K \x1b[01;31m\x1b[Kerror: \x1b[m\x1b[Kvariable or field \xe2\x80\x98\x1b[01m\x1b[KgetGains\x1b[m\x1b[K\xe2\x80\x99 declared void\n'}
[4.882500] (iit_commons) StderrLine: {'line': b'   65 | void \x1b[01;31m\x1b[KVirtualModel\x1b[m\x1b[K::getGains(Gains & Kp_out, Gains & Kd_out)\n'}
[4.882623] (iit_commons) StderrLine: {'line': b'      |      \x1b[01;31m\x1b[K^~~~~~~~~~~~\x1b[m\x1b[K\n'}
[4.886404] (iit_commons) StderrLine: {'line': b'\x1b[01m\x1b[K/root/muse_ws/muse_ros2/muse_ws/src/iit_commons/src/control/VirtualModel.cpp:65:29:\x1b[m\x1b[K \x1b[01;31m\x1b[Kerror: \x1b[m\x1b[K\xe2\x80\x98\x1b[01m\x1b[KGains\x1b[m\x1b[K\xe2\x80\x99 was not declared in this scope\n'}
[4.886795] (iit_commons) StderrLine: {'line': b'   65 | void VirtualModel::getGains(\x1b[01;31m\x1b[KGains\x1b[m\x1b[K & Kp_out, Gains & Kd_out)\n'}
[4.886886] (iit_commons) StderrLine: {'line': b'      |                             \x1b[01;31m\x1b[K^~~~~\x1b[m\x1b[K\n'}
[4.889464] (iit_commons) StderrLine: {'line': b'\x1b[01m\x1b[K/root/muse_ws/muse_ros2/muse_ws/src/iit_commons/src/control/VirtualModel.cpp:65:37:\x1b[m\x1b[K \x1b[01;31m\x1b[Kerror: \x1b[m\x1b[K\xe2\x80\x98\x1b[01m\x1b[KKp_out\x1b[m\x1b[K\xe2\x80\x99 was not declared in this scope\n'}
[4.889900] (iit_commons) StderrLine: {'line': b'   65 | void VirtualModel::getGains(Gains & \x1b[01;31m\x1b[KKp_out\x1b[m\x1b[K, Gains & Kd_out)\n'}
[4.890001] (iit_commons) StderrLine: {'line': b'      |                                     \x1b[01;31m\x1b[K^~~~~~\x1b[m\x1b[K\n'}
[4.894238] (iit_commons) StderrLine: {'line': b'\x1b[01m\x1b[K/root/muse_ws/muse_ros2/muse_ws/src/iit_commons/src/control/VirtualModel.cpp:65:45:\x1b[m\x1b[K \x1b[01;31m\x1b[Kerror: \x1b[m\x1b[K\xe2\x80\x98\x1b[01m\x1b[KGains\x1b[m\x1b[K\xe2\x80\x99 was not declared in this scope\n'}
[4.894675] (iit_commons) StderrLine: {'line': b'   65 | void VirtualModel::getGains(Gains & Kp_out, \x1b[01;31m\x1b[KGains\x1b[m\x1b[K & Kd_out)\n'}
[4.894746] (iit_commons) StderrLine: {'line': b'      |                                             \x1b[01;31m\x1b[K^~~~~\x1b[m\x1b[K\n'}
[4.904744] (iit_commons) StderrLine: {'line': b'\x1b[01m\x1b[K/root/muse_ws/muse_ros2/muse_ws/src/iit_commons/src/control/VirtualModel.cpp:65:53:\x1b[m\x1b[K \x1b[01;31m\x1b[Kerror: \x1b[m\x1b[K\xe2\x80\x98\x1b[01m\x1b[KKd_out\x1b[m\x1b[K\xe2\x80\x99 was not declared in this scope\n'}
[4.905392] (iit_commons) StderrLine: {'line': b'   65 | void VirtualModel::getGains(Gains & Kp_out, Gains & \x1b[01;31m\x1b[KKd_out\x1b[m\x1b[K)\n'}
[4.905496] (iit_commons) StderrLine: {'line': b'      |                                                     \x1b[01;31m\x1b[K^~~~~~\x1b[m\x1b[K\n'}
[4.905573] (iit_commons) StderrLine: {'line': b'\x1b[01m\x1b[K/root/muse_ws/muse_ros2/muse_ws/src/iit_commons/src/control/VirtualModel.cpp:76:15:\x1b[m\x1b[K \x1b[01;31m\x1b[Kerror: \x1b[m\x1b[K\xe2\x80\x98\x1b[01m\x1b[KWrench\x1b[m\x1b[K\xe2\x80\x99 in \xe2\x80\x98\x1b[01m\x1b[Kclass iit_commons::control::VirtualModel\x1b[m\x1b[K\xe2\x80\x99 does not name a type\n'}
[4.905650] (iit_commons) StderrLine: {'line': b'   76 | VirtualModel::\x1b[01;31m\x1b[KWrench\x1b[m\x1b[K VirtualModel::getFeedBackWrench(const PointState & des_lin_state,\n'}
[4.905722] (iit_commons) StderrLine: {'line': b'      |               \x1b[01;31m\x1b[K^~~~~~\x1b[m\x1b[K\n'}
[4.905900] (iit_commons) StderrLine: {'line': b'\x1b[01m\x1b[K/root/muse_ws/muse_ros2/muse_ws/src/iit_commons/src/control/VirtualModel.cpp:135:15:\x1b[m\x1b[K \x1b[01;31m\x1b[Kerror: \x1b[m\x1b[K\xe2\x80\x98\x1b[01m\x1b[KWrench\x1b[m\x1b[K\xe2\x80\x99 in \xe2\x80\x98\x1b[01m\x1b[Kclass iit_commons::control::VirtualModel\x1b[m\x1b[K\xe2\x80\x99 does not name a type\n'}
[4.906002] (iit_commons) StderrLine: {'line': b'  135 | VirtualModel::\x1b[01;31m\x1b[KWrench\x1b[m\x1b[K VirtualModel::getFeedForwardWrench(const Vector3d& des_lin_acc,\n'}
[4.906075] (iit_commons) StderrLine: {'line': b'      |               \x1b[01;31m\x1b[K^~~~~~\x1b[m\x1b[K\n'}
[4.906129] (iit_commons) StderrLine: {'line': b'\x1b[01m\x1b[K/root/muse_ws/muse_ros2/muse_ws/src/iit_commons/src/control/VirtualModel.cpp:187:15:\x1b[m\x1b[K \x1b[01;31m\x1b[Kerror: \x1b[m\x1b[K\xe2\x80\x98\x1b[01m\x1b[KWrench\x1b[m\x1b[K\xe2\x80\x99 in \xe2\x80\x98\x1b[01m\x1b[Kclass iit_commons::control::VirtualModel\x1b[m\x1b[K\xe2\x80\x99 does not name a type\n'}
[4.906262] (iit_commons) StderrLine: {'line': b'  187 | VirtualModel::\x1b[01;31m\x1b[KWrench\x1b[m\x1b[K VirtualModel::getTotalWrench(const PointState & des_pos,\n'}
[4.906356] (iit_commons) StderrLine: {'line': b'      |               \x1b[01;31m\x1b[K^~~~~~\x1b[m\x1b[K\n'}
[4.906429] (iit_commons) StderrLine: {'line': b'\x1b[01m\x1b[K/root/muse_ws/muse_ros2/muse_ws/src/iit_commons/src/control/VirtualModel.cpp:209:50:\x1b[m\x1b[K \x1b[01;31m\x1b[Kerror: \x1b[m\x1b[K\xe2\x80\x98\x1b[01m\x1b[KWrench\x1b[m\x1b[K\xe2\x80\x99 does not name a type\n'}
[4.906564] (iit_commons) StderrLine: {'line': b'  209 | void VirtualModel::setWrenchErrorThreshold(const \x1b[01;31m\x1b[KWrench\x1b[m\x1b[K& wrench_error_threshold){\n'}
[4.906633] (iit_commons) StderrLine: {'line': b'      |                                                  \x1b[01;31m\x1b[K^~~~~~\x1b[m\x1b[K\n'}
[4.906688] (iit_commons) StderrLine: {'line': b'\x1b[01m\x1b[K/root/muse_ws/muse_ros2/muse_ws/src/iit_commons/src/control/VirtualModel.cpp:\x1b[m\x1b[K In member function \xe2\x80\x98\x1b[01m\x1b[Kvoid iit_commons::control::VirtualModel::setWrenchErrorThreshold(const int&)\x1b[m\x1b[K\xe2\x80\x99:\n'}
[4.906741] (iit_commons) StderrLine: {'line': b'\x1b[01m\x1b[K/root/muse_ws/muse_ros2/muse_ws/src/iit_commons/src/control/VirtualModel.cpp:210:11:\x1b[m\x1b[K \x1b[01;31m\x1b[Kerror: \x1b[m\x1b[K\xe2\x80\x98\x1b[01m\x1b[Kclass iit_commons::control::VirtualModel\x1b[m\x1b[K\xe2\x80\x99 has no member named \xe2\x80\x98\x1b[01m\x1b[KwrenchErrorThreshold_\x1b[m\x1b[K\xe2\x80\x99; did you mean \xe2\x80\x98\x1b[01m\x1b[KsetWrenchErrorThreshold\x1b[m\x1b[K\xe2\x80\x99?\n'}
[4.906794] (iit_commons) StderrLine: {'line': b'  210 |     this->\x1b[01;31m\x1b[KwrenchErrorThreshold_\x1b[m\x1b[K = wrench_error_threshold;\n'}
[4.906843] (iit_commons) StderrLine: {'line': b'      |           \x1b[01;31m\x1b[K^~~~~~~~~~~~~~~~~~~~~\x1b[m\x1b[K\n'}
[4.906888] (iit_commons) StderrLine: {'line': b'      |           \x1b[32m\x1b[KsetWrenchErrorThreshold\x1b[m\x1b[K\n'}
[4.968401] (-) TimerEvent: {}
[5.069425] (-) TimerEvent: {}
[5.170050] (-) TimerEvent: {}
[5.270909] (-) TimerEvent: {}
[5.371384] (-) TimerEvent: {}
[5.477008] (-) TimerEvent: {}
[5.493264] (state_estimator) StdoutLine: {'line': b'--   NUMPY_INCLUDE_DIRS=/usr/lib/python3/dist-packages/numpy/core/include\n'}
[5.577173] (-) TimerEvent: {}
[5.682493] (-) TimerEvent: {}
[5.760591] (state_estimator) StdoutLine: {'line': b'--   NUMPY_VERSION=1.21.5\n'}
[5.782643] (-) TimerEvent: {}
[5.883135] (-) TimerEvent: {}
[5.983726] (-) TimerEvent: {}
[6.093064] (-) TimerEvent: {}
[6.193680] (-) TimerEvent: {}
[6.294594] (-) TimerEvent: {}
[6.332015] (state_estimator) StdoutLine: {'line': b'-- Found Python3: /usr/bin/python3 (found version "3.10.12") found components: Interpreter Development.Module NumPy \n'}
[6.332321] (state_estimator) StdoutLine: {'line': b'-- PythonLibraryDirs: \n'}
[6.332411] (state_estimator) StdoutLine: {'line': b'-- PythonLibVersionString: 3.10.12\n'}
[6.353831] (state_estimator) StdoutLine: {'line': b'-- Python site lib: lib/python3.10/site-packages\n'}
[6.354142] (state_estimator) StdoutLine: {'line': b'-- Python include dirs: /usr/include/python3.10\n'}
[6.396154] (-) TimerEvent: {}
[6.417465] (state_estimator) StdoutLine: {'line': b'-- Checking for NumPy\n'}
[6.496468] (-) TimerEvent: {}
[6.596950] (-) TimerEvent: {}
[6.675893] (state_estimator) StdoutLine: {'line': b'--   NUMPY_INCLUDE_DIRS=/usr/lib/python3/dist-packages/numpy/core/include\n'}
[6.697098] (-) TimerEvent: {}
[6.797931] (-) TimerEvent: {}
[6.899040] (-) TimerEvent: {}
[6.940672] (state_estimator) StdoutLine: {'line': b'--   NUMPY_VERSION=1.21.5\n'}
[6.940943] (state_estimator) StdoutLine: {'line': b'-- NumPy include dir: /usr/lib/python3/dist-packages/numpy/core/include\n'}
[6.947915] (state_estimator) StderrLine: {'line': b'\x1b[33mCMake Warning at /usr/share/cmake-3.22/Modules/FindBoost.cmake:2201 (message):\n'}
[6.948277] (state_estimator) StderrLine: {'line': b'  No header defined for python310; skipping header check (note: header-only\n'}
[6.948398] (state_estimator) StderrLine: {'line': b'  libraries have no designated component)\n'}
[6.948461] (state_estimator) StderrLine: {'line': b'Call Stack (most recent call first):\n'}
[6.948515] (state_estimator) StderrLine: {'line': b'  /opt/ros/humble/lib/x86_64-linux-gnu/cmake/eigenpy/boost.cmake:148 (find_package)\n'}
[6.948588] (state_estimator) StderrLine: {'line': b'  /opt/ros/humble/lib/x86_64-linux-gnu/cmake/eigenpy/eigenpyConfig.cmake:149 (SEARCH_FOR_BOOST_PYTHON)\n'}
[6.948648] (state_estimator) StderrLine: {'line': b'  /usr/share/cmake-3.22/Modules/CMakeFindDependencyMacro.cmake:47 (find_package)\n'}
[6.948733] (state_estimator) StderrLine: {'line': b'  /opt/ros/humble/lib/x86_64-linux-gnu/cmake/pinocchio/pinocchioConfig.cmake:161 (find_dependency)\n'}
[6.948798] (state_estimator) StderrLine: {'line': b'  CMakeLists.txt:30 (find_package)\n'}
[6.948859] (state_estimator) StderrLine: {'line': b'\n'}
[6.948934] (state_estimator) StderrLine: {'line': b'\x1b[0m\n'}
[6.949425] (state_estimator) StdoutLine: {'line': b'-- Found Boost: /usr/include (found version "1.74.0") found components: python310 \n'}
[6.999219] (-) TimerEvent: {}
[7.099783] (-) TimerEvent: {}
[7.201945] (-) TimerEvent: {}
[7.302523] (-) TimerEvent: {}
[7.403138] (-) TimerEvent: {}
[7.503702] (-) TimerEvent: {}
[7.604818] (-) TimerEvent: {}
[7.706086] (-) TimerEvent: {}
[7.807474] (-) TimerEvent: {}
[7.910772] (-) TimerEvent: {}
[8.015953] (-) TimerEvent: {}
[8.060714] (state_estimator) StdoutLine: {'line': b'-- Default C++ standard: 201703\n'}
[8.061195] (state_estimator) StdoutLine: {'line': b'-- Minimal C++ standard upgraded to 11\n'}
[8.061319] (state_estimator) StdoutLine: {'line': b'-- C++ standard sufficient: Minimal required 11, currently defined: 17\n'}
[8.061414] (state_estimator) StdoutLine: {'line': b'-- hpp-fcl FOUND. hpp-fcl at /opt/ros/humble/lib/x86_64-linux-gnu/libhpp-fcl.so\n'}
[8.078377] (state_estimator) StdoutLine: {'line': b'-- Found Boost: /usr/include (found version "1.74.0") found components: chrono serialization filesystem \n'}
[8.098961] (state_estimator) StdoutLine: {'line': b'-- C++ standard sufficient: Minimal required 11, currently defined: 17\n'}
[8.102052] (state_estimator) StdoutLine: {'line': b'-- C++ standard sufficient: Minimal required 11, currently defined: 17\n'}
[8.116096] (-) TimerEvent: {}
[8.116457] (state_estimator) StdoutLine: {'line': b'-- Found ament_lint_auto: 0.12.14 (/opt/ros/humble/share/ament_lint_auto/cmake)\n'}
[8.217367] (-) TimerEvent: {}
[8.292405] (state_estimator) StdoutLine: {'line': b"-- Added test 'cppcheck' to perform static code analysis on C / C++ code\n"}
[8.292879] (state_estimator) StdoutLine: {'line': b'-- Configured cppcheck include dirs: /root/muse_ws/muse_ros2/muse_ws/src/state_estimator/include\n'}
[8.293115] (state_estimator) StdoutLine: {'line': b'-- Configured cppcheck exclude dirs and/or files: \n'}
[8.295138] (state_estimator) StdoutLine: {'line': b"-- Added test 'flake8' to check Python code syntax and style conventions\n"}
[8.301088] (state_estimator) StdoutLine: {'line': b"-- Added test 'lint_cmake' to check CMake code style\n"}
[8.305007] (state_estimator) StdoutLine: {'line': b"-- Added test 'pep257' to check Python code against some of the docstring style conventions in PEP 257\n"}
[8.314891] (state_estimator) StdoutLine: {'line': b"-- Added test 'uncrustify' to check C / C++ code style\n"}
[8.315821] (state_estimator) StdoutLine: {'line': b'-- Configured uncrustify additional arguments: \n'}
[8.317594] (-) TimerEvent: {}
[8.325870] (state_estimator) StdoutLine: {'line': b"-- Added test 'xmllint' to check XML markup files\n"}
[8.336974] (state_estimator) StdoutLine: {'line': b'-- Configuring done\n'}
[8.417863] (-) TimerEvent: {}
[8.425301] (state_estimator) StdoutLine: {'line': b'-- Generating done\n'}
[8.442408] (state_estimator) StdoutLine: {'line': b'-- Build files have been written to: /root/muse_ws/muse_ros2/muse_ws/build/state_estimator\n'}
[8.472345] (state_estimator) CommandEnded: {'returncode': 0}
[8.478258] (state_estimator) JobProgress: {'identifier': 'state_estimator', 'progress': 'build'}
[8.478597] (state_estimator) Command: {'cmd': ['/usr/bin/cmake', '--build', '/root/muse_ws/muse_ros2/muse_ws/build/state_estimator', '--', '-j12', '-l12'], 'cwd': '/root/muse_ws/muse_ros2/muse_ws/build/state_estimator', 'env': OrderedDict([('LESSOPEN', '| /usr/bin/lesspipe %s'), ('HOSTNAME', '0fa4e54b97e2'), ('SHLVL', '1'), ('LIBGL_ALWAYS_SOFTWARE', '1'), ('LD_LIBRARY_PATH', '/root/muse_ws/muse_ros2/muse_ws/install/state_estimator_msgs/lib:/home/dev_ws/colcon_ws/install/kiss_icp/lib:/opt/ros/humble/opt/rviz_ogre_vendor/lib:/opt/ros/humble/lib/x86_64-linux-gnu:/opt/ros/humble/lib'), ('HOME', '/root'), ('OLDPWD', '/root/muse_ws/muse_ros2'), ('ROS_PYTHON_VERSION', '3'), ('COLCON_PREFIX_PATH', '/home/dev_ws/colcon_ws/install'), ('ROS_DISTRO', 'humble'), ('_', '/usr/bin/colcon'), ('ROS_VERSION', '2'), ('TERM', 'xterm'), ('ROS_LOCALHOST_ONLY', '0'), ('PATH', '/opt/ros/humble/bin:/usr/local/sbin:/usr/local/bin:/usr/sbin:/usr/bin:/sbin:/bin'), ('XDG_RUNTIME_DIR', '/tmp/runtime-root'), ('LANG', 'C.UTF-8'), ('LS_COLORS', 'rs=0:di=01;34:ln=01;36:mh=00:pi=40;33:so=01;35:do=01;35:bd=40;33;01:cd=40;33;01:or=40;31;01:mi=00:su=37;41:sg=30;43:ca=30;41:tw=30;42:ow=34;42:st=37;44:ex=01;32:*.tar=01;31:*.tgz=01;31:*.arc=01;31:*.arj=01;31:*.taz=01;31:*.lha=01;31:*.lz4=01;31:*.lzh=01;31:*.lzma=01;31:*.tlz=01;31:*.txz=01;31:*.tzo=01;31:*.t7z=01;31:*.zip=01;31:*.z=01;31:*.dz=01;31:*.gz=01;31:*.lrz=01;31:*.lz=01;31:*.lzo=01;31:*.xz=01;31:*.zst=01;31:*.tzst=01;31:*.bz2=01;31:*.bz=01;31:*.tbz=01;31:*.tbz2=01;31:*.tz=01;31:*.deb=01;31:*.rpm=01;31:*.jar=01;31:*.war=01;31:*.ear=01;31:*.sar=01;31:*.rar=01;31:*.alz=01;31:*.ace=01;31:*.zoo=01;31:*.cpio=01;31:*.7z=01;31:*.rz=01;31:*.cab=01;31:*.wim=01;31:*.swm=01;31:*.dwm=01;31:*.esd=01;31:*.jpg=01;35:*.jpeg=01;35:*.mjpg=01;35:*.mjpeg=01;35:*.gif=01;35:*.bmp=01;35:*.pbm=01;35:*.pgm=01;35:*.ppm=01;35:*.tga=01;35:*.xbm=01;35:*.xpm=01;35:*.tif=01;35:*.tiff=01;35:*.png=01;35:*.svg=01;35:*.svgz=01;35:*.mng=01;35:*.pcx=01;35:*.mov=01;35:*.mpg=01;35:*.mpeg=01;35:*.m2v=01;35:*.mkv=01;35:*.webm=01;35:*.webp=01;35:*.ogm=01;35:*.mp4=01;35:*.m4v=01;35:*.mp4v=01;35:*.vob=01;35:*.qt=01;35:*.nuv=01;35:*.wmv=01;35:*.asf=01;35:*.rm=01;35:*.rmvb=01;35:*.flc=01;35:*.avi=01;35:*.fli=01;35:*.flv=01;35:*.gl=01;35:*.dl=01;35:*.xcf=01;35:*.xwd=01;35:*.yuv=01;35:*.cgm=01;35:*.emf=01;35:*.ogv=01;35:*.ogx=01;35:*.aac=00;36:*.au=00;36:*.flac=00;36:*.m4a=00;36:*.mid=00;36:*.midi=00;36:*.mka=00;36:*.mp3=00;36:*.mpc=00;36:*.ogg=00;36:*.ra=00;36:*.wav=00;36:*.oga=00;36:*.opus=00;36:*.spx=00;36:*.xspf=00;36:'), ('AMENT_PREFIX_PATH', '/root/muse_ws/muse_ros2/muse_ws/install/state_estimator_msgs:/home/dev_ws/colcon_ws/install/kiss_icp:/opt/ros/humble'), ('DEBIAN_FRONTEND', 'noninteractive'), ('LESSCLOSE', '/usr/bin/lesspipe %s %s'), ('PWD', '/root/muse_ws/muse_ros2/muse_ws/build/state_estimator'), ('LC_ALL', 'C.UTF-8'), ('PYTHONPATH', '/root/muse_ws/muse_ros2/muse_ws/install/state_estimator_msgs/local/lib/python3.10/dist-packages:/opt/ros/humble/lib/python3.10/site-packages:/opt/ros/humble/local/lib/python3.10/dist-packages'), ('COLCON', '1'), ('CMAKE_PREFIX_PATH', '/root/muse_ws/muse_ros2/muse_ws/install/state_estimator_msgs:/home/dev_ws/colcon_ws/install/kiss_icp:/opt/ros/humble')]), 'shell': False}
[8.520398] (-) TimerEvent: {}
[8.615556] (state_estimator) StdoutLine: {'line': b'[ 12%] \x1b[32mBuilding CXX object CMakeFiles/state_estimator_plugins.dir/src/plugins/attitude_estimation_plugin.cpp.o\x1b[0m\n'}
[8.620601] (-) TimerEvent: {}
[8.721260] (-) TimerEvent: {}
[8.822075] (-) TimerEvent: {}
[8.925022] (-) TimerEvent: {}
[9.025562] (-) TimerEvent: {}
[9.126015] (-) TimerEvent: {}
[9.226539] (-) TimerEvent: {}
[9.332323] (-) TimerEvent: {}
[9.432886] (-) TimerEvent: {}
[9.534389] (-) TimerEvent: {}
[9.634810] (-) TimerEvent: {}
[9.735949] (-) TimerEvent: {}
[9.840306] (-) TimerEvent: {}
[9.940804] (-) TimerEvent: {}
[10.041411] (-) TimerEvent: {}
[10.141994] (-) TimerEvent: {}
[10.252956] (-) TimerEvent: {}
[10.353499] (-) TimerEvent: {}
[10.454903] (-) TimerEvent: {}
[10.555593] (-) TimerEvent: {}
[10.657511] (-) TimerEvent: {}
[10.758814] (-) TimerEvent: {}
[10.859544] (-) TimerEvent: {}
[10.960152] (-) TimerEvent: {}
[11.060783] (-) TimerEvent: {}
[11.161882] (-) TimerEvent: {}
[11.262536] (-) TimerEvent: {}
[11.370231] (-) TimerEvent: {}
[11.477827] (-) TimerEvent: {}
[11.578472] (-) TimerEvent: {}
[11.680361] (-) TimerEvent: {}
[11.780777] (-) TimerEvent: {}
[11.881585] (-) TimerEvent: {}
[11.982066] (-) TimerEvent: {}
[12.082515] (-) TimerEvent: {}
[12.183148] (-) TimerEvent: {}
[12.286852] (-) TimerEvent: {}
[12.388109] (-) TimerEvent: {}
[12.488634] (-) TimerEvent: {}
[12.589689] (-) TimerEvent: {}
[12.690414] (-) TimerEvent: {}
[12.790873] (-) TimerEvent: {}
[12.891301] (-) TimerEvent: {}
[12.991737] (-) TimerEvent: {}
[13.092280] (-) TimerEvent: {}
[13.192841] (-) TimerEvent: {}
[13.293345] (-) TimerEvent: {}
[13.393954] (-) TimerEvent: {}
[13.496383] (-) TimerEvent: {}
[13.597576] (-) TimerEvent: {}
[13.698368] (-) TimerEvent: {}
[13.798983] (-) TimerEvent: {}
[13.904325] (-) TimerEvent: {}
[13.950731] (state_estimator) StderrLine: {'line': b'In file included from \x1b[01m\x1b[K/root/muse_ws/muse_ros2/muse_ws/src/state_estimator/include/state_estimator/plugin.hpp:5\x1b[m\x1b[K,\n'}
[13.951284] (state_estimator) StderrLine: {'line': b'                 from \x1b[01m\x1b[K/root/muse_ws/muse_ros2/muse_ws/src/state_estimator/src/plugins/attitude_estimation_plugin.cpp:350\x1b[m\x1b[K:\n'}
[13.951406] (state_estimator) StderrLine: {'line': b'\x1b[01m\x1b[K/root/muse_ws/muse_ros2/muse_ws/src/state_estimator/include/state_estimator/Robot.hpp:\x1b[m\x1b[K In constructor \xe2\x80\x98\x1b[01m\x1b[Kstate_estimator::Robot::Robot(state_estimator::Robot&&)\x1b[m\x1b[K\xe2\x80\x99:\n'}
[13.951539] (state_estimator) StderrLine: {'line': b'\x1b[01m\x1b[K/root/muse_ws/muse_ros2/muse_ws/src/state_estimator/include/state_estimator/Robot.hpp:25:23:\x1b[m\x1b[K \x1b[01;35m\x1b[Kwarning: \x1b[m\x1b[Kunused parameter \xe2\x80\x98\x1b[01m\x1b[Kthat\x1b[m\x1b[K\xe2\x80\x99 [\x1b[01;35m\x1b[K-Wunused-parameter\x1b[m\x1b[K]\n'}
[13.951654] (state_estimator) StderrLine: {'line': b'   25 |         Robot(\x1b[01;35m\x1b[KRobot&& that\x1b[m\x1b[K) { }\n'}
[13.951714] (state_estimator) StderrLine: {'line': b'      |               \x1b[01;35m\x1b[K~~~~~~~~^~~~\x1b[m\x1b[K\n'}
[14.004859] (-) TimerEvent: {}
[14.105635] (-) TimerEvent: {}
[14.206144] (-) TimerEvent: {}
[14.306683] (-) TimerEvent: {}
[14.407404] (-) TimerEvent: {}
[14.508451] (-) TimerEvent: {}
[14.608944] (-) TimerEvent: {}
[14.710171] (-) TimerEvent: {}
[14.814064] (-) TimerEvent: {}
[14.914809] (-) TimerEvent: {}
[14.931186] (state_estimator) StderrLine: {'line': b'In file included from \x1b[01m\x1b[K/root/muse_ws/muse_ros2/muse_ws/src/state_estimator/include/state_estimator/Estimator.hpp:4\x1b[m\x1b[K,\n'}
[14.931457] (state_estimator) StderrLine: {'line': b'                 from \x1b[01m\x1b[K/root/muse_ws/muse_ros2/muse_ws/src/state_estimator/include/state_estimator/Observers/Observer.hpp:7\x1b[m\x1b[K,\n'}
[14.931544] (state_estimator) StderrLine: {'line': b'                 from \x1b[01m\x1b[K/root/muse_ws/muse_ros2/muse_ws/src/state_estimator/include/state_estimator/Observers/NLO.hpp:4\x1b[m\x1b[K,\n'}
[14.931615] (state_estimator) StderrLine: {'line': b'                 from \x1b[01m\x1b[K/root/muse_ws/muse_ros2/muse_ws/src/state_estimator/include/state_estimator/Models/attitude_bias_NLO.hpp:4\x1b[m\x1b[K,\n'}
[14.931739] (state_estimator) StderrLine: {'line': b'                 from \x1b[01m\x1b[K/root/muse_ws/muse_ros2/muse_ws/src/state_estimator/src/plugins/attitude_estimation_plugin.cpp:351\x1b[m\x1b[K:\n'}
[14.931828] (state_estimator) StderrLine: {'line': b'\x1b[01m\x1b[K/root/muse_ws/muse_ros2/muse_ws/src/state_estimator/include/state_estimator/lib.hpp:\x1b[m\x1b[K In function \xe2\x80\x98\x1b[01m\x1b[KEigen::Matrix<double, 3, 3> state_estimator::calc_Rzyx(const Eigen::Matrix<double, 3, 1>&)\x1b[m\x1b[K\xe2\x80\x99:\n'}
[14.931921] (state_estimator) StderrLine: {'line': b'\x1b[01m\x1b[K/root/muse_ws/muse_ros2/muse_ws/src/state_estimator/include/state_estimator/lib.hpp:46:43:\x1b[m\x1b[K \x1b[01;35m\x1b[Kwarning: \x1b[m\x1b[Kvariable \xe2\x80\x98\x1b[01m\x1b[Ku1\x1b[m\x1b[K\xe2\x80\x99 set but not used [\x1b[01;35m\x1b[K-Wunused-but-set-variable\x1b[m\x1b[K]\n'}
[14.932016] (state_estimator) StderrLine: {'line': b'   46 |                 Eigen::Matrix<double,3,1> \x1b[01;35m\x1b[Ku1\x1b[m\x1b[K = R.block(0,0,3,1);\n'}
[14.932085] (state_estimator) StderrLine: {'line': b'      |                                           \x1b[01;35m\x1b[K^~\x1b[m\x1b[K\n'}
[14.932153] (state_estimator) StderrLine: {'line': b'\x1b[01m\x1b[K/root/muse_ws/muse_ros2/muse_ws/src/state_estimator/include/state_estimator/lib.hpp:47:43:\x1b[m\x1b[K \x1b[01;35m\x1b[Kwarning: \x1b[m\x1b[Kvariable \xe2\x80\x98\x1b[01m\x1b[Ku2\x1b[m\x1b[K\xe2\x80\x99 set but not used [\x1b[01;35m\x1b[K-Wunused-but-set-variable\x1b[m\x1b[K]\n'}
[14.932263] (state_estimator) StderrLine: {'line': b'   47 |                 Eigen::Matrix<double,3,1> \x1b[01;35m\x1b[Ku2\x1b[m\x1b[K = R.block(0,1,3,1);\n'}
[14.932372] (state_estimator) StderrLine: {'line': b'      |                                           \x1b[01;35m\x1b[K^~\x1b[m\x1b[K\n'}
[14.932467] (state_estimator) StderrLine: {'line': b'\x1b[01m\x1b[K/root/muse_ws/muse_ros2/muse_ws/src/state_estimator/include/state_estimator/lib.hpp:48:43:\x1b[m\x1b[K \x1b[01;35m\x1b[Kwarning: \x1b[m\x1b[Kvariable \xe2\x80\x98\x1b[01m\x1b[Ku3\x1b[m\x1b[K\xe2\x80\x99 set but not used [\x1b[01;35m\x1b[K-Wunused-but-set-variable\x1b[m\x1b[K]\n'}
[14.932551] (state_estimator) StderrLine: {'line': b'   48 |                 Eigen::Matrix<double,3,1> \x1b[01;35m\x1b[Ku3\x1b[m\x1b[K = R.block(0,2,3,1);\n'}
[14.932623] (state_estimator) StderrLine: {'line': b'      |                                           \x1b[01;35m\x1b[K^~\x1b[m\x1b[K\n'}
[15.015013] (-) TimerEvent: {}
[15.115460] (-) TimerEvent: {}
[15.155383] (state_estimator) StderrLine: {'line': b'In file included from \x1b[01m\x1b[K/root/muse_ws/muse_ros2/muse_ws/src/state_estimator/include/state_estimator/Estimator.hpp:4\x1b[m\x1b[K,\n'}
[15.155952] (state_estimator) StderrLine: {'line': b'                 from \x1b[01m\x1b[K/root/muse_ws/muse_ros2/muse_ws/src/state_estimator/include/state_estimator/Observers/Observer.hpp:7\x1b[m\x1b[K,\n'}
[15.156093] (state_estimator) StderrLine: {'line': b'                 from \x1b[01m\x1b[K/root/muse_ws/muse_ros2/muse_ws/src/state_estimator/include/state_estimator/Observers/NLO.hpp:4\x1b[m\x1b[K,\n'}
[15.156192] (state_estimator) StderrLine: {'line': b'                 from \x1b[01m\x1b[K/root/muse_ws/muse_ros2/muse_ws/src/state_estimator/include/state_estimator/Models/attitude_bias_NLO.hpp:4\x1b[m\x1b[K,\n'}
[15.156324] (state_estimator) StderrLine: {'line': b'                 from \x1b[01m\x1b[K/root/muse_ws/muse_ros2/muse_ws/src/state_estimator/src/plugins/attitude_estimation_plugin.cpp:351\x1b[m\x1b[K:\n'}
[15.156455] (state_estimator) StderrLine: {'line': b'\x1b[01m\x1b[K/root/muse_ws/muse_ros2/muse_ws/src/state_estimator/include/state_estimator/lib.hpp:\x1b[m\x1b[K In function \xe2\x80\x98\x1b[01m\x1b[Kstd::string state_estimator::ns2str(uint64_t)\x1b[m\x1b[K\xe2\x80\x99:\n'}
[15.156550] (state_estimator) StderrLine: {'line': b'\x1b[01m\x1b[K/root/muse_ws/muse_ros2/muse_ws/src/state_estimator/include/state_estimator/lib.hpp:163:18:\x1b[m\x1b[K \x1b[01;35m\x1b[Kwarning: \x1b[m\x1b[Kunused variable \xe2\x80\x98\x1b[01m\x1b[Kns\x1b[m\x1b[K\xe2\x80\x99 [\x1b[01;35m\x1b[K-Wunused-variable\x1b[m\x1b[K]\n'}
[15.156627] (state_estimator) StderrLine: {'line': b'  163 |         uint64_t \x1b[01;35m\x1b[Kns\x1b[m\x1b[K =  t-y*31536000000000000-d*86400000000000-h*3600000000000-m*60000000000-s*1000000000-ms*1000000-us*1000;\n'}
[15.156696] (state_estimator) StderrLine: {'line': b'      |                  \x1b[01;35m\x1b[K^~\x1b[m\x1b[K\n'}
[15.156763] (state_estimator) StderrLine: {'line': b'\x1b[01m\x1b[K/root/muse_ws/muse_ros2/muse_ws/src/state_estimator/include/state_estimator/lib.hpp:168:26:\x1b[m\x1b[K \x1b[01;35m\x1b[Kwarning: \x1b[m\x1b[Kunused variable \xe2\x80\x98\x1b[01m\x1b[Kx\x1b[m\x1b[K\xe2\x80\x99 [\x1b[01;35m\x1b[K-Wunused-variable\x1b[m\x1b[K]\n'}
[15.156844] (state_estimator) StderrLine: {'line': b'  168 |                 uint64_t \x1b[01;35m\x1b[Kx\x1b[m\x1b[K = 1;\n'}
[15.156938] (state_estimator) StderrLine: {'line': b'      |                          \x1b[01;35m\x1b[K^\x1b[m\x1b[K\n'}
[15.176539] (state_estimator) StderrLine: {'line': b'In file included from \x1b[01m\x1b[K/root/muse_ws/muse_ros2/muse_ws/src/state_estimator/include/state_estimator/Observers/Observer.hpp:7\x1b[m\x1b[K,\n'}
[15.176786] (state_estimator) StderrLine: {'line': b'                 from \x1b[01m\x1b[K/root/muse_ws/muse_ros2/muse_ws/src/state_estimator/include/state_estimator/Observers/NLO.hpp:4\x1b[m\x1b[K,\n'}
[15.176851] (state_estimator) StderrLine: {'line': b'                 from \x1b[01m\x1b[K/root/muse_ws/muse_ros2/muse_ws/src/state_estimator/include/state_estimator/Models/attitude_bias_NLO.hpp:4\x1b[m\x1b[K,\n'}
[15.176906] (state_estimator) StderrLine: {'line': b'                 from \x1b[01m\x1b[K/root/muse_ws/muse_ros2/muse_ws/src/state_estimator/src/plugins/attitude_estimation_plugin.cpp:351\x1b[m\x1b[K:\n'}
[15.176957] (state_estimator) StderrLine: {'line': b'\x1b[01m\x1b[K/root/muse_ws/muse_ros2/muse_ws/src/state_estimator/include/state_estimator/Estimator.hpp:\x1b[m\x1b[K In member function \xe2\x80\x98\x1b[01m\x1b[Kvirtual void state_estimator::EstimatorBase::updateGen(double, Eigen::MatrixXd&, Eigen::MatrixXd&)\x1b[m\x1b[K\xe2\x80\x99:\n'}
[15.177010] (state_estimator) StderrLine: {'line': b'\x1b[01m\x1b[K/root/muse_ws/muse_ros2/muse_ws/src/state_estimator/include/state_estimator/Estimator.hpp:39:31:\x1b[m\x1b[K \x1b[01;35m\x1b[Kwarning: \x1b[m\x1b[Kunused parameter \xe2\x80\x98\x1b[01m\x1b[Kt\x1b[m\x1b[K\xe2\x80\x99 [\x1b[01;35m\x1b[K-Wunused-parameter\x1b[m\x1b[K]\n'}
[15.177059] (state_estimator) StderrLine: {'line': b'   39 | virtual void updateGen(\x1b[01;35m\x1b[Kdouble t\x1b[m\x1b[K, Eigen::MatrixXd &u, Eigen::MatrixXd &z) { }\n'}
[15.177108] (state_estimator) StderrLine: {'line': b'      |                        \x1b[01;35m\x1b[K~~~~~~~^\x1b[m\x1b[K\n'}
[15.177155] (state_estimator) StderrLine: {'line': b'\x1b[01m\x1b[K/root/muse_ws/muse_ros2/muse_ws/src/state_estimator/include/state_estimator/Estimator.hpp:39:51:\x1b[m\x1b[K \x1b[01;35m\x1b[Kwarning: \x1b[m\x1b[Kunused parameter \xe2\x80\x98\x1b[01m\x1b[Ku\x1b[m\x1b[K\xe2\x80\x99 [\x1b[01;35m\x1b[K-Wunused-parameter\x1b[m\x1b[K]\n'}
[15.177203] (state_estimator) StderrLine: {'line': b'   39 | virtual void updateGen(double t, \x1b[01;35m\x1b[KEigen::MatrixXd &u\x1b[m\x1b[K, Eigen::MatrixXd &z) { }\n'}
[15.177249] (state_estimator) StderrLine: {'line': b'      |                                  \x1b[01;35m\x1b[K~~~~~~~~~~~~~~~~~^\x1b[m\x1b[K\n'}
[15.177294] (state_estimator) StderrLine: {'line': b'\x1b[01m\x1b[K/root/muse_ws/muse_ros2/muse_ws/src/state_estimator/include/state_estimator/Estimator.hpp:39:71:\x1b[m\x1b[K \x1b[01;35m\x1b[Kwarning: \x1b[m\x1b[Kunused parameter \xe2\x80\x98\x1b[01m\x1b[Kz\x1b[m\x1b[K\xe2\x80\x99 [\x1b[01;35m\x1b[K-Wunused-parameter\x1b[m\x1b[K]\n'}
[15.177340] (state_estimator) StderrLine: {'line': b'   39 | virtual void updateGen(double t, Eigen::MatrixXd &u, \x1b[01;35m\x1b[KEigen::MatrixXd &z\x1b[m\x1b[K) { }\n'}
[15.177384] (state_estimator) StderrLine: {'line': b'      |                                                      \x1b[01;35m\x1b[K~~~~~~~~~~~~~~~~~^\x1b[m\x1b[K\n'}
[15.218838] (-) TimerEvent: {}
[15.221003] (state_estimator) StderrLine: {'line': b'In file included from \x1b[01m\x1b[K/root/muse_ws/muse_ros2/muse_ws/src/state_estimator/src/plugins/attitude_estimation_plugin.cpp:351\x1b[m\x1b[K:\n'}
[15.221282] (state_estimator) StderrLine: {'line': b'\x1b[01m\x1b[K/root/muse_ws/muse_ros2/muse_ws/src/state_estimator/include/state_estimator/Models/attitude_bias_NLO.hpp:\x1b[m\x1b[K In member function \xe2\x80\x98\x1b[01m\x1b[Kvirtual void state_estimator::AttitudeBiasNLO::predict(double, const Vector3d&)\x1b[m\x1b[K\xe2\x80\x99:\n'}
[15.221379] (state_estimator) StderrLine: {'line': b'\x1b[01m\x1b[K/root/muse_ws/muse_ros2/muse_ws/src/state_estimator/include/state_estimator/Models/attitude_bias_NLO.hpp:22:45:\x1b[m\x1b[K \x1b[01;35m\x1b[Kwarning: \x1b[m\x1b[Kunused parameter \xe2\x80\x98\x1b[01m\x1b[Kt\x1b[m\x1b[K\xe2\x80\x99 [\x1b[01;35m\x1b[K-Wunused-parameter\x1b[m\x1b[K]\n'}
[15.221477] (state_estimator) StderrLine: {'line': b'   22 |                 virtual void predict(\x1b[01;35m\x1b[Kdouble t\x1b[m\x1b[K, const Eigen::Vector3d &u) override {}\n'}
[15.221561] (state_estimator) StderrLine: {'line': b'      |                                      \x1b[01;35m\x1b[K~~~~~~~^\x1b[m\x1b[K\n'}
[15.221631] (state_estimator) StderrLine: {'line': b'\x1b[01m\x1b[K/root/muse_ws/muse_ros2/muse_ws/src/state_estimator/include/state_estimator/Models/attitude_bias_NLO.hpp:22:71:\x1b[m\x1b[K \x1b[01;35m\x1b[Kwarning: \x1b[m\x1b[Kunused parameter \xe2\x80\x98\x1b[01m\x1b[Ku\x1b[m\x1b[K\xe2\x80\x99 [\x1b[01;35m\x1b[K-Wunused-parameter\x1b[m\x1b[K]\n'}
[15.221710] (state_estimator) StderrLine: {'line': b'   22 |                 virtual void predict(double t, \x1b[01;35m\x1b[Kconst Eigen::Vector3d &u\x1b[m\x1b[K) override {}\n'}
[15.221777] (state_estimator) StderrLine: {'line': b'      |                                                \x1b[01;35m\x1b[K~~~~~~~~~~~~~~~~~~~~~~~^\x1b[m\x1b[K\n'}
[15.221852] (state_estimator) StderrLine: {'line': b'\x1b[01m\x1b[K/root/muse_ws/muse_ros2/muse_ws/src/state_estimator/include/state_estimator/Models/attitude_bias_NLO.hpp:\x1b[m\x1b[K In member function \xe2\x80\x98\x1b[01m\x1b[Kvirtual void state_estimator::AttitudeBiasNLO::update(double, const Vector6d&)\x1b[m\x1b[K\xe2\x80\x99:\n'}
[15.221919] (state_estimator) StderrLine: {'line': b'\x1b[01m\x1b[K/root/muse_ws/muse_ros2/muse_ws/src/state_estimator/include/state_estimator/Models/attitude_bias_NLO.hpp:24:44:\x1b[m\x1b[K \x1b[01;35m\x1b[Kwarning: \x1b[m\x1b[Kunused parameter \xe2\x80\x98\x1b[01m\x1b[Kt\x1b[m\x1b[K\xe2\x80\x99 [\x1b[01;35m\x1b[K-Wunused-parameter\x1b[m\x1b[K]\n'}
[15.222035] (state_estimator) StderrLine: {'line': b'   24 |                 virtual void update(\x1b[01;35m\x1b[Kdouble t\x1b[m\x1b[K, const Eigen::Vector6d &z) override {}\n'}
[15.222091] (state_estimator) StderrLine: {'line': b'      |                                     \x1b[01;35m\x1b[K~~~~~~~^\x1b[m\x1b[K\n'}
[15.222155] (state_estimator) StderrLine: {'line': b'\x1b[01m\x1b[K/root/muse_ws/muse_ros2/muse_ws/src/state_estimator/include/state_estimator/Models/attitude_bias_NLO.hpp:24:70:\x1b[m\x1b[K \x1b[01;35m\x1b[Kwarning: \x1b[m\x1b[Kunused parameter \xe2\x80\x98\x1b[01m\x1b[Kz\x1b[m\x1b[K\xe2\x80\x99 [\x1b[01;35m\x1b[K-Wunused-parameter\x1b[m\x1b[K]\n'}
[15.222226] (state_estimator) StderrLine: {'line': b'   24 |                 virtual void update(double t, \x1b[01;35m\x1b[Kconst Eigen::Vector6d &z\x1b[m\x1b[K) override {}\n'}
[15.222286] (state_estimator) StderrLine: {'line': b'      |                                               \x1b[01;35m\x1b[K~~~~~~~~~~~~~~~~~~~~~~~^\x1b[m\x1b[K\n'}
[15.318962] (-) TimerEvent: {}
[15.419430] (-) TimerEvent: {}
[15.521430] (-) TimerEvent: {}
[15.621967] (-) TimerEvent: {}
[15.722417] (-) TimerEvent: {}
[15.810647] (state_estimator) StderrLine: {'line': b'In file included from \x1b[01m\x1b[K/root/muse_ws/muse_ros2/muse_ws/src/state_estimator/src/plugins/attitude_estimation_plugin.cpp:352\x1b[m\x1b[K:\n'}
[15.810906] (state_estimator) StderrLine: {'line': b'\x1b[01m\x1b[K/root/muse_ws/muse_ros2/muse_ws/src/state_estimator/include/state_estimator/Models/attitude_bias_XKF.hpp:\x1b[m\x1b[K In destructor \xe2\x80\x98\x1b[01m\x1b[Kstate_estimator::AttitudeBiasXKF::~AttitudeBiasXKF()\x1b[m\x1b[K\xe2\x80\x99:\n'}
[15.810983] (state_estimator) StderrLine: {'line': b'\x1b[01m\x1b[K/root/muse_ws/muse_ros2/muse_ws/src/state_estimator/include/state_estimator/Models/attitude_bias_XKF.hpp:30:49:\x1b[m\x1b[K \x1b[01;35m\x1b[Kwarning: \x1b[m\x1b[Kdeleting object of abstract class type \xe2\x80\x98\x1b[01m\x1b[Kstate_estimator::NLO<double, 7, 3, 6>\x1b[m\x1b[K\xe2\x80\x99 which has non-virtual destructor will cause undefined behavior [\x1b[01;35m\x1b[K-Wdelete-non-virtual-dtor\x1b[m\x1b[K]\n'}
[15.811105] (state_estimator) StderrLine: {'line': b'   30 |                         if (this->nlo!=nullptr) \x1b[01;35m\x1b[Kdelete(this->nlo)\x1b[m\x1b[K;\n'}
[15.811207] (state_estimator) StderrLine: {'line': b'      |                                                 \x1b[01;35m\x1b[K^~~~~~~~~~~~~~~~~\x1b[m\x1b[K\n'}
[15.822563] (-) TimerEvent: {}
[15.922953] (-) TimerEvent: {}
[16.023469] (-) TimerEvent: {}
[16.124153] (-) TimerEvent: {}
[16.228328] (-) TimerEvent: {}
[16.328783] (-) TimerEvent: {}
[16.432351] (-) TimerEvent: {}
[16.532881] (-) TimerEvent: {}
[16.636327] (-) TimerEvent: {}
[16.737684] (-) TimerEvent: {}
[16.838419] (-) TimerEvent: {}
[16.872662] (state_estimator) StderrLine: {'line': b'\x1b[01m\x1b[K/root/muse_ws/muse_ros2/muse_ws/src/state_estimator/include/state_estimator/Models/attitude_bias_XKF.hpp:\x1b[m\x1b[K In member function \xe2\x80\x98\x1b[01m\x1b[Kvirtual void state_estimator::AttitudeBiasXKF::update(double, const Vector6d&)\x1b[m\x1b[K\xe2\x80\x99:\n'}
[16.873231] (state_estimator) StderrLine: {'line': b'\x1b[01m\x1b[K/root/muse_ws/muse_ros2/muse_ws/src/state_estimator/include/state_estimator/Models/attitude_bias_XKF.hpp:71:41:\x1b[m\x1b[K \x1b[01;35m\x1b[Kwarning: \x1b[m\x1b[Kvariable \xe2\x80\x98\x1b[01m\x1b[Kxbar\x1b[m\x1b[K\xe2\x80\x99 set but not used [\x1b[01;35m\x1b[K-Wunused-but-set-variable\x1b[m\x1b[K]\n'}
[16.873655] (state_estimator) StderrLine: {'line': b'   71 |                         Eigen::Vector7d \x1b[01;35m\x1b[Kxbar\x1b[m\x1b[K = this->x_bar;\n'}
[16.873737] (state_estimator) StderrLine: {'line': b'      |                                         \x1b[01;35m\x1b[K^~~~\x1b[m\x1b[K\n'}
[16.873829] (state_estimator) StderrLine: {'line': b'\x1b[01m\x1b[K/root/muse_ws/muse_ros2/muse_ws/src/state_estimator/include/state_estimator/Models/attitude_bias_XKF.hpp:74:41:\x1b[m\x1b[K \x1b[01;35m\x1b[Kwarning: \x1b[m\x1b[Kvariable \xe2\x80\x98\x1b[01m\x1b[Kf_bar\x1b[m\x1b[K\xe2\x80\x99 set but not used [\x1b[01;35m\x1b[K-Wunused-but-set-variable\x1b[m\x1b[K]\n'}
[16.873902] (state_estimator) StderrLine: {'line': b'   74 |                         Eigen::Vector3d \x1b[01;35m\x1b[Kf_bar\x1b[m\x1b[K = R_bar.transpose()*this->f_n;\n'}
[16.873970] (state_estimator) StderrLine: {'line': b'      |                                         \x1b[01;35m\x1b[K^~~~~\x1b[m\x1b[K\n'}
[16.874060] (state_estimator) StderrLine: {'line': b'\x1b[01m\x1b[K/root/muse_ws/muse_ros2/muse_ws/src/state_estimator/include/state_estimator/Models/attitude_bias_XKF.hpp:75:41:\x1b[m\x1b[K \x1b[01;35m\x1b[Kwarning: \x1b[m\x1b[Kvariable \xe2\x80\x98\x1b[01m\x1b[Km_bar\x1b[m\x1b[K\xe2\x80\x99 set but not used [\x1b[01;35m\x1b[K-Wunused-but-set-variable\x1b[m\x1b[K]\n'}
[16.874127] (state_estimator) StderrLine: {'line': b'   75 |                         Eigen::Vector3d \x1b[01;35m\x1b[Km_bar\x1b[m\x1b[K = R_bar.transpose()*this->m_n;\n'}
[16.874188] (state_estimator) StderrLine: {'line': b'      |                                         \x1b[01;35m\x1b[K^~~~~\x1b[m\x1b[K\n'}
[16.939124] (-) TimerEvent: {}
[17.039694] (-) TimerEvent: {}
[17.140118] (-) TimerEvent: {}
[17.240669] (-) TimerEvent: {}
[17.341109] (-) TimerEvent: {}
[17.446660] (-) TimerEvent: {}
[17.554075] (-) TimerEvent: {}
[17.655115] (-) TimerEvent: {}
[17.755684] (-) TimerEvent: {}
[17.856254] (-) TimerEvent: {}
[17.957137] (-) TimerEvent: {}
[18.058021] (-) TimerEvent: {}
[18.159583] (-) TimerEvent: {}
[18.196837] (state_estimator) StderrLine: {'line': b'\x1b[01m\x1b[K/root/muse_ws/muse_ros2/muse_ws/src/state_estimator/include/state_estimator/Models/attitude_bias_XKF.hpp:\x1b[m\x1b[K In member function \xe2\x80\x98\x1b[01m\x1b[Kvirtual Eigen::Vector7d state_estimator::AttitudeBiasXKF::calc_f(double, const Vector7d&, const Vector3d&)\x1b[m\x1b[K\xe2\x80\x99:\n'}
[18.197373] (state_estimator) StderrLine: {'line': b'\x1b[01m\x1b[K/root/muse_ws/muse_ros2/muse_ws/src/state_estimator/include/state_estimator/Models/attitude_bias_XKF.hpp:122:47:\x1b[m\x1b[K \x1b[01;35m\x1b[Kwarning: \x1b[m\x1b[Kunused parameter \xe2\x80\x98\x1b[01m\x1b[Kt\x1b[m\x1b[K\xe2\x80\x99 [\x1b[01;35m\x1b[K-Wunused-parameter\x1b[m\x1b[K]\n'}
[18.197533] (state_estimator) StderrLine: {'line': b'  122 |                 Eigen::Vector7d calc_f(\x1b[01;35m\x1b[Kdouble t\x1b[m\x1b[K, const Eigen::Vector7d &x, const Eigen::Vector3d &u)\n'}
[18.197657] (state_estimator) StderrLine: {'line': b'      |                                        \x1b[01;35m\x1b[K~~~~~~~^\x1b[m\x1b[K\n'}
[18.233846] (state_estimator) StderrLine: {'line': b'\x1b[01m\x1b[K/root/muse_ws/muse_ros2/muse_ws/src/state_estimator/include/state_estimator/Models/attitude_bias_XKF.hpp:\x1b[m\x1b[K In member function \xe2\x80\x98\x1b[01m\x1b[Kvirtual Eigen::Vector6d state_estimator::AttitudeBiasXKF::calc_h(double, const Vector7d&)\x1b[m\x1b[K\xe2\x80\x99:\n'}
[18.234344] (state_estimator) StderrLine: {'line': b'\x1b[01m\x1b[K/root/muse_ws/muse_ros2/muse_ws/src/state_estimator/include/state_estimator/Models/attitude_bias_XKF.hpp:142:41:\x1b[m\x1b[K \x1b[01;35m\x1b[Kwarning: \x1b[m\x1b[Kvariable \xe2\x80\x98\x1b[01m\x1b[Kb\x1b[m\x1b[K\xe2\x80\x99 set but not used [\x1b[01;35m\x1b[K-Wunused-but-set-variable\x1b[m\x1b[K]\n'}
[18.234472] (state_estimator) StderrLine: {'line': b'  142 |                         Eigen::Vector3d \x1b[01;35m\x1b[Kb\x1b[m\x1b[K = x.tail(3);\n'}
[18.234633] (state_estimator) StderrLine: {'line': b'      |                                         \x1b[01;35m\x1b[K^\x1b[m\x1b[K\n'}
[18.234725] (state_estimator) StderrLine: {'line': b'\x1b[01m\x1b[K/root/muse_ws/muse_ros2/muse_ws/src/state_estimator/include/state_estimator/Models/attitude_bias_XKF.hpp:138:47:\x1b[m\x1b[K \x1b[01;35m\x1b[Kwarning: \x1b[m\x1b[Kunused parameter \xe2\x80\x98\x1b[01m\x1b[Kt\x1b[m\x1b[K\xe2\x80\x99 [\x1b[01;35m\x1b[K-Wunused-parameter\x1b[m\x1b[K]\n'}
[18.234787] (state_estimator) StderrLine: {'line': b'  138 |                 Eigen::Vector6d calc_h(\x1b[01;35m\x1b[Kdouble t\x1b[m\x1b[K, const Eigen::Vector7d &x)\n'}
[18.234886] (state_estimator) StderrLine: {'line': b'      |                                        \x1b[01;35m\x1b[K~~~~~~~^\x1b[m\x1b[K\n'}
[18.274374] (-) TimerEvent: {}
[18.352432] (state_estimator) StderrLine: {'line': b'\x1b[01m\x1b[K/root/muse_ws/muse_ros2/muse_ws/src/state_estimator/include/state_estimator/Models/attitude_bias_XKF.hpp:\x1b[m\x1b[K In member function \xe2\x80\x98\x1b[01m\x1b[Kvirtual Eigen::Matrix7d state_estimator::AttitudeBiasXKF::calc_F(double, const Vector7d&, const Vector3d&)\x1b[m\x1b[K\xe2\x80\x99:\n'}
[18.352777] (state_estimator) StderrLine: {'line': b'\x1b[01m\x1b[K/root/muse_ws/muse_ros2/muse_ws/src/state_estimator/include/state_estimator/Models/attitude_bias_XKF.hpp:153:47:\x1b[m\x1b[K \x1b[01;35m\x1b[Kwarning: \x1b[m\x1b[Kunused parameter \xe2\x80\x98\x1b[01m\x1b[Kt\x1b[m\x1b[K\xe2\x80\x99 [\x1b[01;35m\x1b[K-Wunused-parameter\x1b[m\x1b[K]\n'}
[18.352888] (state_estimator) StderrLine: {'line': b'  153 |                 Eigen::Matrix7d calc_F(\x1b[01;35m\x1b[Kdouble t\x1b[m\x1b[K, const Eigen::Vector7d &x, const Eigen::Vector3d &u)\n'}
[18.352994] (state_estimator) StderrLine: {'line': b'      |                                        \x1b[01;35m\x1b[K~~~~~~~^\x1b[m\x1b[K\n'}
[18.374539] (-) TimerEvent: {}
[18.475643] (-) TimerEvent: {}
[18.576199] (-) TimerEvent: {}
[18.677396] (-) TimerEvent: {}
[18.716585] (state_estimator) StderrLine: {'line': b'\x1b[01m\x1b[K/root/muse_ws/muse_ros2/muse_ws/src/state_estimator/include/state_estimator/Models/attitude_bias_XKF.hpp:\x1b[m\x1b[K In member function \xe2\x80\x98\x1b[01m\x1b[KEigen::Matrix6d state_estimator::AttitudeBiasXKF::calc_F(double, const Vector7d&, const Vector7d&, const Vector3d&)\x1b[m\x1b[K\xe2\x80\x99:\n'}
[18.720923] (state_estimator) StderrLine: {'line': b'\x1b[01m\x1b[K/root/muse_ws/muse_ros2/muse_ws/src/state_estimator/include/state_estimator/Models/attitude_bias_XKF.hpp:175:41:\x1b[m\x1b[K \x1b[01;35m\x1b[Kwarning: \x1b[m\x1b[Kvariable \xe2\x80\x98\x1b[01m\x1b[Komega\x1b[m\x1b[K\xe2\x80\x99 set but not used [\x1b[01;35m\x1b[K-Wunused-but-set-variable\x1b[m\x1b[K]\n'}
[18.721102] (state_estimator) StderrLine: {'line': b'  175 |                         Eigen::Vector3d \x1b[01;35m\x1b[Komega\x1b[m\x1b[K = u;\n'}
[18.721202] (state_estimator) StderrLine: {'line': b'      |                                         \x1b[01;35m\x1b[K^~~~~\x1b[m\x1b[K\n'}
[18.721277] (state_estimator) StderrLine: {'line': b'\x1b[01m\x1b[K/root/muse_ws/muse_ros2/muse_ws/src/state_estimator/include/state_estimator/Models/attitude_bias_XKF.hpp:168:47:\x1b[m\x1b[K \x1b[01;35m\x1b[Kwarning: \x1b[m\x1b[Kunused parameter \xe2\x80\x98\x1b[01m\x1b[Kt\x1b[m\x1b[K\xe2\x80\x99 [\x1b[01;35m\x1b[K-Wunused-parameter\x1b[m\x1b[K]\n'}
[18.721381] (state_estimator) StderrLine: {'line': b'  168 |                 Eigen::Matrix6d calc_F(\x1b[01;35m\x1b[Kdouble t\x1b[m\x1b[K, const Eigen::Vector7d &xhat, const Eigen::Vector7d &xbar, const Eigen::Vector3d &u)\n'}
[18.721463] (state_estimator) StderrLine: {'line': b'      |                                        \x1b[01;35m\x1b[K~~~~~~~^\x1b[m\x1b[K\n'}
[18.721545] (state_estimator) StderrLine: {'line': b'\x1b[01m\x1b[K/root/muse_ws/muse_ros2/muse_ws/src/state_estimator/include/state_estimator/Models/attitude_bias_XKF.hpp:\x1b[m\x1b[K In member function \xe2\x80\x98\x1b[01m\x1b[KEigen::Matrix6d state_estimator::AttitudeBiasXKF::calc_G(double, const Vector7d&, const Vector7d&, const Vector3d&)\x1b[m\x1b[K\xe2\x80\x99:\n'}
[18.721718] (state_estimator) StderrLine: {'line': b'\x1b[01m\x1b[K/root/muse_ws/muse_ros2/muse_ws/src/state_estimator/include/state_estimator/Models/attitude_bias_XKF.hpp:197:41:\x1b[m\x1b[K \x1b[01;35m\x1b[Kwarning: \x1b[m\x1b[Kvariable \xe2\x80\x98\x1b[01m\x1b[Kbhat\x1b[m\x1b[K\xe2\x80\x99 set but not used [\x1b[01;35m\x1b[K-Wunused-but-set-variable\x1b[m\x1b[K]\n'}
[18.721807] (state_estimator) StderrLine: {'line': b'  197 |                         Eigen::Vector3d \x1b[01;35m\x1b[Kbhat\x1b[m\x1b[K = xhat.tail(3);\n'}
[18.721881] (state_estimator) StderrLine: {'line': b'      |                                         \x1b[01;35m\x1b[K^~~~\x1b[m\x1b[K\n'}
[18.721951] (state_estimator) StderrLine: {'line': b'\x1b[01m\x1b[K/root/muse_ws/muse_ros2/muse_ws/src/state_estimator/include/state_estimator/Models/attitude_bias_XKF.hpp:199:41:\x1b[m\x1b[K \x1b[01;35m\x1b[Kwarning: \x1b[m\x1b[Kvariable \xe2\x80\x98\x1b[01m\x1b[Kbbar\x1b[m\x1b[K\xe2\x80\x99 set but not used [\x1b[01;35m\x1b[K-Wunused-but-set-variable\x1b[m\x1b[K]\n'}
[18.722022] (state_estimator) StderrLine: {'line': b'  199 |                         Eigen::Vector3d \x1b[01;35m\x1b[Kbbar\x1b[m\x1b[K = xbar.tail(3);\n'}
[18.722092] (state_estimator) StderrLine: {'line': b'      |                                         \x1b[01;35m\x1b[K^~~~\x1b[m\x1b[K\n'}
[18.722160] (state_estimator) StderrLine: {'line': b'\x1b[01m\x1b[K/root/muse_ws/muse_ros2/muse_ws/src/state_estimator/include/state_estimator/Models/attitude_bias_XKF.hpp:200:41:\x1b[m\x1b[K \x1b[01;35m\x1b[Kwarning: \x1b[m\x1b[Kvariable \xe2\x80\x98\x1b[01m\x1b[Komega\x1b[m\x1b[K\xe2\x80\x99 set but not used [\x1b[01;35m\x1b[K-Wunused-but-set-variable\x1b[m\x1b[K]\n'}
[18.722246] (state_estimator) StderrLine: {'line': b'  200 |                         Eigen::Vector3d \x1b[01;35m\x1b[Komega\x1b[m\x1b[K = u;\n'}
[18.722324] (state_estimator) StderrLine: {'line': b'      |                                         \x1b[01;35m\x1b[K^~~~~\x1b[m\x1b[K\n'}
[18.722396] (state_estimator) StderrLine: {'line': b'\x1b[01m\x1b[K/root/muse_ws/muse_ros2/muse_ws/src/state_estimator/include/state_estimator/Models/attitude_bias_XKF.hpp:193:47:\x1b[m\x1b[K \x1b[01;35m\x1b[Kwarning: \x1b[m\x1b[Kunused parameter \xe2\x80\x98\x1b[01m\x1b[Kt\x1b[m\x1b[K\xe2\x80\x99 [\x1b[01;35m\x1b[K-Wunused-parameter\x1b[m\x1b[K]\n'}
[18.722469] (state_estimator) StderrLine: {'line': b'  193 |                 Eigen::Matrix6d calc_G(\x1b[01;35m\x1b[Kdouble t\x1b[m\x1b[K, const Eigen::Vector7d &xhat, const Eigen::Vector7d &xbar, const Eigen::Vector3d &u)\n'}
[18.722540] (state_estimator) StderrLine: {'line': b'      |                                        \x1b[01;35m\x1b[K~~~~~~~^\x1b[m\x1b[K\n'}
[18.777532] (-) TimerEvent: {}
[18.877944] (-) TimerEvent: {}
[18.927037] (state_estimator) StderrLine: {'line': b'\x1b[01m\x1b[K/root/muse_ws/muse_ros2/muse_ws/src/state_estimator/include/state_estimator/Models/attitude_bias_XKF.hpp:\x1b[m\x1b[K In member function \xe2\x80\x98\x1b[01m\x1b[KEigen::Matrix6d state_estimator::AttitudeBiasXKF::calc_H(double, const Vector7d&, const Vector7d&)\x1b[m\x1b[K\xe2\x80\x99:\n'}
[18.929553] (state_estimator) StderrLine: {'line': b'\x1b[01m\x1b[K/root/muse_ws/muse_ros2/muse_ws/src/state_estimator/include/state_estimator/Models/attitude_bias_XKF.hpp:214:47:\x1b[m\x1b[K \x1b[01;35m\x1b[Kwarning: \x1b[m\x1b[Kunused parameter \xe2\x80\x98\x1b[01m\x1b[Kt\x1b[m\x1b[K\xe2\x80\x99 [\x1b[01;35m\x1b[K-Wunused-parameter\x1b[m\x1b[K]\n'}
[18.929691] (state_estimator) StderrLine: {'line': b'  214 |                 Eigen::Matrix6d calc_H(\x1b[01;35m\x1b[Kdouble t\x1b[m\x1b[K, const Eigen::Vector7d &xhat, const Eigen::Vector7d &xbar)\n'}
[18.929762] (state_estimator) StderrLine: {'line': b'      |                                        \x1b[01;35m\x1b[K~~~~~~~^\x1b[m\x1b[K\n'}
[18.978178] (-) TimerEvent: {}
[19.020505] (state_estimator) StderrLine: {'line': b'\x1b[01m\x1b[K/root/muse_ws/muse_ros2/muse_ws/src/state_estimator/include/state_estimator/Models/attitude_bias_XKF.hpp:\x1b[m\x1b[K In member function \xe2\x80\x98\x1b[01m\x1b[Kvirtual Eigen::Matrix<double, 6, 7, 0, 6, 7> state_estimator::AttitudeBiasXKF::calc_H(double, const Vector7d&)\x1b[m\x1b[K\xe2\x80\x99:\n'}
[19.020784] (state_estimator) StderrLine: {'line': b'\x1b[01m\x1b[K/root/muse_ws/muse_ros2/muse_ws/src/state_estimator/include/state_estimator/Models/attitude_bias_XKF.hpp:233:65:\x1b[m\x1b[K \x1b[01;35m\x1b[Kwarning: \x1b[m\x1b[Kunused parameter \xe2\x80\x98\x1b[01m\x1b[Kt\x1b[m\x1b[K\xe2\x80\x99 [\x1b[01;35m\x1b[K-Wunused-parameter\x1b[m\x1b[K]\n'}
[19.020923] (state_estimator) StderrLine: {'line': b'  233 |                 virtual Eigen::Matrix<double,6,7> calc_H(\x1b[01;35m\x1b[Kdouble t\x1b[m\x1b[K, const Eigen::Vector7d &x)\n'}
[19.021004] (state_estimator) StderrLine: {'line': b'      |                                                          \x1b[01;35m\x1b[K~~~~~~~^\x1b[m\x1b[K\n'}
[19.078304] (-) TimerEvent: {}
[19.178813] (-) TimerEvent: {}
[19.284483] (-) TimerEvent: {}
[19.380159] (state_estimator) StderrLine: {'line': b'\x1b[01m\x1b[K/root/muse_ws/muse_ros2/muse_ws/src/state_estimator/src/plugins/attitude_estimation_plugin.cpp:\x1b[m\x1b[K In destructor \xe2\x80\x98\x1b[01m\x1b[Kvirtual state_estimator_plugins::AttitudeEstimationPlugin::~AttitudeEstimationPlugin()\x1b[m\x1b[K\xe2\x80\x99:\n'}
[19.380595] (state_estimator) StderrLine: {'line': b'\x1b[01m\x1b[K/root/muse_ws/muse_ros2/muse_ws/src/state_estimator/src/plugins/attitude_estimation_plugin.cpp:397:17:\x1b[m\x1b[K \x1b[01;35m\x1b[Kwarning: \x1b[m\x1b[Kdeleting object of polymorphic class type \xe2\x80\x98\x1b[01m\x1b[Kstate_estimator::AttitudeBiasXKF\x1b[m\x1b[K\xe2\x80\x99 which has non-virtual destructor might cause undefined behavior [\x1b[01;35m\x1b[K-Wdelete-non-virtual-dtor\x1b[m\x1b[K]\n'}
[19.380752] (state_estimator) StderrLine: {'line': b'  397 |                 \x1b[01;35m\x1b[Kdelete attitude_\x1b[m\x1b[K;\n'}
[19.380870] (state_estimator) StderrLine: {'line': b'      |                 \x1b[01;35m\x1b[K^~~~~~~~~~~~~~~~\x1b[m\x1b[K\n'}
[19.384886] (-) TimerEvent: {}
[19.485477] (-) TimerEvent: {}
[19.589903] (-) TimerEvent: {}
[19.690853] (-) TimerEvent: {}
[19.791557] (-) TimerEvent: {}
[19.892126] (-) TimerEvent: {}
[19.992787] (-) TimerEvent: {}
[20.093913] (-) TimerEvent: {}
[20.194535] (-) TimerEvent: {}
[20.296411] (-) TimerEvent: {}
[20.396912] (-) TimerEvent: {}
[20.497434] (-) TimerEvent: {}
[20.597910] (-) TimerEvent: {}
[20.698566] (-) TimerEvent: {}
[20.799750] (-) TimerEvent: {}
[20.900166] (-) TimerEvent: {}
[21.005459] (-) TimerEvent: {}
[21.108349] (-) TimerEvent: {}
[21.216358] (-) TimerEvent: {}
[21.316788] (-) TimerEvent: {}
[21.417383] (-) TimerEvent: {}
[21.519204] (-) TimerEvent: {}
[21.619680] (-) TimerEvent: {}
[21.720194] (-) TimerEvent: {}
[21.821094] (-) TimerEvent: {}
[21.923558] (-) TimerEvent: {}
[22.024148] (-) TimerEvent: {}
[22.128367] (-) TimerEvent: {}
[22.228975] (-) TimerEvent: {}
[22.332434] (-) TimerEvent: {}
[22.435381] (-) TimerEvent: {}
[22.536069] (-) TimerEvent: {}
[22.636617] (-) TimerEvent: {}
[22.740379] (-) TimerEvent: {}
[22.840862] (-) TimerEvent: {}
[22.944156] (-) TimerEvent: {}
[23.046272] (-) TimerEvent: {}
[23.146713] (-) TimerEvent: {}
[23.247306] (-) TimerEvent: {}
[23.347960] (-) TimerEvent: {}
[23.452380] (-) TimerEvent: {}
[23.553035] (-) TimerEvent: {}
[23.660913] (-) TimerEvent: {}
[23.765962] (-) TimerEvent: {}
[23.868700] (-) TimerEvent: {}
[23.969205] (-) TimerEvent: {}
[24.072344] (-) TimerEvent: {}
[24.172863] (-) TimerEvent: {}
[24.275649] (-) TimerEvent: {}
[24.376722] (-) TimerEvent: {}
[24.477498] (-) TimerEvent: {}
[24.579090] (-) TimerEvent: {}
[24.679565] (-) TimerEvent: {}
[24.780346] (-) TimerEvent: {}
[24.881520] (-) TimerEvent: {}
[24.988424] (-) TimerEvent: {}
[25.091560] (-) TimerEvent: {}
[25.197290] (-) TimerEvent: {}
[25.298183] (-) TimerEvent: {}
[25.398766] (-) TimerEvent: {}
[25.503031] (-) TimerEvent: {}
[25.603569] (-) TimerEvent: {}
[25.704087] (-) TimerEvent: {}
[25.808352] (-) TimerEvent: {}
[25.908815] (-) TimerEvent: {}
[26.016102] (-) TimerEvent: {}
[26.116622] (-) TimerEvent: {}
[26.217176] (-) TimerEvent: {}
[26.317631] (-) TimerEvent: {}
[26.418527] (-) TimerEvent: {}
[26.519660] (-) TimerEvent: {}
[26.621426] (-) TimerEvent: {}
[26.721909] (-) TimerEvent: {}
[26.822377] (-) TimerEvent: {}
[26.923223] (-) TimerEvent: {}
[27.023746] (-) TimerEvent: {}
[27.124457] (-) TimerEvent: {}
[27.235227] (-) TimerEvent: {}
[27.336007] (-) TimerEvent: {}
[27.440681] (-) TimerEvent: {}
[27.541508] (-) TimerEvent: {}
[27.642113] (-) TimerEvent: {}
[27.743035] (-) TimerEvent: {}
[27.846598] (-) TimerEvent: {}
[27.950327] (-) TimerEvent: {}
[28.051007] (-) TimerEvent: {}
[28.154715] (-) TimerEvent: {}
[28.256398] (-) TimerEvent: {}
[28.358304] (-) TimerEvent: {}
[28.465517] (-) TimerEvent: {}
[28.566434] (-) TimerEvent: {}
[28.667909] (-) TimerEvent: {}
[28.769183] (-) TimerEvent: {}
[28.870446] (-) TimerEvent: {}
[28.971340] (-) TimerEvent: {}
[29.071884] (-) TimerEvent: {}
[29.172737] (-) TimerEvent: {}
[29.273404] (-) TimerEvent: {}
[29.377322] (-) TimerEvent: {}
[29.478057] (-) TimerEvent: {}
[29.588406] (-) TimerEvent: {}
[29.689065] (-) TimerEvent: {}
[29.780627] (iit_commons) StderrLine: {'line': b'In file included from \x1b[01m\x1b[K/root/muse_ws/muse_ros2/muse_ws/src/iit_commons/include/iit_commons/commons/control/VirtualModel.hpp:7\x1b[m\x1b[K,\n'}
[29.781184] (iit_commons) StderrLine: {'line': b'                 from \x1b[01m\x1b[K/root/muse_ws/muse_ros2/muse_ws/src/iit_commons/src/control/VirtualModel.cpp:1\x1b[m\x1b[K:\n'}
[29.781323] (iit_commons) StderrLine: {'line': b'\x1b[01m\x1b[K/root/muse_ws/muse_ros2/muse_ws/src/iit_commons/include/iit_commons/commons/planning/planning.h:\x1b[m\x1b[K At global scope:\n'}
[29.781445] (iit_commons) StderrLine: {'line': b'\x1b[01m\x1b[K/root/muse_ws/muse_ros2/muse_ws/src/iit_commons/include/iit_commons/commons/planning/planning.h:207:13:\x1b[m\x1b[K \x1b[01;35m\x1b[Kwarning: \x1b[m\x1b[K\xe2\x80\x98\x1b[01m\x1b[Kvoid iit::planning::CounterClockwiseSort(std::vector<Eigen::Matrix<double, 3, 1> >&, std::vector<int>&)\x1b[m\x1b[K\xe2\x80\x99 defined but not used [\x1b[01;35m\x1b[K-Wunused-function\x1b[m\x1b[K]\n'}
[29.781593] (iit_commons) StderrLine: {'line': b'  207 | static void \x1b[01;35m\x1b[KCounterClockwiseSort\x1b[m\x1b[K(std::vector<Eigen::Vector3d>& p, std::vector<int> & index_map)\n'}
[29.781715] (iit_commons) StderrLine: {'line': b'      |             \x1b[01;35m\x1b[K^~~~~~~~~~~~~~~~~~~~\x1b[m\x1b[K\n'}
[29.781810] (iit_commons) StderrLine: {'line': b'\x1b[01m\x1b[K/root/muse_ws/muse_ros2/muse_ws/src/iit_commons/include/iit_commons/commons/planning/planning.h:158:13:\x1b[m\x1b[K \x1b[01;35m\x1b[Kwarning: \x1b[m\x1b[K\xe2\x80\x98\x1b[01m\x1b[Kvoid iit::planning::ClockwiseSort(std::vector<Eigen::Matrix<double, 3, 1> >&)\x1b[m\x1b[K\xe2\x80\x99 defined but not used [\x1b[01;35m\x1b[K-Wunused-function\x1b[m\x1b[K]\n'}
[29.781977] (iit_commons) StderrLine: {'line': b'  158 | static void \x1b[01;35m\x1b[KClockwiseSort\x1b[m\x1b[K(std::vector<Eigen::Vector3d>& p)\n'}
[29.782074] (iit_commons) StderrLine: {'line': b'      |             \x1b[01;35m\x1b[K^~~~~~~~~~~~~\x1b[m\x1b[K\n'}
[29.791848] (-) TimerEvent: {}
[29.892416] (-) TimerEvent: {}
[29.964529] (iit_commons) StderrLine: {'line': b'gmake[2]: *** [CMakeFiles/iitcommons.dir/build.make:104: CMakeFiles/iitcommons.dir/src/control/VirtualModel.cpp.o] Error 1\n'}
[29.966209] (iit_commons) StderrLine: {'line': b'gmake[1]: *** [CMakeFiles/Makefile2:167: CMakeFiles/iitcommons.dir/all] Error 2\n'}
[29.966464] (iit_commons) StderrLine: {'line': b'gmake: *** [Makefile:146: all] Error 2\n'}
[29.970740] (iit_commons) CommandEnded: {'returncode': 2}
[29.979997] (iit_commons) JobEnded: {'identifier': 'iit_commons', 'rc': 2}
[29.992616] (-) TimerEvent: {}
[30.093806] (-) TimerEvent: {}
[30.194320] (-) TimerEvent: {}
[30.294815] (-) TimerEvent: {}
[30.395403] (-) TimerEvent: {}
[30.495941] (-) TimerEvent: {}
[30.600491] (-) TimerEvent: {}
[30.701313] (-) TimerEvent: {}
[30.802902] (-) TimerEvent: {}
[30.903371] (-) TimerEvent: {}
[31.005295] (-) TimerEvent: {}
[31.105849] (-) TimerEvent: {}
[31.206483] (-) TimerEvent: {}
[31.307081] (-) TimerEvent: {}
[31.407651] (-) TimerEvent: {}
[31.508267] (-) TimerEvent: {}
[31.611760] (-) TimerEvent: {}
[31.712280] (-) TimerEvent: {}
[31.812721] (-) TimerEvent: {}
[31.913564] (-) TimerEvent: {}
[32.014404] (-) TimerEvent: {}
[32.116768] (-) TimerEvent: {}
[32.217606] (-) TimerEvent: {}
[32.318043] (-) TimerEvent: {}
[32.420400] (-) TimerEvent: {}
[32.520939] (-) TimerEvent: {}
[32.621426] (-) TimerEvent: {}
[32.721851] (-) TimerEvent: {}
[32.828518] (-) TimerEvent: {}
[32.931073] (-) TimerEvent: {}
[33.031776] (-) TimerEvent: {}
[33.132370] (-) TimerEvent: {}
[33.236377] (-) TimerEvent: {}
[33.337014] (-) TimerEvent: {}
[33.437645] (-) TimerEvent: {}
[33.538162] (-) TimerEvent: {}
[33.644404] (-) TimerEvent: {}
[33.744945] (-) TimerEvent: {}
[33.845710] (-) TimerEvent: {}
[33.946220] (-) TimerEvent: {}
[34.047076] (-) TimerEvent: {}
[34.147881] (-) TimerEvent: {}
[34.248432] (-) TimerEvent: {}
[34.349978] (-) TimerEvent: {}
[34.450551] (-) TimerEvent: {}
[34.551105] (-) TimerEvent: {}
[34.651603] (-) TimerEvent: {}
[34.752170] (-) TimerEvent: {}
[34.858480] (-) TimerEvent: {}
[34.962623] (-) TimerEvent: {}
[35.063174] (-) TimerEvent: {}
[35.163745] (-) TimerEvent: {}
[35.270210] (-) TimerEvent: {}
[35.371526] (-) TimerEvent: {}
[35.472063] (-) TimerEvent: {}
[35.572594] (-) TimerEvent: {}
[35.673044] (-) TimerEvent: {}
[35.773553] (-) TimerEvent: {}
[35.881739] (-) TimerEvent: {}
[35.982305] (-) TimerEvent: {}
[36.082779] (-) TimerEvent: {}
[36.188927] (-) TimerEvent: {}
[36.289483] (-) TimerEvent: {}
[36.390349] (-) TimerEvent: {}
[36.495160] (-) TimerEvent: {}
[36.595794] (-) TimerEvent: {}
[36.699130] (-) TimerEvent: {}
[36.799681] (-) TimerEvent: {}
[36.900609] (-) TimerEvent: {}
[37.004385] (-) TimerEvent: {}
[37.104902] (-) TimerEvent: {}
[37.212372] (-) TimerEvent: {}
[37.315341] (-) TimerEvent: {}
[37.422627] (-) TimerEvent: {}
[37.523783] (-) TimerEvent: {}
[37.628514] (-) TimerEvent: {}
[37.732045] (-) TimerEvent: {}
[37.833181] (-) TimerEvent: {}
[37.935570] (-) TimerEvent: {}
[38.037011] (-) TimerEvent: {}
[38.138641] (-) TimerEvent: {}
[38.244620] (-) TimerEvent: {}
[38.350624] (-) TimerEvent: {}
[38.451287] (-) TimerEvent: {}
[38.551934] (-) TimerEvent: {}
[38.652852] (-) TimerEvent: {}
[38.753896] (-) TimerEvent: {}
[38.854559] (-) TimerEvent: {}
[38.955714] (-) TimerEvent: {}
[39.056313] (-) TimerEvent: {}
[39.156833] (-) TimerEvent: {}
[39.257498] (-) TimerEvent: {}
[39.364755] (-) TimerEvent: {}
[39.465258] (-) TimerEvent: {}
[39.565761] (-) TimerEvent: {}
[39.667355] (-) TimerEvent: {}
[39.772375] (-) TimerEvent: {}
[39.872983] (-) TimerEvent: {}
[39.979467] (-) TimerEvent: {}
[40.079924] (-) TimerEvent: {}
[40.182189] (-) TimerEvent: {}
[40.283079] (-) TimerEvent: {}
[40.388390] (-) TimerEvent: {}
[40.495431] (-) TimerEvent: {}
[40.595955] (-) TimerEvent: {}
[40.701563] (-) TimerEvent: {}
[40.802079] (-) TimerEvent: {}
[40.902612] (-) TimerEvent: {}
[41.006713] (-) TimerEvent: {}
[41.107613] (-) TimerEvent: {}
[41.208262] (-) TimerEvent: {}
[41.309022] (-) TimerEvent: {}
[41.409600] (-) TimerEvent: {}
[41.510147] (-) TimerEvent: {}
[41.610924] (-) TimerEvent: {}
[41.656637] (state_estimator) StderrLine: {'line': b'In file included from \x1b[01m\x1b[K/root/muse_ws/muse_ros2/muse_ws/src/state_estimator/include/state_estimator/Observers/XKF.hpp:4\x1b[m\x1b[K,\n'}
[41.657138] (state_estimator) StderrLine: {'line': b'                 from \x1b[01m\x1b[K/root/muse_ws/muse_ros2/muse_ws/src/state_estimator/include/state_estimator/Models/attitude_bias_XKF.hpp:4\x1b[m\x1b[K,\n'}
[41.657306] (state_estimator) StderrLine: {'line': b'                 from \x1b[01m\x1b[K/root/muse_ws/muse_ros2/muse_ws/src/state_estimator/src/plugins/attitude_estimation_plugin.cpp:352\x1b[m\x1b[K:\n'}
[41.657402] (state_estimator) StderrLine: {'line': b'/root/muse_ws/muse_ros2/muse_ws/src/state_estimator/include/state_estimator/Observers/EKF.hpp: In instantiation of \xe2\x80\x98\x1b[01m\x1b[Kvoid state_estimator::EKFBase<T, N1, N2, N3, N4, N5, N6, N7>::predict(T, const Eigen::Matrix<T, N2, 1>&) [with T = double; int N1 = 7; int N2 = 3; int N3 = 6; int N4 = 7; int N5 = 6; int N6 = 6; int N7 = 6]\x1b[m\x1b[K\xe2\x80\x99:\n'}
[41.657497] (state_estimator) StderrLine: {'line': b'\x1b[01m\x1b[K/root/muse_ws/muse_ros2/muse_ws/src/state_estimator/include/state_estimator/Observers/EKF.hpp:40:15:\x1b[m\x1b[K   required from here\n'}
[41.657587] (state_estimator) StderrLine: {'line': b'\x1b[01m\x1b[K/root/muse_ws/muse_ros2/muse_ws/src/state_estimator/include/state_estimator/Observers/EKF.hpp:40:32:\x1b[m\x1b[K \x1b[01;35m\x1b[Kwarning: \x1b[m\x1b[Kunused parameter \xe2\x80\x98\x1b[01m\x1b[Kt\x1b[m\x1b[K\xe2\x80\x99 [\x1b[01;35m\x1b[K-Wunused-parameter\x1b[m\x1b[K]\n'}
[41.657911] (state_estimator) StderrLine: {'line': b'   40 |         virtual void predict(\x1b[01;35m\x1b[KT t\x1b[m\x1b[K, const Eigen::Matrix<T,N2,1> &u) override\n'}
[41.658038] (state_estimator) StderrLine: {'line': b'      |                              \x1b[01;35m\x1b[K~~^\x1b[m\x1b[K\n'}
[41.658254] (state_estimator) StderrLine: {'line': b'\x1b[01m\x1b[K/root/muse_ws/muse_ros2/muse_ws/src/state_estimator/include/state_estimator/Observers/EKF.hpp:40:64:\x1b[m\x1b[K \x1b[01;35m\x1b[Kwarning: \x1b[m\x1b[Kunused parameter \xe2\x80\x98\x1b[01m\x1b[Ku\x1b[m\x1b[K\xe2\x80\x99 [\x1b[01;35m\x1b[K-Wunused-parameter\x1b[m\x1b[K]\n'}
[41.658405] (state_estimator) StderrLine: {'line': b'   40 |         virtual void predict(T t, \x1b[01;35m\x1b[Kconst Eigen::Matrix<T,N2,1> &u\x1b[m\x1b[K) override\n'}
[41.658640] (state_estimator) StderrLine: {'line': b'      |                                   \x1b[01;35m\x1b[K~~~~~~~~~~~~~~~~~~~~~~~~~~~~~^\x1b[m\x1b[K\n'}
[41.658881] (state_estimator) StderrLine: {'line': b'/root/muse_ws/muse_ros2/muse_ws/src/state_estimator/include/state_estimator/Observers/EKF.hpp: In instantiation of \xe2\x80\x98\x1b[01m\x1b[Kvoid state_estimator::EKFBase<T, N1, N2, N3, N4, N5, N6, N7>::update(T, const Eigen::Matrix<T, N3, 1>&) [with T = double; int N1 = 7; int N2 = 3; int N3 = 6; int N4 = 7; int N5 = 6; int N6 = 6; int N7 = 6]\x1b[m\x1b[K\xe2\x80\x99:\n'}
[41.659116] (state_estimator) StderrLine: {'line': b'\x1b[01m\x1b[K/root/muse_ws/muse_ros2/muse_ws/src/state_estimator/include/state_estimator/Observers/EKF.hpp:48:15:\x1b[m\x1b[K   required from here\n'}
[41.659201] (state_estimator) StderrLine: {'line': b'\x1b[01m\x1b[K/root/muse_ws/muse_ros2/muse_ws/src/state_estimator/include/state_estimator/Observers/EKF.hpp:48:31:\x1b[m\x1b[K \x1b[01;35m\x1b[Kwarning: \x1b[m\x1b[Kunused parameter \xe2\x80\x98\x1b[01m\x1b[Kt\x1b[m\x1b[K\xe2\x80\x99 [\x1b[01;35m\x1b[K-Wunused-parameter\x1b[m\x1b[K]\n'}
[41.659273] (state_estimator) StderrLine: {'line': b'   48 |         virtual void update(\x1b[01;35m\x1b[KT t\x1b[m\x1b[K, const Eigen::Matrix<T,N3,1> &z) override {\n'}
[41.659354] (state_estimator) StderrLine: {'line': b'      |                             \x1b[01;35m\x1b[K~~^\x1b[m\x1b[K\n'}
[41.659418] (state_estimator) StderrLine: {'line': b'\x1b[01m\x1b[K/root/muse_ws/muse_ros2/muse_ws/src/state_estimator/include/state_estimator/Observers/EKF.hpp:48:63:\x1b[m\x1b[K \x1b[01;35m\x1b[Kwarning: \x1b[m\x1b[Kunused parameter \xe2\x80\x98\x1b[01m\x1b[Kz\x1b[m\x1b[K\xe2\x80\x99 [\x1b[01;35m\x1b[K-Wunused-parameter\x1b[m\x1b[K]\n'}
[41.659485] (state_estimator) StderrLine: {'line': b'   48 |         virtual void update(T t, \x1b[01;35m\x1b[Kconst Eigen::Matrix<T,N3,1> &z\x1b[m\x1b[K) override {\n'}
[41.659571] (state_estimator) StderrLine: {'line': b'      |                                  \x1b[01;35m\x1b[K~~~~~~~~~~~~~~~~~~~~~~~~~~~~~^\x1b[m\x1b[K\n'}
[41.711129] (-) TimerEvent: {}
[41.812286] (-) TimerEvent: {}
[41.916436] (-) TimerEvent: {}
[42.016951] (-) TimerEvent: {}
[42.117943] (-) TimerEvent: {}
[42.218834] (-) TimerEvent: {}
[42.319528] (-) TimerEvent: {}
[42.420105] (-) TimerEvent: {}
[42.520687] (-) TimerEvent: {}
[42.624360] (-) TimerEvent: {}
[42.724857] (-) TimerEvent: {}
[42.825379] (-) TimerEvent: {}
[42.927449] (-) TimerEvent: {}
[43.028158] (-) TimerEvent: {}
[43.132339] (-) TimerEvent: {}
[43.240341] (-) TimerEvent: {}
[43.340832] (-) TimerEvent: {}
[43.441360] (-) TimerEvent: {}
[43.542535] (-) TimerEvent: {}
[43.644129] (-) TimerEvent: {}
[43.746596] (-) TimerEvent: {}
[43.849306] (-) TimerEvent: {}
[43.949840] (-) TimerEvent: {}
[44.050362] (-) TimerEvent: {}
[44.154921] (-) TimerEvent: {}
[44.256065] (-) TimerEvent: {}
[44.362741] (-) TimerEvent: {}
[44.463411] (-) TimerEvent: {}
[44.563880] (-) TimerEvent: {}
[44.668362] (-) TimerEvent: {}
[44.768907] (-) TimerEvent: {}
[44.876779] (-) TimerEvent: {}
[44.977292] (-) TimerEvent: {}
[45.084360] (-) TimerEvent: {}
[45.184900] (-) TimerEvent: {}
[45.285373] (-) TimerEvent: {}
[45.385846] (-) TimerEvent: {}
[45.486980] (-) TimerEvent: {}
[45.589551] (-) TimerEvent: {}
[45.690913] (-) TimerEvent: {}
[45.795631] (-) TimerEvent: {}
[45.896166] (-) TimerEvent: {}
[45.996618] (-) TimerEvent: {}
[46.097117] (-) TimerEvent: {}
[46.200315] (-) TimerEvent: {}
[46.300856] (-) TimerEvent: {}
[46.416316] (-) TimerEvent: {}
[46.517107] (-) TimerEvent: {}
[46.617520] (-) TimerEvent: {}
[46.725021] (-) TimerEvent: {}
[46.825588] (-) TimerEvent: {}
[46.926843] (-) TimerEvent: {}
[47.027401] (-) TimerEvent: {}
[47.127848] (-) TimerEvent: {}
[47.228749] (-) TimerEvent: {}
[47.329659] (-) TimerEvent: {}
[47.431330] (-) TimerEvent: {}
[47.534887] (-) TimerEvent: {}
[47.635529] (-) TimerEvent: {}
[47.736065] (-) TimerEvent: {}
[47.839941] (-) TimerEvent: {}
[47.945392] (-) TimerEvent: {}
[48.046345] (-) TimerEvent: {}
[48.147109] (-) TimerEvent: {}
[48.249798] (-) TimerEvent: {}
[48.350599] (-) TimerEvent: {}
[48.451251] (-) TimerEvent: {}
[48.551735] (-) TimerEvent: {}
[48.652399] (-) TimerEvent: {}
[48.752946] (-) TimerEvent: {}
[48.856104] (-) TimerEvent: {}
[48.956746] (-) TimerEvent: {}
[49.057263] (-) TimerEvent: {}
[49.165587] (-) TimerEvent: {}
[49.266255] (-) TimerEvent: {}
[49.366785] (-) TimerEvent: {}
[49.467229] (-) TimerEvent: {}
[49.567747] (-) TimerEvent: {}
[49.668454] (-) TimerEvent: {}
[49.769191] (-) TimerEvent: {}
[49.872403] (-) TimerEvent: {}
[49.972933] (-) TimerEvent: {}
[50.073738] (-) TimerEvent: {}
[50.174251] (-) TimerEvent: {}
[50.274656] (-) TimerEvent: {}
[50.377332] (-) TimerEvent: {}
[50.477897] (-) TimerEvent: {}
[50.579752] (-) TimerEvent: {}
[50.681475] (-) TimerEvent: {}
[50.781954] (-) TimerEvent: {}
[50.884404] (-) TimerEvent: {}
[50.988545] (-) TimerEvent: {}
[51.089646] (-) TimerEvent: {}
[51.190084] (-) TimerEvent: {}
[51.290709] (-) TimerEvent: {}
[51.392341] (-) TimerEvent: {}
[51.492777] (-) TimerEvent: {}
[51.593454] (-) TimerEvent: {}
[51.696367] (-) TimerEvent: {}
[51.796810] (-) TimerEvent: {}
[51.898829] (-) TimerEvent: {}
[51.999358] (-) TimerEvent: {}
[52.103515] (-) TimerEvent: {}
[52.204015] (-) TimerEvent: {}
[52.304682] (-) TimerEvent: {}
[52.408378] (-) TimerEvent: {}
[52.512373] (-) TimerEvent: {}
[52.612918] (-) TimerEvent: {}
[52.719139] (-) TimerEvent: {}
[52.819698] (-) TimerEvent: {}
[52.920433] (-) TimerEvent: {}
[53.024523] (-) TimerEvent: {}
[53.125338] (-) TimerEvent: {}
[53.226076] (-) TimerEvent: {}
[53.328844] (-) TimerEvent: {}
[53.429347] (-) TimerEvent: {}
[53.529920] (-) TimerEvent: {}
[53.630367] (-) TimerEvent: {}
[53.735719] (-) TimerEvent: {}
[53.836366] (-) TimerEvent: {}
[53.939309] (-) TimerEvent: {}
[54.040200] (-) TimerEvent: {}
[54.140711] (-) TimerEvent: {}
[54.241192] (-) TimerEvent: {}
[54.341621] (-) TimerEvent: {}
[54.442064] (-) TimerEvent: {}
[54.543432] (-) TimerEvent: {}
[54.644126] (-) TimerEvent: {}
[54.744864] (-) TimerEvent: {}
[54.845691] (-) TimerEvent: {}
[54.951771] (-) TimerEvent: {}
[55.056383] (-) TimerEvent: {}
[55.157145] (-) TimerEvent: {}
[55.257685] (-) TimerEvent: {}
[55.360251] (-) TimerEvent: {}
[55.460847] (-) TimerEvent: {}
[55.561341] (-) TimerEvent: {}
[55.662314] (-) TimerEvent: {}
[55.763011] (-) TimerEvent: {}
[55.864078] (-) TimerEvent: {}
[55.967104] (-) TimerEvent: {}
[56.068172] (-) TimerEvent: {}
[56.172546] (-) TimerEvent: {}
[56.273371] (-) TimerEvent: {}
[56.373932] (-) TimerEvent: {}
[56.474596] (-) TimerEvent: {}
[56.578094] (-) TimerEvent: {}
[56.678618] (-) TimerEvent: {}
[56.779183] (-) TimerEvent: {}
[56.879779] (-) TimerEvent: {}
[56.980408] (-) TimerEvent: {}
[57.081060] (-) TimerEvent: {}
[57.181623] (-) TimerEvent: {}
[57.282988] (-) TimerEvent: {}
[57.383727] (-) TimerEvent: {}
[57.492745] (-) TimerEvent: {}
[57.596436] (-) TimerEvent: {}
[57.697007] (-) TimerEvent: {}
[57.797669] (-) TimerEvent: {}
[57.900983] (-) TimerEvent: {}
[58.004676] (-) TimerEvent: {}
[58.105302] (-) TimerEvent: {}
[58.205832] (-) TimerEvent: {}
[58.306616] (-) TimerEvent: {}
[58.407110] (-) TimerEvent: {}
[58.507572] (-) TimerEvent: {}
[58.608130] (-) TimerEvent: {}
[58.709116] (-) TimerEvent: {}
[58.809754] (-) TimerEvent: {}
[58.910226] (-) TimerEvent: {}
[59.011161] (-) TimerEvent: {}
[59.112587] (-) TimerEvent: {}
[59.215282] (-) TimerEvent: {}
[59.316039] (-) TimerEvent: {}
[59.418362] (-) TimerEvent: {}
[59.518962] (-) TimerEvent: {}
[59.619452] (-) TimerEvent: {}
[59.719956] (-) TimerEvent: {}
[59.820516] (-) TimerEvent: {}
[59.920998] (-) TimerEvent: {}
[60.021450] (-) TimerEvent: {}
[60.122061] (-) TimerEvent: {}
[60.222748] (-) TimerEvent: {}
[60.323546] (-) TimerEvent: {}
[60.425372] (-) TimerEvent: {}
[60.525976] (-) TimerEvent: {}
[60.544536] (state_estimator) StdoutLine: {'line': b'[ 25%] \x1b[32mBuilding CXX object CMakeFiles/state_estimator_plugins.dir/src/plugins/sensor_fusion_plugin.cpp.o\x1b[0m\n'}
[60.626163] (-) TimerEvent: {}
[60.731510] (-) TimerEvent: {}
[60.832512] (-) TimerEvent: {}
[60.936175] (-) TimerEvent: {}
[61.037472] (-) TimerEvent: {}
[61.138705] (-) TimerEvent: {}
[61.240730] (-) TimerEvent: {}
[61.341417] (-) TimerEvent: {}
[61.442121] (-) TimerEvent: {}
[61.542721] (-) TimerEvent: {}
[61.643332] (-) TimerEvent: {}
[61.748397] (-) TimerEvent: {}
[61.848879] (-) TimerEvent: {}
[61.949361] (-) TimerEvent: {}
[62.049877] (-) TimerEvent: {}
[62.150425] (-) TimerEvent: {}
[62.250866] (-) TimerEvent: {}
[62.352431] (-) TimerEvent: {}
[62.458178] (-) TimerEvent: {}
[62.558792] (-) TimerEvent: {}
[62.659502] (-) TimerEvent: {}
[62.760087] (-) TimerEvent: {}
[62.860809] (-) TimerEvent: {}
[62.964899] (-) TimerEvent: {}
[63.070967] (-) TimerEvent: {}
[63.171476] (-) TimerEvent: {}
[63.274214] (-) TimerEvent: {}
[63.375376] (-) TimerEvent: {}
[63.477159] (-) TimerEvent: {}
[63.577789] (-) TimerEvent: {}
[63.678381] (-) TimerEvent: {}
[63.779407] (-) TimerEvent: {}
[63.880276] (-) TimerEvent: {}
[63.981167] (-) TimerEvent: {}
[64.084400] (-) TimerEvent: {}
[64.184900] (-) TimerEvent: {}
[64.285380] (-) TimerEvent: {}
[64.388358] (-) TimerEvent: {}
[64.495380] (-) TimerEvent: {}
[64.596027] (-) TimerEvent: {}
[64.696453] (-) TimerEvent: {}
[64.804407] (-) TimerEvent: {}
[64.904961] (-) TimerEvent: {}
[65.005464] (-) TimerEvent: {}
[65.105979] (-) TimerEvent: {}
[65.206381] (-) TimerEvent: {}
[65.306901] (-) TimerEvent: {}
[65.413314] (-) TimerEvent: {}
[65.513813] (-) TimerEvent: {}
[65.614317] (-) TimerEvent: {}
[65.714794] (-) TimerEvent: {}
[65.815296] (-) TimerEvent: {}
[65.869905] (state_estimator) StderrLine: {'line': b'In file included from \x1b[01m\x1b[K/root/muse_ws/muse_ros2/muse_ws/src/state_estimator/include/state_estimator/Estimator.hpp:4\x1b[m\x1b[K,\n'}
[65.870312] (state_estimator) StderrLine: {'line': b'                 from \x1b[01m\x1b[K/root/muse_ws/muse_ros2/muse_ws/src/state_estimator/include/state_estimator/Observers/Observer.hpp:7\x1b[m\x1b[K,\n'}
[65.870413] (state_estimator) StderrLine: {'line': b'                 from \x1b[01m\x1b[K/root/muse_ws/muse_ros2/muse_ws/src/state_estimator/include/state_estimator/Observers/EKF.hpp:6\x1b[m\x1b[K,\n'}
[65.870491] (state_estimator) StderrLine: {'line': b'                 from \x1b[01m\x1b[K/root/muse_ws/muse_ros2/muse_ws/src/state_estimator/include/state_estimator/Models/sensor_fusion.hpp:4\x1b[m\x1b[K,\n'}
[65.870562] (state_estimator) StderrLine: {'line': b'                 from \x1b[01m\x1b[K/root/muse_ws/muse_ros2/muse_ws/src/state_estimator/src/plugins/sensor_fusion_plugin.cpp:1\x1b[m\x1b[K:\n'}
[65.870631] (state_estimator) StderrLine: {'line': b'\x1b[01m\x1b[K/root/muse_ws/muse_ros2/muse_ws/src/state_estimator/include/state_estimator/lib.hpp:\x1b[m\x1b[K In function \xe2\x80\x98\x1b[01m\x1b[KEigen::Matrix<double, 3, 3> state_estimator::calc_Rzyx(const Eigen::Matrix<double, 3, 1>&)\x1b[m\x1b[K\xe2\x80\x99:\n'}
[65.870708] (state_estimator) StderrLine: {'line': b'\x1b[01m\x1b[K/root/muse_ws/muse_ros2/muse_ws/src/state_estimator/include/state_estimator/lib.hpp:46:43:\x1b[m\x1b[K \x1b[01;35m\x1b[Kwarning: \x1b[m\x1b[Kvariable \xe2\x80\x98\x1b[01m\x1b[Ku1\x1b[m\x1b[K\xe2\x80\x99 set but not used [\x1b[01;35m\x1b[K-Wunused-but-set-variable\x1b[m\x1b[K]\n'}
[65.870842] (state_estimator) StderrLine: {'line': b'   46 |                 Eigen::Matrix<double,3,1> \x1b[01;35m\x1b[Ku1\x1b[m\x1b[K = R.block(0,0,3,1);\n'}
[65.870937] (state_estimator) StderrLine: {'line': b'      |                                           \x1b[01;35m\x1b[K^~\x1b[m\x1b[K\n'}
[65.871066] (state_estimator) StderrLine: {'line': b'\x1b[01m\x1b[K/root/muse_ws/muse_ros2/muse_ws/src/state_estimator/include/state_estimator/lib.hpp:47:43:\x1b[m\x1b[K \x1b[01;35m\x1b[Kwarning: \x1b[m\x1b[Kvariable \xe2\x80\x98\x1b[01m\x1b[Ku2\x1b[m\x1b[K\xe2\x80\x99 set but not used [\x1b[01;35m\x1b[K-Wunused-but-set-variable\x1b[m\x1b[K]\n'}
[65.871169] (state_estimator) StderrLine: {'line': b'   47 |                 Eigen::Matrix<double,3,1> \x1b[01;35m\x1b[Ku2\x1b[m\x1b[K = R.block(0,1,3,1);\n'}
[65.871252] (state_estimator) StderrLine: {'line': b'      |                                           \x1b[01;35m\x1b[K^~\x1b[m\x1b[K\n'}
[65.871322] (state_estimator) StderrLine: {'line': b'\x1b[01m\x1b[K/root/muse_ws/muse_ros2/muse_ws/src/state_estimator/include/state_estimator/lib.hpp:48:43:\x1b[m\x1b[K \x1b[01;35m\x1b[Kwarning: \x1b[m\x1b[Kvariable \xe2\x80\x98\x1b[01m\x1b[Ku3\x1b[m\x1b[K\xe2\x80\x99 set but not used [\x1b[01;35m\x1b[K-Wunused-but-set-variable\x1b[m\x1b[K]\n'}
[65.871413] (state_estimator) StderrLine: {'line': b'   48 |                 Eigen::Matrix<double,3,1> \x1b[01;35m\x1b[Ku3\x1b[m\x1b[K = R.block(0,2,3,1);\n'}
[65.871531] (state_estimator) StderrLine: {'line': b'      |                                           \x1b[01;35m\x1b[K^~\x1b[m\x1b[K\n'}
[65.915528] (-) TimerEvent: {}
[66.016083] (-) TimerEvent: {}
[66.116649] (-) TimerEvent: {}
[66.217298] (-) TimerEvent: {}
[66.320467] (-) TimerEvent: {}
[66.424395] (-) TimerEvent: {}
[66.527929] (-) TimerEvent: {}
[66.628551] (-) TimerEvent: {}
[66.662960] (state_estimator) StderrLine: {'line': b'In file included from \x1b[01m\x1b[K/root/muse_ws/muse_ros2/muse_ws/src/state_estimator/include/state_estimator/Estimator.hpp:4\x1b[m\x1b[K,\n'}
[66.663403] (state_estimator) StderrLine: {'line': b'                 from \x1b[01m\x1b[K/root/muse_ws/muse_ros2/muse_ws/src/state_estimator/include/state_estimator/Observers/Observer.hpp:7\x1b[m\x1b[K,\n'}
[66.663596] (state_estimator) StderrLine: {'line': b'                 from \x1b[01m\x1b[K/root/muse_ws/muse_ros2/muse_ws/src/state_estimator/include/state_estimator/Observers/EKF.hpp:6\x1b[m\x1b[K,\n'}
[66.663816] (state_estimator) StderrLine: {'line': b'                 from \x1b[01m\x1b[K/root/muse_ws/muse_ros2/muse_ws/src/state_estimator/include/state_estimator/Models/sensor_fusion.hpp:4\x1b[m\x1b[K,\n'}
[66.663916] (state_estimator) StderrLine: {'line': b'                 from \x1b[01m\x1b[K/root/muse_ws/muse_ros2/muse_ws/src/state_estimator/src/plugins/sensor_fusion_plugin.cpp:1\x1b[m\x1b[K:\n'}
[66.664013] (state_estimator) StderrLine: {'line': b'\x1b[01m\x1b[K/root/muse_ws/muse_ros2/muse_ws/src/state_estimator/include/state_estimator/lib.hpp:\x1b[m\x1b[K In function \xe2\x80\x98\x1b[01m\x1b[Kstd::string state_estimator::ns2str(uint64_t)\x1b[m\x1b[K\xe2\x80\x99:\n'}
[66.664127] (state_estimator) StderrLine: {'line': b'\x1b[01m\x1b[K/root/muse_ws/muse_ros2/muse_ws/src/state_estimator/include/state_estimator/lib.hpp:163:18:\x1b[m\x1b[K \x1b[01;35m\x1b[Kwarning: \x1b[m\x1b[Kunused variable \xe2\x80\x98\x1b[01m\x1b[Kns\x1b[m\x1b[K\xe2\x80\x99 [\x1b[01;35m\x1b[K-Wunused-variable\x1b[m\x1b[K]\n'}
[66.664209] (state_estimator) StderrLine: {'line': b'  163 |         uint64_t \x1b[01;35m\x1b[Kns\x1b[m\x1b[K =  t-y*31536000000000000-d*86400000000000-h*3600000000000-m*60000000000-s*1000000000-ms*1000000-us*1000;\n'}
[66.664477] (state_estimator) StderrLine: {'line': b'      |                  \x1b[01;35m\x1b[K^~\x1b[m\x1b[K\n'}
[66.664633] (state_estimator) StderrLine: {'line': b'\x1b[01m\x1b[K/root/muse_ws/muse_ros2/muse_ws/src/state_estimator/include/state_estimator/lib.hpp:168:26:\x1b[m\x1b[K \x1b[01;35m\x1b[Kwarning: \x1b[m\x1b[Kunused variable \xe2\x80\x98\x1b[01m\x1b[Kx\x1b[m\x1b[K\xe2\x80\x99 [\x1b[01;35m\x1b[K-Wunused-variable\x1b[m\x1b[K]\n'}
[66.664731] (state_estimator) StderrLine: {'line': b'  168 |                 uint64_t \x1b[01;35m\x1b[Kx\x1b[m\x1b[K = 1;\n'}
[66.664807] (state_estimator) StderrLine: {'line': b'      |                          \x1b[01;35m\x1b[K^\x1b[m\x1b[K\n'}
[66.684377] (state_estimator) StderrLine: {'line': b'In file included from \x1b[01m\x1b[K/root/muse_ws/muse_ros2/muse_ws/src/state_estimator/include/state_estimator/Observers/Observer.hpp:7\x1b[m\x1b[K,\n'}
[66.684829] (state_estimator) StderrLine: {'line': b'                 from \x1b[01m\x1b[K/root/muse_ws/muse_ros2/muse_ws/src/state_estimator/include/state_estimator/Observers/EKF.hpp:6\x1b[m\x1b[K,\n'}
[66.684921] (state_estimator) StderrLine: {'line': b'                 from \x1b[01m\x1b[K/root/muse_ws/muse_ros2/muse_ws/src/state_estimator/include/state_estimator/Models/sensor_fusion.hpp:4\x1b[m\x1b[K,\n'}
[66.684999] (state_estimator) StderrLine: {'line': b'                 from \x1b[01m\x1b[K/root/muse_ws/muse_ros2/muse_ws/src/state_estimator/src/plugins/sensor_fusion_plugin.cpp:1\x1b[m\x1b[K:\n'}
[66.685089] (state_estimator) StderrLine: {'line': b'\x1b[01m\x1b[K/root/muse_ws/muse_ros2/muse_ws/src/state_estimator/include/state_estimator/Estimator.hpp:\x1b[m\x1b[K In member function \xe2\x80\x98\x1b[01m\x1b[Kvirtual void state_estimator::EstimatorBase::updateGen(double, Eigen::MatrixXd&, Eigen::MatrixXd&)\x1b[m\x1b[K\xe2\x80\x99:\n'}
[66.685189] (state_estimator) StderrLine: {'line': b'\x1b[01m\x1b[K/root/muse_ws/muse_ros2/muse_ws/src/state_estimator/include/state_estimator/Estimator.hpp:39:31:\x1b[m\x1b[K \x1b[01;35m\x1b[Kwarning: \x1b[m\x1b[Kunused parameter \xe2\x80\x98\x1b[01m\x1b[Kt\x1b[m\x1b[K\xe2\x80\x99 [\x1b[01;35m\x1b[K-Wunused-parameter\x1b[m\x1b[K]\n'}
[66.685279] (state_estimator) StderrLine: {'line': b'   39 | virtual void updateGen(\x1b[01;35m\x1b[Kdouble t\x1b[m\x1b[K, Eigen::MatrixXd &u, Eigen::MatrixXd &z) { }\n'}
[66.685376] (state_estimator) StderrLine: {'line': b'      |                        \x1b[01;35m\x1b[K~~~~~~~^\x1b[m\x1b[K\n'}
[66.685491] (state_estimator) StderrLine: {'line': b'\x1b[01m\x1b[K/root/muse_ws/muse_ros2/muse_ws/src/state_estimator/include/state_estimator/Estimator.hpp:39:51:\x1b[m\x1b[K \x1b[01;35m\x1b[Kwarning: \x1b[m\x1b[Kunused parameter \xe2\x80\x98\x1b[01m\x1b[Ku\x1b[m\x1b[K\xe2\x80\x99 [\x1b[01;35m\x1b[K-Wunused-parameter\x1b[m\x1b[K]\n'}
[66.685601] (state_estimator) StderrLine: {'line': b'   39 | virtual void updateGen(double t, \x1b[01;35m\x1b[KEigen::MatrixXd &u\x1b[m\x1b[K, Eigen::MatrixXd &z) { }\n'}
[66.685724] (state_estimator) StderrLine: {'line': b'      |                                  \x1b[01;35m\x1b[K~~~~~~~~~~~~~~~~~^\x1b[m\x1b[K\n'}
[66.685830] (state_estimator) StderrLine: {'line': b'\x1b[01m\x1b[K/root/muse_ws/muse_ros2/muse_ws/src/state_estimator/include/state_estimator/Estimator.hpp:39:71:\x1b[m\x1b[K \x1b[01;35m\x1b[Kwarning: \x1b[m\x1b[Kunused parameter \xe2\x80\x98\x1b[01m\x1b[Kz\x1b[m\x1b[K\xe2\x80\x99 [\x1b[01;35m\x1b[K-Wunused-parameter\x1b[m\x1b[K]\n'}
[66.685943] (state_estimator) StderrLine: {'line': b'   39 | virtual void updateGen(double t, Eigen::MatrixXd &u, \x1b[01;35m\x1b[KEigen::MatrixXd &z\x1b[m\x1b[K) { }\n'}
[66.686020] (state_estimator) StderrLine: {'line': b'      |                                                      \x1b[01;35m\x1b[K~~~~~~~~~~~~~~~~~^\x1b[m\x1b[K\n'}
[66.728800] (-) TimerEvent: {}
[66.829259] (-) TimerEvent: {}
[66.929747] (-) TimerEvent: {}
[66.976631] (state_estimator) StderrLine: {'line': b'In file included from \x1b[01m\x1b[K/root/muse_ws/muse_ros2/muse_ws/src/state_estimator/src/plugins/sensor_fusion_plugin.cpp:1\x1b[m\x1b[K:\n'}
[66.977446] (state_estimator) StderrLine: {'line': b'\x1b[01m\x1b[K/root/muse_ws/muse_ros2/muse_ws/src/state_estimator/include/state_estimator/Models/sensor_fusion.hpp:\x1b[m\x1b[K In constructor \xe2\x80\x98\x1b[01m\x1b[Kstate_estimator::KFSensorFusion::KFSensorFusion(double, const Eigen::Matrix<double, 6, 1>&, const Eigen::Matrix<double, 6, 6>&, const Eigen::Matrix<double, 6, 6>&, const Eigen::Matrix<double, 3, 3>&, bool, bool)\x1b[m\x1b[K\xe2\x80\x99:\n'}
[66.978050] (state_estimator) StderrLine: {'line': b'\x1b[01m\x1b[K/root/muse_ws/muse_ros2/muse_ws/src/state_estimator/include/state_estimator/Models/sensor_fusion.hpp:52:84:\x1b[m\x1b[K \x1b[01;35m\x1b[Kwarning: \x1b[m\x1b[Kunused parameter \xe2\x80\x98\x1b[01m\x1b[Klidar\x1b[m\x1b[K\xe2\x80\x99 [\x1b[01;35m\x1b[K-Wunused-parameter\x1b[m\x1b[K]\n'}
[66.978710] (state_estimator) StderrLine: {'line': b'   52 |                                           const Eigen::Matrix<double,3,3> &R, \x1b[01;35m\x1b[Kbool lidar\x1b[m\x1b[K, bool slippage)\n'}
[66.979101] (state_estimator) StderrLine: {'line': b'      |                                                                               \x1b[01;35m\x1b[K~~~~~^~~~~\x1b[m\x1b[K\n'}
[66.979183] (state_estimator) StderrLine: {'line': b'\x1b[01m\x1b[K/root/muse_ws/muse_ros2/muse_ws/src/state_estimator/include/state_estimator/Models/sensor_fusion.hpp:52:96:\x1b[m\x1b[K \x1b[01;35m\x1b[Kwarning: \x1b[m\x1b[Kunused parameter \xe2\x80\x98\x1b[01m\x1b[Kslippage\x1b[m\x1b[K\xe2\x80\x99 [\x1b[01;35m\x1b[K-Wunused-parameter\x1b[m\x1b[K]\n'}
[66.979269] (state_estimator) StderrLine: {'line': b'   52 |                                           const Eigen::Matrix<double,3,3> &R, bool lidar, \x1b[01;35m\x1b[Kbool slippage\x1b[m\x1b[K)\n'}
[66.979359] (state_estimator) StderrLine: {'line': b'      |                                                                                           \x1b[01;35m\x1b[K~~~~~^~~~~~~~\x1b[m\x1b[K\n'}
[67.033520] (-) TimerEvent: {}
[67.134053] (-) TimerEvent: {}
[67.234681] (-) TimerEvent: {}
[67.335172] (-) TimerEvent: {}
[67.435645] (-) TimerEvent: {}
[67.519330] (state_estimator) StderrLine: {'line': b'\x1b[01m\x1b[K/root/muse_ws/muse_ros2/muse_ws/src/state_estimator/include/state_estimator/Models/sensor_fusion.hpp:\x1b[m\x1b[K In member function \xe2\x80\x98\x1b[01m\x1b[Kvirtual Eigen::Matrix<double, 6, 1> state_estimator::KFSensorFusion::calc_f(double, const Eigen::Matrix<double, 6, 1>&, const Eigen::Matrix<double, 3, 1>&)\x1b[m\x1b[K\xe2\x80\x99:\n'}
[67.519875] (state_estimator) StderrLine: {'line': b'\x1b[01m\x1b[K/root/muse_ws/muse_ros2/muse_ws/src/state_estimator/include/state_estimator/Models/sensor_fusion.hpp:109:68:\x1b[m\x1b[K \x1b[01;35m\x1b[Kwarning: \x1b[m\x1b[Kunused parameter \xe2\x80\x98\x1b[01m\x1b[Kt\x1b[m\x1b[K\xe2\x80\x99 [\x1b[01;35m\x1b[K-Wunused-parameter\x1b[m\x1b[K]\n'}
[67.520008] (state_estimator) StderrLine: {'line': b'  109 |     inline Eigen::Matrix<double,6,1> KFSensorFusion::calc_f(\x1b[01;35m\x1b[Kdouble t\x1b[m\x1b[K, const Eigen::Matrix<double,6,1> &x, const Eigen::Matrix<double,3,1> &u)\n'}
[67.520097] (state_estimator) StderrLine: {'line': b'      |                                                             \x1b[01;35m\x1b[K~~~~~~~^\x1b[m\x1b[K\n'}
[67.520177] (state_estimator) StderrLine: {'line': b'\x1b[01m\x1b[K/root/muse_ws/muse_ros2/muse_ws/src/state_estimator/include/state_estimator/Models/sensor_fusion.hpp:\x1b[m\x1b[K In member function \xe2\x80\x98\x1b[01m\x1b[Kvirtual Eigen::Matrix<double, 6, 6> state_estimator::KFSensorFusion::calc_F(double, const Eigen::Matrix<double, 6, 1>&, const Eigen::Matrix<double, 3, 1>&)\x1b[m\x1b[K\xe2\x80\x99:\n'}
[67.520341] (state_estimator) StderrLine: {'line': b'\x1b[01m\x1b[K/root/muse_ws/muse_ros2/muse_ws/src/state_estimator/include/state_estimator/Models/sensor_fusion.hpp:118:68:\x1b[m\x1b[K \x1b[01;35m\x1b[Kwarning: \x1b[m\x1b[Kunused parameter \xe2\x80\x98\x1b[01m\x1b[Kt\x1b[m\x1b[K\xe2\x80\x99 [\x1b[01;35m\x1b[K-Wunused-parameter\x1b[m\x1b[K]\n'}
[67.520461] (state_estimator) StderrLine: {'line': b'  118 |     inline Eigen::Matrix<double,6,6> KFSensorFusion::calc_F(\x1b[01;35m\x1b[Kdouble t\x1b[m\x1b[K, const Eigen::Matrix<double,6,1> &x, const Eigen::Matrix<double,3,1> &u)\n'}
[67.520558] (state_estimator) StderrLine: {'line': b'      |                                                             \x1b[01;35m\x1b[K~~~~~~~^\x1b[m\x1b[K\n'}
[67.520660] (state_estimator) StderrLine: {'line': b'\x1b[01m\x1b[K/root/muse_ws/muse_ros2/muse_ws/src/state_estimator/include/state_estimator/Models/sensor_fusion.hpp:118:104:\x1b[m\x1b[K \x1b[01;35m\x1b[Kwarning: \x1b[m\x1b[Kunused parameter \xe2\x80\x98\x1b[01m\x1b[Kx\x1b[m\x1b[K\xe2\x80\x99 [\x1b[01;35m\x1b[K-Wunused-parameter\x1b[m\x1b[K]\n'}
[67.520801] (state_estimator) StderrLine: {'line': b'  118 |     inline Eigen::Matrix<double,6,6> KFSensorFusion::calc_F(double t, \x1b[01;35m\x1b[Kconst Eigen::Matrix<double,6,1> &x\x1b[m\x1b[K, const Eigen::Matrix<double,3,1> &u)\n'}
[67.520894] (state_estimator) StderrLine: {'line': b'      |                                                                       \x1b[01;35m\x1b[K~~~~~~~~~~~~~~~~~~~~~~~~~~~~~~~~~^\x1b[m\x1b[K\n'}
[67.520984] (state_estimator) StderrLine: {'line': b'\x1b[01m\x1b[K/root/muse_ws/muse_ros2/muse_ws/src/state_estimator/include/state_estimator/Models/sensor_fusion.hpp:118:140:\x1b[m\x1b[K \x1b[01;35m\x1b[Kwarning: \x1b[m\x1b[Kunused parameter \xe2\x80\x98\x1b[01m\x1b[Ku\x1b[m\x1b[K\xe2\x80\x99 [\x1b[01;35m\x1b[K-Wunused-parameter\x1b[m\x1b[K]\n'}
[67.521083] (state_estimator) StderrLine: {'line': b'  118 | <double,6,6> KFSensorFusion::calc_F(double t, const Eigen::Matrix<double,6,1> &x, \x1b[01;35m\x1b[Kconst Eigen::Matrix<double,3,1> &u\x1b[m\x1b[K)\n'}
[67.521172] (state_estimator) StderrLine: {'line': b'      |                                                                                   \x1b[01;35m\x1b[K~~~~~~~~~~~~~~~~~~~~~~~~~~~~~~~~~^\x1b[m\x1b[K\n'}
[67.521257] (state_estimator) StderrLine: {'line': b'\n'}
[67.521336] (state_estimator) StderrLine: {'line': b'\x1b[01m\x1b[K/root/muse_ws/muse_ros2/muse_ws/src/state_estimator/include/state_estimator/Models/sensor_fusion.hpp:\x1b[m\x1b[K In member function \xe2\x80\x98\x1b[01m\x1b[Kvirtual Eigen::Matrix<double, 3, 1> state_estimator::KFSensorFusion::calc_h(double, const Eigen::Matrix<double, 6, 1>&)\x1b[m\x1b[K\xe2\x80\x99:\n'}
[67.521416] (state_estimator) StderrLine: {'line': b'\x1b[01m\x1b[K/root/muse_ws/muse_ros2/muse_ws/src/state_estimator/include/state_estimator/Models/sensor_fusion.hpp:130:68:\x1b[m\x1b[K \x1b[01;35m\x1b[Kwarning: \x1b[m\x1b[Kunused parameter \xe2\x80\x98\x1b[01m\x1b[Kt\x1b[m\x1b[K\xe2\x80\x99 [\x1b[01;35m\x1b[K-Wunused-parameter\x1b[m\x1b[K]\n'}
[67.521503] (state_estimator) StderrLine: {'line': b'  130 |     inline Eigen::Matrix<double,3,1> KFSensorFusion::calc_h(\x1b[01;35m\x1b[Kdouble t\x1b[m\x1b[K, const Eigen::Matrix<double,6,1> &x)\n'}
[67.521583] (state_estimator) StderrLine: {'line': b'      |                                                             \x1b[01;35m\x1b[K~~~~~~~^\x1b[m\x1b[K\n'}
[67.527776] (state_estimator) StderrLine: {'line': b'\x1b[01m\x1b[K/root/muse_ws/muse_ros2/muse_ws/src/state_estimator/include/state_estimator/Models/sensor_fusion.hpp:\x1b[m\x1b[K In member function \xe2\x80\x98\x1b[01m\x1b[Kvirtual Eigen::Matrix<double, 3, 6, 0, 3, 6> state_estimator::KFSensorFusion::calc_H(double, const Eigen::Matrix<double, 6, 1>&)\x1b[m\x1b[K\xe2\x80\x99:\n'}
[67.528125] (state_estimator) StderrLine: {'line': b'\x1b[01m\x1b[K/root/muse_ws/muse_ros2/muse_ws/src/state_estimator/include/state_estimator/Models/sensor_fusion.hpp:136:68:\x1b[m\x1b[K \x1b[01;35m\x1b[Kwarning: \x1b[m\x1b[Kunused parameter \xe2\x80\x98\x1b[01m\x1b[Kt\x1b[m\x1b[K\xe2\x80\x99 [\x1b[01;35m\x1b[K-Wunused-parameter\x1b[m\x1b[K]\n'}
[67.528240] (state_estimator) StderrLine: {'line': b'  136 |     inline Eigen::Matrix<double,3,6> KFSensorFusion::calc_H(\x1b[01;35m\x1b[Kdouble t\x1b[m\x1b[K, const Eigen::Matrix<double,6,1> &x)\n'}
[67.528409] (state_estimator) StderrLine: {'line': b'      |                                                             \x1b[01;35m\x1b[K~~~~~~~^\x1b[m\x1b[K\n'}
[67.530407] (state_estimator) StderrLine: {'line': b'\x1b[01m\x1b[K/root/muse_ws/muse_ros2/muse_ws/src/state_estimator/include/state_estimator/Models/sensor_fusion.hpp:136:104:\x1b[m\x1b[K \x1b[01;35m\x1b[Kwarning: \x1b[m\x1b[Kunused parameter \xe2\x80\x98\x1b[01m\x1b[Kx\x1b[m\x1b[K\xe2\x80\x99 [\x1b[01;35m\x1b[K-Wunused-parameter\x1b[m\x1b[K]\n'}
[67.530835] (state_estimator) StderrLine: {'line': b'  136 |     inline Eigen::Matrix<double,3,6> KFSensorFusion::calc_H(double t, \x1b[01;35m\x1b[Kconst Eigen::Matrix<double,6,1> &x\x1b[m\x1b[K)\n'}
[67.530927] (state_estimator) StderrLine: {'line': b'      |                                                                       \x1b[01;35m\x1b[K~~~~~~~~~~~~~~~~~~~~~~~~~~~~~~~~~^\x1b[m\x1b[K\n'}
[67.530994] (state_estimator) StderrLine: {'line': b'\x1b[01m\x1b[K/root/muse_ws/muse_ros2/muse_ws/src/state_estimator/include/state_estimator/Models/sensor_fusion.hpp:\x1b[m\x1b[K In member function \xe2\x80\x98\x1b[01m\x1b[Kvoid state_estimator::KFSensorFusion::setMatricesSF(bool)\x1b[m\x1b[K\xe2\x80\x99:\n'}
[67.531062] (state_estimator) StderrLine: {'line': b'\x1b[01m\x1b[K/root/muse_ws/muse_ros2/muse_ws/src/state_estimator/include/state_estimator/Models/sensor_fusion.hpp:146:52:\x1b[m\x1b[K \x1b[01;35m\x1b[Kwarning: \x1b[m\x1b[Kunused parameter \xe2\x80\x98\x1b[01m\x1b[Kslippage\x1b[m\x1b[K\xe2\x80\x99 [\x1b[01;35m\x1b[K-Wunused-parameter\x1b[m\x1b[K]\n'}
[67.531232] (state_estimator) StderrLine: {'line': b'  146 |     inline void KFSensorFusion::setMatricesSF(\x1b[01;35m\x1b[Kbool slippage\x1b[m\x1b[K)\n'}
[67.531417] (state_estimator) StderrLine: {'line': b'      |                                               \x1b[01;35m\x1b[K~~~~~^~~~~~~~\x1b[m\x1b[K\n'}
[67.531675] (state_estimator) StderrLine: {'line': b'In file included from \x1b[01m\x1b[K/root/muse_ws/muse_ros2/muse_ws/src/state_estimator/include/state_estimator/plugin.hpp:5\x1b[m\x1b[K,\n'}
[67.531777] (state_estimator) StderrLine: {'line': b'                 from \x1b[01m\x1b[K/root/muse_ws/muse_ros2/muse_ws/src/state_estimator/src/plugins/sensor_fusion_plugin.cpp:2\x1b[m\x1b[K:\n'}
[67.531892] (state_estimator) StderrLine: {'line': b'\x1b[01m\x1b[K/root/muse_ws/muse_ros2/muse_ws/src/state_estimator/include/state_estimator/Robot.hpp:\x1b[m\x1b[K In constructor \xe2\x80\x98\x1b[01m\x1b[Kstate_estimator::Robot::Robot(state_estimator::Robot&&)\x1b[m\x1b[K\xe2\x80\x99:\n'}
[67.532011] (state_estimator) StderrLine: {'line': b'\x1b[01m\x1b[K/root/muse_ws/muse_ros2/muse_ws/src/state_estimator/include/state_estimator/Robot.hpp:25:23:\x1b[m\x1b[K \x1b[01;35m\x1b[Kwarning: \x1b[m\x1b[Kunused parameter \xe2\x80\x98\x1b[01m\x1b[Kthat\x1b[m\x1b[K\xe2\x80\x99 [\x1b[01;35m\x1b[K-Wunused-parameter\x1b[m\x1b[K]\n'}
[67.532123] (state_estimator) StderrLine: {'line': b'   25 |         Robot(\x1b[01;35m\x1b[KRobot&& that\x1b[m\x1b[K) { }\n'}
[67.532216] (state_estimator) StderrLine: {'line': b'      |               \x1b[01;35m\x1b[K~~~~~~~~^~~~\x1b[m\x1b[K\n'}
[67.535852] (-) TimerEvent: {}
[67.636954] (-) TimerEvent: {}
[67.739222] (-) TimerEvent: {}
[67.841314] (-) TimerEvent: {}
[67.913248] (state_estimator) StderrLine: {'line': b'\x1b[01m\x1b[K/root/muse_ws/muse_ros2/muse_ws/src/state_estimator/src/plugins/sensor_fusion_plugin.cpp:\x1b[m\x1b[K In constructor \xe2\x80\x98\x1b[01m\x1b[Kstate_estimator_plugins::SensorFusionPlugin::SensorFusionPlugin()\x1b[m\x1b[K\xe2\x80\x99:\n'}
[67.913724] (state_estimator) StderrLine: {'line': b'\x1b[01m\x1b[K/root/muse_ws/muse_ros2/muse_ws/src/state_estimator/src/plugins/sensor_fusion_plugin.cpp:236:71:\x1b[m\x1b[K \x1b[01;35m\x1b[Kwarning: \x1b[m\x1b[K\xe2\x80\x98\x1b[01m\x1b[Kstate_estimator_plugins::SensorFusionPlugin::pub_\x1b[m\x1b[K\xe2\x80\x99 will be initialized after [\x1b[01;35m\x1b[K-Wreorder\x1b[m\x1b[K]\n'}
[67.913940] (state_estimator) StderrLine: {'line': b'  236 |                 rclcpp::Publisher<nav_msgs::msg::Odometry>::SharedPtr \x1b[01;35m\x1b[Kpub_\x1b[m\x1b[K;\n'}
[67.914156] (state_estimator) StderrLine: {'line': b'      |                                                                       \x1b[01;35m\x1b[K^~~~\x1b[m\x1b[K\n'}
[67.914255] (state_estimator) StderrLine: {'line': b'\x1b[01m\x1b[K/root/muse_ws/muse_ros2/muse_ws/src/state_estimator/src/plugins/sensor_fusion_plugin.cpp:234:78:\x1b[m\x1b[K \x1b[01;35m\x1b[Kwarning: \x1b[m\x1b[K  \xe2\x80\x98\x1b[01m\x1b[Kstd::shared_ptr<message_filters::Synchronizer<message_filters::sync_policies::ApproximateTime<sensor_msgs::msg::Imu_<std::allocator<void> >, state_estimator_msgs::msg::Attitude_<std::allocator<void> >, state_estimator_msgs::msg::LegOdometry_<std::allocator<void> > > > > state_estimator_plugins::SensorFusionPlugin::sync_\x1b[m\x1b[K\xe2\x80\x99 [\x1b[01;35m\x1b[K-Wreorder\x1b[m\x1b[K]\n'}
[67.914340] (state_estimator) StderrLine: {'line': b'  234 |                 std::shared_ptr<message_filters::Synchronizer<MySyncPolicy>> \x1b[01;35m\x1b[Ksync_\x1b[m\x1b[K;\n'}
[67.914415] (state_estimator) StderrLine: {'line': b'      |                                                                              \x1b[01;35m\x1b[K^~~~~\x1b[m\x1b[K\n'}
[67.914565] (state_estimator) StderrLine: {'line': b'\x1b[01m\x1b[K/root/muse_ws/muse_ros2/muse_ws/src/state_estimator/src/plugins/sensor_fusion_plugin.cpp:45:17:\x1b[m\x1b[K \x1b[01;35m\x1b[Kwarning: \x1b[m\x1b[K  when initialized here [\x1b[01;35m\x1b[K-Wreorder\x1b[m\x1b[K]\n'}
[67.914644] (state_estimator) StderrLine: {'line': b'   45 |                 \x1b[01;35m\x1b[KSensorFusionPlugin\x1b[m\x1b[K():\n'}
[67.914723] (state_estimator) StderrLine: {'line': b'      |                 \x1b[01;35m\x1b[K^~~~~~~~~~~~~~~~~~\x1b[m\x1b[K\n'}
[67.941173] (-) TimerEvent: {}
[68.041941] (-) TimerEvent: {}
[68.142635] (-) TimerEvent: {}
[68.243877] (-) TimerEvent: {}
[68.347162] (-) TimerEvent: {}
[68.447748] (-) TimerEvent: {}
[68.548420] (-) TimerEvent: {}
[68.652947] (-) TimerEvent: {}
[68.753785] (-) TimerEvent: {}
[68.854501] (-) TimerEvent: {}
[68.954992] (-) TimerEvent: {}
[69.055652] (-) TimerEvent: {}
[69.156272] (-) TimerEvent: {}
[69.259906] (-) TimerEvent: {}
[69.360677] (-) TimerEvent: {}
[69.464979] (-) TimerEvent: {}
[69.565400] (-) TimerEvent: {}
[69.665829] (-) TimerEvent: {}
[69.766272] (-) TimerEvent: {}
[69.866689] (-) TimerEvent: {}
[69.967043] (-) TimerEvent: {}
[70.069088] (-) TimerEvent: {}
[70.169816] (-) TimerEvent: {}
[70.270287] (-) TimerEvent: {}
[70.370881] (-) TimerEvent: {}
[70.471648] (-) TimerEvent: {}
[70.572064] (-) TimerEvent: {}
[70.676262] (-) TimerEvent: {}
[70.776856] (-) TimerEvent: {}
[70.877294] (-) TimerEvent: {}
[70.977706] (-) TimerEvent: {}
[71.078160] (-) TimerEvent: {}
[71.178614] (-) TimerEvent: {}
[71.279263] (-) TimerEvent: {}
[71.380101] (-) TimerEvent: {}
[71.483787] (-) TimerEvent: {}
[71.584185] (-) TimerEvent: {}
[71.685309] (-) TimerEvent: {}
[71.785713] (-) TimerEvent: {}
[71.886111] (-) TimerEvent: {}
[71.986594] (-) TimerEvent: {}
[72.088381] (-) TimerEvent: {}
[72.189010] (-) TimerEvent: {}
[72.289523] (-) TimerEvent: {}
[72.389998] (-) TimerEvent: {}
[72.490421] (-) TimerEvent: {}
[72.590877] (-) TimerEvent: {}
[72.691296] (-) TimerEvent: {}
[72.791841] (-) TimerEvent: {}
[72.895587] (-) TimerEvent: {}
[72.996063] (-) TimerEvent: {}
[73.096721] (-) TimerEvent: {}
[73.198799] (-) TimerEvent: {}
[73.303870] (-) TimerEvent: {}
[73.408889] (-) TimerEvent: {}
[73.512690] (-) TimerEvent: {}
[73.616385] (-) TimerEvent: {}
[73.716830] (-) TimerEvent: {}
[73.817427] (-) TimerEvent: {}
[73.918148] (-) TimerEvent: {}
[74.024640] (-) TimerEvent: {}
[74.127371] (-) TimerEvent: {}
[74.232444] (-) TimerEvent: {}
[74.332913] (-) TimerEvent: {}
[74.433335] (-) TimerEvent: {}
[74.536365] (-) TimerEvent: {}
[74.637016] (-) TimerEvent: {}
[74.744373] (-) TimerEvent: {}
[74.845024] (-) TimerEvent: {}
[74.945748] (-) TimerEvent: {}
[75.046185] (-) TimerEvent: {}
[75.146732] (-) TimerEvent: {}
[75.268338] (-) TimerEvent: {}
[75.368809] (-) TimerEvent: {}
[75.472002] (-) TimerEvent: {}
[75.575433] (-) TimerEvent: {}
[75.676083] (-) TimerEvent: {}
[75.776777] (-) TimerEvent: {}
[75.877239] (-) TimerEvent: {}
[75.977733] (-) TimerEvent: {}
[76.081729] (-) TimerEvent: {}
[76.182309] (-) TimerEvent: {}
[76.283613] (-) TimerEvent: {}
[76.391547] (-) TimerEvent: {}
[76.492429] (-) TimerEvent: {}
[76.592978] (-) TimerEvent: {}
[76.694238] (-) TimerEvent: {}
[76.794883] (-) TimerEvent: {}
[76.895381] (-) TimerEvent: {}
[76.995881] (-) TimerEvent: {}
[77.096448] (-) TimerEvent: {}
[77.197237] (-) TimerEvent: {}
[77.300339] (-) TimerEvent: {}
[77.401659] (-) TimerEvent: {}
[77.502152] (-) TimerEvent: {}
[77.602711] (-) TimerEvent: {}
[77.703563] (-) TimerEvent: {}
[77.816728] (-) TimerEvent: {}
[77.918065] (-) TimerEvent: {}
[78.019001] (-) TimerEvent: {}
[78.119631] (-) TimerEvent: {}
[78.220168] (-) TimerEvent: {}
[78.320784] (-) TimerEvent: {}
[78.421232] (-) TimerEvent: {}
[78.521669] (-) TimerEvent: {}
[78.622243] (-) TimerEvent: {}
[78.722862] (-) TimerEvent: {}
[78.823527] (-) TimerEvent: {}
[78.928343] (-) TimerEvent: {}
[79.028843] (-) TimerEvent: {}
[79.129387] (-) TimerEvent: {}
[79.229995] (-) TimerEvent: {}
[79.330954] (-) TimerEvent: {}
[79.431466] (-) TimerEvent: {}
[79.532055] (-) TimerEvent: {}
[79.632648] (-) TimerEvent: {}
[79.733573] (-) TimerEvent: {}
[79.834074] (-) TimerEvent: {}
[79.934673] (-) TimerEvent: {}
[80.037204] (-) TimerEvent: {}
[80.137880] (-) TimerEvent: {}
[80.238303] (-) TimerEvent: {}
[80.345386] (-) TimerEvent: {}
[80.446038] (-) TimerEvent: {}
[80.546563] (-) TimerEvent: {}
[80.647267] (-) TimerEvent: {}
[80.752870] (-) TimerEvent: {}
[80.853419] (-) TimerEvent: {}
[80.953981] (-) TimerEvent: {}
[81.055218] (-) TimerEvent: {}
[81.155746] (-) TimerEvent: {}
[81.256447] (-) TimerEvent: {}
[81.357830] (-) TimerEvent: {}
[81.458586] (-) TimerEvent: {}
[81.559203] (-) TimerEvent: {}
[81.661427] (-) TimerEvent: {}
[81.765199] (-) TimerEvent: {}
[81.865723] (-) TimerEvent: {}
[81.966158] (-) TimerEvent: {}
[82.068801] (-) TimerEvent: {}
[82.169594] (-) TimerEvent: {}
[82.272393] (-) TimerEvent: {}
[82.372945] (-) TimerEvent: {}
[82.467731] (state_estimator) StderrLine: {'line': b'In file included from \x1b[01m\x1b[K/root/muse_ws/muse_ros2/muse_ws/src/state_estimator/include/state_estimator/Models/sensor_fusion.hpp:4\x1b[m\x1b[K,\n'}
[82.468473] (state_estimator) StderrLine: {'line': b'                 from \x1b[01m\x1b[K/root/muse_ws/muse_ros2/muse_ws/src/state_estimator/src/plugins/sensor_fusion_plugin.cpp:1\x1b[m\x1b[K:\n'}
[82.468596] (state_estimator) StderrLine: {'line': b'/root/muse_ws/muse_ros2/muse_ws/src/state_estimator/include/state_estimator/Observers/EKF.hpp: In instantiation of \xe2\x80\x98\x1b[01m\x1b[Kvoid state_estimator::EKFBase<T, N1, N2, N3, N4, N5, N6, N7>::predict(T, const Eigen::Matrix<T, N2, 1>&) [with T = double; int N1 = 6; int N2 = 3; int N3 = 3; int N4 = 6; int N5 = 3; int N6 = 6; int N7 = 6]\x1b[m\x1b[K\xe2\x80\x99:\n'}
[82.468725] (state_estimator) StderrLine: {'line': b'\x1b[01m\x1b[K/root/muse_ws/muse_ros2/muse_ws/src/state_estimator/include/state_estimator/Observers/EKF.hpp:40:15:\x1b[m\x1b[K   required from here\n'}
[82.468833] (state_estimator) StderrLine: {'line': b'\x1b[01m\x1b[K/root/muse_ws/muse_ros2/muse_ws/src/state_estimator/include/state_estimator/Observers/EKF.hpp:40:32:\x1b[m\x1b[K \x1b[01;35m\x1b[Kwarning: \x1b[m\x1b[Kunused parameter \xe2\x80\x98\x1b[01m\x1b[Kt\x1b[m\x1b[K\xe2\x80\x99 [\x1b[01;35m\x1b[K-Wunused-parameter\x1b[m\x1b[K]\n'}
[82.468910] (state_estimator) StderrLine: {'line': b'   40 |         virtual void predict(\x1b[01;35m\x1b[KT t\x1b[m\x1b[K, const Eigen::Matrix<T,N2,1> &u) override\n'}
[82.468995] (state_estimator) StderrLine: {'line': b'      |                              \x1b[01;35m\x1b[K~~^\x1b[m\x1b[K\n'}
[82.469085] (state_estimator) StderrLine: {'line': b'\x1b[01m\x1b[K/root/muse_ws/muse_ros2/muse_ws/src/state_estimator/include/state_estimator/Observers/EKF.hpp:40:64:\x1b[m\x1b[K \x1b[01;35m\x1b[Kwarning: \x1b[m\x1b[Kunused parameter \xe2\x80\x98\x1b[01m\x1b[Ku\x1b[m\x1b[K\xe2\x80\x99 [\x1b[01;35m\x1b[K-Wunused-parameter\x1b[m\x1b[K]\n'}
[82.469164] (state_estimator) StderrLine: {'line': b'   40 |         virtual void predict(T t, \x1b[01;35m\x1b[Kconst Eigen::Matrix<T,N2,1> &u\x1b[m\x1b[K) override\n'}
[82.469273] (state_estimator) StderrLine: {'line': b'      |                                   \x1b[01;35m\x1b[K~~~~~~~~~~~~~~~~~~~~~~~~~~~~~^\x1b[m\x1b[K\n'}
[82.469361] (state_estimator) StderrLine: {'line': b'/root/muse_ws/muse_ros2/muse_ws/src/state_estimator/include/state_estimator/Observers/EKF.hpp: In instantiation of \xe2\x80\x98\x1b[01m\x1b[Kvoid state_estimator::EKFBase<T, N1, N2, N3, N4, N5, N6, N7>::update(T, const Eigen::Matrix<T, N3, 1>&) [with T = double; int N1 = 6; int N2 = 3; int N3 = 3; int N4 = 6; int N5 = 3; int N6 = 6; int N7 = 6]\x1b[m\x1b[K\xe2\x80\x99:\n'}
[82.469473] (state_estimator) StderrLine: {'line': b'\x1b[01m\x1b[K/root/muse_ws/muse_ros2/muse_ws/src/state_estimator/include/state_estimator/Observers/EKF.hpp:48:15:\x1b[m\x1b[K   required from here\n'}
[82.469547] (state_estimator) StderrLine: {'line': b'\x1b[01m\x1b[K/root/muse_ws/muse_ros2/muse_ws/src/state_estimator/include/state_estimator/Observers/EKF.hpp:48:31:\x1b[m\x1b[K \x1b[01;35m\x1b[Kwarning: \x1b[m\x1b[Kunused parameter \xe2\x80\x98\x1b[01m\x1b[Kt\x1b[m\x1b[K\xe2\x80\x99 [\x1b[01;35m\x1b[K-Wunused-parameter\x1b[m\x1b[K]\n'}
[82.469621] (state_estimator) StderrLine: {'line': b'   48 |         virtual void update(\x1b[01;35m\x1b[KT t\x1b[m\x1b[K, const Eigen::Matrix<T,N3,1> &z) override {\n'}
[82.469717] (state_estimator) StderrLine: {'line': b'      |                             \x1b[01;35m\x1b[K~~^\x1b[m\x1b[K\n'}
[82.469794] (state_estimator) StderrLine: {'line': b'\x1b[01m\x1b[K/root/muse_ws/muse_ros2/muse_ws/src/state_estimator/include/state_estimator/Observers/EKF.hpp:48:63:\x1b[m\x1b[K \x1b[01;35m\x1b[Kwarning: \x1b[m\x1b[Kunused parameter \xe2\x80\x98\x1b[01m\x1b[Kz\x1b[m\x1b[K\xe2\x80\x99 [\x1b[01;35m\x1b[K-Wunused-parameter\x1b[m\x1b[K]\n'}
[82.469903] (state_estimator) StderrLine: {'line': b'   48 |         virtual void update(T t, \x1b[01;35m\x1b[Kconst Eigen::Matrix<T,N3,1> &z\x1b[m\x1b[K) override {\n'}
[82.470002] (state_estimator) StderrLine: {'line': b'      |                                  \x1b[01;35m\x1b[K~~~~~~~~~~~~~~~~~~~~~~~~~~~~~^\x1b[m\x1b[K\n'}
[82.473404] (-) TimerEvent: {}
[82.573866] (-) TimerEvent: {}
[82.674406] (-) TimerEvent: {}
[82.776377] (-) TimerEvent: {}
[82.876881] (-) TimerEvent: {}
[82.977645] (-) TimerEvent: {}
[83.078169] (-) TimerEvent: {}
[83.178870] (-) TimerEvent: {}
[83.279515] (-) TimerEvent: {}
[83.380069] (-) TimerEvent: {}
[83.482946] (-) TimerEvent: {}
[83.583476] (-) TimerEvent: {}
[83.688382] (-) TimerEvent: {}
[83.788999] (-) TimerEvent: {}
[83.889501] (-) TimerEvent: {}
[83.989958] (-) TimerEvent: {}
[84.093756] (-) TimerEvent: {}
[84.194244] (-) TimerEvent: {}
[84.294841] (-) TimerEvent: {}
[84.395425] (-) TimerEvent: {}
[84.496042] (-) TimerEvent: {}
[84.600408] (-) TimerEvent: {}
[84.700861] (-) TimerEvent: {}
[84.801304] (-) TimerEvent: {}
[84.901867] (-) TimerEvent: {}
[85.004376] (-) TimerEvent: {}
[85.105055] (-) TimerEvent: {}
[85.212360] (-) TimerEvent: {}
[85.314313] (-) TimerEvent: {}
[85.414878] (-) TimerEvent: {}
[85.515398] (-) TimerEvent: {}
[85.615884] (-) TimerEvent: {}
[85.716325] (-) TimerEvent: {}
[85.816940] (-) TimerEvent: {}
[85.917832] (-) TimerEvent: {}
[86.018325] (-) TimerEvent: {}
[86.121419] (-) TimerEvent: {}
[86.227825] (-) TimerEvent: {}
[86.328371] (-) TimerEvent: {}
[86.429465] (-) TimerEvent: {}
[86.530023] (-) TimerEvent: {}
[86.630531] (-) TimerEvent: {}
[86.731485] (-) TimerEvent: {}
[86.831959] (-) TimerEvent: {}
[86.932419] (-) TimerEvent: {}
[87.036402] (-) TimerEvent: {}
[87.139451] (-) TimerEvent: {}
[87.240043] (-) TimerEvent: {}
[87.340543] (-) TimerEvent: {}
[87.441334] (-) TimerEvent: {}
[87.543136] (-) TimerEvent: {}
[87.643697] (-) TimerEvent: {}
[87.744378] (-) TimerEvent: {}
[87.848374] (-) TimerEvent: {}
[87.948912] (-) TimerEvent: {}
[88.049498] (-) TimerEvent: {}
[88.150428] (-) TimerEvent: {}
[88.250964] (-) TimerEvent: {}
[88.351765] (-) TimerEvent: {}
[88.456513] (-) TimerEvent: {}
[88.558178] (-) TimerEvent: {}
[88.659401] (-) TimerEvent: {}
[88.759955] (-) TimerEvent: {}
[88.861190] (-) TimerEvent: {}
[88.963958] (-) TimerEvent: {}
[89.066827] (-) TimerEvent: {}
[89.167473] (-) TimerEvent: {}
[89.268331] (-) TimerEvent: {}
[89.368801] (-) TimerEvent: {}
[89.470722] (-) TimerEvent: {}
[89.571347] (-) TimerEvent: {}
[89.671828] (-) TimerEvent: {}
[89.772560] (-) TimerEvent: {}
[89.873108] (-) TimerEvent: {}
[89.977973] (-) TimerEvent: {}
[90.084603] (-) TimerEvent: {}
[90.185296] (-) TimerEvent: {}
[90.285730] (-) TimerEvent: {}
[90.386278] (-) TimerEvent: {}
[90.486914] (-) TimerEvent: {}
[90.587460] (-) TimerEvent: {}
[90.689653] (-) TimerEvent: {}
[90.793123] (-) TimerEvent: {}
[90.893758] (-) TimerEvent: {}
[90.994239] (-) TimerEvent: {}
[91.094854] (-) TimerEvent: {}
[91.199711] (-) TimerEvent: {}
[91.300169] (-) TimerEvent: {}
[91.400707] (-) TimerEvent: {}
[91.501236] (-) TimerEvent: {}
[91.601732] (-) TimerEvent: {}
[91.709545] (-) TimerEvent: {}
[91.810298] (-) TimerEvent: {}
[91.910948] (-) TimerEvent: {}
[92.011971] (-) TimerEvent: {}
[92.112642] (-) TimerEvent: {}
[92.213192] (-) TimerEvent: {}
[92.313790] (-) TimerEvent: {}
[92.414982] (-) TimerEvent: {}
[92.515615] (-) TimerEvent: {}
[92.616255] (-) TimerEvent: {}
[92.718530] (-) TimerEvent: {}
[92.819260] (-) TimerEvent: {}
[92.919833] (-) TimerEvent: {}
[93.026434] (-) TimerEvent: {}
[93.129960] (-) TimerEvent: {}
[93.230381] (-) TimerEvent: {}
[93.330805] (-) TimerEvent: {}
[93.431337] (-) TimerEvent: {}
[93.531809] (-) TimerEvent: {}
[93.632299] (-) TimerEvent: {}
[93.737994] (-) TimerEvent: {}
[93.838709] (-) TimerEvent: {}
[93.942773] (-) TimerEvent: {}
[94.045272] (-) TimerEvent: {}
[94.145814] (-) TimerEvent: {}
[94.253043] (-) TimerEvent: {}
[94.353599] (-) TimerEvent: {}
[94.454343] (-) TimerEvent: {}
[94.554976] (-) TimerEvent: {}
[94.655646] (-) TimerEvent: {}
[94.757289] (-) TimerEvent: {}
[94.859941] (-) TimerEvent: {}
[94.960440] (-) TimerEvent: {}
[95.060963] (-) TimerEvent: {}
[95.161500] (-) TimerEvent: {}
[95.262006] (-) TimerEvent: {}
[95.362421] (-) TimerEvent: {}
[95.463091] (-) TimerEvent: {}
[95.569702] (-) TimerEvent: {}
[95.672569] (-) TimerEvent: {}
[95.773227] (-) TimerEvent: {}
[95.873837] (-) TimerEvent: {}
[95.974379] (-) TimerEvent: {}
[96.075023] (-) TimerEvent: {}
[96.175558] (-) TimerEvent: {}
[96.275959] (-) TimerEvent: {}
[96.376415] (-) TimerEvent: {}
[96.484170] (-) TimerEvent: {}
[96.584773] (-) TimerEvent: {}
[96.685327] (-) TimerEvent: {}
[96.786441] (-) TimerEvent: {}
[96.887007] (-) TimerEvent: {}
[96.989030] (-) TimerEvent: {}
[97.089566] (-) TimerEvent: {}
[97.192373] (-) TimerEvent: {}
[97.294464] (-) TimerEvent: {}
[97.396569] (-) TimerEvent: {}
[97.499586] (-) TimerEvent: {}
[97.600180] (-) TimerEvent: {}
[97.703881] (-) TimerEvent: {}
[97.804905] (-) TimerEvent: {}
[97.913478] (-) TimerEvent: {}
[98.014264] (-) TimerEvent: {}
[98.116768] (-) TimerEvent: {}
[98.217448] (-) TimerEvent: {}
[98.317960] (-) TimerEvent: {}
[98.418472] (-) TimerEvent: {}
[98.518976] (-) TimerEvent: {}
[98.623815] (-) TimerEvent: {}
[98.724413] (-) TimerEvent: {}
[98.828384] (-) TimerEvent: {}
[98.929069] (-) TimerEvent: {}
[99.030932] (-) TimerEvent: {}
[99.131431] (-) TimerEvent: {}
[99.231914] (-) TimerEvent: {}
[99.336329] (-) TimerEvent: {}
[99.436937] (-) TimerEvent: {}
[99.537474] (-) TimerEvent: {}
[99.637854] (-) TimerEvent: {}
[99.738764] (-) TimerEvent: {}
[99.841543] (-) TimerEvent: {}
[99.947805] (-) TimerEvent: {}
[100.048305] (-) TimerEvent: {}
[100.148723] (-) TimerEvent: {}
[100.249180] (-) TimerEvent: {}
[100.349765] (-) TimerEvent: {}
[100.450307] (-) TimerEvent: {}
[100.552399] (-) TimerEvent: {}
[100.654770] (-) TimerEvent: {}
[100.756365] (-) TimerEvent: {}
[100.857901] (-) TimerEvent: {}
[100.962261] (-) TimerEvent: {}
[101.064068] (-) TimerEvent: {}
[101.164606] (-) TimerEvent: {}
[101.265207] (-) TimerEvent: {}
[101.366114] (-) TimerEvent: {}
[101.466801] (-) TimerEvent: {}
[101.567564] (-) TimerEvent: {}
[101.668195] (-) TimerEvent: {}
[101.768770] (-) TimerEvent: {}
[101.870702] (-) TimerEvent: {}
[101.971555] (-) TimerEvent: {}
[102.073893] (-) TimerEvent: {}
[102.174370] (-) TimerEvent: {}
[102.276144] (-) TimerEvent: {}
[102.377000] (-) TimerEvent: {}
[102.478204] (-) TimerEvent: {}
[102.578707] (-) TimerEvent: {}
[102.679155] (-) TimerEvent: {}
[102.781843] (-) TimerEvent: {}
[102.884645] (-) TimerEvent: {}
[102.985238] (-) TimerEvent: {}
[103.085766] (-) TimerEvent: {}
[103.186375] (-) TimerEvent: {}
[103.286839] (-) TimerEvent: {}
[103.387270] (-) TimerEvent: {}
[103.487795] (-) TimerEvent: {}
[103.591581] (-) TimerEvent: {}
[103.692173] (-) TimerEvent: {}
[103.793589] (-) TimerEvent: {}
[103.894061] (-) TimerEvent: {}
[103.994782] (-) TimerEvent: {}
[104.095317] (-) TimerEvent: {}
[104.196359] (-) TimerEvent: {}
[104.298938] (-) TimerEvent: {}
[104.399651] (-) TimerEvent: {}
[104.500471] (-) TimerEvent: {}
[104.601049] (-) TimerEvent: {}
[104.701566] (-) TimerEvent: {}
[104.802051] (-) TimerEvent: {}
[104.903931] (-) TimerEvent: {}
[105.004451] (-) TimerEvent: {}
[105.105125] (-) TimerEvent: {}
[105.206041] (-) TimerEvent: {}
[105.306647] (-) TimerEvent: {}
[105.408750] (-) TimerEvent: {}
[105.510509] (-) TimerEvent: {}
[105.614608] (-) TimerEvent: {}
[105.716606] (-) TimerEvent: {}
[105.821195] (-) TimerEvent: {}
[105.929360] (-) TimerEvent: {}
[105.936648] (state_estimator) StdoutLine: {'line': b'[ 50%] \x1b[32mBuilding CXX object CMakeFiles/state_estimator_plugins.dir/src/plugins/leg_odometry_plugin.cpp.o\x1b[0m\n'}
[105.937310] (state_estimator) StdoutLine: {'line': b'[ 50%] \x1b[32mBuilding CXX object CMakeFiles/state_estimator_plugins.dir/src/plugins/contact_detection_plugin.cpp.o\x1b[0m\n'}
[106.029576] (-) TimerEvent: {}
[106.130938] (-) TimerEvent: {}
[106.231575] (-) TimerEvent: {}
[106.332150] (-) TimerEvent: {}
[106.432781] (-) TimerEvent: {}
[106.533503] (-) TimerEvent: {}
[106.636332] (-) TimerEvent: {}
[106.736816] (-) TimerEvent: {}
[106.837324] (-) TimerEvent: {}
[106.937892] (-) TimerEvent: {}
[107.038356] (-) TimerEvent: {}
[107.138902] (-) TimerEvent: {}
[107.244060] (-) TimerEvent: {}
[107.344836] (-) TimerEvent: {}
[107.445612] (-) TimerEvent: {}
[107.546511] (-) TimerEvent: {}
[107.647018] (-) TimerEvent: {}
[107.747914] (-) TimerEvent: {}
[107.848497] (-) TimerEvent: {}
[107.949017] (-) TimerEvent: {}
[108.068345] (-) TimerEvent: {}
[108.169054] (-) TimerEvent: {}
[108.270438] (-) TimerEvent: {}
[108.371465] (-) TimerEvent: {}
[108.471957] (-) TimerEvent: {}
[108.573633] (-) TimerEvent: {}
[108.674106] (-) TimerEvent: {}
[108.781507] (-) TimerEvent: {}
[108.883441] (-) TimerEvent: {}
[108.985395] (-) TimerEvent: {}
[109.086211] (-) TimerEvent: {}
[109.186704] (-) TimerEvent: {}
[109.287138] (-) TimerEvent: {}
[109.391869] (-) TimerEvent: {}
[109.492708] (-) TimerEvent: {}
[109.600356] (-) TimerEvent: {}
[109.700851] (-) TimerEvent: {}
[109.801620] (-) TimerEvent: {}
[109.904514] (-) TimerEvent: {}
[110.004960] (-) TimerEvent: {}
[110.105496] (-) TimerEvent: {}
[110.206094] (-) TimerEvent: {}
[110.308901] (-) TimerEvent: {}
[110.410971] (-) TimerEvent: {}
[110.514602] (-) TimerEvent: {}
[110.617696] (-) TimerEvent: {}
[110.718194] (-) TimerEvent: {}
[110.753823] (state_estimator) StderrLine: {'line': b'In file included from \x1b[01m\x1b[K/root/muse_ws/muse_ros2/muse_ws/src/state_estimator/include/state_estimator/plugin.hpp:5\x1b[m\x1b[K,\n'}
[110.754366] (state_estimator) StderrLine: {'line': b'                 from \x1b[01m\x1b[K/root/muse_ws/muse_ros2/muse_ws/src/state_estimator/src/plugins/contact_detection_plugin.cpp:1\x1b[m\x1b[K:\n'}
[110.754464] (state_estimator) StderrLine: {'line': b'\x1b[01m\x1b[K/root/muse_ws/muse_ros2/muse_ws/src/state_estimator/include/state_estimator/Robot.hpp:\x1b[m\x1b[K In constructor \xe2\x80\x98\x1b[01m\x1b[Kstate_estimator::Robot::Robot(state_estimator::Robot&&)\x1b[m\x1b[K\xe2\x80\x99:\n'}
[110.754548] (state_estimator) StderrLine: {'line': b'\x1b[01m\x1b[K/root/muse_ws/muse_ros2/muse_ws/src/state_estimator/include/state_estimator/Robot.hpp:25:23:\x1b[m\x1b[K \x1b[01;35m\x1b[Kwarning: \x1b[m\x1b[Kunused parameter \xe2\x80\x98\x1b[01m\x1b[Kthat\x1b[m\x1b[K\xe2\x80\x99 [\x1b[01;35m\x1b[K-Wunused-parameter\x1b[m\x1b[K]\n'}
[110.754631] (state_estimator) StderrLine: {'line': b'   25 |         Robot(\x1b[01;35m\x1b[KRobot&& that\x1b[m\x1b[K) { }\n'}
[110.754729] (state_estimator) StderrLine: {'line': b'      |               \x1b[01;35m\x1b[K~~~~~~~~^~~~\x1b[m\x1b[K\n'}
[110.818385] (-) TimerEvent: {}
[110.870608] (state_estimator) StderrLine: {'line': b'\x1b[01m\x1b[K/root/muse_ws/muse_ros2/muse_ws/src/state_estimator/src/plugins/contact_detection_plugin.cpp:\x1b[m\x1b[K In constructor \xe2\x80\x98\x1b[01m\x1b[Kstate_estimator_plugins::ContactDetectionPlugin::ContactDetectionPlugin()\x1b[m\x1b[K\xe2\x80\x99:\n'}
[110.871118] (state_estimator) StderrLine: {'line': b'\x1b[01m\x1b[K/root/muse_ws/muse_ros2/muse_ws/src/state_estimator/src/plugins/contact_detection_plugin.cpp:141:91:\x1b[m\x1b[K \x1b[01;35m\x1b[Kwarning: \x1b[m\x1b[K\xe2\x80\x98\x1b[01m\x1b[Kstate_estimator_plugins::ContactDetectionPlugin::pub_\x1b[m\x1b[K\xe2\x80\x99 will be initialized after [\x1b[01;35m\x1b[K-Wreorder\x1b[m\x1b[K]\n'}
[110.871382] (state_estimator) StderrLine: {'line': b'  141 |                 rclcpp::Publisher<state_estimator_msgs::msg::ContactDetection>::SharedPtr \x1b[01;35m\x1b[Kpub_\x1b[m\x1b[K;\n'}
[110.871471] (state_estimator) StderrLine: {'line': b'      |                                                                                           \x1b[01;35m\x1b[K^~~~\x1b[m\x1b[K\n'}
[110.871545] (state_estimator) StderrLine: {'line': b'\x1b[01m\x1b[K/root/muse_ws/muse_ros2/muse_ws/src/state_estimator/src/plugins/contact_detection_plugin.cpp:140:78:\x1b[m\x1b[K \x1b[01;35m\x1b[Kwarning: \x1b[m\x1b[K  \xe2\x80\x98\x1b[01m\x1b[Kstd::shared_ptr<message_filters::Synchronizer<message_filters::sync_policies::ApproximateTime<geometry_msgs::msg::WrenchStamped_<std::allocator<void> >, geometry_msgs::msg::WrenchStamped_<std::allocator<void> >, geometry_msgs::msg::WrenchStamped_<std::allocator<void> >, geometry_msgs::msg::WrenchStamped_<std::allocator<void> > > > > state_estimator_plugins::ContactDetectionPlugin::sync_\x1b[m\x1b[K\xe2\x80\x99 [\x1b[01;35m\x1b[K-Wreorder\x1b[m\x1b[K]\n'}
[110.871623] (state_estimator) StderrLine: {'line': b'  140 |                 std::shared_ptr<message_filters::Synchronizer<MySyncPolicy>> \x1b[01;35m\x1b[Ksync_\x1b[m\x1b[K;\n'}
[110.871694] (state_estimator) StderrLine: {'line': b'      |                                                                              \x1b[01;35m\x1b[K^~~~~\x1b[m\x1b[K\n'}
[110.871763] (state_estimator) StderrLine: {'line': b'\x1b[01m\x1b[K/root/muse_ws/muse_ros2/muse_ws/src/state_estimator/src/plugins/contact_detection_plugin.cpp:43:17:\x1b[m\x1b[K \x1b[01;35m\x1b[Kwarning: \x1b[m\x1b[K  when initialized here [\x1b[01;35m\x1b[K-Wreorder\x1b[m\x1b[K]\n'}
[110.871890] (state_estimator) StderrLine: {'line': b'   43 |                 \x1b[01;35m\x1b[KContactDetectionPlugin\x1b[m\x1b[K():\n'}
[110.871963] (state_estimator) StderrLine: {'line': b'      |                 \x1b[01;35m\x1b[K^~~~~~~~~~~~~~~~~~~~~~\x1b[m\x1b[K\n'}
[110.918594] (-) TimerEvent: {}
[111.021480] (-) TimerEvent: {}
[111.123000] (-) TimerEvent: {}
[111.223556] (-) TimerEvent: {}
[111.328368] (-) TimerEvent: {}
[111.428868] (-) TimerEvent: {}
[111.529312] (-) TimerEvent: {}
[111.633256] (-) TimerEvent: {}
[111.737922] (-) TimerEvent: {}
[111.838407] (-) TimerEvent: {}
[111.938930] (-) TimerEvent: {}
[112.039597] (-) TimerEvent: {}
[112.144334] (-) TimerEvent: {}
[112.245126] (-) TimerEvent: {}
[112.360393] (-) TimerEvent: {}
[112.464216] (-) TimerEvent: {}
[112.565506] (-) TimerEvent: {}
[112.672374] (-) TimerEvent: {}
[112.772874] (-) TimerEvent: {}
[112.874982] (-) TimerEvent: {}
[112.975945] (-) TimerEvent: {}
[113.076457] (-) TimerEvent: {}
[113.176951] (-) TimerEvent: {}
[113.280353] (-) TimerEvent: {}
[113.380817] (-) TimerEvent: {}
[113.481357] (-) TimerEvent: {}
[113.581806] (-) TimerEvent: {}
[113.682346] (-) TimerEvent: {}
[113.782882] (-) TimerEvent: {}
[113.884892] (-) TimerEvent: {}
[113.985506] (-) TimerEvent: {}
[114.085958] (-) TimerEvent: {}
[114.186620] (-) TimerEvent: {}
[114.288402] (-) TimerEvent: {}
[114.393304] (-) TimerEvent: {}
[114.493852] (-) TimerEvent: {}
[114.594416] (-) TimerEvent: {}
[114.699132] (-) TimerEvent: {}
[114.803445] (-) TimerEvent: {}
[114.903937] (-) TimerEvent: {}
[115.005676] (-) TimerEvent: {}
[115.109894] (-) TimerEvent: {}
[115.210455] (-) TimerEvent: {}
[115.311303] (-) TimerEvent: {}
[115.411763] (-) TimerEvent: {}
[115.514391] (-) TimerEvent: {}
[115.615101] (-) TimerEvent: {}
[115.721329] (-) TimerEvent: {}
[115.821940] (-) TimerEvent: {}
[115.924569] (-) TimerEvent: {}
[116.025195] (-) TimerEvent: {}
[116.128339] (-) TimerEvent: {}
[116.232978] (-) TimerEvent: {}
[116.333545] (-) TimerEvent: {}
[116.434095] (-) TimerEvent: {}
[116.534685] (-) TimerEvent: {}
[116.635923] (-) TimerEvent: {}
[116.736452] (-) TimerEvent: {}
[116.837426] (-) TimerEvent: {}
[116.938047] (-) TimerEvent: {}
[117.038557] (-) TimerEvent: {}
[117.139069] (-) TimerEvent: {}
[117.239936] (-) TimerEvent: {}
[117.345443] (-) TimerEvent: {}
[117.448390] (-) TimerEvent: {}
[117.550834] (-) TimerEvent: {}
[117.658353] (-) TimerEvent: {}
[117.758875] (-) TimerEvent: {}
[117.861417] (-) TimerEvent: {}
[117.962415] (-) TimerEvent: {}
[118.062966] (-) TimerEvent: {}
[118.163488] (-) TimerEvent: {}
[118.273514] (-) TimerEvent: {}
[118.374191] (-) TimerEvent: {}
[118.475386] (-) TimerEvent: {}
[118.575953] (-) TimerEvent: {}
[118.676468] (-) TimerEvent: {}
[118.776955] (-) TimerEvent: {}
[118.879460] (-) TimerEvent: {}
[118.984424] (-) TimerEvent: {}
[119.084941] (-) TimerEvent: {}
[119.191098] (-) TimerEvent: {}
[119.291642] (-) TimerEvent: {}
[119.392151] (-) TimerEvent: {}
[119.496424] (-) TimerEvent: {}
[119.597029] (-) TimerEvent: {}
[119.698496] (-) TimerEvent: {}
[119.804412] (-) TimerEvent: {}
[119.904983] (-) TimerEvent: {}
[120.005569] (-) TimerEvent: {}
[120.106042] (-) TimerEvent: {}
[120.208392] (-) TimerEvent: {}
[120.312442] (-) TimerEvent: {}
[120.414977] (-) TimerEvent: {}
[120.517022] (-) TimerEvent: {}
[120.617710] (-) TimerEvent: {}
[120.718156] (-) TimerEvent: {}
[120.818644] (-) TimerEvent: {}
[120.920252] (-) TimerEvent: {}
[121.021130] (-) TimerEvent: {}
[121.072347] (state_estimator) StderrLine: {'line': b'In file included from \x1b[01m\x1b[K/root/muse_ws/muse_ros2/muse_ws/src/state_estimator/include/state_estimator/plugin.hpp:5\x1b[m\x1b[K,\n'}
[121.072697] (state_estimator) StderrLine: {'line': b'                 from \x1b[01m\x1b[K/root/muse_ws/muse_ros2/muse_ws/src/state_estimator/src/plugins/leg_odometry_plugin.cpp:9\x1b[m\x1b[K:\n'}
[121.072781] (state_estimator) StderrLine: {'line': b'\x1b[01m\x1b[K/root/muse_ws/muse_ros2/muse_ws/src/state_estimator/include/state_estimator/Robot.hpp:\x1b[m\x1b[K In constructor \xe2\x80\x98\x1b[01m\x1b[Kstate_estimator::Robot::Robot(state_estimator::Robot&&)\x1b[m\x1b[K\xe2\x80\x99:\n'}
[121.072875] (state_estimator) StderrLine: {'line': b'\x1b[01m\x1b[K/root/muse_ws/muse_ros2/muse_ws/src/state_estimator/include/state_estimator/Robot.hpp:25:23:\x1b[m\x1b[K \x1b[01;35m\x1b[Kwarning: \x1b[m\x1b[Kunused parameter \xe2\x80\x98\x1b[01m\x1b[Kthat\x1b[m\x1b[K\xe2\x80\x99 [\x1b[01;35m\x1b[K-Wunused-parameter\x1b[m\x1b[K]\n'}
[121.072945] (state_estimator) StderrLine: {'line': b'   25 |         Robot(\x1b[01;35m\x1b[KRobot&& that\x1b[m\x1b[K) { }\n'}
[121.073010] (state_estimator) StderrLine: {'line': b'      |               \x1b[01;35m\x1b[K~~~~~~~~^~~~\x1b[m\x1b[K\n'}
[121.121315] (-) TimerEvent: {}
[121.232782] (-) TimerEvent: {}
[121.333271] (-) TimerEvent: {}
[121.436066] (-) TimerEvent: {}
[121.536833] (-) TimerEvent: {}
[121.648369] (-) TimerEvent: {}
[121.732635] (state_estimator) StderrLine: {'line': b'\x1b[01m\x1b[K/root/muse_ws/muse_ros2/muse_ws/src/state_estimator/src/plugins/leg_odometry_plugin.cpp:\x1b[m\x1b[K In constructor \xe2\x80\x98\x1b[01m\x1b[Kstate_estimator_plugins::LegOdometryPlugin::LegOdometryPlugin()\x1b[m\x1b[K\xe2\x80\x99:\n'}
[121.733012] (state_estimator) StderrLine: {'line': b'\x1b[01m\x1b[K/root/muse_ws/muse_ros2/muse_ws/src/state_estimator/src/plugins/leg_odometry_plugin.cpp:270:86:\x1b[m\x1b[K \x1b[01;35m\x1b[Kwarning: \x1b[m\x1b[K\xe2\x80\x98\x1b[01m\x1b[Kstate_estimator_plugins::LegOdometryPlugin::pub_\x1b[m\x1b[K\xe2\x80\x99 will be initialized after [\x1b[01;35m\x1b[K-Wreorder\x1b[m\x1b[K]\n'}
[121.733107] (state_estimator) StderrLine: {'line': b'  270 |                 rclcpp::Publisher<state_estimator_msgs::msg::LegOdometry>::SharedPtr \x1b[01;35m\x1b[Kpub_\x1b[m\x1b[K;\n'}
[121.733200] (state_estimator) StderrLine: {'line': b'      |                                                                                      \x1b[01;35m\x1b[K^~~~\x1b[m\x1b[K\n'}
[121.733295] (state_estimator) StderrLine: {'line': b'\x1b[01m\x1b[K/root/muse_ws/muse_ros2/muse_ws/src/state_estimator/src/plugins/leg_odometry_plugin.cpp:268:78:\x1b[m\x1b[K \x1b[01;35m\x1b[Kwarning: \x1b[m\x1b[K  \xe2\x80\x98\x1b[01m\x1b[Kstd::shared_ptr<message_filters::Synchronizer<message_filters::sync_policies::ApproximateTime<sensor_msgs::msg::Imu_<std::allocator<void> >, state_estimator_msgs::msg::JointStateWithAcceleration_<std::allocator<void> >, state_estimator_msgs::msg::ContactDetection_<std::allocator<void> >, state_estimator_msgs::msg::Attitude_<std::allocator<void> > > > > state_estimator_plugins::LegOdometryPlugin::sync_\x1b[m\x1b[K\xe2\x80\x99 [\x1b[01;35m\x1b[K-Wreorder\x1b[m\x1b[K]\n'}
[121.733384] (state_estimator) StderrLine: {'line': b'  268 |                 std::shared_ptr<message_filters::Synchronizer<MySyncPolicy>> \x1b[01;35m\x1b[Ksync_\x1b[m\x1b[K;\n'}
[121.733529] (state_estimator) StderrLine: {'line': b'      |                                                                              \x1b[01;35m\x1b[K^~~~~\x1b[m\x1b[K\n'}
[121.733615] (state_estimator) StderrLine: {'line': b'\x1b[01m\x1b[K/root/muse_ws/muse_ros2/muse_ws/src/state_estimator/src/plugins/leg_odometry_plugin.cpp:59:17:\x1b[m\x1b[K \x1b[01;35m\x1b[Kwarning: \x1b[m\x1b[K  when initialized here [\x1b[01;35m\x1b[K-Wreorder\x1b[m\x1b[K]\n'}
[121.733737] (state_estimator) StderrLine: {'line': b'   59 |                 \x1b[01;35m\x1b[KLegOdometryPlugin\x1b[m\x1b[K():\n'}
[121.733859] (state_estimator) StderrLine: {'line': b'      |                 \x1b[01;35m\x1b[K^~~~~~~~~~~~~~~~~\x1b[m\x1b[K\n'}
[121.748507] (-) TimerEvent: {}
[121.848997] (-) TimerEvent: {}
[121.952815] (-) TimerEvent: {}
[122.054191] (-) TimerEvent: {}
[122.155532] (-) TimerEvent: {}
[122.256127] (-) TimerEvent: {}
[122.360383] (-) TimerEvent: {}
[122.462782] (-) TimerEvent: {}
[122.568443] (-) TimerEvent: {}
[122.669091] (-) TimerEvent: {}
[122.772357] (-) TimerEvent: {}
[122.872863] (-) TimerEvent: {}
[122.884348] (state_estimator) StderrLine: {'line': b'\x1b[01m\x1b[K/root/muse_ws/muse_ros2/muse_ws/src/state_estimator/src/plugins/leg_odometry_plugin.cpp:\x1b[m\x1b[K In member function \xe2\x80\x98\x1b[01m\x1b[Kvoid state_estimator_plugins::LegOdometryPlugin::callback(const ConstSharedPtr&, const ConstSharedPtr&, const ConstSharedPtr&, const ConstSharedPtr&)\x1b[m\x1b[K\xe2\x80\x99:\n'}
[122.884766] (state_estimator) StderrLine: {'line': b'\x1b[01m\x1b[K/root/muse_ws/muse_ros2/muse_ws/src/state_estimator/src/plugins/leg_odometry_plugin.cpp:189:49:\x1b[m\x1b[K \x1b[01;35m\x1b[Kwarning: \x1b[m\x1b[Kcomparison of integer expressions of different signedness: \xe2\x80\x98\x1b[01m\x1b[Kstd::vector<double>::size_type\x1b[m\x1b[K\xe2\x80\x99 {aka \xe2\x80\x98\x1b[01m\x1b[Klong unsigned int\x1b[m\x1b[K\xe2\x80\x99} and \xe2\x80\x98\x1b[01m\x1b[Kint\x1b[m\x1b[K\xe2\x80\x99 [\x1b[01;35m\x1b[K-Wsign-compare\x1b[m\x1b[K]\n'}
[122.884921] (state_estimator) StderrLine: {'line': b'  189 |                         if (\x1b[01;35m\x1b[Kjs->position.size() != model_.nq\x1b[m\x1b[K || js->velocity.size() != model_.nv) {\n'}
[122.884994] (state_estimator) StderrLine: {'line': b'      |                             \x1b[01;35m\x1b[K~~~~~~~~~~~~~~~~~~~~^~~~~~~~~~~~\x1b[m\x1b[K\n'}
[122.885049] (state_estimator) StderrLine: {'line': b'\x1b[01m\x1b[K/root/muse_ws/muse_ros2/muse_ws/src/state_estimator/src/plugins/leg_odometry_plugin.cpp:189:85:\x1b[m\x1b[K \x1b[01;35m\x1b[Kwarning: \x1b[m\x1b[Kcomparison of integer expressions of different signedness: \xe2\x80\x98\x1b[01m\x1b[Kstd::vector<double>::size_type\x1b[m\x1b[K\xe2\x80\x99 {aka \xe2\x80\x98\x1b[01m\x1b[Klong unsigned int\x1b[m\x1b[K\xe2\x80\x99} and \xe2\x80\x98\x1b[01m\x1b[Kint\x1b[m\x1b[K\xe2\x80\x99 [\x1b[01;35m\x1b[K-Wsign-compare\x1b[m\x1b[K]\n'}
[122.885111] (state_estimator) StderrLine: {'line': b'  189 |                         if (js->position.size() != model_.nq || \x1b[01;35m\x1b[Kjs->velocity.size() != model_.nv\x1b[m\x1b[K) {\n'}
[122.885188] (state_estimator) StderrLine: {'line': b'      |                                                                 \x1b[01;35m\x1b[K~~~~~~~~~~~~~~~~~~~~^~~~~~~~~~~~\x1b[m\x1b[K\n'}
[122.888571] (state_estimator) StderrLine: {'line': b'\x1b[01m\x1b[K/root/muse_ws/muse_ros2/muse_ws/src/state_estimator/src/plugins/leg_odometry_plugin.cpp:194:46:\x1b[m\x1b[K \x1b[01;35m\x1b[Kwarning: \x1b[m\x1b[Kcomparison of integer expressions of different signedness: \xe2\x80\x98\x1b[01m\x1b[Ksize_t\x1b[m\x1b[K\xe2\x80\x99 {aka \xe2\x80\x98\x1b[01m\x1b[Klong unsigned int\x1b[m\x1b[K\xe2\x80\x99} and \xe2\x80\x98\x1b[01m\x1b[Kint\x1b[m\x1b[K\xe2\x80\x99 [\x1b[01;35m\x1b[K-Wsign-compare\x1b[m\x1b[K]\n'}
[122.888944] (state_estimator) StderrLine: {'line': b'  194 |                         for (size_t i = 0; \x1b[01;35m\x1b[Ki < model_.nq\x1b[m\x1b[K; ++i)\n'}
[122.889054] (state_estimator) StderrLine: {'line': b'      |                                            \x1b[01;35m\x1b[K~~^~~~~~~~~~~\x1b[m\x1b[K\n'}
[122.889122] (state_estimator) StderrLine: {'line': b'\x1b[01m\x1b[K/root/muse_ws/muse_ros2/muse_ws/src/state_estimator/src/plugins/leg_odometry_plugin.cpp:197:46:\x1b[m\x1b[K \x1b[01;35m\x1b[Kwarning: \x1b[m\x1b[Kcomparison of integer expressions of different signedness: \xe2\x80\x98\x1b[01m\x1b[Ksize_t\x1b[m\x1b[K\xe2\x80\x99 {aka \xe2\x80\x98\x1b[01m\x1b[Klong unsigned int\x1b[m\x1b[K\xe2\x80\x99} and \xe2\x80\x98\x1b[01m\x1b[Kint\x1b[m\x1b[K\xe2\x80\x99 [\x1b[01;35m\x1b[K-Wsign-compare\x1b[m\x1b[K]\n'}
[122.889184] (state_estimator) StderrLine: {'line': b'  197 |                         for (size_t i = 0; \x1b[01;35m\x1b[Ki < model_.nv\x1b[m\x1b[K; ++i)\n'}
[122.889236] (state_estimator) StderrLine: {'line': b'      |                                            \x1b[01;35m\x1b[K~~^~~~~~~~~~~\x1b[m\x1b[K\n'}
[122.978477] (-) TimerEvent: {}
[123.080346] (-) TimerEvent: {}
[123.180900] (-) TimerEvent: {}
[123.284391] (-) TimerEvent: {}
[123.385452] (-) TimerEvent: {}
[123.487315] (-) TimerEvent: {}
[123.591174] (-) TimerEvent: {}
[123.691745] (-) TimerEvent: {}
[123.792515] (-) TimerEvent: {}
[123.892983] (-) TimerEvent: {}
[123.998931] (-) TimerEvent: {}
[124.099452] (-) TimerEvent: {}
[124.200137] (-) TimerEvent: {}
[124.302786] (-) TimerEvent: {}
[124.404018] (-) TimerEvent: {}
[124.504612] (-) TimerEvent: {}
[124.606855] (-) TimerEvent: {}
[124.707264] (-) TimerEvent: {}
[124.807716] (-) TimerEvent: {}
[124.910148] (-) TimerEvent: {}
[125.010702] (-) TimerEvent: {}
[125.111333] (-) TimerEvent: {}
[125.211933] (-) TimerEvent: {}
[125.320408] (-) TimerEvent: {}
[125.420923] (-) TimerEvent: {}
[125.528282] (-) TimerEvent: {}
[125.628952] (-) TimerEvent: {}
[125.729471] (-) TimerEvent: {}
[125.831271] (-) TimerEvent: {}
[125.932090] (-) TimerEvent: {}
[126.032589] (-) TimerEvent: {}
[126.134847] (-) TimerEvent: {}
[126.238469] (-) TimerEvent: {}
[126.339073] (-) TimerEvent: {}
[126.439633] (-) TimerEvent: {}
[126.540141] (-) TimerEvent: {}
[126.641054] (-) TimerEvent: {}
[126.741632] (-) TimerEvent: {}
[126.842224] (-) TimerEvent: {}
[126.942757] (-) TimerEvent: {}
[127.043262] (-) TimerEvent: {}
[127.145892] (-) TimerEvent: {}
[127.246527] (-) TimerEvent: {}
[127.347064] (-) TimerEvent: {}
[127.447564] (-) TimerEvent: {}
[127.548308] (-) TimerEvent: {}
[127.650927] (-) TimerEvent: {}
[127.756391] (-) TimerEvent: {}
[127.856951] (-) TimerEvent: {}
[127.957546] (-) TimerEvent: {}
[128.067928] (-) TimerEvent: {}
[128.176595] (-) TimerEvent: {}
[128.278746] (-) TimerEvent: {}
[128.380109] (-) TimerEvent: {}
[128.488722] (-) TimerEvent: {}
[128.590325] (-) TimerEvent: {}
[128.696050] (-) TimerEvent: {}
[128.796686] (-) TimerEvent: {}
[128.897435] (-) TimerEvent: {}
[128.998010] (-) TimerEvent: {}
[129.100428] (-) TimerEvent: {}
[129.200902] (-) TimerEvent: {}
[129.301984] (-) TimerEvent: {}
[129.402424] (-) TimerEvent: {}
[129.502833] (-) TimerEvent: {}
[129.603245] (-) TimerEvent: {}
[129.703731] (-) TimerEvent: {}
[129.804322] (-) TimerEvent: {}
[129.905126] (-) TimerEvent: {}
[130.005752] (-) TimerEvent: {}
[130.106861] (-) TimerEvent: {}
[130.207752] (-) TimerEvent: {}
[130.308251] (-) TimerEvent: {}
[130.409750] (-) TimerEvent: {}
[130.510294] (-) TimerEvent: {}
[130.610900] (-) TimerEvent: {}
[130.711329] (-) TimerEvent: {}
[130.811835] (-) TimerEvent: {}
[130.912324] (-) TimerEvent: {}
[131.012960] (-) TimerEvent: {}
[131.113552] (-) TimerEvent: {}
[131.214049] (-) TimerEvent: {}
[131.314474] (-) TimerEvent: {}
[131.415002] (-) TimerEvent: {}
[131.515784] (-) TimerEvent: {}
[131.616406] (-) TimerEvent: {}
[131.717009] (-) TimerEvent: {}
[131.817921] (-) TimerEvent: {}
[131.923276] (-) TimerEvent: {}
[132.023787] (-) TimerEvent: {}
[132.126040] (-) TimerEvent: {}
[132.226623] (-) TimerEvent: {}
[132.327481] (-) TimerEvent: {}
[132.428423] (-) TimerEvent: {}
[132.529020] (-) TimerEvent: {}
[132.631040] (-) TimerEvent: {}
[132.731592] (-) TimerEvent: {}
[132.836314] (-) TimerEvent: {}
[132.936869] (-) TimerEvent: {}
[133.037359] (-) TimerEvent: {}
[133.137832] (-) TimerEvent: {}
[133.238304] (-) TimerEvent: {}
[133.338746] (-) TimerEvent: {}
[133.439296] (-) TimerEvent: {}
[133.544440] (-) TimerEvent: {}
[133.651134] (-) TimerEvent: {}
[133.751831] (-) TimerEvent: {}
[133.852395] (-) TimerEvent: {}
[133.953095] (-) TimerEvent: {}
[134.053621] (-) TimerEvent: {}
[134.157925] (-) TimerEvent: {}
[134.258558] (-) TimerEvent: {}
[134.358991] (-) TimerEvent: {}
[134.465238] (-) TimerEvent: {}
[134.578257] (-) TimerEvent: {}
[134.678759] (-) TimerEvent: {}
[134.782299] (-) TimerEvent: {}
[134.882817] (-) TimerEvent: {}
[134.985939] (-) TimerEvent: {}
[135.086471] (-) TimerEvent: {}
[135.193306] (-) TimerEvent: {}
[135.293799] (-) TimerEvent: {}
[135.394304] (-) TimerEvent: {}
[135.494734] (-) TimerEvent: {}
[135.595173] (-) TimerEvent: {}
[135.700365] (-) TimerEvent: {}
[135.800892] (-) TimerEvent: {}
[135.903823] (-) TimerEvent: {}
[136.004396] (-) TimerEvent: {}
[136.108319] (-) TimerEvent: {}
[136.212338] (-) TimerEvent: {}
[136.314218] (-) TimerEvent: {}
[136.414648] (-) TimerEvent: {}
[136.515089] (-) TimerEvent: {}
[136.617851] (-) TimerEvent: {}
[136.718340] (-) TimerEvent: {}
[136.818863] (-) TimerEvent: {}
[136.922619] (-) TimerEvent: {}
[137.023147] (-) TimerEvent: {}
[137.123612] (-) TimerEvent: {}
[137.224196] (-) TimerEvent: {}
[137.324972] (-) TimerEvent: {}
[137.425495] (-) TimerEvent: {}
[137.525958] (-) TimerEvent: {}
[137.626648] (-) TimerEvent: {}
[137.735419] (-) TimerEvent: {}
[137.860367] (-) TimerEvent: {}
[137.960992] (-) TimerEvent: {}
[138.061685] (-) TimerEvent: {}
[138.164339] (-) TimerEvent: {}
[138.269539] (-) TimerEvent: {}
[138.370243] (-) TimerEvent: {}
[138.472764] (-) TimerEvent: {}
[138.573252] (-) TimerEvent: {}
[138.673923] (-) TimerEvent: {}
[138.776912] (-) TimerEvent: {}
[138.878036] (-) TimerEvent: {}
[138.978707] (-) TimerEvent: {}
[139.088408] (-) TimerEvent: {}
[139.189722] (-) TimerEvent: {}
[139.290271] (-) TimerEvent: {}
[139.390692] (-) TimerEvent: {}
[139.491215] (-) TimerEvent: {}
[139.591783] (-) TimerEvent: {}
[139.692360] (-) TimerEvent: {}
[139.793353] (-) TimerEvent: {}
[139.895606] (-) TimerEvent: {}
[139.996343] (-) TimerEvent: {}
[140.096900] (-) TimerEvent: {}
[140.197361] (-) TimerEvent: {}
[140.297906] (-) TimerEvent: {}
[140.401882] (-) TimerEvent: {}
[140.502470] (-) TimerEvent: {}
[140.602962] (-) TimerEvent: {}
[140.704158] (-) TimerEvent: {}
[140.808370] (-) TimerEvent: {}
[140.908848] (-) TimerEvent: {}
[141.009960] (-) TimerEvent: {}
[141.110508] (-) TimerEvent: {}
[141.213663] (-) TimerEvent: {}
[141.314155] (-) TimerEvent: {}
[141.414600] (-) TimerEvent: {}
[141.518933] (-) TimerEvent: {}
[141.619375] (-) TimerEvent: {}
[141.719976] (-) TimerEvent: {}
[141.820742] (-) TimerEvent: {}
[141.922890] (-) TimerEvent: {}
[142.023613] (-) TimerEvent: {}
[142.124886] (-) TimerEvent: {}
[142.225460] (-) TimerEvent: {}
[142.326144] (-) TimerEvent: {}
[142.428957] (-) TimerEvent: {}
[142.529418] (-) TimerEvent: {}
[142.630207] (-) TimerEvent: {}
[142.730865] (-) TimerEvent: {}
[142.831751] (-) TimerEvent: {}
[142.932198] (-) TimerEvent: {}
[143.034570] (-) TimerEvent: {}
[143.135202] (-) TimerEvent: {}
[143.236561] (-) TimerEvent: {}
[143.340308] (-) TimerEvent: {}
[143.440738] (-) TimerEvent: {}
[143.541586] (-) TimerEvent: {}
[143.643369] (-) TimerEvent: {}
[143.743796] (-) TimerEvent: {}
[143.844396] (-) TimerEvent: {}
[143.944962] (-) TimerEvent: {}
[144.045404] (-) TimerEvent: {}
[144.147657] (-) TimerEvent: {}
[144.248370] (-) TimerEvent: {}
[144.348823] (-) TimerEvent: {}
[144.451561] (-) TimerEvent: {}
[144.552304] (-) TimerEvent: {}
[144.652723] (-) TimerEvent: {}
[144.753226] (-) TimerEvent: {}
[144.855382] (-) TimerEvent: {}
[144.956724] (-) TimerEvent: {}
[145.057635] (-) TimerEvent: {}
[145.158157] (-) TimerEvent: {}
[145.258888] (-) TimerEvent: {}
[145.359355] (-) TimerEvent: {}
[145.465551] (-) TimerEvent: {}
[145.566097] (-) TimerEvent: {}
[145.666620] (-) TimerEvent: {}
[145.767200] (-) TimerEvent: {}
[145.872980] (-) TimerEvent: {}
[145.973973] (-) TimerEvent: {}
[146.074431] (-) TimerEvent: {}
[146.176574] (-) TimerEvent: {}
[146.277197] (-) TimerEvent: {}
[146.377705] (-) TimerEvent: {}
[146.480335] (-) TimerEvent: {}
[146.580760] (-) TimerEvent: {}
[146.683679] (-) TimerEvent: {}
[146.785238] (-) TimerEvent: {}
[146.885775] (-) TimerEvent: {}
[146.986330] (-) TimerEvent: {}
[147.086870] (-) TimerEvent: {}
[147.189051] (-) TimerEvent: {}
[147.289590] (-) TimerEvent: {}
[147.390354] (-) TimerEvent: {}
[147.492446] (-) TimerEvent: {}
[147.592948] (-) TimerEvent: {}
[147.697631] (-) TimerEvent: {}
[147.799678] (-) TimerEvent: {}
[147.900464] (-) TimerEvent: {}
[148.001915] (-) TimerEvent: {}
[148.102493] (-) TimerEvent: {}
[148.203083] (-) TimerEvent: {}
[148.305910] (-) TimerEvent: {}
[148.406595] (-) TimerEvent: {}
[148.507325] (-) TimerEvent: {}
[148.607919] (-) TimerEvent: {}
[148.708664] (-) TimerEvent: {}
[148.809221] (-) TimerEvent: {}
[148.909870] (-) TimerEvent: {}
[149.010474] (-) TimerEvent: {}
[149.112851] (-) TimerEvent: {}
[149.216889] (-) TimerEvent: {}
[149.317592] (-) TimerEvent: {}
[149.418013] (-) TimerEvent: {}
[149.518520] (-) TimerEvent: {}
[149.619085] (-) TimerEvent: {}
[149.719652] (-) TimerEvent: {}
[149.820123] (-) TimerEvent: {}
[149.921407] (-) TimerEvent: {}
[150.022229] (-) TimerEvent: {}
[150.122772] (-) TimerEvent: {}
[150.224874] (-) TimerEvent: {}
[150.325451] (-) TimerEvent: {}
[150.425978] (-) TimerEvent: {}
[150.526601] (-) TimerEvent: {}
[150.627127] (-) TimerEvent: {}
[150.729817] (-) TimerEvent: {}
[150.830624] (-) TimerEvent: {}
[150.931260] (-) TimerEvent: {}
[151.033487] (-) TimerEvent: {}
[151.136284] (-) TimerEvent: {}
[151.237465] (-) TimerEvent: {}
[151.338175] (-) TimerEvent: {}
[151.439758] (-) TimerEvent: {}
[151.545319] (-) TimerEvent: {}
[151.645846] (-) TimerEvent: {}
[151.746864] (-) TimerEvent: {}
[151.847513] (-) TimerEvent: {}
[151.951968] (-) TimerEvent: {}
[152.054311] (-) TimerEvent: {}
[152.156264] (-) TimerEvent: {}
[152.256990] (-) TimerEvent: {}
[152.357585] (-) TimerEvent: {}
[152.462495] (-) TimerEvent: {}
[152.570683] (-) TimerEvent: {}
[152.671194] (-) TimerEvent: {}
[152.772426] (-) TimerEvent: {}
[152.872896] (-) TimerEvent: {}
[152.973655] (-) TimerEvent: {}
[153.074770] (-) TimerEvent: {}
[153.175278] (-) TimerEvent: {}
[153.275910] (-) TimerEvent: {}
[153.376743] (-) TimerEvent: {}
[153.479786] (-) TimerEvent: {}
[153.580472] (-) TimerEvent: {}
[153.681224] (-) TimerEvent: {}
[153.787340] (-) TimerEvent: {}
[153.888013] (-) TimerEvent: {}
[153.988647] (-) TimerEvent: {}
[154.093387] (-) TimerEvent: {}
[154.193848] (-) TimerEvent: {}
[154.294313] (-) TimerEvent: {}
[154.394941] (-) TimerEvent: {}
[154.497318] (-) TimerEvent: {}
[154.598237] (-) TimerEvent: {}
[154.698683] (-) TimerEvent: {}
[154.799205] (-) TimerEvent: {}
[154.899892] (-) TimerEvent: {}
[155.000834] (-) TimerEvent: {}
[155.101222] (-) TimerEvent: {}
[155.202196] (-) TimerEvent: {}
[155.305975] (-) TimerEvent: {}
[155.406469] (-) TimerEvent: {}
[155.514943] (-) TimerEvent: {}
[155.615968] (-) TimerEvent: {}
[155.717678] (-) TimerEvent: {}
[155.818580] (-) TimerEvent: {}
[155.920445] (-) TimerEvent: {}
[156.022947] (-) TimerEvent: {}
[156.129344] (-) TimerEvent: {}
[156.229852] (-) TimerEvent: {}
[156.332835] (-) TimerEvent: {}
[156.437163] (-) TimerEvent: {}
[156.537938] (-) TimerEvent: {}
[156.638429] (-) TimerEvent: {}
[156.738933] (-) TimerEvent: {}
[156.839459] (-) TimerEvent: {}
[156.944360] (-) TimerEvent: {}
[157.044894] (-) TimerEvent: {}
[157.145466] (-) TimerEvent: {}
[157.245970] (-) TimerEvent: {}
[157.346516] (-) TimerEvent: {}
[157.446994] (-) TimerEvent: {}
[157.547433] (-) TimerEvent: {}
[157.647894] (-) TimerEvent: {}
[157.748582] (-) TimerEvent: {}
[157.849519] (-) TimerEvent: {}
[157.951164] (-) TimerEvent: {}
[158.051840] (-) TimerEvent: {}
[158.152415] (-) TimerEvent: {}
[158.252979] (-) TimerEvent: {}
[158.356375] (-) TimerEvent: {}
[158.457155] (-) TimerEvent: {}
[158.561468] (-) TimerEvent: {}
[158.662591] (-) TimerEvent: {}
[158.765382] (-) TimerEvent: {}
[158.868949] (-) TimerEvent: {}
[158.969470] (-) TimerEvent: {}
[159.069931] (-) TimerEvent: {}
[159.170457] (-) TimerEvent: {}
[159.271005] (-) TimerEvent: {}
[159.371689] (-) TimerEvent: {}
[159.477551] (-) TimerEvent: {}
[159.577989] (-) TimerEvent: {}
[159.678551] (-) TimerEvent: {}
[159.779267] (-) TimerEvent: {}
[159.879675] (-) TimerEvent: {}
[159.984436] (-) TimerEvent: {}
[160.086740] (-) TimerEvent: {}
[160.187480] (-) TimerEvent: {}
[160.288429] (-) TimerEvent: {}
[160.389399] (-) TimerEvent: {}
[160.490023] (-) TimerEvent: {}
[160.590583] (-) TimerEvent: {}
[160.691018] (-) TimerEvent: {}
[160.791536] (-) TimerEvent: {}
[160.891989] (-) TimerEvent: {}
[160.995470] (-) TimerEvent: {}
[161.096129] (-) TimerEvent: {}
[161.197182] (-) TimerEvent: {}
[161.297848] (-) TimerEvent: {}
[161.398265] (-) TimerEvent: {}
[161.498775] (-) TimerEvent: {}
[161.602550] (-) TimerEvent: {}
[161.704313] (-) TimerEvent: {}
[161.806976] (-) TimerEvent: {}
[161.907844] (-) TimerEvent: {}
[162.009696] (-) TimerEvent: {}
[162.112411] (-) TimerEvent: {}
[162.216390] (-) TimerEvent: {}
[162.320289] (-) TimerEvent: {}
[162.423005] (-) TimerEvent: {}
[162.523658] (-) TimerEvent: {}
[162.624254] (-) TimerEvent: {}
[162.728479] (-) TimerEvent: {}
[162.831278] (-) TimerEvent: {}
[162.931706] (-) TimerEvent: {}
[163.032169] (-) TimerEvent: {}
[163.138720] (-) TimerEvent: {}
[163.184689] (state_estimator) StderrLine: {'line': b'In file included from \x1b[01m\x1b[K/opt/ros/humble/include/pinocchio/parsers/urdf.hpp:351\x1b[m\x1b[K,\n'}
[163.185382] (state_estimator) StderrLine: {'line': b'                 from \x1b[01m\x1b[K/root/muse_ws/muse_ros2/muse_ws/src/state_estimator/src/plugins/leg_odometry_plugin.cpp:1\x1b[m\x1b[K:\n'}
[163.185563] (state_estimator) StderrLine: {'line': b'\x1b[01m\x1b[K/opt/ros/humble/include/pinocchio/parsers/urdf/model.hxx:\x1b[m\x1b[K In member function \xe2\x80\x98\x1b[01m\x1b[Kpinocchio::JointIndex pinocchio::urdf::details::UrdfVisitor<Scalar, Options, JointCollectionTpl>::addMimicJoint(const Frame&, const SE3&, const string&, const VectorConstRef&, const VectorConstRef&, const VectorConstRef&, const VectorConstRef&, const VectorConstRef&, const VectorConstRef&, const MimicInfo_&) [with TypeX = pinocchio::JointModelRevoluteTpl<double, 0, 0>; TypeY = pinocchio::JointModelRevoluteTpl<double, 0, 1>; TypeZ = pinocchio::JointModelRevoluteTpl<double, 0, 2>; TypeUnaligned = pinocchio::JointModelRevoluteUnalignedTpl<double>; Scalar = double; int Options = 0; JointCollectionTpl = pinocchio::JointCollectionDefaultTpl]\x1b[m\x1b[K\xe2\x80\x99:\n'}
[163.185765] (state_estimator) StderrLine: {'line': b'\x1b[01m\x1b[K/opt/ros/humble/include/pinocchio/parsers/urdf/model.hxx:553:9:\x1b[m\x1b[K \x1b[01;35m\x1b[Kwarning: \x1b[m\x1b[Kcontrol reaches end of non-void function [\x1b[01;35m\x1b[K-Wreturn-type\x1b[m\x1b[K]\n'}
[163.185929] (state_estimator) StderrLine: {'line': b'  553 |         \x1b[01;35m\x1b[K}\x1b[m\x1b[K\n'}
[163.186015] (state_estimator) StderrLine: {'line': b'      |         \x1b[01;35m\x1b[K^\x1b[m\x1b[K\n'}
[163.200370] (state_estimator) StderrLine: {'line': b'\x1b[01m\x1b[K/opt/ros/humble/include/pinocchio/parsers/urdf/model.hxx:\x1b[m\x1b[K In member function \xe2\x80\x98\x1b[01m\x1b[Kpinocchio::JointIndex pinocchio::urdf::details::UrdfVisitor<Scalar, Options, JointCollectionTpl>::addMimicJoint(const Frame&, const SE3&, const string&, const VectorConstRef&, const VectorConstRef&, const VectorConstRef&, const VectorConstRef&, const VectorConstRef&, const VectorConstRef&, const MimicInfo_&) [with TypeX = pinocchio::JointModelPrismaticTpl<double, 0, 0>; TypeY = pinocchio::JointModelPrismaticTpl<double, 0, 1>; TypeZ = pinocchio::JointModelPrismaticTpl<double, 0, 2>; TypeUnaligned = pinocchio::JointModelPrismaticUnalignedTpl<double>; Scalar = double; int Options = 0; JointCollectionTpl = pinocchio::JointCollectionDefaultTpl]\x1b[m\x1b[K\xe2\x80\x99:\n'}
[163.200761] (state_estimator) StderrLine: {'line': b'\x1b[01m\x1b[K/opt/ros/humble/include/pinocchio/parsers/urdf/model.hxx:553:9:\x1b[m\x1b[K \x1b[01;35m\x1b[Kwarning: \x1b[m\x1b[Kcontrol reaches end of non-void function [\x1b[01;35m\x1b[K-Wreturn-type\x1b[m\x1b[K]\n'}
[163.200861] (state_estimator) StderrLine: {'line': b'  553 |         \x1b[01;35m\x1b[K}\x1b[m\x1b[K\n'}
[163.200939] (state_estimator) StderrLine: {'line': b'      |         \x1b[01;35m\x1b[K^\x1b[m\x1b[K\n'}
[163.201540] (state_estimator) StderrLine: {'line': b'\x1b[01m\x1b[K/opt/ros/humble/include/pinocchio/parsers/urdf/model.hxx:\x1b[m\x1b[K In member function \xe2\x80\x98\x1b[01m\x1b[Kpinocchio::JointIndex pinocchio::urdf::details::UrdfVisitor<Scalar, Options, JointCollectionTpl>::addMimicJoint(const Frame&, const SE3&, const string&, const VectorConstRef&, const VectorConstRef&, const VectorConstRef&, const VectorConstRef&, const VectorConstRef&, const VectorConstRef&, const MimicInfo_&) [with TypeX = pinocchio::JointModelRevoluteUnboundedTpl<double, 0, 0>; TypeY = pinocchio::JointModelRevoluteUnboundedTpl<double, 0, 1>; TypeZ = pinocchio::JointModelRevoluteUnboundedTpl<double, 0, 2>; TypeUnaligned = pinocchio::JointModelRevoluteUnboundedUnalignedTpl<double>; Scalar = double; int Options = 0; JointCollectionTpl = pinocchio::JointCollectionDefaultTpl]\x1b[m\x1b[K\xe2\x80\x99:\n'}
[163.201757] (state_estimator) StderrLine: {'line': b'\x1b[01m\x1b[K/opt/ros/humble/include/pinocchio/parsers/urdf/model.hxx:553:9:\x1b[m\x1b[K \x1b[01;35m\x1b[Kwarning: \x1b[m\x1b[Kcontrol reaches end of non-void function [\x1b[01;35m\x1b[K-Wreturn-type\x1b[m\x1b[K]\n'}
[163.201851] (state_estimator) StderrLine: {'line': b'  553 |         \x1b[01;35m\x1b[K}\x1b[m\x1b[K\n'}
[163.201952] (state_estimator) StderrLine: {'line': b'      |         \x1b[01;35m\x1b[K^\x1b[m\x1b[K\n'}
[163.238829] (-) TimerEvent: {}
[163.339209] (-) TimerEvent: {}
[163.439862] (-) TimerEvent: {}
[163.544003] (-) TimerEvent: {}
[163.644533] (-) TimerEvent: {}
[163.745043] (-) TimerEvent: {}
[163.846698] (-) TimerEvent: {}
[163.947463] (-) TimerEvent: {}
[164.052340] (-) TimerEvent: {}
[164.152829] (-) TimerEvent: {}
[164.253515] (-) TimerEvent: {}
[164.354022] (-) TimerEvent: {}
[164.456405] (-) TimerEvent: {}
[164.556940] (-) TimerEvent: {}
[164.657428] (-) TimerEvent: {}
[164.758728] (-) TimerEvent: {}
[164.860026] (-) TimerEvent: {}
[164.960564] (-) TimerEvent: {}
[165.061205] (-) TimerEvent: {}
[165.162048] (-) TimerEvent: {}
[165.262626] (-) TimerEvent: {}
[165.365278] (-) TimerEvent: {}
[165.465859] (-) TimerEvent: {}
[165.568408] (-) TimerEvent: {}
[165.669176] (-) TimerEvent: {}
[165.772404] (-) TimerEvent: {}
[165.873637] (-) TimerEvent: {}
[165.974508] (-) TimerEvent: {}
[166.079345] (-) TimerEvent: {}
[166.183230] (-) TimerEvent: {}
[166.283804] (-) TimerEvent: {}
[166.384580] (-) TimerEvent: {}
[166.485375] (-) TimerEvent: {}
[166.586822] (-) TimerEvent: {}
[166.687920] (-) TimerEvent: {}
[166.790784] (-) TimerEvent: {}
[166.896860] (-) TimerEvent: {}
[167.002384] (-) TimerEvent: {}
[167.103017] (-) TimerEvent: {}
[167.206772] (-) TimerEvent: {}
[167.309002] (-) TimerEvent: {}
[167.412665] (-) TimerEvent: {}
[167.513202] (-) TimerEvent: {}
[167.613777] (-) TimerEvent: {}
[167.714527] (-) TimerEvent: {}
[167.827412] (-) TimerEvent: {}
[167.928591] (-) TimerEvent: {}
[168.029107] (-) TimerEvent: {}
[168.129575] (-) TimerEvent: {}
[168.230295] (-) TimerEvent: {}
[168.330873] (-) TimerEvent: {}
[168.432394] (-) TimerEvent: {}
[168.533879] (-) TimerEvent: {}
[168.634471] (-) TimerEvent: {}
[168.735648] (-) TimerEvent: {}
[168.837136] (-) TimerEvent: {}
[168.938093] (-) TimerEvent: {}
[169.045766] (-) TimerEvent: {}
[169.146246] (-) TimerEvent: {}
[169.248945] (-) TimerEvent: {}
[169.352453] (-) TimerEvent: {}
[169.453365] (-) TimerEvent: {}
[169.556321] (-) TimerEvent: {}
[169.657258] (-) TimerEvent: {}
[169.760192] (-) TimerEvent: {}
[169.860981] (-) TimerEvent: {}
[169.961444] (-) TimerEvent: {}
[170.061927] (-) TimerEvent: {}
[170.162428] (-) TimerEvent: {}
[170.264365] (-) TimerEvent: {}
[170.364927] (-) TimerEvent: {}
[170.468749] (-) TimerEvent: {}
[170.569936] (-) TimerEvent: {}
[170.670381] (-) TimerEvent: {}
[170.775031] (-) TimerEvent: {}
[170.875626] (-) TimerEvent: {}
[170.976298] (-) TimerEvent: {}
[171.076999] (-) TimerEvent: {}
[171.177646] (-) TimerEvent: {}
[171.280391] (-) TimerEvent: {}
[171.385132] (-) TimerEvent: {}
[171.485704] (-) TimerEvent: {}
[171.586671] (-) TimerEvent: {}
[171.688452] (-) TimerEvent: {}
[171.789586] (-) TimerEvent: {}
[171.890135] (-) TimerEvent: {}
[171.991388] (-) TimerEvent: {}
[172.092025] (-) TimerEvent: {}
[172.193657] (-) TimerEvent: {}
[172.294295] (-) TimerEvent: {}
[172.394802] (-) TimerEvent: {}
[172.495378] (-) TimerEvent: {}
[172.600191] (-) TimerEvent: {}
[172.700727] (-) TimerEvent: {}
[172.801311] (-) TimerEvent: {}
[172.901721] (-) TimerEvent: {}
[173.002200] (-) TimerEvent: {}
[173.108400] (-) TimerEvent: {}
[173.209024] (-) TimerEvent: {}
[173.309534] (-) TimerEvent: {}
[173.410040] (-) TimerEvent: {}
[173.516073] (-) TimerEvent: {}
[173.620370] (-) TimerEvent: {}
[173.720847] (-) TimerEvent: {}
[173.824354] (-) TimerEvent: {}
[173.924824] (-) TimerEvent: {}
[174.025268] (-) TimerEvent: {}
[174.127326] (-) TimerEvent: {}
[174.227832] (-) TimerEvent: {}
[174.328359] (-) TimerEvent: {}
[174.428829] (-) TimerEvent: {}
[174.529726] (-) TimerEvent: {}
[174.632984] (-) TimerEvent: {}
[174.733423] (-) TimerEvent: {}
[174.837680] (-) TimerEvent: {}
[174.940356] (-) TimerEvent: {}
[175.040785] (-) TimerEvent: {}
[175.141335] (-) TimerEvent: {}
[175.242021] (-) TimerEvent: {}
[175.344330] (-) TimerEvent: {}
[175.448521] (-) TimerEvent: {}
[175.549139] (-) TimerEvent: {}
[175.653129] (-) TimerEvent: {}
[175.753647] (-) TimerEvent: {}
[175.861332] (-) TimerEvent: {}
[175.966445] (-) TimerEvent: {}
[176.066955] (-) TimerEvent: {}
[176.167406] (-) TimerEvent: {}
[176.267870] (-) TimerEvent: {}
[176.368548] (-) TimerEvent: {}
[176.469001] (-) TimerEvent: {}
[176.569478] (-) TimerEvent: {}
[176.669932] (-) TimerEvent: {}
[176.770390] (-) TimerEvent: {}
[176.870923] (-) TimerEvent: {}
[176.971469] (-) TimerEvent: {}
[177.072006] (-) TimerEvent: {}
[177.180437] (-) TimerEvent: {}
[177.280943] (-) TimerEvent: {}
[177.383058] (-) TimerEvent: {}
[177.483634] (-) TimerEvent: {}
[177.584090] (-) TimerEvent: {}
[177.684615] (-) TimerEvent: {}
[177.794564] (-) TimerEvent: {}
[177.895176] (-) TimerEvent: {}
[177.995685] (-) TimerEvent: {}
[178.101646] (-) TimerEvent: {}
[178.207937] (-) TimerEvent: {}
[178.308468] (-) TimerEvent: {}
[178.409036] (-) TimerEvent: {}
[178.509558] (-) TimerEvent: {}
[178.611922] (-) TimerEvent: {}
[178.712502] (-) TimerEvent: {}
[178.818242] (-) TimerEvent: {}
[178.918941] (-) TimerEvent: {}
[179.019541] (-) TimerEvent: {}
[179.120132] (-) TimerEvent: {}
[179.220713] (-) TimerEvent: {}
[179.324382] (-) TimerEvent: {}
[179.425461] (-) TimerEvent: {}
[179.526770] (-) TimerEvent: {}
[179.632356] (-) TimerEvent: {}
[179.737751] (-) TimerEvent: {}
[179.838169] (-) TimerEvent: {}
[179.941725] (-) TimerEvent: {}
[180.044416] (-) TimerEvent: {}
[180.149028] (-) TimerEvent: {}
[180.255520] (-) TimerEvent: {}
[180.357274] (-) TimerEvent: {}
[180.457748] (-) TimerEvent: {}
[180.558208] (-) TimerEvent: {}
[180.658684] (-) TimerEvent: {}
[180.759147] (-) TimerEvent: {}
[180.859648] (-) TimerEvent: {}
[180.960106] (-) TimerEvent: {}
[181.060640] (-) TimerEvent: {}
[181.161080] (-) TimerEvent: {}
[181.261564] (-) TimerEvent: {}
[181.364426] (-) TimerEvent: {}
[181.465137] (-) TimerEvent: {}
[181.565783] (-) TimerEvent: {}
[181.668407] (-) TimerEvent: {}
[181.771713] (-) TimerEvent: {}
[181.872338] (-) TimerEvent: {}
[181.973181] (-) TimerEvent: {}
[182.073818] (-) TimerEvent: {}
[182.174361] (-) TimerEvent: {}
[182.274870] (-) TimerEvent: {}
[182.375469] (-) TimerEvent: {}
[182.476191] (-) TimerEvent: {}
[182.579405] (-) TimerEvent: {}
[182.680514] (-) TimerEvent: {}
[182.787342] (-) TimerEvent: {}
[182.887853] (-) TimerEvent: {}
[182.990140] (-) TimerEvent: {}
[183.090806] (-) TimerEvent: {}
[183.191503] (-) TimerEvent: {}
[183.292496] (-) TimerEvent: {}
[183.397162] (-) TimerEvent: {}
[183.497728] (-) TimerEvent: {}
[183.598744] (-) TimerEvent: {}
[183.699336] (-) TimerEvent: {}
[183.800331] (-) TimerEvent: {}
[183.908375] (-) TimerEvent: {}
[184.008892] (-) TimerEvent: {}
[184.110308] (-) TimerEvent: {}
[184.211166] (-) TimerEvent: {}
[184.311702] (-) TimerEvent: {}
[184.412286] (-) TimerEvent: {}
[184.512758] (-) TimerEvent: {}
[184.616404] (-) TimerEvent: {}
[184.717210] (-) TimerEvent: {}
[184.817678] (-) TimerEvent: {}
[184.922242] (-) TimerEvent: {}
[185.022700] (-) TimerEvent: {}
[185.124104] (-) TimerEvent: {}
[185.224788] (-) TimerEvent: {}
[185.325417] (-) TimerEvent: {}
[185.425943] (-) TimerEvent: {}
[185.526426] (-) TimerEvent: {}
[185.627122] (-) TimerEvent: {}
[185.727635] (-) TimerEvent: {}
[185.828232] (-) TimerEvent: {}
[185.928781] (-) TimerEvent: {}
[186.029249] (-) TimerEvent: {}
[186.129933] (-) TimerEvent: {}
[186.230611] (-) TimerEvent: {}
[186.336382] (-) TimerEvent: {}
[186.436956] (-) TimerEvent: {}
[186.537557] (-) TimerEvent: {}
[186.638388] (-) TimerEvent: {}
[186.738885] (-) TimerEvent: {}
[186.839348] (-) TimerEvent: {}
[186.939807] (-) TimerEvent: {}
[187.040403] (-) TimerEvent: {}
[187.144388] (-) TimerEvent: {}
[187.244886] (-) TimerEvent: {}
[187.345534] (-) TimerEvent: {}
[187.451581] (-) TimerEvent: {}
[187.552016] (-) TimerEvent: {}
[187.653540] (-) TimerEvent: {}
[187.756145] (-) TimerEvent: {}
[187.857150] (-) TimerEvent: {}
[187.958064] (-) TimerEvent: {}
[188.069710] (-) TimerEvent: {}
[188.170300] (-) TimerEvent: {}
[188.270852] (-) TimerEvent: {}
[188.371461] (-) TimerEvent: {}
[188.473202] (-) TimerEvent: {}
[188.574639] (-) TimerEvent: {}
[188.675223] (-) TimerEvent: {}
[188.775883] (-) TimerEvent: {}
[188.876313] (-) TimerEvent: {}
[188.977622] (-) TimerEvent: {}
[189.078219] (-) TimerEvent: {}
[189.179087] (-) TimerEvent: {}
[189.282167] (-) TimerEvent: {}
[189.382932] (-) TimerEvent: {}
[189.485385] (-) TimerEvent: {}
[189.586057] (-) TimerEvent: {}
[189.689669] (-) TimerEvent: {}
[189.795366] (-) TimerEvent: {}
[189.897131] (-) TimerEvent: {}
[189.997878] (-) TimerEvent: {}
[190.099186] (-) TimerEvent: {}
[190.199858] (-) TimerEvent: {}
[190.300358] (-) TimerEvent: {}
[190.401005] (-) TimerEvent: {}
[190.501507] (-) TimerEvent: {}
[190.602628] (-) TimerEvent: {}
[190.706233] (-) TimerEvent: {}
[190.808606] (-) TimerEvent: {}
[190.910750] (-) TimerEvent: {}
[191.012326] (-) TimerEvent: {}
[191.112856] (-) TimerEvent: {}
[191.214258] (-) TimerEvent: {}
[191.318310] (-) TimerEvent: {}
[191.419018] (-) TimerEvent: {}
[191.527758] (-) TimerEvent: {}
[191.628340] (-) TimerEvent: {}
[191.728988] (-) TimerEvent: {}
[191.829441] (-) TimerEvent: {}
[191.932347] (-) TimerEvent: {}
[192.032828] (-) TimerEvent: {}
[192.135403] (-) TimerEvent: {}
[192.240110] (-) TimerEvent: {}
[192.340652] (-) TimerEvent: {}
[192.441201] (-) TimerEvent: {}
[192.542601] (-) TimerEvent: {}
[192.643270] (-) TimerEvent: {}
[192.744938] (-) TimerEvent: {}
[192.845535] (-) TimerEvent: {}
[192.946992] (-) TimerEvent: {}
[193.047386] (-) TimerEvent: {}
[193.147819] (-) TimerEvent: {}
[193.248230] (-) TimerEvent: {}
[193.348797] (-) TimerEvent: {}
[193.449337] (-) TimerEvent: {}
[193.551569] (-) TimerEvent: {}
[193.652299] (-) TimerEvent: {}
[193.752739] (-) TimerEvent: {}
[193.853202] (-) TimerEvent: {}
[193.953647] (-) TimerEvent: {}
[194.054996] (-) TimerEvent: {}
[194.155618] (-) TimerEvent: {}
[194.256341] (-) TimerEvent: {}
[194.364861] (-) TimerEvent: {}
[194.465348] (-) TimerEvent: {}
[194.565815] (-) TimerEvent: {}
[194.666537] (-) TimerEvent: {}
[194.767256] (-) TimerEvent: {}
[194.867755] (-) TimerEvent: {}
[194.968181] (-) TimerEvent: {}
[195.071728] (-) TimerEvent: {}
[195.172261] (-) TimerEvent: {}
[195.272734] (-) TimerEvent: {}
[195.373415] (-) TimerEvent: {}
[195.474110] (-) TimerEvent: {}
[195.574671] (-) TimerEvent: {}
[195.675087] (-) TimerEvent: {}
[195.775616] (-) TimerEvent: {}
[195.876145] (-) TimerEvent: {}
[195.976803] (-) TimerEvent: {}
[196.081911] (-) TimerEvent: {}
[196.184825] (-) TimerEvent: {}
[196.285227] (-) TimerEvent: {}
[196.387243] (-) TimerEvent: {}
[196.487816] (-) TimerEvent: {}
[196.588283] (-) TimerEvent: {}
[196.688989] (-) TimerEvent: {}
[196.791684] (-) TimerEvent: {}
[196.892259] (-) TimerEvent: {}
[196.992744] (-) TimerEvent: {}
[197.093316] (-) TimerEvent: {}
[197.196338] (-) TimerEvent: {}
[197.296783] (-) TimerEvent: {}
[197.398712] (-) TimerEvent: {}
[197.500329] (-) TimerEvent: {}
[197.603845] (-) TimerEvent: {}
[197.704414] (-) TimerEvent: {}
[197.805970] (-) TimerEvent: {}
[197.906698] (-) TimerEvent: {}
[198.008784] (-) TimerEvent: {}
[198.109372] (-) TimerEvent: {}
[198.209956] (-) TimerEvent: {}
[198.310565] (-) TimerEvent: {}
[198.415321] (-) TimerEvent: {}
[198.515951] (-) TimerEvent: {}
[198.616503] (-) TimerEvent: {}
[198.716998] (-) TimerEvent: {}
[198.817537] (-) TimerEvent: {}
[198.918019] (-) TimerEvent: {}
[199.018717] (-) TimerEvent: {}
[199.123892] (-) TimerEvent: {}
[199.224956] (-) TimerEvent: {}
[199.325491] (-) TimerEvent: {}
[199.426986] (-) TimerEvent: {}
[199.527926] (-) TimerEvent: {}
[199.630740] (-) TimerEvent: {}
[199.731326] (-) TimerEvent: {}
[199.831775] (-) TimerEvent: {}
[199.933085] (-) TimerEvent: {}
[200.034345] (-) TimerEvent: {}
[200.137121] (-) TimerEvent: {}
[200.240105] (-) TimerEvent: {}
[200.344133] (-) TimerEvent: {}
[200.444691] (-) TimerEvent: {}
[200.548699] (-) TimerEvent: {}
[200.649445] (-) TimerEvent: {}
[200.750127] (-) TimerEvent: {}
[200.851349] (-) TimerEvent: {}
[200.951802] (-) TimerEvent: {}
[201.052390] (-) TimerEvent: {}
[201.172858] (-) TimerEvent: {}
[201.274069] (-) TimerEvent: {}
[201.374539] (-) TimerEvent: {}
[201.478844] (-) TimerEvent: {}
[201.579514] (-) TimerEvent: {}
[201.680363] (-) TimerEvent: {}
[201.781987] (-) TimerEvent: {}
[201.882564] (-) TimerEvent: {}
[201.987730] (-) TimerEvent: {}
[202.088507] (-) TimerEvent: {}
[202.188965] (-) TimerEvent: {}
[202.292299] (-) TimerEvent: {}
[202.393024] (-) TimerEvent: {}
[202.500439] (-) TimerEvent: {}
[202.600981] (-) TimerEvent: {}
[202.701689] (-) TimerEvent: {}
[202.802758] (-) TimerEvent: {}
[202.903441] (-) TimerEvent: {}
[203.007396] (-) TimerEvent: {}
[203.107899] (-) TimerEvent: {}
[203.208738] (-) TimerEvent: {}
[203.312651] (-) TimerEvent: {}
[203.413285] (-) TimerEvent: {}
[203.518668] (-) TimerEvent: {}
[203.620419] (-) TimerEvent: {}
[203.724999] (-) TimerEvent: {}
[203.825605] (-) TimerEvent: {}
[203.926326] (-) TimerEvent: {}
[204.028064] (-) TimerEvent: {}
[204.132780] (-) TimerEvent: {}
[204.233449] (-) TimerEvent: {}
[204.333957] (-) TimerEvent: {}
[204.434397] (-) TimerEvent: {}
[204.534910] (-) TimerEvent: {}
[204.635393] (-) TimerEvent: {}
[204.736192] (-) TimerEvent: {}
[204.839819] (-) TimerEvent: {}
[204.940360] (-) TimerEvent: {}
[205.040927] (-) TimerEvent: {}
[205.144807] (-) TimerEvent: {}
[205.245314] (-) TimerEvent: {}
[205.345753] (-) TimerEvent: {}
[205.453067] (-) TimerEvent: {}
[205.553796] (-) TimerEvent: {}
[205.655151] (-) TimerEvent: {}
[205.755755] (-) TimerEvent: {}
[205.856642] (-) TimerEvent: {}
[205.960524] (-) TimerEvent: {}
[206.061503] (-) TimerEvent: {}
[206.162026] (-) TimerEvent: {}
[206.265250] (-) TimerEvent: {}
[206.366690] (-) TimerEvent: {}
[206.467266] (-) TimerEvent: {}
[206.567855] (-) TimerEvent: {}
[206.668590] (-) TimerEvent: {}
[206.769114] (-) TimerEvent: {}
[206.870430] (-) TimerEvent: {}
[206.970897] (-) TimerEvent: {}
[207.071312] (-) TimerEvent: {}
[207.178236] (-) TimerEvent: {}
[207.278837] (-) TimerEvent: {}
[207.379356] (-) TimerEvent: {}
[207.484388] (-) TimerEvent: {}
[207.584988] (-) TimerEvent: {}
[207.685525] (-) TimerEvent: {}
[207.746390] (state_estimator) StdoutLine: {'line': b'[ 62%] \x1b[32m\x1b[1mLinking CXX shared library libstate_estimator_plugins.so\x1b[0m\n'}
[207.785761] (-) TimerEvent: {}
[207.887610] (-) TimerEvent: {}
[207.990592] (-) TimerEvent: {}
[208.091292] (-) TimerEvent: {}
[208.191914] (-) TimerEvent: {}
[208.294667] (-) TimerEvent: {}
[208.395291] (-) TimerEvent: {}
[208.495875] (-) TimerEvent: {}
[208.600382] (-) TimerEvent: {}
[208.700927] (-) TimerEvent: {}
[208.801464] (-) TimerEvent: {}
[208.901965] (-) TimerEvent: {}
[209.002571] (-) TimerEvent: {}
[209.103150] (-) TimerEvent: {}
[209.203719] (-) TimerEvent: {}
[209.304330] (-) TimerEvent: {}
[209.408394] (-) TimerEvent: {}
[209.508921] (-) TimerEvent: {}
[209.609749] (-) TimerEvent: {}
[209.710593] (-) TimerEvent: {}
[209.814401] (-) TimerEvent: {}
[209.918570] (-) TimerEvent: {}
[210.019021] (-) TimerEvent: {}
[210.119623] (-) TimerEvent: {}
[210.220339] (-) TimerEvent: {}
[210.320958] (-) TimerEvent: {}
[210.421640] (-) TimerEvent: {}
[210.524365] (-) TimerEvent: {}
[210.624871] (-) TimerEvent: {}
[210.725558] (-) TimerEvent: {}
[210.826200] (-) TimerEvent: {}
[210.926862] (-) TimerEvent: {}
[211.027516] (-) TimerEvent: {}
[211.130423] (-) TimerEvent: {}
[211.231081] (-) TimerEvent: {}
[211.332992] (-) TimerEvent: {}
[211.433547] (-) TimerEvent: {}
[211.534800] (-) TimerEvent: {}
[211.636744] (-) TimerEvent: {}
[211.737469] (-) TimerEvent: {}
[211.840384] (-) TimerEvent: {}
[211.941060] (-) TimerEvent: {}
[212.042097] (-) TimerEvent: {}
[212.142829] (-) TimerEvent: {}
[212.243665] (-) TimerEvent: {}
[212.344958] (-) TimerEvent: {}
[212.448847] (-) TimerEvent: {}
[212.553458] (-) TimerEvent: {}
[212.654222] (-) TimerEvent: {}
[212.754811] (-) TimerEvent: {}
[212.855384] (-) TimerEvent: {}
[212.955963] (-) TimerEvent: {}
[213.059627] (-) TimerEvent: {}
[213.164740] (-) TimerEvent: {}
[213.271367] (-) TimerEvent: {}
[213.372048] (-) TimerEvent: {}
[213.474277] (-) TimerEvent: {}
[213.574712] (-) TimerEvent: {}
[213.675343] (-) TimerEvent: {}
[213.776136] (-) TimerEvent: {}
[213.881589] (-) TimerEvent: {}
[213.984348] (-) TimerEvent: {}
[214.084840] (-) TimerEvent: {}
[214.188471] (-) TimerEvent: {}
[214.289110] (-) TimerEvent: {}
[214.389657] (-) TimerEvent: {}
[214.490118] (-) TimerEvent: {}
[214.590746] (-) TimerEvent: {}
[214.691244] (-) TimerEvent: {}
[214.791903] (-) TimerEvent: {}
[214.894792] (-) TimerEvent: {}
[214.995226] (-) TimerEvent: {}
[215.095815] (-) TimerEvent: {}
[215.196341] (-) TimerEvent: {}
[215.298063] (-) TimerEvent: {}
[215.398702] (-) TimerEvent: {}
[215.499179] (-) TimerEvent: {}
[215.604393] (-) TimerEvent: {}
[215.704897] (-) TimerEvent: {}
[215.808372] (-) TimerEvent: {}
[215.908808] (-) TimerEvent: {}
[216.012366] (-) TimerEvent: {}
[216.112913] (-) TimerEvent: {}
[216.213547] (-) TimerEvent: {}
[216.314349] (-) TimerEvent: {}
[216.414911] (-) TimerEvent: {}
[216.515707] (-) TimerEvent: {}
[216.618072] (-) TimerEvent: {}
[216.718585] (-) TimerEvent: {}
[216.819101] (-) TimerEvent: {}
[216.919513] (-) TimerEvent: {}
[217.024352] (-) TimerEvent: {}
[217.031409] (state_estimator) StdoutLine: {'line': b'[ 62%] Built target state_estimator_plugins\n'}
[217.086997] (state_estimator) StdoutLine: {'line': b'[ 75%] \x1b[32mBuilding CXX object CMakeFiles/state_estimator_node.dir/src/state_estimator.cpp.o\x1b[0m\n'}
[217.087244] (state_estimator) StdoutLine: {'line': b'[ 87%] \x1b[32mBuilding CXX object CMakeFiles/state_estimator_node.dir/src/state_estimator_node.cpp.o\x1b[0m\n'}
[217.124510] (-) TimerEvent: {}
[217.225230] (-) TimerEvent: {}
[217.326780] (-) TimerEvent: {}
[217.427345] (-) TimerEvent: {}
[217.528433] (-) TimerEvent: {}
[217.629107] (-) TimerEvent: {}
[217.729608] (-) TimerEvent: {}
[217.830148] (-) TimerEvent: {}
[217.930893] (-) TimerEvent: {}
[218.032233] (-) TimerEvent: {}
[218.132863] (-) TimerEvent: {}
[218.234573] (-) TimerEvent: {}
[218.341371] (-) TimerEvent: {}
[218.442652] (-) TimerEvent: {}
[218.546874] (-) TimerEvent: {}
[218.647614] (-) TimerEvent: {}
[218.748353] (-) TimerEvent: {}
[218.849268] (-) TimerEvent: {}
[218.950972] (-) TimerEvent: {}
[219.051584] (-) TimerEvent: {}
[219.152364] (-) TimerEvent: {}
[219.253000] (-) TimerEvent: {}
[219.353533] (-) TimerEvent: {}
[219.454163] (-) TimerEvent: {}
[219.556334] (-) TimerEvent: {}
[219.656842] (-) TimerEvent: {}
[219.757368] (-) TimerEvent: {}
[219.859515] (-) TimerEvent: {}
[219.960077] (-) TimerEvent: {}
[220.060920] (-) TimerEvent: {}
[220.161386] (-) TimerEvent: {}
[220.261826] (-) TimerEvent: {}
[220.362324] (-) TimerEvent: {}
[220.462717] (-) TimerEvent: {}
[220.563174] (-) TimerEvent: {}
[220.663889] (-) TimerEvent: {}
[220.770975] (-) TimerEvent: {}
[220.871405] (-) TimerEvent: {}
[220.973824] (-) TimerEvent: {}
[221.074492] (-) TimerEvent: {}
[221.174971] (-) TimerEvent: {}
[221.276128] (-) TimerEvent: {}
[221.382182] (-) TimerEvent: {}
[221.482684] (-) TimerEvent: {}
[221.583063] (-) TimerEvent: {}
[221.683448] (-) TimerEvent: {}
[221.784162] (-) TimerEvent: {}
[221.884921] (-) TimerEvent: {}
[221.985518] (-) TimerEvent: {}
[222.086691] (-) TimerEvent: {}
[222.156308] (state_estimator) StderrLine: {'line': b'In file included from \x1b[01m\x1b[K/root/muse_ws/muse_ros2/muse_ws/src/state_estimator/include/state_estimator/plugin.hpp:5\x1b[m\x1b[K,\n'}
[222.158711] (state_estimator) StderrLine: {'line': b'                 from \x1b[01m\x1b[K/root/muse_ws/muse_ros2/muse_ws/src/state_estimator/include/state_estimator/state_estimator_node.hpp:26\x1b[m\x1b[K,\n'}
[222.158865] (state_estimator) StderrLine: {'line': b'                 from \x1b[01m\x1b[K/root/muse_ws/muse_ros2/muse_ws/src/state_estimator/src/state_estimator.cpp:1\x1b[m\x1b[K:\n'}
[222.158967] (state_estimator) StderrLine: {'line': b'\x1b[01m\x1b[K/root/muse_ws/muse_ros2/muse_ws/src/state_estimator/include/state_estimator/Robot.hpp:\x1b[m\x1b[K In constructor \xe2\x80\x98\x1b[01m\x1b[Kstate_estimator::Robot::Robot(state_estimator::Robot&&)\x1b[m\x1b[K\xe2\x80\x99:\n'}
[222.159073] (state_estimator) StderrLine: {'line': b'\x1b[01m\x1b[K/root/muse_ws/muse_ros2/muse_ws/src/state_estimator/include/state_estimator/Robot.hpp:25:23:\x1b[m\x1b[K \x1b[01;35m\x1b[Kwarning: \x1b[m\x1b[Kunused parameter \xe2\x80\x98\x1b[01m\x1b[Kthat\x1b[m\x1b[K\xe2\x80\x99 [\x1b[01;35m\x1b[K-Wunused-parameter\x1b[m\x1b[K]\n'}
[222.159215] (state_estimator) StderrLine: {'line': b'   25 |         Robot(\x1b[01;35m\x1b[KRobot&& that\x1b[m\x1b[K) { }\n'}
[222.159347] (state_estimator) StderrLine: {'line': b'      |               \x1b[01;35m\x1b[K~~~~~~~~^~~~\x1b[m\x1b[K\n'}
[222.159464] (state_estimator) StderrLine: {'line': b'In file included from \x1b[01m\x1b[K/root/muse_ws/muse_ros2/muse_ws/src/state_estimator/include/state_estimator/plugin.hpp:5\x1b[m\x1b[K,\n'}
[222.159551] (state_estimator) StderrLine: {'line': b'                 from \x1b[01m\x1b[K/root/muse_ws/muse_ros2/muse_ws/src/state_estimator/include/state_estimator/state_estimator_node.hpp:26\x1b[m\x1b[K,\n'}
[222.159638] (state_estimator) StderrLine: {'line': b'                 from \x1b[01m\x1b[K/root/muse_ws/muse_ros2/muse_ws/src/state_estimator/src/state_estimator_node.cpp:1\x1b[m\x1b[K:\n'}
[222.159719] (state_estimator) StderrLine: {'line': b'\x1b[01m\x1b[K/root/muse_ws/muse_ros2/muse_ws/src/state_estimator/include/state_estimator/Robot.hpp:\x1b[m\x1b[K In constructor \xe2\x80\x98\x1b[01m\x1b[Kstate_estimator::Robot::Robot(state_estimator::Robot&&)\x1b[m\x1b[K\xe2\x80\x99:\n'}
[222.159827] (state_estimator) StderrLine: {'line': b'\x1b[01m\x1b[K/root/muse_ws/muse_ros2/muse_ws/src/state_estimator/include/state_estimator/Robot.hpp:25:23:\x1b[m\x1b[K \x1b[01;35m\x1b[Kwarning: \x1b[m\x1b[Kunused parameter \xe2\x80\x98\x1b[01m\x1b[Kthat\x1b[m\x1b[K\xe2\x80\x99 [\x1b[01;35m\x1b[K-Wunused-parameter\x1b[m\x1b[K]\n'}
[222.159904] (state_estimator) StderrLine: {'line': b'   25 |         Robot(\x1b[01;35m\x1b[KRobot&& that\x1b[m\x1b[K) { }\n'}
[222.159977] (state_estimator) StderrLine: {'line': b'      |               \x1b[01;35m\x1b[K~~~~~~~~^~~~\x1b[m\x1b[K\n'}
[222.190805] (-) TimerEvent: {}
[222.299994] (-) TimerEvent: {}
[222.400439] (-) TimerEvent: {}
[222.500831] (-) TimerEvent: {}
[222.601283] (-) TimerEvent: {}
[222.709114] (-) TimerEvent: {}
[222.809612] (-) TimerEvent: {}
[222.911932] (-) TimerEvent: {}
[222.984332] (state_estimator) StderrLine: {'line': b'In file included from \x1b[01m\x1b[K/root/muse_ws/muse_ros2/muse_ws/src/state_estimator/include/state_estimator/state_estimator_node.hpp:27\x1b[m\x1b[K,\n'}
[222.985127] (state_estimator) StderrLine: {'line': b'                 from \x1b[01m\x1b[K/root/muse_ws/muse_ros2/muse_ws/src/state_estimator/src/state_estimator_node.cpp:1\x1b[m\x1b[K:\n'}
[222.985273] (state_estimator) StderrLine: {'line': b'\x1b[01m\x1b[K/root/muse_ws/muse_ros2/muse_ws/src/state_estimator/include/state_estimator/lib.hpp:\x1b[m\x1b[K In function \xe2\x80\x98\x1b[01m\x1b[KEigen::Matrix<double, 3, 3> state_estimator::calc_Rzyx(const Eigen::Matrix<double, 3, 1>&)\x1b[m\x1b[K\xe2\x80\x99:\n'}
[222.985389] (state_estimator) StderrLine: {'line': b'\x1b[01m\x1b[K/root/muse_ws/muse_ros2/muse_ws/src/state_estimator/include/state_estimator/lib.hpp:46:43:\x1b[m\x1b[K \x1b[01;35m\x1b[Kwarning: \x1b[m\x1b[Kvariable \xe2\x80\x98\x1b[01m\x1b[Ku1\x1b[m\x1b[K\xe2\x80\x99 set but not used [\x1b[01;35m\x1b[K-Wunused-but-set-variable\x1b[m\x1b[K]\n'}
[222.985514] (state_estimator) StderrLine: {'line': b'   46 |                 Eigen::Matrix<double,3,1> \x1b[01;35m\x1b[Ku1\x1b[m\x1b[K = R.block(0,0,3,1);\n'}
[222.985627] (state_estimator) StderrLine: {'line': b'      |                                           \x1b[01;35m\x1b[K^~\x1b[m\x1b[K\n'}
[222.985686] (state_estimator) StderrLine: {'line': b'\x1b[01m\x1b[K/root/muse_ws/muse_ros2/muse_ws/src/state_estimator/include/state_estimator/lib.hpp:47:43:\x1b[m\x1b[K \x1b[01;35m\x1b[Kwarning: \x1b[m\x1b[Kvariable \xe2\x80\x98\x1b[01m\x1b[Ku2\x1b[m\x1b[K\xe2\x80\x99 set but not used [\x1b[01;35m\x1b[K-Wunused-but-set-variable\x1b[m\x1b[K]\n'}
[222.985752] (state_estimator) StderrLine: {'line': b'   47 |                 Eigen::Matrix<double,3,1> \x1b[01;35m\x1b[Ku2\x1b[m\x1b[K = R.block(0,1,3,1);\n'}
[222.985855] (state_estimator) StderrLine: {'line': b'      |                                           \x1b[01;35m\x1b[K^~\x1b[m\x1b[K\n'}
[222.986132] (state_estimator) StderrLine: {'line': b'\x1b[01m\x1b[K/root/muse_ws/muse_ros2/muse_ws/src/state_estimator/include/state_estimator/lib.hpp:48:43:\x1b[m\x1b[K \x1b[01;35m\x1b[Kwarning: \x1b[m\x1b[Kvariable \xe2\x80\x98\x1b[01m\x1b[Ku3\x1b[m\x1b[K\xe2\x80\x99 set but not used [\x1b[01;35m\x1b[K-Wunused-but-set-variable\x1b[m\x1b[K]\n'}
[222.986208] (state_estimator) StderrLine: {'line': b'   48 |                 Eigen::Matrix<double,3,1> \x1b[01;35m\x1b[Ku3\x1b[m\x1b[K = R.block(0,2,3,1);\n'}
[222.986292] (state_estimator) StderrLine: {'line': b'      |                                           \x1b[01;35m\x1b[K^~\x1b[m\x1b[K\n'}
[222.986373] (state_estimator) StderrLine: {'line': b'In file included from \x1b[01m\x1b[K/root/muse_ws/muse_ros2/muse_ws/src/state_estimator/include/state_estimator/state_estimator_node.hpp:27\x1b[m\x1b[K,\n'}
[222.986479] (state_estimator) StderrLine: {'line': b'                 from \x1b[01m\x1b[K/root/muse_ws/muse_ros2/muse_ws/src/state_estimator/src/state_estimator.cpp:1\x1b[m\x1b[K:\n'}
[222.986562] (state_estimator) StderrLine: {'line': b'\x1b[01m\x1b[K/root/muse_ws/muse_ros2/muse_ws/src/state_estimator/include/state_estimator/lib.hpp:\x1b[m\x1b[K In function \xe2\x80\x98\x1b[01m\x1b[KEigen::Matrix<double, 3, 3> state_estimator::calc_Rzyx(const Eigen::Matrix<double, 3, 1>&)\x1b[m\x1b[K\xe2\x80\x99:\n'}
[222.986651] (state_estimator) StderrLine: {'line': b'\x1b[01m\x1b[K/root/muse_ws/muse_ros2/muse_ws/src/state_estimator/include/state_estimator/lib.hpp:46:43:\x1b[m\x1b[K \x1b[01;35m\x1b[Kwarning: \x1b[m\x1b[Kvariable \xe2\x80\x98\x1b[01m\x1b[Ku1\x1b[m\x1b[K\xe2\x80\x99 set but not used [\x1b[01;35m\x1b[K-Wunused-but-set-variable\x1b[m\x1b[K]\n'}
[222.986735] (state_estimator) StderrLine: {'line': b'   46 |                 Eigen::Matrix<double,3,1> \x1b[01;35m\x1b[Ku1\x1b[m\x1b[K = R.block(0,0,3,1);\n'}
[222.986788] (state_estimator) StderrLine: {'line': b'      |                                           \x1b[01;35m\x1b[K^~\x1b[m\x1b[K\n'}
[222.986834] (state_estimator) StderrLine: {'line': b'\x1b[01m\x1b[K/root/muse_ws/muse_ros2/muse_ws/src/state_estimator/include/state_estimator/lib.hpp:47:43:\x1b[m\x1b[K \x1b[01;35m\x1b[Kwarning: \x1b[m\x1b[Kvariable \xe2\x80\x98\x1b[01m\x1b[Ku2\x1b[m\x1b[K\xe2\x80\x99 set but not used [\x1b[01;35m\x1b[K-Wunused-but-set-variable\x1b[m\x1b[K]\n'}
[222.986879] (state_estimator) StderrLine: {'line': b'   47 |                 Eigen::Matrix<double,3,1> \x1b[01;35m\x1b[Ku2\x1b[m\x1b[K = R.block(0,1,3,1);\n'}
[222.986923] (state_estimator) StderrLine: {'line': b'      |                                           \x1b[01;35m\x1b[K^~\x1b[m\x1b[K\n'}
[222.986967] (state_estimator) StderrLine: {'line': b'\x1b[01m\x1b[K/root/muse_ws/muse_ros2/muse_ws/src/state_estimator/include/state_estimator/lib.hpp:48:43:\x1b[m\x1b[K \x1b[01;35m\x1b[Kwarning: \x1b[m\x1b[Kvariable \xe2\x80\x98\x1b[01m\x1b[Ku3\x1b[m\x1b[K\xe2\x80\x99 set but not used [\x1b[01;35m\x1b[K-Wunused-but-set-variable\x1b[m\x1b[K]\n'}
[222.987012] (state_estimator) StderrLine: {'line': b'   48 |                 Eigen::Matrix<double,3,1> \x1b[01;35m\x1b[Ku3\x1b[m\x1b[K = R.block(0,2,3,1);\n'}
[222.987069] (state_estimator) StderrLine: {'line': b'      |                                           \x1b[01;35m\x1b[K^~\x1b[m\x1b[K\n'}
[223.012103] (-) TimerEvent: {}
[223.113081] (-) TimerEvent: {}
[223.176527] (state_estimator) StderrLine: {'line': b'In file included from \x1b[01m\x1b[K/root/muse_ws/muse_ros2/muse_ws/src/state_estimator/include/state_estimator/state_estimator_node.hpp:27\x1b[m\x1b[K,\n'}
[223.176811] (state_estimator) StderrLine: {'line': b'                 from \x1b[01m\x1b[K/root/muse_ws/muse_ros2/muse_ws/src/state_estimator/src/state_estimator_node.cpp:1\x1b[m\x1b[K:\n'}
[223.176909] (state_estimator) StderrLine: {'line': b'\x1b[01m\x1b[K/root/muse_ws/muse_ros2/muse_ws/src/state_estimator/include/state_estimator/lib.hpp:\x1b[m\x1b[K In function \xe2\x80\x98\x1b[01m\x1b[Kstd::string state_estimator::ns2str(uint64_t)\x1b[m\x1b[K\xe2\x80\x99:\n'}
[223.176984] (state_estimator) StderrLine: {'line': b'\x1b[01m\x1b[K/root/muse_ws/muse_ros2/muse_ws/src/state_estimator/include/state_estimator/lib.hpp:163:18:\x1b[m\x1b[K \x1b[01;35m\x1b[Kwarning: \x1b[m\x1b[Kunused variable \xe2\x80\x98\x1b[01m\x1b[Kns\x1b[m\x1b[K\xe2\x80\x99 [\x1b[01;35m\x1b[K-Wunused-variable\x1b[m\x1b[K]\n'}
[223.177036] (state_estimator) StderrLine: {'line': b'  163 |         uint64_t \x1b[01;35m\x1b[Kns\x1b[m\x1b[K =  t-y*31536000000000000-d*86400000000000-h*3600000000000-m*60000000000-s*1000000000-ms*1000000-us*1000;\n'}
[223.177086] (state_estimator) StderrLine: {'line': b'      |                  \x1b[01;35m\x1b[K^~\x1b[m\x1b[K\n'}
[223.177135] (state_estimator) StderrLine: {'line': b'\x1b[01m\x1b[K/root/muse_ws/muse_ros2/muse_ws/src/state_estimator/include/state_estimator/lib.hpp:168:26:\x1b[m\x1b[K \x1b[01;35m\x1b[Kwarning: \x1b[m\x1b[Kunused variable \xe2\x80\x98\x1b[01m\x1b[Kx\x1b[m\x1b[K\xe2\x80\x99 [\x1b[01;35m\x1b[K-Wunused-variable\x1b[m\x1b[K]\n'}
[223.177181] (state_estimator) StderrLine: {'line': b'  168 |                 uint64_t \x1b[01;35m\x1b[Kx\x1b[m\x1b[K = 1;\n'}
[223.177228] (state_estimator) StderrLine: {'line': b'      |                          \x1b[01;35m\x1b[K^\x1b[m\x1b[K\n'}
[223.177311] (state_estimator) StderrLine: {'line': b'In file included from \x1b[01m\x1b[K/root/muse_ws/muse_ros2/muse_ws/src/state_estimator/include/state_estimator/state_estimator_node.hpp:27\x1b[m\x1b[K,\n'}
[223.177366] (state_estimator) StderrLine: {'line': b'                 from \x1b[01m\x1b[K/root/muse_ws/muse_ros2/muse_ws/src/state_estimator/src/state_estimator.cpp:1\x1b[m\x1b[K:\n'}
[223.177440] (state_estimator) StderrLine: {'line': b'\x1b[01m\x1b[K/root/muse_ws/muse_ros2/muse_ws/src/state_estimator/include/state_estimator/lib.hpp:\x1b[m\x1b[K In function \xe2\x80\x98\x1b[01m\x1b[Kstd::string state_estimator::ns2str(uint64_t)\x1b[m\x1b[K\xe2\x80\x99:\n'}
[223.177528] (state_estimator) StderrLine: {'line': b'\x1b[01m\x1b[K/root/muse_ws/muse_ros2/muse_ws/src/state_estimator/include/state_estimator/lib.hpp:163:18:\x1b[m\x1b[K \x1b[01;35m\x1b[Kwarning: \x1b[m\x1b[Kunused variable \xe2\x80\x98\x1b[01m\x1b[Kns\x1b[m\x1b[K\xe2\x80\x99 [\x1b[01;35m\x1b[K-Wunused-variable\x1b[m\x1b[K]\n'}
[223.177613] (state_estimator) StderrLine: {'line': b'  163 |         uint64_t \x1b[01;35m\x1b[Kns\x1b[m\x1b[K =  t-y*31536000000000000-d*86400000000000-h*3600000000000-m*60000000000-s*1000000000-ms*1000000-us*1000;\n'}
[223.177678] (state_estimator) StderrLine: {'line': b'      |                  \x1b[01;35m\x1b[K^~\x1b[m\x1b[K\n'}
[223.177738] (state_estimator) StderrLine: {'line': b'\x1b[01m\x1b[K/root/muse_ws/muse_ros2/muse_ws/src/state_estimator/include/state_estimator/lib.hpp:168:26:\x1b[m\x1b[K \x1b[01;35m\x1b[Kwarning: \x1b[m\x1b[Kunused variable \xe2\x80\x98\x1b[01m\x1b[Kx\x1b[m\x1b[K\xe2\x80\x99 [\x1b[01;35m\x1b[K-Wunused-variable\x1b[m\x1b[K]\n'}
[223.177811] (state_estimator) StderrLine: {'line': b'  168 |                 uint64_t \x1b[01;35m\x1b[Kx\x1b[m\x1b[K = 1;\n'}
[223.177874] (state_estimator) StderrLine: {'line': b'      |                          \x1b[01;35m\x1b[K^\x1b[m\x1b[K\n'}
[223.213216] (-) TimerEvent: {}
[223.313700] (-) TimerEvent: {}
[223.414438] (-) TimerEvent: {}
[223.514981] (-) TimerEvent: {}
[223.616315] (-) TimerEvent: {}
[223.717036] (-) TimerEvent: {}
[223.817519] (-) TimerEvent: {}
[223.917891] (-) TimerEvent: {}
[224.018360] (-) TimerEvent: {}
[224.133213] (-) TimerEvent: {}
[224.234837] (-) TimerEvent: {}
[224.335284] (-) TimerEvent: {}
[224.443513] (-) TimerEvent: {}
[224.544100] (-) TimerEvent: {}
[224.647013] (-) TimerEvent: {}
[224.747434] (-) TimerEvent: {}
[224.847903] (-) TimerEvent: {}
[224.948454] (-) TimerEvent: {}
[225.052292] (-) TimerEvent: {}
[225.156876] (-) TimerEvent: {}
[225.257636] (-) TimerEvent: {}
[225.358294] (-) TimerEvent: {}
[225.458875] (-) TimerEvent: {}
[225.562045] (-) TimerEvent: {}
[225.662857] (-) TimerEvent: {}
[225.765098] (-) TimerEvent: {}
[225.867818] (-) TimerEvent: {}
[225.968825] (-) TimerEvent: {}
[226.069266] (-) TimerEvent: {}
[226.169917] (-) TimerEvent: {}
[226.270496] (-) TimerEvent: {}
[226.370971] (-) TimerEvent: {}
[226.474673] (-) TimerEvent: {}
[226.575196] (-) TimerEvent: {}
[226.675839] (-) TimerEvent: {}
[226.776329] (-) TimerEvent: {}
[226.880770] (-) TimerEvent: {}
[226.981638] (-) TimerEvent: {}
[227.082165] (-) TimerEvent: {}
[227.182627] (-) TimerEvent: {}
[227.284144] (-) TimerEvent: {}
[227.384781] (-) TimerEvent: {}
[227.485280] (-) TimerEvent: {}
[227.585813] (-) TimerEvent: {}
[227.686236] (-) TimerEvent: {}
[227.786679] (-) TimerEvent: {}
[227.887107] (-) TimerEvent: {}
[227.987719] (-) TimerEvent: {}
[228.088402] (-) TimerEvent: {}
[228.192391] (-) TimerEvent: {}
[228.292908] (-) TimerEvent: {}
[228.393449] (-) TimerEvent: {}
[228.493998] (-) TimerEvent: {}
[228.594489] (-) TimerEvent: {}
[228.699531] (-) TimerEvent: {}
[228.800003] (-) TimerEvent: {}
[228.904405] (-) TimerEvent: {}
[229.007550] (-) TimerEvent: {}
[229.109230] (-) TimerEvent: {}
[229.211148] (-) TimerEvent: {}
[229.311917] (-) TimerEvent: {}
[229.412428] (-) TimerEvent: {}
[229.512901] (-) TimerEvent: {}
[229.613381] (-) TimerEvent: {}
[229.713992] (-) TimerEvent: {}
[229.817617] (-) TimerEvent: {}
[229.918164] (-) TimerEvent: {}
[230.020430] (-) TimerEvent: {}
[230.124365] (-) TimerEvent: {}
[230.225088] (-) TimerEvent: {}
[230.325641] (-) TimerEvent: {}
[230.426378] (-) TimerEvent: {}
[230.526873] (-) TimerEvent: {}
[230.627626] (-) TimerEvent: {}
[230.728176] (-) TimerEvent: {}
[230.832467] (-) TimerEvent: {}
[230.933239] (-) TimerEvent: {}
[231.035546] (-) TimerEvent: {}
[231.136096] (-) TimerEvent: {}
[231.238292] (-) TimerEvent: {}
[231.339911] (-) TimerEvent: {}
[231.440678] (-) TimerEvent: {}
[231.541124] (-) TimerEvent: {}
[231.641638] (-) TimerEvent: {}
[231.744475] (-) TimerEvent: {}
[231.848697] (-) TimerEvent: {}
[231.949133] (-) TimerEvent: {}
[232.049653] (-) TimerEvent: {}
[232.150106] (-) TimerEvent: {}
[232.250651] (-) TimerEvent: {}
[232.351141] (-) TimerEvent: {}
[232.451610] (-) TimerEvent: {}
[232.552121] (-) TimerEvent: {}
[232.653684] (-) TimerEvent: {}
[232.755631] (-) TimerEvent: {}
[232.856214] (-) TimerEvent: {}
[232.956836] (-) TimerEvent: {}
[233.057382] (-) TimerEvent: {}
[233.157812] (-) TimerEvent: {}
[233.258323] (-) TimerEvent: {}
[233.358888] (-) TimerEvent: {}
[233.459516] (-) TimerEvent: {}
[233.563372] (-) TimerEvent: {}
[233.663898] (-) TimerEvent: {}
[233.768514] (-) TimerEvent: {}
[233.869242] (-) TimerEvent: {}
[233.969832] (-) TimerEvent: {}
[234.072432] (-) TimerEvent: {}
[234.173361] (-) TimerEvent: {}
[234.274103] (-) TimerEvent: {}
[234.380384] (-) TimerEvent: {}
[234.480879] (-) TimerEvent: {}
[234.588359] (-) TimerEvent: {}
[234.688910] (-) TimerEvent: {}
[234.789390] (-) TimerEvent: {}
[234.892364] (-) TimerEvent: {}
[234.992879] (-) TimerEvent: {}
[235.093551] (-) TimerEvent: {}
[235.194946] (-) TimerEvent: {}
[235.295637] (-) TimerEvent: {}
[235.396149] (-) TimerEvent: {}
[235.496717] (-) TimerEvent: {}
[235.598178] (-) TimerEvent: {}
[235.700313] (-) TimerEvent: {}
[235.800722] (-) TimerEvent: {}
[235.904372] (-) TimerEvent: {}
[236.004843] (-) TimerEvent: {}
[236.106783] (-) TimerEvent: {}
[236.207276] (-) TimerEvent: {}
[236.310377] (-) TimerEvent: {}
[236.410997] (-) TimerEvent: {}
[236.516195] (-) TimerEvent: {}
[236.616745] (-) TimerEvent: {}
[236.717187] (-) TimerEvent: {}
[236.817620] (-) TimerEvent: {}
[236.918792] (-) TimerEvent: {}
[237.023793] (-) TimerEvent: {}
[237.124384] (-) TimerEvent: {}
[237.225286] (-) TimerEvent: {}
[237.325905] (-) TimerEvent: {}
[237.426426] (-) TimerEvent: {}
[237.528437] (-) TimerEvent: {}
[237.630462] (-) TimerEvent: {}
[237.730979] (-) TimerEvent: {}
[237.831552] (-) TimerEvent: {}
[237.932057] (-) TimerEvent: {}
[238.034881] (-) TimerEvent: {}
[238.135484] (-) TimerEvent: {}
[238.246472] (-) TimerEvent: {}
[238.355906] (-) TimerEvent: {}
[238.460138] (-) TimerEvent: {}
[238.560975] (-) TimerEvent: {}
[238.668365] (-) TimerEvent: {}
[238.768860] (-) TimerEvent: {}
[238.869321] (-) TimerEvent: {}
[238.969892] (-) TimerEvent: {}
[239.070430] (-) TimerEvent: {}
[239.172377] (-) TimerEvent: {}
[239.277553] (-) TimerEvent: {}
[239.378324] (-) TimerEvent: {}
[239.480450] (-) TimerEvent: {}
[239.563240] (state_estimator) StdoutLine: {'line': b'[100%] \x1b[32m\x1b[1mLinking CXX executable state_estimator_node\x1b[0m\n'}
[239.580617] (-) TimerEvent: {}
[239.681056] (-) TimerEvent: {}
[239.783966] (-) TimerEvent: {}
[239.884698] (-) TimerEvent: {}
[239.985387] (-) TimerEvent: {}
[240.086022] (-) TimerEvent: {}
[240.188846] (-) TimerEvent: {}
[240.289408] (-) TimerEvent: {}
[240.389860] (-) TimerEvent: {}
[240.492409] (-) TimerEvent: {}
[240.597288] (-) TimerEvent: {}
[240.697827] (-) TimerEvent: {}
[240.798289] (-) TimerEvent: {}
[240.812740] (state_estimator) StdoutLine: {'line': b'[100%] Built target state_estimator_node\n'}
[240.846193] (state_estimator) JobEnded: {'identifier': 'state_estimator', 'rc': 'SIGINT'}
[240.851305] (-) EventReactorShutdown: {}
